{"type": "FeatureCollection", "features": [{"type": "Feature", "geometry": {"type": "LineString", "coordinates": [[37.947579999999995, 55.94553], [38.22628803190501, 55.979491324275514], [38.505481407542746, 56.01282285821896], [38.78515244979814, 56.045522722610436], [39.06529337908356, 56.07758906669754], [39.34589631440617, 56.109020068677715], [39.62695327448535, 56.13981393617619], [39.90845617892045, 56.16996890671933], [40.190396849408394, 56.19948324820306], [40.472767011011264, 56.22835525935613], [40.7555582934734, 56.256583270197964], [41.03876223258795, 56.28416564249078], [41.32237027161241, 56.311100770185675], [41.60637376273293, 56.33738707986259], [41.89076396857691, 56.363023031163664], [42.17553206377344, 56.38800711721974], [42.46066913656111, 56.41233786507007], [42.74616619044279, 56.43601383607433], [43.032014145886556, 56.45903362631751], [43.3182038420723, 56.48139586700656], [43.60472603868336, 56.503099224859284], [43.89157141774243, 56.524142402484706], [44.17873058549092, 56.54452413875496], [44.4661940743111, 56.564243209168374], [44.75395234469012, 56.583298426203356], [45.041995787224955, 56.60168863966326], [45.33031472466752, 56.61941273701144], [45.618899414008695, 56.636469643696806], [45.907740048600644, 56.65285832346929], [46.19682676031603, 56.66857777868517], [46.48614962174316, 56.683627050602105], [46.77569864841595, 56.698005219663415], [47.065463801077556, 56.71171140577175], [47.355434987976416, 56.72474476855178], [47.64560206719348, 56.73710450760166], [47.93595484899932, 56.74878986273326], [48.226483098239974, 56.75980011420089], [48.51717653674985, 56.77013458291835], [48.808024845790804, 56.7797926306643], [49.09901766851548, 56.78877366027554], [49.39014461245385, 56.797077115828294], [49.68139525202145, 56.804702482807386], [49.97275913104757, 56.811649288262885], [50.264225765322315, 56.81791710095451], [50.55578464516067, 56.8235055314834], [50.847425237982215, 56.8284142324113], [51.13913699090488, 56.83264289836697], [51.430909333351174, 56.8361912661399], [51.72273167966524, 56.839059114761085], [52.01459343173933, 56.84124626557096], [52.306483981647766, 56.842752582274265], [52.59839271428717, 56.84357797098201], [52.890309010020886, 56.84372238024037], [53.182222247326415, 56.843185801046516], [53.47412180544393, 56.84196826685136], [53.76599706702425, 56.84006985354929], [54.057837420774824, 56.83749067945479], [54.3496322641019, 56.83423090526609], [54.641371005747395, 56.83029073401566], [54.93304306841867, 56.82567041100792], [55.22463789140983, 56.820370223743794], [55.51614493321273, 56.81439050183258], [55.807553674116186, 56.80773161689081], [56.09885361879185, 56.80039398242862], [56.39003429886515, 56.79237805372316], [56.68108527546965, 56.78368432767961], [56.97199614178349, 56.774313342679676], [57.262756525546315, 56.76426567841774], [57.553356091555074, 56.753541955724735], [57.843784544137456, 56.74214283637981], [58.134031629601445, 56.73006902291024], [58.42408713865943, 56.71732125837917], [58.71394090882574, 56.70390032616189], [59.00358282678608, 56.68980704971049], [59.293002830737606, 56.67504229230702], [59.582190912698316, 56.659606956805675], [59.871137120784624, 56.643501985363706], [60.159831561455704, 56.626728359161596], [60.448264401723556, 56.60928709811259], [60.736425871327654, 56.5911792605617], [61.02430626487292, 56.57240594297452], [61.31189594393021, 56.552968279615904], [61.59918533909806, 56.53286744221894], [61.8861649520247, 56.51210463964422], [62.17282535738965, 56.49068111752971], [62.45915720484362, 56.46859815793159], [62.7451512209062, 56.44585707895601], [63.030798210820265, 56.422459234382366], [63.31608906036246, 56.39840601327791], [63.60101473760898, 56.37369883960446], [63.88556629465601, 56.34833917181685], [64.16973486929409, 56.32232850245401], [64.4535116866359, 56.29566835772244], [64.73688806069694, 56.26836029707258], [65.01985539592837, 56.240405912768324], [65.30240518870193, 56.211806829449785], [65.58452902874613, 56.18256470368983], [65.8662186005337, 56.15268122354447], [66.14746568461966, 56.122158108097395], [66.42826215892988, 56.09099710699897], [66.70860000000002, 56.05919999999999]]}, "properties": {"fa_flight_id": "RA65689-1511441834-adhoc-0", "registration": "RA-65689", "ident": "RA-65689", "ident_icao": NaN, "origin_code": "L 55.94553 37.94758", "origin_city": "Moscow", "destination_code": "L 56.05920 66.70860", "destination_city": "Kurgan", "scheduled_out": NaN, "estimated_out": NaN, "actual_out": NaN, "scheduled_off": "2017-11-23T12:57:14Z", "estimated_off": "2017-11-23T12:57:14Z", "actual_off": "2017-11-23T12:57:14Z", "scheduled_on": NaN, "estimated_on": NaN, "actual_on": "2017-11-23T12:57:14Z", "scheduled_in": NaN, "estimated_in": NaN, "actual_in": NaN, "status": "result unknown", "route_distance": NaN, "diverted": false, "cancelled": false, "simplified_departure_date": "2017-11-23", "origin_coords": [55.94553, 37.94758], "destination_coords": [56.0592, 66.7086], "is_same_city": false}}, {"type": "Feature", "geometry": {"type": "LineString", "coordinates": [[39.35081000000001, 43.87932000000001], [39.34216653108301, 43.99858477142819], [39.333488244745254, 44.11784888866619], [39.32477485471977, 44.237112346331635], [39.316026071812985, 44.356375138987104], [39.307241603866125, 44.47563726113937], [39.29842115571627, 44.59489870723864], [39.289564429156506, 44.714159471677874], [39.280671122895725, 44.83341954879196], [39.27174093251757, 44.95267893285694], [39.26277355043885, 45.0719376180893], [39.25376866586726, 45.19119559864509], [39.24472596475844, 45.31045286861917], [39.235645129772344, 45.429709422044354], [39.22652584022886, 45.54896525289058], [39.21736777206284, 45.66822035506411], [39.20817059777824, 45.78747472240655], [39.19893398640168, 45.90672834869412], [39.18965760343512, 46.025981227636684], [39.18034111080788, 46.14523335287681], [39.17098416682779, 46.26448471798893], [39.16158642613161, 46.38373531647836], [39.15214753963456, 46.502985141780364], [39.142667154479106, 46.62223418725917], [39.13314491398285, 46.74148244620699], [39.12358045758559, 46.86072991184306], [39.113973420795446, 46.97997657731259], [39.104323435134205, 47.09922243568573], [39.09463012808162, 47.21846747995654], [39.08489312301888, 47.33771170304188], [39.07511203917106, 47.45695509778043], [39.06528649154872, 47.57619765693146], [39.05541609088834, 47.69543937317379], [39.04550044359198, 47.81468023910462], [39.03553915166565, 47.933920247238376], [39.02553181265689, 48.053159390005554], [39.0154780195911, 48.172397659751454], [39.00537736090693, 48.29163504873507], [38.99522942039039, 48.41087154912773], [38.985033777108036, 48.53010715301192], [38.97479000533883, 48.64934185237994], [38.964497674504905, 48.76857563913268], [38.95415634910111, 48.887808505078205], [38.94376558862335, 49.00704044193043], [38.93332494749568, 49.126271441307786], [38.922833974996074, 49.245501494731755], [38.91229221518097, 49.3647305936255], [38.90169920680838, 49.48395872931239], [38.89105448325983, 49.60318589301453], [38.88035757246066, 49.72241207585127], [38.86960799679917, 49.841637268837644], [38.85880527304417, 49.960861462882875], [38.84794891226108, 50.080084648788734], [38.83703841972659, 50.19930681724797], [38.826073294841706, 50.31852795884265], [38.81505303104333, 50.43774806404248], [38.80397711571412, 50.55696712320315], [38.792845030090845, 50.67618512656455], [38.781656249171, 50.79540206424902], [38.770410241617704, 50.91461792625962], [38.759106469662946, 51.03383270247822], [38.747744389008965, 51.15304638266368], [38.73632344872786, 51.272258956449924], [38.72484309115939, 51.39147041334408], [38.713302751806765, 51.51068074272443], [38.701701859230646, 51.629889933838484], [38.69003983494107, 51.74909797580087], [38.67831609328739, 51.868304857591326], [38.66653004134619, 51.98751056805252], [38.654681078807016, 52.106715095887964], [38.64276859785602, 52.225918429659735], [38.63079198305737, 52.34512055778634], [38.61875061123247, 52.46432146854028], [38.606643851336756, 52.58352115004595], [38.594471064334314, 52.70271959027701], [38.58223160306991, 52.82191677705422], [38.569924812138744, 52.94111269804278], [38.557550027753564, 53.06030734074995], [38.54510657760925, 53.179500692522446], [38.5325937807448, 53.2986927405438], [38.5200109474026, 53.41788347183179], [38.50735737888495, 53.537072873235665], [38.49463236740783, 53.65626093143337], [38.481835195951675, 53.77544763292881], [38.468965138109354, 53.894632964048874], [38.45602145793107, 54.01381691094061], [38.443003409766156, 54.132999459568154], [38.429910238101776, 54.25218059570971], [38.41674117739838, 54.371360304954486], [38.40349545192186, 54.49053857269946], [38.39017227557239, 54.60971538414617], [38.376770851709686, 54.72889072429742], [38.363290372974866, 54.848064577953934], [38.349730021108606, 54.96723692971088], [38.33608896676565, 55.08640776395438], [38.32236636932547, 55.205577064857934], [38.30856137669909, 55.32474481637881], [38.294673125131915, 55.443911002254225], [38.28070073900249, 55.56307560599765], [38.26664333061707, 55.68223861089488], [38.25249999999999, 55.8014]]}, "properties": {"fa_flight_id": "RA65689-1511368757-adhoc-0", "registration": "RA-65689", "ident": "RA-65689", "ident_icao": NaN, "origin_code": "L 43.87932 39.35081", "origin_city": NaN, "destination_code": "L 55.80140 38.25250", "destination_city": "Moscow", "scheduled_out": NaN, "estimated_out": NaN, "actual_out": NaN, "scheduled_off": "2017-11-22T16:39:17Z", "estimated_off": "2017-11-22T16:39:17Z", "actual_off": "2017-11-22T16:39:17Z", "scheduled_on": NaN, "estimated_on": NaN, "actual_on": "2017-11-22T16:39:17Z", "scheduled_in": NaN, "estimated_in": NaN, "actual_in": NaN, "status": "result unknown", "route_distance": NaN, "diverted": false, "cancelled": false, "simplified_departure_date": "2017-11-22", "origin_coords": [43.87932, 39.35081], "destination_coords": [55.8014, 38.2525], "is_same_city": false}}, {"type": "Feature", "geometry": {"type": "LineString", "coordinates": [[38.76017000000001, 44.59651], [38.76295390517125, 44.58733817823562], [38.76573693193825, 44.57816628886698], [38.76851908085276, 44.56899433193702], [38.771300352466156, 44.55982230748868], [38.77408074732935, 44.550650215564865], [38.776860265992845, 44.54147805620844], [38.77963890900673, 44.53230582946222], [38.78241667692064, 44.523133535369], [38.7851935702838, 44.51396117397156], [38.78796958964502, 44.504788745312624], [38.79074473555271, 44.49561624943487], [38.79351900855478, 44.48644368638097], [38.796292409198806, 44.47727105619356], [38.7990649380319, 44.46809835891523], [38.80183659560075, 44.458925594588536], [38.80460738245163, 44.449752763256015], [38.8073772991304, 44.44057986496016], [38.81014634618249, 44.43140689974343], [38.81291452415292, 44.42223386764825], [38.8156818335863, 44.41306076871702], [38.818448275026775, 44.4038876029921], [38.82121384901813, 44.39471437051583], [38.82397855610369, 44.38554107133049], [38.826742396826404, 44.376367705478366], [38.82950537172875, 44.36719427300166], [38.832267481352844, 44.35802077394259], [38.83502872624035, 44.3488472083433], [38.837789106932526, 44.33967357624593], [38.84054862397022, 44.3304998776926], [38.84330727789384, 44.32132611272535], [38.84606506924343, 44.312152281386226], [38.84882199855858, 44.30297838371721], [38.851578066378465, 44.293804419760285], [38.85433327324187, 44.28463038955738], [38.85708761968714, 44.275456293150405], [38.85984110625224, 44.26628213058122], [38.8625937334747, 44.25710790189166], [38.865345501891625, 44.247933607123535], [38.86809641203974, 44.238759246318615], [38.87084646445536, 44.22958481951864], [38.87359565967436, 44.22041032676532], [38.87634399823221, 44.21123576810032], [38.87909148066401, 44.20206114356528], [38.88183810750439, 44.19288645320182], [38.88458387928762, 44.18371169705151], [38.887328796547536, 44.174536875155894], [38.89007285981757, 44.16536198755648], [38.89281606963076, 44.15618703429476], [38.89555842651972, 44.14701201541218], [38.89829993101666, 44.13783693095014], [38.90104058365339, 44.12866178095004], [38.903780384961316, 44.119486565453215], [38.90651933547141, 44.110311284500995], [38.90925743571429, 44.101135938134675], [38.91199468622012, 44.091960526395496], [38.91473108751868, 44.08278504932468], [38.91746664013936, 44.073609506963436], [38.92020134461111, 44.0644338993529], [38.922935201462515, 44.05525822653421], [38.92566821122173, 44.04608248854846], [38.92840037441652, 44.036906685436705], [38.931131691574244, 44.02773081724], [38.93386216322185, 44.01855488399933], [38.93659178988592, 44.00937888575564], [38.93932057209258, 44.00020282254991], [38.942048510367606, 43.99102669442301], [38.94477560523633, 43.981850501415835], [38.947501857223735, 43.972674243569216], [38.95022726685434, 43.96349792092396], [38.95295183465232, 43.95432153352085], [38.95567556114143, 43.945145081400625], [38.95839844684503, 43.93596856460402], [38.96112049228608, 43.92679198317169], [38.96384169798713, 43.9176153371443], [38.96656206447036, 43.90843862656247], [38.96928159225752, 43.89926185146681], [38.97200028187001, 43.890085011897845], [38.97471813382877, 43.88090810789611], [38.97743514865441, 43.87173113950211], [38.980151326867094, 43.86255410675632], [38.98286666898661, 43.85337700969914], [38.98558117553237, 43.84419984837099], [38.98829484702336, 43.83502262281223], [38.9910076839782, 43.82584533306323], [38.99371968691508, 43.816667979164265], [38.99643085635184, 43.807490561155625], [38.99914119280591, 43.79831307907755], [39.0018506967943, 43.78913553297027], [39.004559368833675, 43.77995792287394], [39.00726720944028, 43.77078024882875], [39.00997421912998, 43.761602510874795], [39.012680398418226, 43.75242470905218], [39.01538574782011, 43.74324684340094], [39.01809026785033, 43.73406891396114], [39.02079395902317, 43.72489092077275], [39.023496821852554, 43.71571286387577], [39.026198856851984, 43.706534743310115], [39.02890006453461, 43.69735655911568], [39.03160044541316, 43.68817831133236], [39.0343, 43.67900000000001]]}, "properties": {"fa_flight_id": "RA65689-1511358547-adhoc-0", "registration": "RA-65689", "ident": "RA-65689", "ident_icao": NaN, "origin_code": "L 44.59651 38.76017", "origin_city": "Krasnodar Krai", "destination_code": "L 43.67900 39.03430", "destination_city": NaN, "scheduled_out": NaN, "estimated_out": NaN, "actual_out": NaN, "scheduled_off": "2017-11-22T13:49:07Z", "estimated_off": "2017-11-22T13:49:07Z", "actual_off": "2017-11-22T13:49:07Z", "scheduled_on": NaN, "estimated_on": NaN, "actual_on": "2017-11-22T13:49:07Z", "scheduled_in": NaN, "estimated_in": NaN, "actual_in": NaN, "status": "result unknown", "route_distance": NaN, "diverted": false, "cancelled": false, "simplified_departure_date": "2017-11-22", "origin_coords": [44.59651, 38.76017], "destination_coords": [43.679, 39.0343], "is_same_city": false}}, {"type": "Feature", "geometry": {"type": "LineString", "coordinates": [[48.27425, 54.30885], [48.17753209016182, 54.327909469530866], [48.08072468124915, 54.34689152447728], [47.98382799305507, 54.365796039109334], [47.88684224743497, 54.384622887945746], [47.78976766830845, 54.4033719457573], [47.69260448166139, 54.42204308757025], [47.59535291554777, 54.4406361886697], [47.4980132000914, 54.45915112460304], [47.40058556748766, 54.477587771183316], [47.30307025200502, 54.49594600449273], [47.20546748998658, 54.51422570088599], [47.107777519851396, 54.532426736993806], [47.01000058209581, 54.55054898972629], [46.912136919294674, 54.568592336276424], [46.81418677610238, 54.58655665412352], [46.716150399253905, 54.60444182103666], [46.6180280375657, 54.62224771507817], [46.519819941936476, 54.63997421460705], [46.42152636534794, 54.65762119828255], [46.323147562865366, 54.67518854506751], [46.2246837916381, 54.69267613423197], [46.126135310899926, 54.71008384535653], [46.02750238196942, 54.72741155833596], [45.928785268250095, 54.74465915338263], [45.82998423523048, 54.761826511029966], [45.7310995504841, 54.77891351213608], [45.63213148366941, 54.79592003788715], [45.53308030652948, 54.81284596980098], [45.43394629289167, 54.82969118973048], [45.33472971866723, 54.846455579867275], [45.235430861850695, 54.863139022745024], [45.13605000251928, 54.879741401243194], [45.03658742283204, 54.89626259859033], [44.937043407028995, 54.91270249836778], [44.83741824143023, 54.92906098451306], [44.737712214434644, 54.94533794132349], [44.63792561651887, 54.96153325345965], [44.53805874023587, 54.97764680594895], [44.438111880213505, 54.99367848418915], [44.33808533315302, 55.00962817395181], [44.23797939782734, 55.02549576138599], [44.1377943750793, 55.041281133021606], [44.037530567819786, 55.056984175772996], [43.93718828102566, 55.07260477694259], [43.8367678217377, 55.0881428242242], [43.736269499058324, 55.10359820570675], [43.635693624149226, 55.118970809877716], [43.53504051022896, 55.13426052562663], [43.434310472570274, 55.14946724224863], [43.33350382849747, 55.16459084944804], [43.23262089738351, 55.17963123734175], [43.131662000647154, 55.1945882964629], [43.030627461749816, 55.20946191776426], [42.92951760619246, 55.22425199262179], [42.828332761512215, 55.238958412838194], [42.72707325727903, 55.253581070646334], [42.62573942509208, 55.26811985871288], [42.52433159857612, 55.28257467014162], [42.42285011337775, 55.2969453984771], [42.321295307161414, 55.311231937708094], [42.21966751960545, 55.32543418227101], [42.11796709239792, 55.3395520270535], [42.016194369232345, 55.35358536739784], [41.91434969580329, 55.36753409910444], [41.81243341980187, 55.381398118435335], [41.71044589091114, 55.3951773221176], [41.608387460801275, 55.40887160734684], [41.50625848312472, 55.422480871790675], [41.40405931351117, 55.43600501359211], [41.30179030956246, 55.449443931373025], [41.19945183084732, 55.46279752423762], [41.09704423889592, 55.47606569177581], [40.99456789719445, 55.489248334066644], [40.89202317117946, 55.50234535168175], [40.7894104282321, 55.5153566456887], [40.686730037672255, 55.528282117654456], [40.58398237075253, 55.54112166964871], [40.48116780065218, 55.553875204247305], [40.37828670247074, 55.56654262453555], [40.27533945322177, 55.57912383411167], [40.172326431826285, 55.59161873709008], [40.069248019106155, 55.60402723810476], [39.966104597777345, 55.61634924231263], [39.86289655244304, 55.6285846553968], [39.759624269586624, 55.640733383569945], [39.65628813756459, 55.652795333577565], [39.55288854659927, 55.664770412701344], [39.44942588877145, 55.67665852876237], [39.34590055801287, 55.688459590124424], [39.242312950098615, 55.70017350569728], [39.138663462639315, 55.71180018493989], [39.03495249507337, 55.723339537863694], [38.93118044865882, 55.73479147503578], [38.82734772646532, 55.74615590758214], [38.723454733365834, 55.757432747190855], [38.61950187602828, 55.768621906115314], [38.51548956290704, 55.77972329717732], [38.411418204234344, 55.7907368337703], [38.30728821201149, 55.801662429862496], [38.203100000000006, 55.8125]]}, "properties": {"fa_flight_id": "RA65689-1511340945-adhoc-0", "registration": "RA-65689", "ident": "RA-65689", "ident_icao": NaN, "origin_code": "L 54.30885 48.27425", "origin_city": "Baratayeveka", "destination_code": "L 55.81250 38.20310", "destination_city": "Moscow", "scheduled_out": NaN, "estimated_out": NaN, "actual_out": NaN, "scheduled_off": "2017-11-22T08:55:45Z", "estimated_off": "2017-11-22T08:55:45Z", "actual_off": "2017-11-22T08:55:45Z", "scheduled_on": NaN, "estimated_on": NaN, "actual_on": "2017-11-22T08:55:45Z", "scheduled_in": NaN, "estimated_in": NaN, "actual_in": NaN, "status": "result unknown", "route_distance": NaN, "diverted": false, "cancelled": false, "simplified_departure_date": "2017-11-22", "origin_coords": [54.30885, 48.27425], "destination_coords": [55.8125, 38.2031], "is_same_city": false}}, {"type": "Feature", "geometry": {"type": "LineString", "coordinates": [[38.19686, 55.80277], [38.32071013340695, 55.78513806910114], [38.44444782186059, 55.767381768650715], [38.56807245412302, 55.749501294701155], [38.69158342357341, 55.73149684426717], [38.81498012821758, 55.71336861531611], [38.938261970697035, 55.69511680675835], [39.061428358297775, 55.67674161843763], [39.18447870295857, 55.65824325112142], [39.307412421278826, 55.6396219064912], [39.43022893452615, 55.62087778713289], [39.55292766864337, 55.60201109652704], [39.6755080542553, 55.58302203903933], [39.797969526675004, 55.5639108199107], [39.920311525909675, 55.5446776452478], [40.0425334966662, 55.52532272201325], [40.164634888356225, 55.505846258015964], [40.28661515510087, 55.48624846190148], [40.40847375573512, 55.46652954314223], [40.53021015381171, 55.44668971202791], [40.65182381760472, 55.42672917965575], [40.77331422011273, 55.406648157920905], [40.89468083906169, 55.38644685950672], [41.01592315690725, 55.366125497875096], [41.137040660836846, 55.34568428725681], [41.25803284277141, 55.32512344264189], [41.37889919936662, 55.304443179769954], [41.499639232013884, 55.28364371512057], [41.620252446840865, 55.26272526590365], [41.74073835471177, 55.24168805004983], [41.86109647122707, 55.220532286200815], [41.981326316723134, 55.19925819369988], [42.10142741627124, 55.177865992582234], [42.22139929967649, 55.15635590356544], [42.3412415014761, 55.134728148039905], [42.46095356093759, 55.112982948059326], [42.580535022056516, 55.09112052633117], [42.69998543355384, 55.06914110620718], [42.819304348873004, 55.047044911673865], [42.93849132617667, 55.024832167343085], [43.05754592834315, 55.002503098442524], [43.17646772296238, 54.98005793080635], [43.29525628233173, 54.95749689086572], [43.413911183451454, 54.93482020563948], [43.53243200801968, 54.91202810272473], [43.6508183424273, 54.88912081028752], [43.76906977775235, 54.8660985570535], [43.88718590975421, 54.84296157229866], [44.00516633886743, 54.819710085840015], [44.12301067019527, 54.79634432802642], [44.24071851350297, 54.7728645297293], [44.3582894832106, 54.74927092233342], [44.47572319838581, 54.72556373772784], [44.59301928273612, 54.701743208296676], [44.71017736460097, 54.67780956690998], [44.82719707694354, 54.65376304691472], [44.944078057342196, 54.62960388212569], [45.06081994798171, 54.6053323068165], [45.177422395644236, 54.58094855571057], [45.29388505169989, 54.556452863972154], [45.41020757209723, 54.53184546719748], [45.52638961735332, 54.507126601405744], [45.642430852543576, 54.48229650303033], [45.758330947291476, 54.45735540890995], [45.87408957575776, 54.43230355627982], [45.98970641662961, 54.40714118276297], [46.105181153109484, 54.381868526361394], [46.22051347290365, 54.356485825447486], [46.33570306821059, 54.3309933187553], [46.45074963570914, 54.30539124537192], [46.56565287654627, 54.27967984472896], [46.6804124963248, 54.25385935659389], [46.795028205090745, 54.22793002106165], [46.90949971732057, 54.201892078546095], [47.0238267519081, 54.175745769771545], [47.138009032151274, 54.149491335764495], [47.252046285738636, 54.12312901784516], [47.36593824473568, 54.096659057619156], [47.47968464557094, 54.070081696969304], [47.593285229021895, 54.04339717804731], [47.706739740200604, 54.01660574326561], [47.820047928539246, 53.98970763528922], [47.933209547775384, 53.96270309702758], [48.04622435593708, 53.93559237162654], [48.15909211532778, 53.90837570246026], [48.27181259251104, 53.881053333123326], [48.38438555829507, 53.85362550742267], [48.496810787717116, 53.82609246936981], [48.60908806002756, 53.79845446317286], [48.72121715867401, 53.770711733228836], [48.83319787128509, 53.74286452411579], [48.945029989654095, 53.71491308058513], [49.056713309722554, 53.686857647553964], [49.1682476315635, 53.65869847009737], [49.279632759364716, 53.63043579344094], [49.39086850141172, 53.60206986295311], [49.50195467007065, 53.57360092413771], [49.612891081771046, 53.54502922262654], [49.72367755698838, 53.51635500417189], [49.8343139202265, 53.48757851463927], [49.94479999999999, 53.4587]]}, "properties": {"fa_flight_id": "RA65689-1511327838-adhoc-0", "registration": "RA-65689", "ident": "RA-65689", "ident_icao": NaN, "origin_code": "L 55.80277 38.19686", "origin_city": "Moscow", "destination_code": "L 53.45870 49.94480", "destination_city": "Samara", "scheduled_out": NaN, "estimated_out": NaN, "actual_out": NaN, "scheduled_off": "2017-11-22T05:17:18Z", "estimated_off": "2017-11-22T05:17:18Z", "actual_off": "2017-11-22T05:17:18Z", "scheduled_on": NaN, "estimated_on": NaN, "actual_on": "2017-11-22T05:17:18Z", "scheduled_in": NaN, "estimated_in": NaN, "actual_in": NaN, "status": "result unknown", "route_distance": NaN, "diverted": false, "cancelled": false, "simplified_departure_date": "2017-11-22", "origin_coords": [55.80277, 38.19686], "destination_coords": [53.4587, 49.9448], "is_same_city": false}}, {"type": "Feature", "geometry": {"type": "LineString", "coordinates": [[39.34304000000001, 43.97286999999999], [39.334982446888205, 44.090899398482165], [39.32689266945177, 44.20892822841467], [39.318770405077444, 44.326956485161325], [39.310615388488706, 44.44498416403885], [39.30242735171108, 44.56301126031637], [39.29420602403686, 44.68103776921464], [39.28595113198927, 44.799063685905544], [39.277662399286086, 44.917089005511365], [39.2693395468027, 45.03511372310417], [39.26098229253456, 45.1531378337051], [39.25259035155906, 45.2711613322838], [39.244163435996846, 45.38918421375762], [39.23570125497243, 45.50720647299098], [39.22720351457425, 45.62522810479464], [39.21866991781405, 45.74324910392499], [39.21010016458563, 45.861269465083325], [39.20149395162301, 45.97928918291509], [39.19285097245771, 46.097308252009164], [39.1841709173756, 46.21532666689704], [39.175453473372876, 46.33334442205206], [39.16669832411139, 46.45136151188869], [39.157905149873265, 46.569377930761604], [39.149073627514724, 46.68739367296496], [39.140203430419206, 46.80540873273156], [39.131294228449704, 46.92342310423193], [39.122345687900335, 47.041436781573545], [39.11335747144704, 47.159449758799965], [39.104329238097606, 47.27746202988987], [39.0952606431407, 47.39547358875621], [39.086151338094204, 47.513484429245295], [39.07700097065262, 47.63149454513585], [39.06780918463355, 47.74950393013809], [39.05857561992339, 47.867512577892704], [39.04929991242202, 47.98552048196993], [39.03998169398662, 48.103527635868566], [39.030620592374525, 48.221534033014926], [39.02121623118505, 48.339539666761766], [39.01176822980048, 48.457544530387395], [39.00227620332584, 48.575548617094405], [38.99273976252785, 48.693551920008794], [38.98315851377271, 48.81155443217868], [38.973532058962796, 48.92955614657332], [38.96385999547245, 49.04755705608188], [38.95414191608233, 49.165557153512346], [38.944377408913034, 49.2835564315903], [38.934566057357195, 49.40155488295771], [38.92470744001066, 49.51955250017179], [38.914801130602264, 49.63754927570366], [38.9048466979226, 49.75554520193713], [38.89484370575133, 49.873540271167414], [38.88479171278328, 49.991534475599835], [38.874690272553295, 50.10952780734842], [38.86453893335972, 50.227520258434694], [38.85433723818643, 50.345511820786136], [38.84408472462367, 50.46350248623486], [38.833780924787234, 50.58149224651619], [38.82342536523646, 50.69948109326719], [38.81301756689049, 50.81746901802517], [38.8025570449432, 50.93545601222619], [38.79204330877651, 51.05344206720356], [38.78147586187219, 51.1714271741862], [38.770854201721924, 51.28941132429711], [38.760177819735915, 51.40739450855173], [38.7494462011496, 51.52537671785633], [38.73865882492892, 51.64335794300622], [38.72781516367353, 51.761338174684184], [38.71691468351852, 51.87931740345861], [38.705956844034084, 51.9972956197818], [38.69494109812348, 52.11527281398811], [38.68386689191894, 52.23324897629214], [38.6727336646758, 52.35122409678685], [38.6615408486645, 52.46919816544162], [38.65028786906059, 52.58717117210035], [38.6389741438327, 52.70514310647943], [38.627599083628375, 52.823113958165735], [38.61616209165764, 52.94108371661459], [38.60466256357453, 53.0590523711476], [38.59309988735614, 53.177019910950605], [38.581473443179554, 53.2949863250714], [38.56978260329623, 53.412951602417564], [38.55802673190411, 53.530915731754206], [38.54620518501707, 53.648878701701605], [38.53431731033209, 53.76684050073292], [38.52236244709357, 53.884801117171705], [38.510339925955115, 54.00276053918951], [38.49824906883862, 54.1207187548034], [38.486089188790544, 54.23867575187336], [38.47385958983536, 54.35663151809972], [38.46155956682605, 54.474586041020515], [38.449188405291714, 54.592539308008774], [38.43674538128207, 54.71049130626976], [38.42422976120884, 54.828442022838175], [38.411640801683994, 54.946391444575255], [38.39897774935471, 55.06433955816587], [38.386239840734916, 55.182286350115575], [38.37342630203361, 55.30023180674749], [38.36053634897945, 55.418175914199225], [38.34756918664196, 55.53611865841975], [38.334524009248895, 55.654060025166075], [38.3214, 55.772000000000006]]}, "properties": {"fa_flight_id": "RA65689-1511290472-adhoc-0", "registration": "RA-65689", "ident": "RA-65689", "ident_icao": NaN, "origin_code": "L 43.97287 39.34304", "origin_city": NaN, "destination_code": "L 55.77200 38.32140", "destination_city": "Moscow", "scheduled_out": NaN, "estimated_out": NaN, "actual_out": NaN, "scheduled_off": "2017-11-21T18:54:32Z", "estimated_off": "2017-11-21T18:54:32Z", "actual_off": "2017-11-21T18:54:32Z", "scheduled_on": NaN, "estimated_on": NaN, "actual_on": "2017-11-21T18:54:32Z", "scheduled_in": NaN, "estimated_in": NaN, "actual_in": NaN, "status": "result unknown", "route_distance": NaN, "diverted": false, "cancelled": false, "simplified_departure_date": "2017-11-21", "origin_coords": [43.97287, 39.34304], "destination_coords": [55.772, 38.3214], "is_same_city": false}}, {"type": "Feature", "geometry": {"type": "LineString", "coordinates": [[47.71688000000001, 54.62238], [47.62294039105304, 54.639096873577515], [47.52892367272895, 54.655740996022615], [47.434830071365916, 54.67231226289679], [47.340659815027834, 54.68881057002414], [47.24641313350438, 54.705235813494085], [47.15209025831108, 54.72158788966413], [47.057691422689146, 54.73786669516268], [46.96321686160541, 54.75407212689176], [46.86866681175207, 54.77020408202982], [46.77404151154635, 54.78626245803452], [46.67934120113014, 54.80224715264549], [46.58456612236954, 54.81815806388707], [46.489716518854216, 54.83399509007118], [46.39479263589688, 54.84975812980003], [46.29979472053251, 54.86544708196894], [46.204723021517516, 54.88106184576912], [46.109577789328945, 54.89660232069044], [46.0143592761634, 54.912068406524234], [45.91906773593607, 54.927460003366086], [45.82370342427956, 54.94277701161861], [45.72826659854264, 54.95801933199426], [45.632757517789024, 54.97318686551809], [45.53717644279582, 54.98827951353055], [45.441523636052224, 55.0032971776903], [45.34579936175783, 55.018239759977], [45.250003885820995, 55.03310716269404], [45.15413747585716, 55.04789928847139], [45.05820040118695, 55.0626160402684], [44.96219293283427, 55.07725732137649], [44.86611534352432, 55.09182303542205], [44.769967907681504, 55.10631308636918], [44.67375090142722, 55.12072737852243], [44.57746460257761, 55.13506581652966], [44.481109290641186, 55.149328305384756], [44.38468524681641, 55.163514750430465], [44.28819275398907, 55.17762505736113], [44.19163209672978, 55.19165913222544], [44.09500356129116, 55.205616881429314], [43.998307435605035, 55.21949821173851], [43.901544009279554, 55.233303030281554], [43.80471357359624, 55.247031244552375], [43.70781642150679, 55.26068276241317], [43.610852847630014, 55.27425749209706], [43.51382314824853, 55.28775534221092], [43.41672762130532, 55.301176221738096], [43.319566566400454, 55.31452004004122], [43.22234028478738, 55.32778670686482], [43.12504907936936, 55.340976132338184], [43.027693254695755, 55.35408822697805], [42.93027311695817, 55.36712290169133], [42.83278897398654, 55.380080067777826], [42.73524113524514, 55.392959636933], [42.63762991182848, 55.40576152125067], [42.5399556164571, 55.41848563322568], [42.442218563473276, 55.431131885756656], [42.34441906883668, 55.44370019214871], [42.24655745011981, 55.456190466116105], [42.14863402650357, 55.46860262178496], [42.05064911877246, 55.48093657369595], [41.952603049309886, 55.493192236806955], [41.854496142093325, 55.50536952649575], [41.756328722689325, 55.51746835856264], [41.65810111824852, 55.52948864923322], [41.55981365750047, 55.54143031516088], [41.46146667074843, 55.553293273429524], [41.363060489864026, 55.56507744155628], [41.264595448281874, 55.57678273749398], [41.16607188099401, 55.58840907963389], [41.06749012454434, 55.599956386808294], [40.96885051702292, 55.61142457829309], [40.87015339806014, 55.62281357381045], [40.77139910882087, 55.63412329353128], [40.672587991998476, 55.645353658077966], [40.573720391808735, 55.65650458852681], [40.47479665398365, 55.66757600641068], [40.37581712576523, 55.678567833721516], [40.27678215589908, 55.68947999291295], [40.177692094628, 55.70031240690273], [40.07854729368541, 55.711064999075326], [39.979348106288725, 55.72173769328445], [39.880094887132614, 55.732330413855536], [39.780787992382194, 55.742843085588255], [39.6814277796661, 55.753275633758975], [39.58201460806947, 55.763627984123275], [39.48254883812687, 55.773900062918386], [39.383030831815034, 55.784091796865695], [39.28346095254569, 55.79420311317308], [39.18383956515806, 55.804233939537475], [39.08416703591147, 55.81418420414722], [38.984443732477736, 55.82405383568445], [38.88467002393355, 55.8338427633276], [38.78484628075271, 55.84355091675363], [38.68497287479831, 55.853178226140564], [38.585050179314756, 55.86272462216974], [38.485078568919825, 55.872190036028236], [38.38505841959648, 55.88157439941113], [38.28499010868474, 55.89087764452388], [38.18487401487336, 55.90009970408467], [38.084710518191436, 55.909240511326566], [37.9845, 55.918299999999995]]}, "properties": {"fa_flight_id": "RA65689-1512123221-adhoc-0", "registration": "RA-65689", "ident": "RA-65689", "ident_icao": NaN, "origin_code": "L 54.62238 47.71688", "origin_city": "Baratayeveka", "destination_code": "L 55.91830 37.98450", "destination_city": "Moscow", "scheduled_out": NaN, "estimated_out": NaN, "actual_out": NaN, "scheduled_off": "2017-12-01T10:13:41Z", "estimated_off": "2017-12-01T10:13:41Z", "actual_off": "2017-12-01T10:13:41Z", "scheduled_on": NaN, "estimated_on": NaN, "actual_on": "2017-12-01T10:13:41Z", "scheduled_in": NaN, "estimated_in": NaN, "actual_in": NaN, "status": "result unknown", "route_distance": NaN, "diverted": false, "cancelled": false, "simplified_departure_date": "2017-12-01", "origin_coords": [54.62238, 47.71688], "destination_coords": [55.9183, 37.9845], "is_same_city": false}}, {"type": "Feature", "geometry": {"type": "LineString", "coordinates": [[38.32135, 55.83465], [38.418886609149716, 55.82400391478088], [38.51636965661593, 55.81328070747801], [38.61379880740696, 55.802480451619225], [38.71117372794385, 55.79160322116788], [38.80849408606623, 55.78064909052052], [38.90575955103831, 55.76961813450455], [39.002969793554584, 55.75851042837582], [39.100124485745674, 55.747326047816266], [39.1972233011839, 55.73606506893155], [39.29426591488878, 55.724727568248674], [39.39125200333265, 55.713313622713514], [39.488181244445876, 55.7018233096885], [39.58505331762224, 55.690256706950166], [39.68186790372415, 55.678613892686684], [39.7786246850877, 55.666894945495535], [39.875323345527754, 55.65509994438101], [39.9719635703429, 55.64322896875174], [40.068545046320274, 55.631282098418346], [40.16506746174035, 55.61925941359088], [40.26153050638164, 55.60716099487645], [40.35793387152531, 55.59498692327666], [40.454277249959645, 55.582737280185285], [40.55056033598454, 55.5704121473856], [40.64678282541582, 55.55801160704807], [40.74294441558945, 55.54553574172776], [40.8390448053658, 55.53298463436186], [40.93508369513368, 55.520358368267225], [41.031060786814336, 55.50765702713781], [41.1269757838654, 55.49488069504222], [41.22282839128465, 55.48202945642113], [41.318618315613854, 55.46910339608484], [41.414345264942355, 55.45610259921071], [41.510008948910674, 55.443027151340615], [41.605609078714, 55.42987713837846], [41.70114536710556, 55.416652646587636], [41.796617528400006, 55.40335376258843], [41.892025278476595, 55.38998057335555], [41.987368334782325, 55.37653316621556], [42.08264641633511, 55.36301162884429], [42.1778592437266, 55.34941604926438], [42.27300653912523, 55.33574651584256], [42.36808802627891, 55.322003117287316], [42.463103430517876, 55.308185942646126], [42.55805247875725, 55.29429508130302], [42.65293489949961, 55.28033062297595], [42.74775042283754, 55.266292657714295], [42.84249878045596, 55.25218127589616], [42.93717970563447, 55.23799656822603], [43.0317929332496, 55.223738625731926], [43.1263381997769, 55.20940753976303], [43.22081524329313, 55.19500340198703], [43.31522380347812, 55.18052630438758], [43.40956362161676, 55.16597633926167], [43.50383444060082, 55.151353599217074], [43.59803600493066, 55.1366581771698], [43.69216806071694, 55.12189016634149], [43.786230355682164, 55.10704966025679], [43.880222639162234, 55.092136752740835], [43.974144662107875, 55.07715153791664], [44.067996177085945, 55.06209411020254], [44.161776938280724, 55.046964564309555], [44.2554867014951, 55.03176299523887], [44.349125224151734, 55.01648949827922], [44.44269226529403, 55.00114416900431], [44.536187585587136, 54.98572710327027], [44.62961094731878, 54.97023839721299], [44.72296211440013, 54.95467814724564], [44.8162408523665, 54.939046450056075], [44.909446928377996, 54.923343402604154], [45.0025801112201, 54.90756910211932], [45.095640171304154, 54.89172364609793], [45.188626880667826, 54.87580713230067], [45.28154001297544, 54.859819658750084], [45.374379343518235, 54.84376132372786], [45.4671446492146, 54.82763222577241], [45.55983570861022, 54.811432463676205], [45.65245230187804, 54.795162136483235], [45.74499421081838, 54.778821343486484], [45.83746121885874, 54.76241018422533], [45.92985311105376, 54.745928758483004], [46.02216967408483, 54.729377166284046], [46.114410696259924, 54.71275550789173], [46.20657596751317, 54.69606388380556], [46.29866527940442, 54.67930239475867], [46.39067842511875, 54.66247114171533], [46.48261519946585, 54.64557022586838], [46.5744753988794, 54.628599748636745], [46.66625882141635, 54.61155981166278], [46.757965266756116, 54.594450516809914], [46.84959453619975, 54.57727196615998], [46.941146432669, 54.56002426201081], [47.032620760705335, 54.5427075068736], [47.12401732646889, 54.5253218034705], [47.21533593773734, 54.507867254732076], [47.30657640390476, 54.49034396379478], [47.39773853598026, 54.47275203399846], [47.48882214658682, 54.455091568883915], [47.5798270499598, 54.43736267219033], [47.67075306194559, 54.41956544785283], [47.7616, 54.4017]]}, "properties": {"fa_flight_id": "RA65689-1512104839-adhoc-0", "registration": "RA-65689", "ident": "RA-65689", "ident_icao": NaN, "origin_code": "L 55.83465 38.32135", "origin_city": "Moscow", "destination_code": "L 54.40170 47.76160", "destination_city": "Baratayeveka", "scheduled_out": NaN, "estimated_out": NaN, "actual_out": NaN, "scheduled_off": "2017-12-01T05:07:19Z", "estimated_off": "2017-12-01T05:07:19Z", "actual_off": "2017-12-01T05:07:19Z", "scheduled_on": NaN, "estimated_on": NaN, "actual_on": "2017-12-01T05:07:19Z", "scheduled_in": NaN, "estimated_in": NaN, "actual_in": NaN, "status": "result unknown", "route_distance": NaN, "diverted": false, "cancelled": false, "simplified_departure_date": "2017-12-01", "origin_coords": [55.83465, 38.32135], "destination_coords": [54.4017, 47.7616], "is_same_city": false}}, {"type": "Feature", "geometry": {"type": "LineString", "coordinates": [[38.237109999999994, 55.824250000000006], [38.24271124790962, 55.71716006806041], [38.248281865614494, 55.61006988266096], [38.25382214221212, 55.50297944619445], [38.259332363239565, 55.39588876102426], [38.264812810728365, 55.28879782948469], [38.27026376325845, 55.181706653881506], [38.27568549601109, 55.07461523649229], [38.28107828082082, 54.96752357956695], [38.286442386226454, 54.86043168532811], [38.29177807752116, 54.7533395559715], [38.29708561680165, 54.6462471936664], [38.30236526301645, 54.53915460055601], [38.30761727201327, 54.432061778757884], [38.31284189658562, 54.324968730364276], [38.31803938651849, 54.21787545744252], [38.323209988633245, 54.11078196203544], [38.32835394683178, 54.003688246161666], [38.33347150213976, 53.89659431181604], [38.33856289274925, 53.789500160969915], [38.343628354060435, 53.682405795571576], [38.348668118722756, 53.57531121754648], [38.353682416675184, 53.468216428797675], [38.358671475185915, 53.361121431206115], [38.36363551889127, 53.254026226630934], [38.368574769833955, 53.1469308169098], [38.37348944750071, 53.03983520385924], [38.37837976885917, 52.9327393892749], [38.38324594839426, 52.82564337493189], [38.38808819814387, 52.71854716258508], [38.392906727733866, 52.61145075396934], [38.39770174441261, 52.504354150799884], [38.402473453084845, 52.39725735477248], [38.40722205634497, 52.290160367563814], [38.41194775450983, 52.183063190831724], [38.41665074565088, 52.07596582621543], [38.42133122562581, 51.968868275335836], [38.425989388109684, 51.86177053979577], [38.43062542462553, 51.75467262118027], [38.43523952457439, 51.6475745210568], [38.43983187526494, 51.54047624097549], [38.44440266194253, 51.433377782469385], [38.448952067817835, 51.32627914705471], [38.45348027409492, 51.21918033623106], [38.45798745999899, 51.11208135148168], [38.4624738028035, 51.004982194273616], [38.466939477857, 50.897882866058], [38.47138465860939, 50.79078336827025], [38.4758095166379, 50.68368370233028], [38.48021422167248, 50.576583869642725], [38.48459894162093, 50.46948387159711], [38.488963842593456, 50.3623837095681], [38.493309088927056, 50.25528338491568], [38.49763484320928, 50.14818289898534], [38.50194126630178, 50.041082253108314], [38.50622851736334, 49.933981448601706], [38.51049675387271, 49.82688048676873], [38.51474613165092, 49.71977936889889], [38.518976804883266, 49.61267809626812], [38.523188926141096, 49.50557667013902], [38.527382646403034, 49.39847509176099], [38.531558115075995, 49.29137336237046], [38.53571548001587, 49.18427148319096], [38.53985488754784, 49.07716945543337], [38.543976482486435, 48.97006728029613], [38.5480804081552, 48.86296495896523], [38.55216680640608, 48.75586249261456], [38.5562358176386, 48.64875988240597], [38.560287580818596, 48.54165712948942], [38.56432223349676, 48.43455423500317], [38.568339911826854, 48.32745120007394], [38.57234075058365, 48.220348025817], [38.576324883180675, 48.113244713336364], [38.580292441687526, 48.00614126372496], [38.584243556847035, 47.89903767806468], [38.58817835809219, 47.79193395742659], [38.59209697356273, 47.684830102871075], [38.595999530121446, 47.577726115447916], [38.59988615337048, 47.47062199619649], [38.603756967666996, 47.36351774614586], [38.607612096139, 47.256413366314916], [38.61145166070064, 47.14930885771248], [38.61527578206743, 47.042204221337485], [38.61908457977119, 46.93509945817906], [38.6228781721748, 46.827994569216635], [38.62665667648668, 46.72088955542012], [38.630420208775114, 46.61378441774997], [38.6341688839823, 46.5066791571573], [38.63790281593828, 46.39957377458406], [38.6416221173746, 46.292468270963084], [38.64532689993778, 46.18536264721825], [38.64901727420255, 46.0782569042645], [38.652693349685045, 45.971151043008106], [38.656355234855575, 45.86404506434663], [38.660003037151434, 45.75693896916907], [38.663636862989364, 45.64983275835601], [38.66725681777795, 45.542726432779716], [38.67086300592971, 45.43561999330412], [38.6744555308732, 45.328513440785095], [38.6780344950647, 45.221406776070445], [38.68160000000001, 45.1143]]}, "properties": {"fa_flight_id": "RA65689-1511845356-adhoc-0", "registration": "RA-65689", "ident": "RA-65689", "ident_icao": NaN, "origin_code": "L 55.82425 38.23711", "origin_city": "Moscow", "destination_code": "L 45.11430 38.68160", "destination_city": "Krasnodar Krai", "scheduled_out": NaN, "estimated_out": NaN, "actual_out": NaN, "scheduled_off": "2017-11-28T05:02:36Z", "estimated_off": "2017-11-28T05:02:36Z", "actual_off": "2017-11-28T05:02:36Z", "scheduled_on": NaN, "estimated_on": NaN, "actual_on": "2017-11-28T05:02:36Z", "scheduled_in": NaN, "estimated_in": NaN, "actual_in": NaN, "status": "result unknown", "route_distance": NaN, "diverted": false, "cancelled": false, "simplified_departure_date": "2017-11-28", "origin_coords": [55.82425, 38.23711], "destination_coords": [45.1143, 38.6816], "is_same_city": false}}, {"type": "Feature", "geometry": {"type": "LineString", "coordinates": [[82.64134, 55.08180999999999], [82.6278594209681, 55.08316787074911], [82.61437792705104, 55.08452425275845], [82.60089551914442, 55.08587914585193], [82.58741219814424, 55.087232549853645], [82.57392796494702, 55.08858446458782], [82.56044282044971, 55.089934889878904], [82.54695676554971, 55.09128382555145], [82.53346980114489, 55.09263127143025], [82.51998192813357, 55.09397722734017], [82.50649314741453, 55.095321693106335], [82.49300345988703, 55.09666466855397], [82.47951286645073, 55.098006153508514], [82.46602136800576, 55.099346147795536], [82.45252896545277, 55.10068465124079], [82.43903565969275, 55.1020216636702], [82.42554145162727, 55.103357184909854], [82.41204634215823, 55.104691214786], [82.3985503321881, 55.10602375312506], [82.38505342261969, 55.10735479975362], [82.37155561435635, 55.10868435449846], [82.35805690830186, 55.110012417186475], [82.34455730536041, 55.11133898764477], [82.33105680643672, 55.112664065700606], [82.31755541243588, 55.11398765118142], [82.30405312426346, 55.11530974391481], [82.2905499428255, 55.116630343728524], [82.27704586902847, 55.117949450450496], [82.26354090377932, 55.11926706390885], [82.25003504798538, 55.12058318393187], [82.2365283025545, 55.12189781034796], [82.22302066839498, 55.12321094298575], [82.20951214641548, 55.12452258167401], [82.1960027375252, 55.125832726241704], [82.18249244263376, 55.12714137651793], [82.16898126265123, 55.128448532332], [82.15546919848808, 55.12975419351335], [82.1419562510553, 55.1310583598916], [82.12844242126427, 55.13236103129656], [82.11492771002689, 55.133662207558196], [82.10141211825538, 55.13496188850666], [82.08789564686252, 55.13626007397221], [82.0743782967615, 55.137556763785355], [82.06086006886592, 55.138851957776744], [82.04734096408987, 55.14014565577719], [82.03382098334787, 55.14143785761765], [82.02030012755483, 55.14272856312933], [82.0067783976262, 55.14401777214353], [81.99325579447782, 55.145305484491736], [81.97973231902597, 55.146591700005644], [81.96620797218738, 55.147876418517086], [81.95268275487918, 55.149159639858055], [81.93915666801902, 55.150441363860764], [81.92562971252494, 55.15172159035756], [81.91210188931544, 55.153000319180954], [81.89857319930942, 55.15427755016364], [81.88504364342629, 55.15555328313851], [81.8715132225858, 55.15682751793858], [81.85798193770827, 55.15810025439708], [81.84444978971435, 55.15937149234737], [81.83091677952515, 55.16064123162304], [81.81738290806226, 55.16190947205778], [81.80384817624764, 55.16317621348552], [81.79031258500379, 55.16444145574031], [81.77677613525353, 55.165705198656426], [81.76323882792015, 55.16696744206825], [81.74970066392747, 55.168228185810385], [81.73616164419961, 55.16948742971759], [81.72262176966122, 55.170745173624816], [81.70908104123731, 55.17200141736715], [81.6955394598534, 55.173256160779886], [81.6819970264354, 55.17450940369848], [81.66845374190964, 55.175761145958546], [81.65490960720294, 55.1770113873959], [81.6413646232425, 55.178260127846514], [81.62781879095594, 55.17950736714652], [81.6142721112714, 55.180753105132254], [81.60072458511736, 55.18199734164021], [81.58717621342278, 55.183240076507055], [81.57362699711703, 55.18448130956964], [81.56007693712992, 55.18572104066497], [81.54652603439166, 55.18695926963023], [81.53297428983295, 55.188195996302795], [81.51942170438487, 55.18943122052021], [81.50586827897897, 55.190664942120186], [81.49231401454718, 55.191897160940606], [81.47875891202187, 55.193127876819545], [81.46520297233589, 55.194357089595215], [81.45164619642243, 55.19558479910605], [81.4380885852152, 55.19681100519064], [81.42453013964827, 55.19803570768772], [81.41097086065616, 55.199258906436285], [81.3974107491738, 55.200480601275395], [81.38384980613658, 55.20170079204435], [81.3702880324803, 55.20291947858263], [81.35672542914115, 55.20413666072986], [81.3431619970558, 55.20535233832585], [81.32959773716131, 55.20656651121062], [81.31603265039516, 55.2077791792243], [81.30246673769527, 55.20899034220726], [81.2889, 55.2102]]}, "properties": {"fa_flight_id": "RA65689-1511629979-adhoc-0", "registration": "RA-65689", "ident": "RA-65689", "ident_icao": NaN, "origin_code": "L 55.08181 82.64134", "origin_city": "Novosibirsk", "destination_code": "L 55.21020 81.28890", "destination_city": "Novosibirsk", "scheduled_out": NaN, "estimated_out": NaN, "actual_out": NaN, "scheduled_off": "2017-11-25T17:12:59Z", "estimated_off": "2017-11-25T17:12:59Z", "actual_off": "2017-11-25T17:12:59Z", "scheduled_on": NaN, "estimated_on": NaN, "actual_on": "2017-11-25T17:12:59Z", "scheduled_in": NaN, "estimated_in": NaN, "actual_in": NaN, "status": "result unknown", "route_distance": NaN, "diverted": false, "cancelled": false, "simplified_departure_date": "2017-11-25", "origin_coords": [55.08181, 82.64134], "destination_coords": [55.2102, 81.2889], "is_same_city": false}}, {"type": "Feature", "geometry": {"type": "LineString", "coordinates": [[39.34382, 43.9269], [39.332994690179575, 44.04698216541021], [39.322125400267275, 44.16706330458139], [39.311211766011695, 44.28714340900515], [39.30025341941046, 44.40722247008537], [39.28924998866056, 44.52730047913698], [39.278201098107935, 44.64737742738488], [39.26710636819624, 44.767453305962604], [39.25596541541476, 44.88752810591125], [39.244777852245555, 45.00760181817809], [39.23354328710973, 45.127674433615404], [39.22226132431287, 45.247745942979215], [39.21093156398951, 45.36781633692793], [39.19955360204692, 45.487885606021024], [39.18812703010772, 45.60795374071776], [39.17665143545177, 45.72802073137575], [39.16512640095699, 45.848086568249634], [39.15355150503934, 45.968151241489586], [39.141926321591704, 46.088214741139986], [39.13025041992183, 46.2082770571379], [39.11852336468927, 46.3283381793116], [39.10674471584124, 46.44839809737912], [39.09491402854747, 46.568456800946606], [39.083030853133934, 46.688514279506926], [39.071094735015485, 46.808570522437954], [39.059105214627444, 46.92862551900104], [39.047061827355925, 47.04867925833933], [39.034964103467104, 47.16873172947615], [39.02281156803524, 47.288782921313306], [39.01060374086953, 47.408832822629314], [38.99834013643971, 47.52888142207777], [38.98602026380035, 47.64892870818545], [38.973643626513976, 47.76897466935061], [38.961209722572804, 47.88901929384104], [38.94871804431912, 48.00906256979233], [38.93616807836444, 48.12910448520586], [38.92355930550705, 48.24914502794691], [38.910891200648386, 48.36918418574271], [38.898163232707766, 48.48922194618043], [38.88537486453578, 48.60925829670512], [38.87252555282612, 48.729293224617706], [38.85961474802585, 48.84932671707281], [38.846641894244215, 48.96935876107665], [38.83360642915974, 49.08938934348487], [38.820507783925756, 49.209418451000275], [38.80734538307427, 49.32944607017065], [38.79411864441812, 49.44947218738638], [38.78082697895141, 49.569496788878176], [38.76746979074815, 49.68951986071469], [38.754046476859145, 49.809541388800035], [38.74055642720698, 49.92956135887141], [38.72699902447921, 50.049579756496506], [38.71337364401952, 50.16959656707102], [38.699679653717006, 50.289611775816006], [38.68591641389348, 50.40962536777527], [38.672083277188584, 50.52963732781262], [38.65817958844303, 50.6496476406092], [38.64420468457954, 50.76965629066063], [38.630157894481684, 50.88966326227417], [38.61603853887046, 51.00966853956585], [38.60184593017866, 51.12967210645749], [38.58757937242287, 51.249673946673724], [38.57323816107311, 51.36967404373891], [38.55882158292005, 51.48967238097402], [38.54432891593976, 51.60966894149347], [38.52975942915598, 51.729663708201876], [38.51511238249969, 51.84965666379076], [38.50038702666617, 51.969647790735195], [38.48558260296926, 52.08963707129037], [38.47069834319298, 52.20962448748811], [38.4557334694402, 52.3296100211333], [38.440687193978526, 52.449593653800335], [38.42555871908319, 52.56957536682933], [38.410347236877016, 52.68955514132243], [38.39505192916716, 52.80953295813992], [38.379671967278874, 52.92950879789638], [38.36420651188588, 53.049482640956654], [38.34865471283768, 53.169454467431784], [38.333015708983226, 53.28942425717489], [38.31728862799139, 53.409391989776935], [38.30147258616777, 53.529357644562445], [38.285566688268005, 53.64932120058507], [38.26957002730724, 53.76928263662316], [38.253481684366065, 53.88924193117513], [38.237300728392384, 54.0091990624549], [38.22102621599943, 54.129154008387026], [38.20465719125979, 54.24910674660196], [38.18819268549518, 54.36905725443106], [38.17163171706214, 54.48900550890156], [38.15497329113326, 54.60895148673135], [38.13821639947413, 54.72889516432388], [38.12136002021558, 54.84883651776266], [38.10440311762146, 54.96877552280588], [38.08734464185153, 55.08871215488075], [38.070183528719575, 55.208646389077934], [38.052918699446515, 55.3285782001456], [38.03554906040837, 55.4485075624836], [38.018073502879105, 55.56843445013731], [38.000490902767964, 55.68835883679157], [37.982800120351534, 55.80828069576429], [37.96500000000001, 55.9282]]}, "properties": {"fa_flight_id": "RA65689-1512753397-adhoc-0", "registration": "RA-65689", "ident": "RA-65689", "ident_icao": NaN, "origin_code": "L 43.92690 39.34382", "origin_city": NaN, "destination_code": "L 55.92820 37.96500", "destination_city": "Moscow", "scheduled_out": NaN, "estimated_out": NaN, "actual_out": NaN, "scheduled_off": "2017-12-08T17:16:37Z", "estimated_off": "2017-12-08T17:16:37Z", "actual_off": "2017-12-08T17:16:37Z", "scheduled_on": NaN, "estimated_on": NaN, "actual_on": "2017-12-08T17:16:37Z", "scheduled_in": NaN, "estimated_in": NaN, "actual_in": NaN, "status": "result unknown", "route_distance": NaN, "diverted": false, "cancelled": false, "simplified_departure_date": "2017-12-08", "origin_coords": [43.9269, 39.34382], "destination_coords": [55.9282, 37.965], "is_same_city": false}}, {"type": "Feature", "geometry": {"type": "LineString", "coordinates": [[38.15354000000001, 55.79838999999999], [38.16680083019968, 55.676277995289716], [38.17997912930573, 55.55416457023416], [38.193075783067336, 55.43204974009316], [38.20609166484669, 55.309933519912875], [38.219027635835744, 55.187815924529474], [38.231884545268336, 55.06569696857287], [38.244663230628085, 54.943576666470264], [38.25736451785179, 54.82145503244969], [38.26998922152882, 54.699332080543414], [38.282538145096154, 54.57720782459137], [38.295012081029704, 54.455082278244404], [38.30741181103148, 54.33295545496757], [38.319738106213045, 54.21082736804322], [38.33199172727531, 54.08869803057418], [38.3441734246845, 53.966567455486754], [38.35628393884478, 53.844435655533715], [38.36832400026727, 53.722302643297205], [38.38029432973571, 53.600168431191655], [38.392195638468856, 53.47803303146651], [38.40402862827953, 53.35589645620906], [38.41579399173068, 53.23375871734702], [38.4274924122882, 53.11161982665129], [38.439124564470845, 52.989479795738504], [38.45069111399708, 52.86733863607351], [38.46219271792921, 52.74519635897194], [38.473630024814575, 52.623052975602576], [38.48500367482401, 52.50090849698983], [38.49631429988765, 52.37876293401597], [38.50756252382818, 52.25661629742355], [38.5187489624913, 52.134468597817516], [38.52987422387397, 52.0123198456676], [38.54093890824991, 51.89017005131031], [38.551943608292945, 51.76801922495116], [38.562888909197845, 51.64586737666677], [38.57377538879898, 51.52371451640682], [38.58460361768661, 51.40156065399614], [38.595374159321146, 51.279405799136676], [38.60608757014506, 51.15724996140938], [38.6167443996929, 51.035093150276126], [38.627345190699124, 50.91293537508158], [38.63789047920395, 50.79077664505506], [38.64838079465731, 50.668616969312254], [38.65881666002069, 50.546456356857014], [38.669198591867406, 50.4242948165831], [38.679527100480705, 50.30213235727589], [38.689802689950305, 50.179968987613975], [38.70002585826704, 50.05780471617085], [38.710197097415836, 49.935639551416536], [38.720316893466965, 49.813473501719066], [38.73038572666571, 49.69130657534613], [38.74040407152034, 49.56913878046653], [38.750372396888494, 49.44697012515172], [38.760291166062125, 49.3248006173772], [38.77016083685078, 49.20263026502404], [38.77998186166347, 49.08045907588023], [38.789754687589124, 48.95828705764206], [38.799479756475485, 48.83611421791556], [38.80915750500679, 48.71394056421776], [38.81878836477987, 48.59176610397802], [38.828372762379146, 48.46959084453937], [38.83791111945008, 48.34741479315968], [38.8474038527715, 48.22523795701305], [38.85685137432665, 48.103060343190876], [38.866254091372895, 47.9808819587032], [38.875612406510356, 47.858702810479755], [38.884926717749245, 47.73652290537127], [38.89419741857616, 47.614342250150486], [38.90342489801911, 47.49216085151332], [38.91260954071153, 47.36997871608004], [38.921751726955115, 47.24779585039625], [38.9308518327817, 47.125612260934], [38.93991023001398, 47.00342795409281], [38.948927286325215, 46.88124293620076], [38.957903365298044, 46.75905721351543], [38.96683882648212, 46.63687079222495], [38.97573402545091, 46.51468367844892], [38.98458931385755, 46.392495878239465], [38.993405039489694, 46.27030739758205], [39.00218154632346, 46.14811824239657], [39.01091917457656, 46.02592841853813], [39.01961826076045, 45.903737931797984], [39.028279137731694, 45.781546787904475], [39.03690213474242, 45.65935499252383], [39.04548757748999, 45.53716255126104], [39.054035788165876, 45.41496946966076], [39.06254708550369, 45.292775753208055], [39.07102178482639, 45.170581407329216], [39.079460198092896, 45.04838643739267], [39.08786263394374, 44.92619084870962], [39.09622939774611, 44.803994646534946], [39.104560791638114, 44.68179783606787], [39.112857114572385, 44.559600422452796], [39.1211186623589, 44.43740241077996], [39.12934572770725, 44.315203806086245], [39.137538600268044, 44.19300461335583], [39.14569756667384, 44.07080483752093], [39.153822910579365, 43.94860448346247], [39.16191491270101, 43.82640355601078], [39.16997385085586, 43.70420205994624], [39.178, 43.582]]}, "properties": {"fa_flight_id": "RA65689-1512716555-adhoc-0", "registration": "RA-65689", "ident": "RA-65689", "ident_icao": NaN, "origin_code": "L 55.79839 38.15354", "origin_city": "Moscow", "destination_code": "L 43.58200 39.17800", "destination_city": NaN, "scheduled_out": NaN, "estimated_out": NaN, "actual_out": NaN, "scheduled_off": "2017-12-08T07:02:35Z", "estimated_off": "2017-12-08T07:02:35Z", "actual_off": "2017-12-08T07:02:35Z", "scheduled_on": NaN, "estimated_on": NaN, "actual_on": "2017-12-08T07:02:35Z", "scheduled_in": NaN, "estimated_in": NaN, "actual_in": NaN, "status": "result unknown", "route_distance": NaN, "diverted": false, "cancelled": false, "simplified_departure_date": "2017-12-08", "origin_coords": [55.79839, 38.15354], "destination_coords": [43.582, 39.178], "is_same_city": false}}, {"type": "Feature", "geometry": {"type": "LineString", "coordinates": [[38.25614, 55.86831], [38.26595392627487, 55.746753316875754], [38.27570689053841, 55.625195856567096], [38.28539954565908, 55.50363762740211], [38.29503253538845, 55.3820786375925], [38.304606494520435, 55.260518895235634], [38.31412204904745, 55.1389584083165], [38.323579816313085, 55.01739718470972], [38.332980405161855, 54.895835232181376], [38.342324416085596, 54.774272558390976], [38.35161244136706, 54.652709170893225], [38.36084506522047, 54.531145077139826], [38.37002286392921, 54.40958028448126], [38.379146405980684, 54.28801480016851], [38.38821625219856, 54.166448631354726], [38.39723295587215, 54.0448817850969], [38.40619706288332, 53.92331426835746], [38.41510911183084, 53.8017460880059], [38.42396963415213, 53.680177250820314], [38.43277915424271, 53.55860776348891], [38.44153818957325, 53.43703763261151], [38.450247250804196, 53.315466864701044], [38.45890684189823, 53.19389546618492], [38.46751746023048, 53.07232344340653], [38.47607959669662, 52.95075080262651], [38.484593735818706, 52.82917755002421], [38.49306035584916, 52.70760369169895], [38.5014799288725, 52.58602923367133], [38.50985292090531, 52.46445418188452], [38.51817979199414, 52.34287854220551], [38.52646099631157, 52.22130232042631], [38.53469698225043, 52.09972552226521], [38.542888192516195, 51.97814815336789], [38.551035064217615, 51.856570219308644], [38.55913802895572, 51.73499172559145], [38.56719751291097, 51.61341267765115], [38.57521393692887, 51.491833080854484], [38.58318771660395, 51.37025294050121], [38.591119262362206, 51.24867226182512], [38.59900897954187, 51.12709104999508], [38.60685726847283, 51.005509310116096], [38.61466452455447, 50.883927047230216], [38.62243113833213, 50.76234426631756], [38.63015749557206, 50.640760972297315], [38.63784397733511, 50.51917717002855], [38.645490960048996, 50.39759286431129], [38.65309881557924, 50.27600805988734], [38.660667911298845, 50.15442276144115], [38.668198610156644, 50.03283697360077], [38.67569127074454, 49.91125070093862], [38.68314624736333, 49.7896639479724], [38.690563890087546, 49.668076719165896], [38.69794454482896, 49.54648901892976], [38.70528855339907, 49.42490085162237], [38.71259625357042, 49.30331222155051], [38.7198679791368, 49.18172313297028], [38.72710405997241, 49.06013359008775], [38.73430482209004, 48.93854359705969], [38.74147058769804, 48.81695315799438], [38.7486016752565, 48.69536227695226], [38.755698399532264, 48.57377095794669], [38.76276107165313, 48.452179204944564], [38.76978999916098, 48.330587021867046], [38.77678548606406, 48.20899441259022], [38.78374783288832, 48.08740138094577], [38.79067733672789, 47.96580793072156], [38.79757429129466, 47.844214065662364], [38.80443898696702, 47.72261978947037], [38.81127171083775, 47.60102510580592], [38.818072746761125, 47.47943001828798], [38.82484237539914, 47.35783453049484], [38.8315808742671, 47.23623864596464], [38.83828851777819, 47.11464236819595], [38.844965577287596, 46.993045700648324], [38.851612321135626, 46.87144864674289], [38.8582290146902, 46.74985120986282], [38.8648159203887, 46.628253393353916], [38.87137329777897, 46.50665520052516], [38.87790140355979, 46.38505663464915], [38.884400491620525, 46.263457698962675], [38.89087081308025, 46.141858396667175], [38.897312616326126, 46.02025873092926], [38.90372614705122, 45.89865870488116], [38.91011164829168, 45.777058321621226], [38.916469360463196, 45.655457584214396], [38.922799521397074, 45.53385649569263], [38.92910236637555, 45.41225505905538], [38.93537812816657, 45.290653277270046], [38.94162703705807, 45.169051153272356], [38.94784932089159, 45.04744868996689], [38.95404520509547, 44.92584589022743], [38.960214912717376, 44.80424275689736], [38.96635866445647, 44.68263929279017], [38.972476678694875, 44.56103550068976], [38.978569171528804, 44.439431383350886], [38.98463635679911, 44.31782694349955], [38.990678446121315, 44.19622218383336], [38.99669564891531, 44.07461710702192], [39.0026881724344, 43.95301171570722], [39.00865622179404, 43.83140601250398], [39.0146, 43.7098]]}, "properties": {"fa_flight_id": "RA65689-1516190916-adhoc-0", "registration": "RA-65689", "ident": "RA-65689", "ident_icao": NaN, "origin_code": "L 55.86831 38.25614", "origin_city": "Moscow", "destination_code": "L 43.70980 39.01460", "destination_city": NaN, "scheduled_out": NaN, "estimated_out": NaN, "actual_out": NaN, "scheduled_off": "2018-01-17T12:08:36Z", "estimated_off": "2018-01-17T12:08:36Z", "actual_off": "2018-01-17T12:08:36Z", "scheduled_on": NaN, "estimated_on": NaN, "actual_on": "2018-01-17T12:08:36Z", "scheduled_in": NaN, "estimated_in": NaN, "actual_in": NaN, "status": "result unknown", "route_distance": NaN, "diverted": false, "cancelled": false, "simplified_departure_date": "2018-01-17", "origin_coords": [55.86831, 38.25614], "destination_coords": [43.7098, 39.0146], "is_same_city": false}}, {"type": "Feature", "geometry": {"type": "LineString", "coordinates": [[38.21018, 55.84097], [38.1718243412915, 55.86435183358059], [38.13342249101812, 55.88772172672867], [38.09497437657307, 55.91107965455725], [38.056479925284115, 55.934425592124114], [38.017939064414016, 55.957759514431785], [37.97935172116079, 55.98108139642736], [37.94071782265815, 56.00439121300247], [37.90203729597584, 56.027688938993116], [37.86331006811999, 56.050974549179585], [37.824536066033495, 56.0742480182864], [37.78571521659641, 56.097509320982155], [37.746847446626276, 56.12075843187944], [37.70793268287857, 56.143995325534725], [37.66897085204703, 56.167219976448294], [37.62996188076409, 56.190432359064104], [37.59090569560124, 56.2136324477697], [37.55180222306943, 56.236820216896106], [37.5126513896195, 56.25999564071774], [37.47345312164252, 56.283158693452314], [37.43420734547028, 56.306309349260715], [37.394913987375624, 56.32944758224691], [37.35557297357293, 56.352573366457854], [37.31618423021848, 56.37568667588338], [37.276747683410896, 56.39878748445611], [37.23726325919161, 56.421875766051336], [37.19773088354521, 56.444951494486936], [37.158150482399975, 56.46801464352328], [37.11852198162823, 56.491065186863096], [37.07884530704683, 56.51410309815144], [37.0391203844176, 56.537128350975465], [36.9993471394478, 56.560140918864505], [36.95952549779055, 56.5831407752898], [36.919655385045296, 56.60612789366452], [36.8797367267583, 56.62910224734361], [36.83976944842312, 56.65206380962367], [36.79975347548098, 56.67501255374294], [36.75968873332137, 56.69794845288108], [36.71957514728245, 56.720871480159204], [36.679412642651585, 56.74378160863967], [36.63920114466578, 56.76667881132607], [36.598940578512206, 56.789563061163044], [36.558630869328695, 56.81243433103626], [36.51827194220424, 56.83529259377228], [36.477863722179464, 56.85813782213844], [36.437406134247226, 56.88096998884283], [36.396899103353014, 56.903789066534095], [36.35634255439554, 56.926595027801405], [36.31573641222726, 56.949387845174364], [36.27508060165487, 56.972167491122846], [36.23437504743987, 56.99493393805699], [36.19361967429907, 57.01768715832703], [36.152814406905144, 57.04042712422323], [36.11195916988719, 57.063153807975766], [36.07105388783129, 57.08586718175469], [36.030098485280995, 57.10856721766975], [35.98909288673796, 57.13125388777036], [35.948037016662475, 57.15392716404548], [35.90693079947404, 57.1765870184235], [35.86577415955195, 57.19923342277218], [35.82456702123584, 57.22186634889856], [35.783309308826304, 57.244485768548834], [35.742000946585456, 57.26709165340827], [35.700641858737534, 57.289683975101106], [35.659231969469495, 57.312262705190484], [35.61777120293166, 57.33482781517833], [35.57625948323819, 57.35737927650526], [35.53469673446786, 57.379917060550525], [35.49308288066457, 57.40244113863188], [35.45141784583803, 57.424951482005476], [35.40970155396431, 57.44744806186583], [35.36793392898655, 57.46993084934565], [35.32611489481555, 57.49239981551587], [35.28424437533042, 57.51485493138539], [35.242322294379214, 57.53729616790114], [35.200348575779635, 57.55972349594787], [35.15832314331964, 57.58213688634815], [35.116245920758104, 57.60453630986225], [35.074116831825485, 57.626921737188006], [35.031935800224545, 57.64929313896077], [34.98970274963096, 57.67165048575334], [34.94741760369407, 57.69399374807585], [34.90508028603747, 57.71632289637567], [34.86269072025981, 57.7386379010373], [34.82024882993545, 57.76093873238237], [34.77775453861511, 57.78322536066943], [34.73520776982668, 57.80549775609395], [34.692608447075834, 57.8277558887882], [34.649956493846844, 57.8499997288212], [34.60725183360322, 57.872229246198565], [34.56449438978849, 57.89444441086245], [34.521684085826934, 57.916645192691526], [34.47882084512429, 57.93883156150078], [34.43590459106855, 57.96100348704154], [34.392935247030664, 57.98316093900127], [34.34991273636534, 58.00530388700364], [34.30683698241178, 58.02743230060832], [34.26370790849446, 58.049546149310906], [34.2205254379239, 58.07164540254291], [34.17728949399742, 58.09373002967161], [34.13400000000001, 58.1158]]}, "properties": {"fa_flight_id": "RA65689-1516072013-adhoc-0", "registration": "RA-65689", "ident": "RA-65689", "ident_icao": NaN, "origin_code": "L 55.84097 38.21018", "origin_city": "Moscow", "destination_code": "L 58.11580 34.13400", "destination_city": "Tver", "scheduled_out": NaN, "estimated_out": NaN, "actual_out": NaN, "scheduled_off": "2018-01-16T03:06:53Z", "estimated_off": "2018-01-16T03:06:53Z", "actual_off": "2018-01-16T03:06:53Z", "scheduled_on": NaN, "estimated_on": NaN, "actual_on": "2018-01-16T03:06:53Z", "scheduled_in": NaN, "estimated_in": NaN, "actual_in": NaN, "status": "result unknown", "route_distance": NaN, "diverted": false, "cancelled": false, "simplified_departure_date": "2018-01-16", "origin_coords": [55.84097, 38.21018], "destination_coords": [58.1158, 34.134], "is_same_city": false}}, {"type": "Feature", "geometry": {"type": "LineString", "coordinates": [[48.33632000000001, 55.866039999999984], [48.23310268345812, 55.87107601841173], [48.129858822774864, 55.876025656477495], [48.02658886578408, 55.880888876099775], [47.92329326111678, 55.885665639824765], [47.81997245818813, 55.89035591084377], [47.71662690718429, 55.894959652994665], [47.613257059049296, 55.89947683076317], [47.50986336547184, 55.903907409284216], [47.40644627887207, 55.90825135434327], [47.30300625238818, 55.912508632377644], [47.199543739863095, 55.9166792104777], [47.096059195831046, 55.920763056388175], [46.99255307550409, 55.92476013850931], [46.88902583475853, 55.92867042589816], [46.78547793012143, 55.93249388826963], [46.681909818756914, 55.93623049599776], [46.578321958452506, 55.939880220116734], [46.474714807605444, 55.943443032322065], [46.371088825208865, 55.94691890497161], [46.26744447083801, 55.95030781108666], [46.16378220463637, 55.95360972435297], [46.06010248730177, 55.95682461912173], [45.95640578007243, 55.95995247041056], [45.852692544713015, 55.96299325390442], [45.74896324350052, 55.96594694595669], [45.64521833921033, 55.96881352358984], [45.541458295101975, 55.97159296449649], [45.43768357490514, 55.97428524704017], [45.333894642805355, 55.976890350256255], [45.230091963429885, 55.97940825385258], [45.12627600183342, 55.98183893821041], [45.022447223483816, 55.98418238438509], [44.918606094247835, 55.9864385741068], [44.81475308037672, 55.988607489781195], [44.71088864849186, 55.99068911449019], [44.60701326557045, 55.99268343199255], [44.503127398931, 55.99459042672447], [44.399231516218855, 55.99641008380024], [44.29532608539183, 55.998142389012834], [44.1914115747056, 55.999787328834344], [44.08748845269923, 56.001344890416625], [43.98355718818064, 56.00281506159172], [43.879618250212, 56.00419783087235], [43.77567210809516, 56.00549318745234], [43.67171923135705, 56.006701121207044], [43.567760089735074, 56.00782162269377], [43.46379515316245, 56.008854683152066], [43.35982489175357, 56.00980029450414], [43.25584977578929, 56.010658449355105], [43.15187027570232, 56.01142914099331], [43.047886862062505, 56.01211236339058], [42.94390000556209, 56.01270811120242], [42.83991017700105, 56.01321637976832], [42.73591784727236, 56.01363716511179], [42.63192348734726, 56.01397046394064], [42.5279275682605, 56.01421627364701], [42.423930561095666, 56.01437459230757], [42.319932936970396, 56.01444541868351], [42.215935167021584, 56.014428752220624], [42.111937722390756, 56.0143245930493], [42.00794107420921, 56.01413294198461], [41.903945693583346, 56.013853800526135], [41.79995205157988, 56.01348717085803], [41.6959606192111, 56.01303305584884], [41.591971867420185, 56.01249145905151], [41.48798626706639, 56.011862384703136], [41.3840042889104, 56.01114583772485], [41.28002640359954, 56.01034182372161], [41.176053081653166, 56.009450348982035], [41.07208479344786, 56.008471420478095], [40.96812200920279, 56.00740504586487], [40.864165198965054, 56.006251233480306], [40.76021483259499, 56.005009992344796], [40.656271379751544, 56.00368133216087], [40.55233530987761, 56.0022652633129], [40.44840709218546, 56.00076179686656], [40.34448719564213, 55.99917094456854], [40.24057608895481, 55.99749271884598], [40.136674240556296, 55.99572713280605], [40.03278211859053, 55.993874200235474], [39.92890019089797, 55.99193393559988], [39.82502892500117, 55.989906354043406], [39.721168788090296, 55.987791471388], [39.61732024700867, 55.98558930413285], [39.513483768238395, 55.98329986945378], [39.4096598178859, 55.98092318520249], [39.30584886166767, 55.978459269906054], [39.202051364895844, 55.975908142765974], [39.09826779246395, 55.97326982365767], [38.99449860883264, 55.970544333129574], [38.89074427801545, 55.96773169240238], [38.787005263564616, 55.964831923368266], [38.68328202855688, 55.96184504858998], [38.579575035579424, 55.958771091300115], [38.475884746715714, 55.95561007540003], [38.37221162353148, 55.952362025459145], [38.26855612706072, 55.9490269667138], [38.16491871779173, 55.945604925066476], [38.06129985565311, 55.94209592708468], [37.9577, 55.9385]]}, "properties": {"fa_flight_id": "RA65689-1516889709-adhoc-0", "registration": "RA-65689", "ident": "RA-65689", "ident_icao": NaN, "origin_code": "L 55.86604 48.33632", "origin_city": "Kazan", "destination_code": "L 55.93850 37.95770", "destination_city": "Moscow", "scheduled_out": NaN, "estimated_out": NaN, "actual_out": NaN, "scheduled_off": "2018-01-25T14:15:09Z", "estimated_off": "2018-01-25T14:15:09Z", "actual_off": "2018-01-25T14:15:09Z", "scheduled_on": NaN, "estimated_on": NaN, "actual_on": "2018-01-25T14:15:09Z", "scheduled_in": NaN, "estimated_in": NaN, "actual_in": NaN, "status": "result unknown", "route_distance": NaN, "diverted": false, "cancelled": false, "simplified_departure_date": "2018-01-25", "origin_coords": [55.86604, 48.33632], "destination_coords": [55.9385, 37.9577], "is_same_city": false}}, {"type": "Feature", "geometry": {"type": "LineString", "coordinates": [[38.31903, 55.80119], [38.42653887190638, 55.806553576254984], [38.53407711388139, 55.8118233543725], [38.641644221173685, 55.81699929038518], [38.74923968807641, 55.822081341082374], [38.856863007943154, 55.827069464011814], [38.96451367320392, 55.83196361748145], [39.07219117538111, 55.836763760561], [39.179895005105614, 55.84146985308382], [39.28762465213311, 55.8460818556484], [39.39537960536024, 55.850599729619994], [39.50315935284086, 55.85502343713225], [39.610963381802584, 55.85935294108871], [39.71879117866316, 55.8635882051644], [39.826642229046975, 55.8677291938072], [39.934516017801705, 55.87177587223947], [40.04241202901493, 55.87572820645931], [40.150329746030884, 55.87958616324207], [40.258268651467205, 55.883349710141715], [40.36622822723176, 55.88701881549208], [40.4742079545396, 55.890593448408254], [40.58220731392987, 55.89407357878784], [40.6902257852828, 55.89745917731216], [40.79826284783684, 55.9007502154475], [40.906317980205685, 55.90394666544632], [41.014390660395534, 55.907048500348324], [41.12248036582225, 55.91005569398162], [41.230586573328644, 55.912968220963805], [41.33870875920179, 55.91578605670306], [41.44684639919042, 55.918509177399024], [41.554998968522256, 55.921137560043995], [41.66316594192151, 55.923671182423696], [41.77134679362641, 55.9261100231183], [41.87954099740662, 55.92845406150332], [41.98774802658096, 55.930703277750354], [42.09596735403488, 55.93285765282812], [42.20419845223819, 55.93491716850304], [42.312440793262695, 55.93688180734009], [42.420693848799935, 55.938751552703586], [42.5289570901789, 55.94052638875771], [42.63722998838386, 55.94220630046738], [42.74551201407209, 55.9437912735987], [42.85380263759176, 55.945281294719635], [42.96210132899979, 55.94667635120059], [43.07040755807969, 55.94797643121487], [43.1787207943595, 55.94918152373923], [43.28704050712971, 55.95029161855433], [43.39536616546119, 55.951306706245134], [43.50369723822317, 55.9522267782013], [43.61203319410124, 55.95305182661762], [43.720373501615256, 55.9537818444942], [43.82871762913747, 55.95441682563691], [43.93706504491051, 55.95495676465755], [44.04541521706535, 55.95540165697406], [44.15376761363943, 55.955751498810805], [44.2621217025947, 55.956006287198626], [44.37047695183561, 55.95616601997505], [44.478832829227265, 55.956230695784335], [44.587188802613426, 55.95620031407752], [44.69554433983459, 55.95607487511249], [44.80389890874606, 55.955854379953905], [44.91225197723604, 55.95553883047324], [45.02060301324362, 55.955128229348595], [45.128951484776934, 55.95462258006469], [45.23729685993115, 55.95402188691267], [45.34563860690653, 55.95332615498991], [45.453976194026446, 55.95253539019983], [45.56230908975546, 55.951649599251645], [45.670636762717294, 55.95066878966009], [45.77895868171284, 55.949592969745034], [45.887274315738146, 55.94842214863127], [45.995583134002416, 55.94715633624802], [46.1038846059459, 55.94579554332855], [46.212178201257906, 55.94433978140974], [46.32046338989462, 55.94278906283158], [46.428739642097085, 55.941143400736685], [46.53700642840901, 55.939402809069705], [46.645263219694634, 55.93756730257676], [46.753509487156535, 55.93563689680485], [46.86174470235339, 55.933611608101195], [46.96996833721781, 55.931491453612495], [47.078179864073945, 55.929276451284316], [47.186378755655255, 55.92696661986025], [47.29456448512219, 55.924561978881215], [47.40273652607973, 55.92206254868459], [47.510894352595045, 55.91946835040337], [47.61903743921498, 55.916779405965286], [47.7271652609836, 55.913995738091955], [47.835277293459676, 55.91111737029786], [47.943373012734035, 55.90814432688938], [48.05145189544701, 55.90507663296385], [48.15951341880571, 55.90191431440844], [48.26755706060138, 55.89865739789913], [48.37558229922657, 55.89530591089959], [48.483588613692355, 55.89185988166002], [48.59157548364545, 55.88831933921608], [48.69954238938535, 55.88468431338753], [48.80748881188126, 55.88095483477714], [48.91541423278916, 55.87713093476935], [49.0233181344687, 55.873212645528994], [49.131200000000014, 55.8692]]}, "properties": {"fa_flight_id": "RA65689-1516784700-adhoc-0", "registration": "RA-65689", "ident": "RA-65689", "ident_icao": NaN, "origin_code": "L 55.80119 38.31903", "origin_city": "Moscow", "destination_code": "L 55.86920 49.13120", "destination_city": "Kazan", "scheduled_out": NaN, "estimated_out": NaN, "actual_out": NaN, "scheduled_off": "2018-01-24T09:05:00Z", "estimated_off": "2018-01-24T09:05:00Z", "actual_off": "2018-01-24T09:05:00Z", "scheduled_on": NaN, "estimated_on": NaN, "actual_on": "2018-01-24T09:05:00Z", "scheduled_in": NaN, "estimated_in": NaN, "actual_in": NaN, "status": "result unknown", "route_distance": NaN, "diverted": false, "cancelled": false, "simplified_departure_date": "2018-01-24", "origin_coords": [55.80119, 38.31903], "destination_coords": [55.8692, 49.1312], "is_same_city": false}}, {"type": "Feature", "geometry": {"type": "LineString", "coordinates": [[38.14894, 55.771199999999986], [38.1601737764094, 55.6508324065242], [38.17133869874414, 55.530463793293166], [38.18243549518057, 55.410094171099985], [38.19346488385747, 55.28972355058877], [38.204427573049244, 55.16935194225733], [38.21532426133544, 55.04897935645961], [38.226155637767, 54.928605803408196], [38.236922382028894, 54.80823129317673], [38.247625164599604, 54.68785583570223], [38.25826464690723, 54.56747944078751], [38.268841481482546, 54.447102118103345], [38.279356312108916, 54.32672387719076], [38.28980977396918, 54.2063447274632], [38.30020249378968, 54.08596467820867], [38.310535089981265, 53.965583738591796], [38.32080817277762, 53.84520191765594], [38.331022344370794, 53.724819224325174], [38.34117819904407, 53.60443566740626], [38.35127632330214, 53.48405125559054], [38.36131729599885, 53.36366599745595], [38.37130168846233, 53.243279901468746], [38.38123006461774, 53.122892975985394], [38.391102981107615, 53.00250522925437], [38.40092098740986, 52.88211666941783], [38.41068462595348, 52.76172730451349], [38.42039443223208, 52.64133714247612], [38.43005093491518, 52.52094619113929], [38.43965465595738, 52.400554458237025], [38.44920611070551, 52.28016195140534], [38.4587058080036, 52.1597686781838], [38.468154250296045, 52.039374646017066], [38.47755193372867, 51.91897986225642], [38.48689934824794, 51.798584334161184], [38.496196977698304, 51.67818806890022], [38.50544529991779, 51.5577910735533], [38.51464478683165, 51.43739335511252], [38.52379590454442, 51.316994920483666], [38.53289911343018, 51.19659577648757], [38.54195486822117, 51.076195929861385], [38.55096361809478, 50.95579538725991], [38.55992580675895, 50.83539415525686], [38.56884187253598, 50.71499224034606], [38.57771224844478, 50.59458964894273], [38.58653736228174, 50.47418638738464], [38.59531763669993, 50.35378246193333], [38.60405348928714, 50.23337787877521], [38.612745332642184, 50.11297264402273], [38.62139357445015, 49.9925667637155], [38.629998617556055, 49.872160243821384], [38.63856086003732, 49.75175309023753], [38.64708069527493, 49.63134530879146], [38.655558512023234, 49.51093690524213], [38.66399469447867, 49.39052788528093], [38.67238962234713, 49.27011825453268], [38.68074367091023, 49.14970801855657], [38.689057211090336, 49.02929718284719], [38.69733060951454, 48.90888575283548], [38.70556422857742, 48.788473733889624], [38.71375842650285, 48.66806113131596], [38.72191355740451, 48.5476479503599], [38.7300299713456, 48.427234196206854], [38.73810801439733, 48.30681987398302], [38.74614802869655, 48.18640498875627], [38.75415035250223, 48.065989545537036], [38.762115320251105, 47.94557354927907], [38.77004326261235, 47.82515700488026], [38.77793450654124, 47.70473991718346], [38.78578937533203, 47.584322290977305], [38.793608188669786, 47.46390413099686], [38.80139126268148, 47.343485441924486], [38.80913890998615, 47.22306622839056], [38.81685143974425, 47.10264649497418], [38.8245291577061, 46.98222624620391], [38.83217236625969, 46.861805486558495], [38.83978136447749, 46.7413842204675], [38.84735644816262, 46.62096245231207], [38.85489790989419, 46.50054018642557], [38.86240603907197, 46.38011742709422], [38.869881121960205, 46.25969417855778], [38.87732344173079, 46.1392704450102], [38.884733278505756, 46.01884623060021], [38.892110909398994, 45.89842153943195], [38.89945660855735, 45.777996375565614], [38.906770647201036, 45.65757074301801], [38.9140532936634, 45.53714464576318], [38.921304813430005, 45.41671808773293], [38.92852546917717, 45.29629107281749], [38.93571552080978, 45.17586360486595], [38.94287522549861, 45.05543568768694], [38.95000483771693, 44.9350073250491], [38.95710460927664, 44.81457852068162], [38.964174789363746, 44.694149278274786], [38.97121562457329, 44.5737196014805], [38.97822735894381, 44.453289493912756], [38.98521023399113, 44.33285895914818], [38.9921644887417, 44.212428000726554], [38.99909035976542, 44.09199662215117], [39.00598808120785, 43.97156482688947], [39.0128578848221, 43.85113261837342], [39.0197, 43.730699999999985]]}, "properties": {"fa_flight_id": "RA65689-1518513119-adhoc-0", "registration": "RA-65689", "ident": "RFF9901", "ident_icao": "RFF9901", "origin_code": "L 55.77120 38.14894", "origin_city": "Moscow", "destination_code": "L 43.73070 39.01970", "destination_city": NaN, "scheduled_out": NaN, "estimated_out": NaN, "actual_out": NaN, "scheduled_off": "2018-02-13T09:11:59Z", "estimated_off": "2018-02-13T09:11:59Z", "actual_off": "2018-02-13T09:11:59Z", "scheduled_on": NaN, "estimated_on": NaN, "actual_on": "2018-02-13T09:11:59Z", "scheduled_in": NaN, "estimated_in": NaN, "actual_in": NaN, "status": "result unknown", "route_distance": NaN, "diverted": false, "cancelled": false, "simplified_departure_date": "2018-02-13", "origin_coords": [55.7712, 38.14894], "destination_coords": [43.7307, 39.0197], "is_same_city": false}}, {"type": "Feature", "geometry": {"type": "LineString", "coordinates": [[41.88776, 48.05874], [41.85629385194767, 48.137255897453066], [41.82473131989988, 48.21576317994295], [41.79307185195122, 48.2942617971858], [41.76131489225503, 48.37275169852875], [41.729459880988465, 48.45123283294656], [41.69750625431708, 48.52970514903808], [41.66545344435914, 48.60816859502289], [41.63330087914949, 48.686623118737764], [41.60104798260306, 48.7650686676331], [41.568694174478054, 48.84350518876939], [41.53623887033865, 48.92193262881356], [41.50368148151739, 49.00035093403533], [41.471021415077196, 49.078760050303515], [41.438258073772865, 49.15715992308226], [41.40539085601233, 49.23555049742734], [41.37241915581739, 49.31393171798223], [41.339342362784016, 49.39230352897433], [41.306159862042406, 49.470665874210994], [41.27287103421639, 49.54901869707564], [41.23947525538258, 49.627361940523706], [41.20597189702903, 49.70569554707866], [41.17236032601341, 49.78401945882788], [41.13863990452087, 49.86233361741853], [41.1048099900213, 49.940637964053415], [41.07086993522621, 50.01893243948673], [41.0368190880452, 50.097216984019845], [41.00265679154186, 50.175491537496896], [40.96838238388933, 50.25375603930054], [40.93399519832524, 50.33201042834743], [40.89949456310627, 50.41025464308386], [40.8648798014622, 50.48848862148113], [40.830150231549474, 50.56671230103116], [40.79530516640421, 50.644925618741645], [40.7603439138948, 50.723128511131634], [40.725265776673936, 50.80132091422661], [40.69007005213008, 50.87950276355385], [40.65475603233857, 50.9576739941375], [40.619323004011974, 51.0358345404938], [40.58377024845011, 51.11398433662604], [40.5480970414894, 51.19212331601963], [40.51230265345171, 51.270251411637055], [40.47638634909268, 51.34836855591272], [40.44034738754937, 51.42647468074782], [40.40418502228751, 51.5045697175051], [40.36789850104799, 51.58265359700357], [40.33148706579294, 51.66072624951317], [40.29494995265107, 51.738787604749305], [40.25828639186251, 51.81683759186747], [40.22149560772302, 51.89487613945764], [40.18457681852756, 51.97290317553867], [40.147529236513265, 52.050918627552676], [40.110352067801806, 52.12892242235927], [40.073044512341085, 52.206914486229756], [40.03560576384629, 52.284894744841296], [39.99803500974035, 52.36286312327097], [39.96033143109361, 52.44081954598972], [39.922494202563016, 52.51876393685634], [39.88452249233046, 52.59669621911133], [39.84641546204053, 52.67461631537061], [39.80817226673753, 52.752524147619305], [39.76979205480187, 52.830419637205324], [39.73127396788558, 52.90830270483294], [39.69261714084732, 52.986173270556314], [39.65382070168653, 53.06403125377281], [39.61488377147683, 53.14187657321638], [39.5758054642988, 53.219709146950834], [39.53658488717181, 53.29752889236293], [39.497221139985285, 53.37533572615552], [39.45771331542906, 53.45312956434056], [39.41806049892303, 53.53091032223195], [39.37826176854595, 53.60867791443846], [39.338316194963426, 53.686432254856406], [39.29822284135522, 53.76417325666236], [39.257980763341514, 53.841900832305676], [39.217589008908526, 53.919614893501], [39.177046618333236, 53.99731535122064], [39.13635262410713, 54.07500211568689], [39.0955060508593, 54.15267509636421], [39.054505915278476, 54.23033420195135], [39.01335122603425, 54.307979340373315], [38.972040983697404, 54.385610418773354], [38.93057418065933, 54.46322734350472], [38.88894980105047, 54.54083002012241], [38.847166820657904, 54.61841835337474], [38.80522420684192, 54.69599224719497], [38.76312091845169, 54.773551604692514], [38.72085590573991, 54.85109632814442], [38.6784281102765, 54.92862631898651], [38.63583646486134, 55.00614147780437], [38.5930798934359, 55.08364170432446], [38.55015731099391, 55.16112689740488], [38.50706762349107, 55.23859695502617], [38.463809727753535, 55.31605177428192], [38.420382511385505, 55.39349125136925], [38.37678485267567, 55.47091528157927], [38.33301562050254, 55.54832375928734], [38.28907367423878, 55.62571657794318], [38.24495786365429, 55.7030936300609], [38.200667028818245, 55.78045480720899], [38.1562, 55.857800000000005]]}, "properties": {"fa_flight_id": "RA65689-1521792431-adhoc-0", "registration": "RA-65689", "ident": "RA-65689", "ident_icao": NaN, "origin_code": "L 48.05874 41.88776", "origin_city": "Volgograd", "destination_code": "L 55.85780 38.15620", "destination_city": "Moscow", "scheduled_out": NaN, "estimated_out": NaN, "actual_out": NaN, "scheduled_off": "2018-03-23T08:07:11Z", "estimated_off": "2018-03-23T08:07:11Z", "actual_off": "2018-03-23T08:07:11Z", "scheduled_on": NaN, "estimated_on": NaN, "actual_on": "2018-03-23T08:07:11Z", "scheduled_in": NaN, "estimated_in": NaN, "actual_in": NaN, "status": "result unknown", "route_distance": NaN, "diverted": false, "cancelled": false, "simplified_departure_date": "2018-03-23", "origin_coords": [48.05874, 41.88776], "destination_coords": [55.8578, 38.1562], "is_same_city": false}}, {"type": "Feature", "geometry": {"type": "LineString", "coordinates": [[37.96172, 55.98783], [38.038161158491334, 55.871144646891466], [38.114144234739136, 55.75441221321528], [38.189673778008604, 55.63763318523313], [38.264754281237224, 55.520808042841395], [38.33939018186372, 55.40393725967227], [38.41358586264357, 55.28702130319299], [38.487345652451, 55.1700606348033], [38.560673827067916, 55.05305570993106], [38.63357460996, 54.93600697812624], [38.70605217303994, 54.81891488315306], [38.77811063741841, 54.70177986308061], [38.849754074142574, 54.58460235037169], [38.92098650492276, 54.467382771970186], [38.99181190284718, 54.35012154938674], [39.06223419308512, 54.23281909878304], [39.13225725357851, 54.11547583105441], [39.20188491572258, 53.998092151911074], [39.27112096503519, 53.880668461957946], [39.339969141815516, 53.763205156772926], [39.40843314179203, 53.6457026269839], [39.47651661675993, 53.5281612583443], [39.544223175208444, 53.41058143180736], [39.611556382937884, 53.2929635235991], [39.67851976366689, 53.175307905289955], [39.745116799629805, 53.05761494386519], [39.81135093216458, 52.939885001794046], [39.87722556229112, 52.82211843709776], [39.94274405128051, 52.704315603416276], [40.00790972121505, 52.586476850073936], [40.072725855539375, 52.46860252214386], [40.13719569960282, 52.350692960511395], [40.201322461193115, 52.23274850193632], [40.265109311061586, 52.11476947911404], [40.32855938344007, 51.99675622073576], [40.3916757765496, 51.87870905154754], [40.45446155310103, 51.7606282924084], [40.51691974078781, 51.64251426034748], [40.57905333277088, 51.52436726862003], [40.64086528815602, 51.406187626762694], [40.70235853246368, 51.28797564064771], [40.7635359580913, 51.169731612536175], [40.82440042476862, 51.05145584113055], [40.88495476000561, 50.93314862162608], [40.945201759533596, 50.814810245761514], [41.00514418773928, 50.696441001868926], [41.06478477809227, 50.578041174922646], [41.12412623356573, 50.45961104658744], [41.183171227050586, 50.34115089526585], [41.24192240176326, 50.22266099614478], [41.30038237164723, 50.104141621241276], [41.35855372176815, 49.98559303944751], [41.41643900870306, 49.86701551657514], [41.47404076092351, 49.74840931539885], [41.53136147917284, 49.629774695699155], [41.588403636837555, 49.51111191430455], [41.6451696803132, 49.392421225132985], [41.701662029364414, 49.27370287923261], [41.75788307747964, 49.154957124821856], [41.81383519222033, 49.03618420732895], [41.86952071556488, 48.91738436943064], [41.924941964247346, 48.79855785109046], [41.980101230090916, 48.6797048895962], [42.03500078033652, 48.56082571959699], [42.08964285796622, 48.44192057313951], [42.14402968202194, 48.32298967970393], [42.19816344791928, 48.20403326623897], [42.25204632775658, 48.085051557196635], [42.30568047061945, 47.96604477456629], [42.359068002880605, 47.84701313790815], [42.41221102849531, 47.72795686438639], [42.465111629292366, 47.60887616880156], [42.517771865260755, 47.48977126362257], [42.57019377483202, 47.370642359018255], [42.62237937515844, 47.25148966288819], [42.6743306623871, 47.13231338089332], [42.726049611929895, 47.013113716485925], [42.77753817872948, 46.893890870939146], [42.82879829752143, 46.774645043376125], [42.87983188309234, 46.65537643079854], [42.93064083053437, 46.5360852281149], [42.98122701549583, 46.416771628168235], [43.03159229442821, 46.29743582176339], [43.081738504829616, 46.17807799769401], [43.131667465484526, 46.05869834276892], [43.181380976700225, 45.93929704183829], [43.23088082053964, 45.819874277819295], [43.280168761050916, 45.700430231721306], [43.329246544493586, 45.58096508267097], [43.378115899561465, 45.46147900793655], [43.42677853760243, 45.341972182952205], [43.475236152834874, 45.22244478134166], [43.52349042256117, 45.102896974941736], [43.571543007378025, 44.98332893382534], [43.619395551383825, 44.863740826324246], [43.66704968238299, 44.744132819051394], [43.71450701208741, 44.62450507692303], [43.76176913631509, 44.50485776318034], [43.80883763518581, 44.385191039410905], [43.85571407331423, 44.26550506556973], [43.9024, 44.14579999999999]]}, "properties": {"fa_flight_id": "RA65689-1521709782-adhoc-0", "registration": "RA-65689", "ident": "RA-65689", "ident_icao": NaN, "origin_code": "L 55.98783 37.96172", "origin_city": "Moscow", "destination_code": "L 44.14580 43.90240", "destination_city": "Mineralnye Vody", "scheduled_out": NaN, "estimated_out": NaN, "actual_out": NaN, "scheduled_off": "2018-03-22T09:09:42Z", "estimated_off": "2018-03-22T09:09:42Z", "actual_off": "2018-03-22T09:09:42Z", "scheduled_on": NaN, "estimated_on": NaN, "actual_on": "2018-03-22T09:09:42Z", "scheduled_in": NaN, "estimated_in": NaN, "actual_in": NaN, "status": "result unknown", "route_distance": NaN, "diverted": false, "cancelled": false, "simplified_departure_date": "2018-03-22", "origin_coords": [55.98783, 37.96172], "destination_coords": [44.1458, 43.9024], "is_same_city": false}}, {"type": "Feature", "geometry": {"type": "LineString", "coordinates": [[43.81559, 49.14286], [43.76711639829367, 49.21063876697336], [43.718509720419846, 49.27839719442757], [43.669769321409454, 49.34613517763301], [43.62089455259933, 49.41385261120017], [43.57188476160794, 49.48154938907463], [43.52273929231104, 49.54922540453203], [43.47345748481703, 49.61688055017303], [43.42403867544234, 49.68451471791808], [43.37448219668645, 49.75212779900235], [43.3247873772069, 49.81971968397048], [43.274953541794126, 49.88729026267128], [43.22498001134596, 49.954839424252455], [43.17486610284223, 50.02236705715529], [43.12461112931898, 50.08987304910921], [43.074214399842624, 50.15735728712633], [43.02367521948396, 50.224819657496035], [42.97299288929187, 50.292260045779344], [42.92216670626703, 50.35967833680342], [42.871195963335374, 50.427074414655905], [42.82007994932134, 50.494448162679234], [42.768817948921004, 50.561799463464915], [42.71740924267508, 50.62912819884777], [42.66585310694162, 50.696434249900115], [42.614148813868695, 50.763717496925814], [42.562295631366794, 50.830977819454496], [42.51029282308106, 50.89821509623543], [42.45813964836342, 50.965429205231594], [42.4058353622445, 51.03262002361359], [42.353379215405305, 51.09978742775346], [42.30077045414881, 51.16693129321859], [42.24800832037137, 51.23405149476537], [42.19509205153387, 51.30114790633303], [42.1420208806328, 51.368220401037185], [42.088794036171045, 51.43526885116349], [42.035410742128626, 51.50229312816122], [41.98187021793312, 51.56929310263671], [41.92817167843003, 51.636268644346806], [41.874314333852844, 51.70321962219225], [41.82029738979304, 51.770145904211034], [41.76612004716983, 51.83704735757161], [41.71178150219971, 51.90392384856618], [41.657280946365944, 51.97077524260374], [41.60261756638766, 52.03760140420328], [41.547790544189, 52.10440219698672], [41.4927990568679, 52.17117748367199], [41.437642276664775, 52.237927126065834], [41.38231937093101, 52.30465098505672], [41.32682950209719, 52.37134892060763], [41.27117182764134, 52.4380207917488], [41.21534550005672, 52.504666456570334], [41.15934966681962, 52.57128577221482], [41.103183470356946, 52.63787859486994], [41.0468460480135, 52.70444477976083], [40.99033653201925, 52.77098418114257], [40.933654049456266, 52.83749665229254], [40.87679772222556, 52.90398204550259], [40.81976666701369, 52.97044021207138], [40.762559995259146, 53.03687100229644], [40.70517681311876, 53.103274265466304], [40.647616221433545, 53.16964984985243], [40.58987731569473, 53.235997602701275], [40.531959186009374, 53.302317370226014], [40.473860917065906, 53.368608997598436], [40.41558158809939, 53.43487232894066], [40.3571202728567, 53.50110720731677], [40.29847603956142, 53.56731347472442], [40.23964795087865, 53.63349097208631], [40.180635063879485, 53.699639539241645], [40.121436430005524, 53.76575901493757], [40.06205109503293, 53.83184923682034], [40.002478099036566, 53.8979100414266], [39.94271647635372, 53.96394126417453], [39.88276525554787, 54.0299427393549], [39.82262345937199, 54.09591430012206], [39.76229010473196, 54.161855778484835], [39.70176420264961, 54.22776700529734], [39.64104475822566, 54.29364781024981], [39.58013077060237, 54.35949802185916], [39.51902123292626, 54.4253174674597], [39.45771513231027, 54.491105973193505], [39.396211449796176, 54.55686336400099], [39.334509160316436, 54.62258946361113], [39.272607232656114, 54.68828409453181], [39.21050462941456, 54.75394707803998], [39.148200306966835, 54.8195782341717], [39.08569321542512, 54.88517738171225], [39.02298229859977, 54.95074433818598], [38.960066493960376, 55.01627891984613], [38.8969447325965, 55.08178094166466], [38.83361593917838, 55.147250217321876], [38.77007903191734, 55.21268655919594], [38.706332922526144, 55.27808977835245], [38.64237651617913, 55.343459684533805], [38.578208711472186, 55.40879608614846], [38.513828400382565, 55.47409879026021], [38.449234468228596, 55.53936760257724], [38.38442579362912, 55.604602327441214], [38.31940124846291, 55.66980276781617], [38.25415969782786, 55.73496872527736], [38.1887, 55.80009999999999]]}, "properties": {"fa_flight_id": "RA65689-1522260047-adhoc-0", "registration": "RA-65689", "ident": "RA-65689", "ident_icao": NaN, "origin_code": "L 49.14286 43.81559", "origin_city": "Volgograd", "destination_code": "L 55.80010 38.18870", "destination_city": "Moscow", "scheduled_out": NaN, "estimated_out": NaN, "actual_out": NaN, "scheduled_off": "2018-03-28T18:00:47Z", "estimated_off": "2018-03-28T18:00:47Z", "actual_off": "2018-03-28T18:00:47Z", "scheduled_on": NaN, "estimated_on": NaN, "actual_on": "2018-03-28T18:00:47Z", "scheduled_in": NaN, "estimated_in": NaN, "actual_in": NaN, "status": "result unknown", "route_distance": NaN, "diverted": false, "cancelled": false, "simplified_departure_date": "2018-03-28", "origin_coords": [49.14286, 43.81559], "destination_coords": [55.8001, 38.1887], "is_same_city": false}}, {"type": "Feature", "geometry": {"type": "LineString", "coordinates": [[38.25008, 55.77908], [38.31873885766804, 55.71018233471124], [38.387155920545, 55.641246508073024], [38.455332528335575, 55.572272752463306], [38.52327001224576, 55.50326129853743], [38.59096969503752, 55.43421237524283], [38.65843289108305, 55.36512620983355], [38.72566090641895, 55.296003027884666], [38.792655038800135, 55.22684305330656], [38.85941657775345, 55.157646508359164], [38.92594680463113, 55.08841361366587], [38.99224699266397, 55.01914458822752], [39.058318407014276, 54.94983964943616], [39.12416230482857, 54.88049901308868], [39.18977993529009, 54.81112289340038], [39.255172539670895, 54.74171150301835], [39.320341351383966, 54.672265053034785], [39.385287596034814, 54.60278375300009], [39.450012491473004, 54.53326781093603], [39.514517247843344, 54.46371743334857], [39.57880306763681, 54.39413282524072], [39.64287114574135, 54.32451419012524], [39.70672266949217, 54.25486173003723], [39.77035881872204, 54.18517564554654], [39.833780765811156, 54.115456135770216], [39.89698967573684, 54.04570339838467], [39.95998670612291, 53.97591762963782], [40.022773007288826, 53.90609902436114], [40.085349722298574, 53.83624777598157], [40.14771798700926, 53.76636407653329], [40.20987893011947, 53.69644811666942], [40.271833673217344, 53.62650008567367], [40.33358333082839, 53.55652017147173], [40.39512901046302, 53.48650856064275], [40.45647181266386, 53.416465438430514], [40.51761283105273, 53.346390988754706], [40.57855315237741, 53.27628539422196], [40.63929385655811, 53.206148836136784], [40.69983601673372, 53.13598149451249], [40.76018069930766, 53.06578354808198], [40.82032896399367, 52.99555517430835], [40.88028186386109, 52.925296549395526], [40.94004044538018, 52.85500784829875], [40.99960574846676, 52.784689244734956], [41.05897880652703, 52.71434091119304], [41.11816064650176, 52.643963018944106], [41.17715228891043, 52.573555738051574], [41.23595474789501, 52.503119237381135], [41.29456903126349, 52.432653684610756], [41.35299614053321, 52.36215924624045], [41.411237070973755, 52.29163608760209], [41.46929281164978, 52.221084372869036], [41.52716434546345, 52.15050426506564], [41.584852649196655, 52.079895926076865], [41.64235869355296, 52.009259516657586], [41.699683443199284, 51.93859519644191], [41.756827856807305, 51.86790312395245], [41.81379288709466, 51.79718345660946], [41.870579480865764, 51.72643635073984], [41.92718857905253, 51.65566196158618], [41.98362111675468, 51.58486044331568], [42.039878023279904, 51.514031949028855], [42.0959602221837, 51.443176630768434], [42.15186863130895, 51.372294639527865], [42.20760416282529, 51.30138612526002], [42.26316772326822, 51.23045123688562], [42.318560213577875, 51.15949012230171], [42.37378252913764, 51.08850292838998], [42.42883555981249, 51.017489801025064], [42.48372018998701, 50.94645088508276], [42.53843729860323, 50.875386324448094], [42.59298775919826, 50.80429626202341], [42.64737243994151, 50.73318083973642], [42.70159220367184, 50.662040198548], [42.7556479079343, 50.59087447846008], [42.80954040501683, 50.51968381852342], [42.86327054198645, 50.44846835684536], [42.91683916072546, 50.37722823059732], [42.9702470979672, 50.30596357602248], [43.02349518533173, 50.234674528443215], [43.07658424936115, 50.163361222268556], [43.12951511155466, 50.09202379100152], [43.18228858840357, 50.02066236724642], [43.234905491425835, 49.949277082716094], [43.28736662720051, 49.877868068239074], [43.339672797401924, 49.80643545376667], [43.39182479883357, 49.73497936838], [43.44382342346186, 49.663499940297], [43.49566945844956, 49.59199729687933], [43.547363686189094, 49.520471564639166], [43.59890688433545, 49.448922869246076], [43.65029982583904, 49.377351335533675], [43.70154327897823, 49.30575708750633], [43.75263800739166, 49.234140248345774], [43.803584770110405, 49.16250094041762], [43.854384321589734, 49.09083928527789], [43.90503741174089, 49.01915540367945], [43.95554478596248, 48.94744941557833], [44.005907185171644, 48.87572144014014], [44.05612534583511, 48.80397159574623], [44.1062, 48.7322]]}, "properties": {"fa_flight_id": "RA65689-1522221494-adhoc-0", "registration": "RA-65689", "ident": "RA-65689", "ident_icao": NaN, "origin_code": "L 55.77908 38.25008", "origin_city": "Moscow", "destination_code": "L 48.73220 44.10620", "destination_city": "Volgograd", "scheduled_out": NaN, "estimated_out": NaN, "actual_out": NaN, "scheduled_off": "2018-03-28T07:18:14Z", "estimated_off": "2018-03-28T07:18:14Z", "actual_off": "2018-03-28T07:18:14Z", "scheduled_on": NaN, "estimated_on": NaN, "actual_on": "2018-03-28T07:18:14Z", "scheduled_in": NaN, "estimated_in": NaN, "actual_in": NaN, "status": "result unknown", "route_distance": NaN, "diverted": false, "cancelled": false, "simplified_departure_date": "2018-03-28", "origin_coords": [55.77908, 38.25008], "destination_coords": [48.7322, 44.1062], "is_same_city": false}}, {"type": "Feature", "geometry": {"type": "LineString", "coordinates": [[40.85029999999999, 50.27759], [40.82461656199537, 50.33459586861709], [40.79887141868042, 50.39159606672135], [40.77306430245744, 50.44859056915359], [40.747194944273076, 50.505579350613274], [40.72126307360861, 50.56256238565753], [40.69526841847012, 50.61953964870018], [40.66921070537856, 50.6765111140107], [40.64308965935979, 50.73347675571323], [40.616905003934505, 50.79043654778553], [40.59065646110809, 50.84739046405802], [40.564343751360425, 50.90433847821266], [40.537966593635566, 50.96128056378191], [40.511524705331354, 51.01821669414775], [40.485017802288986, 51.075146842540576], [40.45844559878245, 51.132070982038094], [40.431807807507894, 51.18898908556426], [40.40510413957297, 51.24590112588825], [40.37833430448594, 51.30280707562326], [40.35149801014492, 51.359706907225494], [40.32459496282682, 51.41660059299298], [40.29762486717634, 51.47348810506446], [40.27058742619483, 51.53036941541829], [40.24348234122904, 51.58724449587123], [40.21630931195988, 51.64411331807738], [40.1890680363909, 51.700975853526884], [40.161758210836915, 51.75783207354492], [40.134379529912344, 51.81468194929036], [40.10693168651959, 51.8715254517547], [40.07941437183721, 51.92836255176077], [40.0518272753081, 51.98519321996156], [40.02417008462754, 52.04201742683898], [39.99644248573112, 52.09883514270266], [39.96864416278262, 52.155646337688665], [39.940774798161726, 52.21245098175823], [39.91283407245175, 52.26924904469654], [39.884821664427136, 52.32604049611144], [39.85673725104093, 52.38282530543211], [39.828580507412184, 52.43960344190781], [39.80035110681316, 52.496374874606545], [39.77204872065655, 52.55313957241376], [39.74367301848244, 52.60989750403098], [39.71522366794537, 52.66664863797452], [39.68670033480107, 52.723392942574066], [39.658102682893315, 52.78013038597135], [39.62943037414047, 52.83686093611874], [39.60068306852205, 52.89358456077791], [39.57186042406513, 52.95030122751835], [39.542962096830664, 53.007010903716036], [39.513987740899694, 53.06371355655194], [39.48493700835939, 53.12040915301062], [39.45580954928906, 53.17709765987877], [39.426605011746005, 53.23377904374376], [39.397323041751264, 53.29045327099211], [39.36796328327523, 53.34712030780811], [39.33852537822319, 53.40378012017217], [39.309008966420684, 53.46043267385945], [39.27941368559881, 53.51707793443822], [39.24973917137938, 53.57371586726838], [39.219985057259926, 53.630346437499895], [39.190150974598666, 53.68696961007119], [39.16023655259923, 53.743585349707615], [39.13024141829539, 53.80019362091984], [39.10016519653554, 53.8567943880022], [39.07000750996719, 53.91338761503114], [39.039767979021136, 53.969973265863516], [39.009446221895736, 54.026551304134976], [38.979041854540874, 54.08312169325826], [38.94855449064188, 54.13968439642159], [38.91798374160329, 54.19623937658685], [38.88732921653244, 54.25278659648801], [38.85659052222304, 54.309326018629285], [38.82576726313846, 54.365857605283466], [38.794859041395, 54.422381318490125], [38.76386545674496, 54.47889712005389], [38.73278610655956, 54.53540497154254], [38.70162058581182, 54.59190483428534], [38.670368487059115, 54.648396669371145], [38.63902940042577, 54.70488043764655], [38.60760291358544, 54.761356099714085], [38.576088611743266, 54.81782361593031], [38.54448607761805, 54.874282946403916], [38.512794891424086, 54.930734050993856], [38.481014630853025, 54.987176889307406], [38.44914487105545, 55.04361142069823], [38.417185184622404, 55.1000376042644], [38.38513514156666, 55.15645539884646], [38.35299430930391, 55.21286476302543], [38.32076225263378, 55.26926565512074], [38.28843853372066, 55.325658033188276], [38.25602271207445, 55.382041855018294], [38.223514344531004, 55.438417078133334], [38.19091298523257, 55.49478365978625], [38.15821818560796, 55.55114155695792], [38.12542949435256, 55.60749072635528], [38.09254645740826, 55.663831124409135], [38.05956861794313, 55.72016270727196], [38.02649551633092, 55.776485430815804], [37.9933266901304, 55.83279925062998], [37.960061674064676, 55.88910412201894], [37.9267, 55.9454]]}, "properties": {"fa_flight_id": "RA65689-1523545639-adhoc-0", "registration": "RA-65689", "ident": "RA-65689", "ident_icao": NaN, "origin_code": "L 50.27759 40.85030", "origin_city": "Volgograd", "destination_code": "L 55.94540 37.92670", "destination_city": "Moscow", "scheduled_out": NaN, "estimated_out": NaN, "actual_out": NaN, "scheduled_off": "2018-04-12T15:07:19Z", "estimated_off": "2018-04-12T15:07:19Z", "actual_off": "2018-04-12T15:07:19Z", "scheduled_on": NaN, "estimated_on": NaN, "actual_on": "2018-04-12T15:07:19Z", "scheduled_in": NaN, "estimated_in": NaN, "actual_in": NaN, "status": "result unknown", "route_distance": NaN, "diverted": false, "cancelled": false, "simplified_departure_date": "2018-04-12", "origin_coords": [50.27759, 40.8503], "destination_coords": [55.9454, 37.9267], "is_same_city": false}}, {"type": "Feature", "geometry": {"type": "LineString", "coordinates": [[38.232169999999996, 55.82813000000001], [38.29248665305714, 55.71858864700075], [38.352465874836064, 55.60901790730738], [38.412110835147814, 55.49941806474565], [38.47142466614297, 55.38978939963762], [38.530410462853624, 55.280132188854715], [38.589071283726454, 55.17044670586968], [38.64741015114702, 55.06073322080785], [38.70543005195545, 54.950992000497344], [38.76313393795362, 54.84122330851851], [38.820524726404, 54.73142740525235], [38.87760530052046, 54.62160454792827], [38.93437850995089, 54.511754990670916], [38.990847171252106, 54.40187898454613], [39.0470140683569, 54.29197677760629], [39.10288195303364, 54.182048614934665], [39.158453545338254, 54.07209473868915], [39.21373153405906, 53.96211538814518], [39.2687185771543, 53.85211079973796], [39.32341730218267, 53.74208120710386], [39.377830306726935, 53.63202684112128], [39.43196015881065, 53.521947929950684], [39.48580939730832, 53.41184469907393], [39.53938053234892, 53.30171737133311], [39.592676045713, 53.191566166968514], [39.64569839122342, 53.08139130365611], [39.69844999512991, 52.97119299654436], [39.75093325648753, 52.860971458290315], [39.803150547529064, 52.75072689909529], [39.85510421403159, 52.64045952673978], [39.906796575677255, 52.53016954661787], [39.95822992640827, 52.41985716177106], [40.00940653477651, 52.30952257292153], [40.060328644287374, 52.19916597850484], [40.11099847373851, 52.08878757470212], [40.161418217553056, 51.97838755547168], [40.21159004610774, 51.867966112580184], [40.261516106055936, 51.75752343563318], [40.311198520645554, 51.64705971210533], [40.36063939003212, 51.53657512736988], [40.40984079158696, 51.42606986472791], [40.458804780200595, 51.31554410543696], [40.50753338858152, 51.2049980287392], [40.5560286275503, 51.094431811889244], [40.6042924863292, 50.983845630181335], [40.652326932827364, 50.873239656976324], [40.70013391392164, 50.762614063728], [40.74771535573303, 50.65196902000913], [40.7950731638991, 50.541304693537036], [40.84220922384199, 50.430621250198755], [40.88912540103264, 50.31991885407587], [40.935823541250784, 50.209197667468835], [40.982305470841084, 50.09845785092097], [41.02857299696545, 49.98769956324214], [41.07462790785151, 49.87692296153193], [41.12047197303727, 49.76612820120257], [41.16610694361228, 49.65531543600142], [41.21153455245499, 49.54448481803321], [41.25675651446673, 49.433636497781734], [41.30177452680205, 49.322770624131444], [41.34659026909572, 49.21188734438858], [41.39120540368634, 49.100986804301925], [41.435621575836606, 48.990069148083386], [41.479840413950356, 48.87913451842811], [41.52386352978637, 48.76818305653439], [41.56769251866903, 48.657214902123194], [41.611328959695896, 48.546230193457504], [41.65477441594221, 48.43522906736118], [41.69803043466239, 48.32421165923769], [41.74109854748867, 48.21317810308857], [41.78398027062667, 48.10212853153143], [41.82667710504832, 47.99106307581783], [41.86919053668173, 47.87998186585088], [41.91152203659858, 47.768885030202576], [41.953673061198614, 47.65777269613069], [41.9956450523915, 47.54664498959576], [42.03743943777606, 47.4355020352775], [42.07905763081701, 47.32434395659112], [42.12050103101901, 47.213170875703355], [42.161771024098364, 47.101982913548326], [42.202868982152154, 46.99078018984308], [42.243796263824976, 46.879562823102866], [42.284554214473424, 46.76833093065638], [42.32514416632797, 46.657084628660584], [42.365567438652896, 46.545824032115334], [42.40582533790361, 46.43454925487792], [42.44591915788196, 46.32326040967728], [42.48585017988932, 46.21195760812801], [42.525619672877454, 46.10064096074423], [42.56522889359729, 45.989310576953194], [42.60467908674565, 45.87796656510873], [42.64397148510985, 45.76660903250446], [42.683107309710344, 45.65523808538689], [42.72208776994133, 45.54385382896818], [42.760914063709464, 45.43245636743894], [42.79958737757053, 45.32104580398058], [42.83810888686436, 45.209622240777755], [42.87647975584777, 45.09818577903036], [42.9147011378257, 44.98673651896565], [42.952774175280624, 44.87527455984987], [42.9907, 44.7638]]}, "properties": {"fa_flight_id": "RA65689-1523520676-adhoc-0", "registration": "RA-65689", "ident": "RA-65689", "ident_icao": NaN, "origin_code": "L 55.82813 38.23217", "origin_city": "Moscow", "destination_code": "L 44.76380 42.99070", "destination_city": "Mineralnye Vody", "scheduled_out": NaN, "estimated_out": NaN, "actual_out": NaN, "scheduled_off": "2018-04-12T08:11:16Z", "estimated_off": "2018-04-12T08:11:16Z", "actual_off": "2018-04-12T08:11:16Z", "scheduled_on": NaN, "estimated_on": NaN, "actual_on": "2018-04-12T08:11:16Z", "scheduled_in": NaN, "estimated_in": NaN, "actual_in": NaN, "status": "result unknown", "route_distance": NaN, "diverted": false, "cancelled": false, "simplified_departure_date": "2018-04-12", "origin_coords": [55.82813, 38.23217], "destination_coords": [44.7638, 42.9907], "is_same_city": false}}, {"type": "Feature", "geometry": {"type": "LineString", "coordinates": [[41.43295, 47.94408], [41.406026770582336, 48.02336768046719], [41.37902059229189, 48.10264905114819], [41.35193098397139, 48.18192407493555], [41.32475746096112, 48.261192714446445], [41.29749953506699, 48.34045493202004], [41.27015671452821, 48.41971068971498], [41.24272850398475, 48.4989599493067], [41.21521440444427, 48.578202672284775], [41.18761391324878, 48.657438819850256], [41.15992652404106, 48.73666835291294], [41.132151726730434, 48.8158912320886], [41.104289007458476, 48.89510741769627], [41.07633784856412, 48.974316869755334], [41.04829772854854, 49.05351954798277], [41.020168122039536, 49.13271541179028], [40.9919484997556, 49.211904420281286], [40.963638328469614, 49.29108653224813], [40.93523707097206, 49.37026170616898], [40.90674418603386, 49.44942990020493], [40.87815912836893, 49.52859107219689], [40.8494813485961, 49.60774517966249], [40.82071029320081, 49.68689217979309], [40.79184540449631, 49.7660320294505], [40.76288612058435, 49.84516468516393], [40.73383187531565, 49.924290103126644], [40.70468209824969, 50.0034082391928], [40.67543621461422, 50.08251904887415], [40.646093645264266, 50.16162248733665], [40.61665380664063, 50.24071850939718], [40.58711611072805, 50.3198070695201], [40.557479965012774, 50.398888121813805], [40.52774477243973, 50.47796162002722], [40.497909931369186, 50.557027517546324], [40.46797483553294, 50.63608576739057], [40.43793887399001, 50.71513632220925], [40.407801431081815, 50.79417913427787], [40.37756188638689, 50.8732141554945], [40.34721961467506, 50.95224133737597], [40.316773985861076, 51.03126063105411], [40.286224364957796, 51.11027198727197], [40.25557011202876, 51.189275356379916], [40.224810582140265, 51.26827068833174], [40.19394512531288, 51.347257932680684], [40.16297308647247, 51.42623703857545], [40.13189380540055, 51.505207954756145], [40.100706616684164, 51.584170629550165], [40.069410849665154, 51.66312501086808], [40.03800582838884, 51.742071046199406], [40.00649087155216, 51.82100868260841], [39.97486529245115, 51.8999378667297], [39.94312839892784, 51.978858544764016], [39.91127949331659, 52.057770662473736], [39.87931787238972, 52.13667416517844], [39.847242827302594, 52.21556899775043], [39.81505364353797, 52.29445510461012], [39.78274960084984, 52.373332429721486], [39.75032997320646, 52.4522009165873], [39.717794028732875, 52.53106050824454], [39.68514102965263, 52.60991114725946], [39.65237023222891, 52.68875277572279], [39.619480886704935, 52.767585335244895], [39.586472237243676, 52.84640876695073], [39.55334352186684, 52.925223011474905], [39.52009397239318, 53.00402800895649], [39.48672281437606, 53.08282369903392], [39.45322926704024, 53.161610020839845], [39.419612543217994, 53.24038691299575], [39.385871849284435, 53.3191543136067], [39.35200638509205, 53.397912160255856], [39.31801534390447, 53.47666038999909], [39.28389791232951, 53.55539893935937], [39.24965327025133, 53.634127744321205], [39.21528059076186, 53.71284674032491], [39.1807790400913, 53.79155586226093], [39.14614777753792, 53.87025504446396], [39.11138595539696, 53.94894422070706], [39.07649271888866, 54.02762332419571], [39.04146720608541, 54.10629228756175], [39.00630854783811, 54.18495104285728], [38.971015867701546, 54.26359952154843], [38.935588281858934, 54.342237654509134], [38.90002489904551, 54.42086537201472], [38.864324820471204, 54.49948260373554], [38.8284871397424, 54.578089278730374], [38.79251094278269, 54.65668532543996], [38.75639530775274, 54.73527067168016], [38.72013930496914, 54.81384524463529], [38.683741996822214, 54.89240897085126], [38.647202437692926, 54.97096177622858], [38.610519673868694, 55.04950358601541], [38.573692743458196, 55.12803432480039], [38.53672067630515, 55.206553916505385], [38.49960249390097, 55.28506228437826], [38.462337209296415, 55.36355935098547], [38.42492382701211, 55.44204503820451], [38.387361342947976, 55.52051926721638], [38.34964874429155, 55.59898195849783], [38.311785009425094, 55.67743303181365], [38.27376910783169, 55.75587240620871], [38.2356, 55.8343]]}, "properties": {"fa_flight_id": "RA65689-1523397193-adhoc-0", "registration": "RA-65689", "ident": "RA-65689", "ident_icao": NaN, "origin_code": "L 47.94408 41.43295", "origin_city": "Stavropol", "destination_code": "L 55.83430 38.23560", "destination_city": "Moscow", "scheduled_out": NaN, "estimated_out": NaN, "actual_out": NaN, "scheduled_off": "2018-04-10T21:53:13Z", "estimated_off": "2018-04-10T21:53:13Z", "actual_off": "2018-04-10T21:53:13Z", "scheduled_on": NaN, "estimated_on": NaN, "actual_on": "2018-04-10T21:53:13Z", "scheduled_in": NaN, "estimated_in": NaN, "actual_in": NaN, "status": "result unknown", "route_distance": NaN, "diverted": false, "cancelled": false, "simplified_departure_date": "2018-04-10", "origin_coords": [47.94408, 41.43295], "destination_coords": [55.8343, 38.2356], "is_same_city": false}}, {"type": "Feature", "geometry": {"type": "LineString", "coordinates": [[38.04110000000001, 56.00767], [38.05977490040223, 55.92026318340643], [38.07836576785003, 55.83285355453894], [38.09687325155587, 55.74544113521372], [38.11529799420733, 55.65802594702651], [38.13364063204899, 55.57060801135541], [38.15190179496305, 55.483187349363604], [38.17008210654875, 55.39576398200207], [38.188182184200585, 55.30833793001225], [38.2062026391855, 55.220909213928614], [38.22414407671872, 55.13347785408132], [38.24200709603867, 55.046043870598695], [38.25979229048065, 54.958607283409776], [38.27750024754949, 54.87116811224677], [38.295131548991165, 54.783726376647444], [38.312686770863266, 54.6962820959576], [38.330166483604565, 54.60883528933337], [38.347571252103464, 54.52138597574357], [38.364901635765534, 54.43393417397198], [38.38215818858001, 54.346479902619606], [38.399341459185344, 54.259023180106915], [38.416451990933865, 54.17156402467603], [38.43349032195544, 54.084102454392855], [38.45045698522023, 53.99663848714923], [38.46735250860058, 53.90917214066508], [38.48417741493203, 53.82170343249038], [38.50093222207344, 53.734232380007285], [38.517617442966184, 53.646759000432105], [38.53423358569269, 53.55928331081725], [38.55078115353397, 53.47180532805329], [38.56726064502641, 53.384325068870766], [38.583672554017774, 53.29684254984214], [38.60001736972243, 53.20935778738365], [38.616295576775734, 53.12187079775722], [38.63250765528773, 53.03438159707214], [38.64865408089603, 52.94689020128705], [38.66473532481804, 52.85939662621152], [38.6807518539024, 52.77190088750791], [38.696704130679684, 52.684403000693074], [38.712592613412546, 52.59690298114], [38.72841775614492, 52.50940084407955], [38.744180008750874, 52.421896604602075], [38.75987981698243, 52.33439027765905], [38.77551762251703, 52.24688187806463], [38.79109386300419, 52.15937142049737], [38.80660897211159, 52.0718589195016], [38.82206337957044, 51.984344389489095], [38.83745751122037, 51.896827844740535], [38.85279178905362, 51.80930929940703], [38.868066631258586, 51.72178876751157], [38.88328245226296, 51.634266262950526], [38.898439662776056, 51.54674179949502], [38.91353866983077, 51.45921539079239], [38.92857987682485, 51.371687050367576], [38.94356368356163, 51.284156791624504], [38.95849048629031, 51.196624627847456], [38.97336067774557, 51.10909057220236], [38.98817464718678, 51.0215546377382], [39.0029327804366, 50.93401683738823], [39.01763545991908, 50.84647718397133], [39.03228306469732, 50.75893569019329], [39.04687597051056, 50.67139236864797], [39.061414549810856, 50.58384723181866], [39.075899171799215, 50.4963002920792], [39.090330202461196, 50.40875156169527], [39.10470800460229, 50.32120105282551], [39.1190329378825, 50.233648777522745], [39.13330535885078, 50.14609474773513], [39.14752562097881, 50.05853897530728], [39.16169407469447, 49.9709814719814], [39.17581106741478, 49.88342224939845], [39.189876943578454, 49.79586131909917], [39.203892044678156, 49.708298692525204], [39.21785670929206, 49.62073438102019], [39.231771273115314, 49.5331683958308], [39.2456360689909, 49.44560074810776], [39.25945142694014, 49.35803144890693], [39.273217674192935, 49.270460509190265], [39.28693513521737, 49.182887939826884], [39.30060413174925, 49.09531375159402], [39.314224982820996, 49.007737955178015], [39.32779800479034, 48.920160561175265], [39.34132351136858, 48.83258158009322], [39.35480181364853, 48.74500102235128], [39.36823322013207, 48.65741889828175], [39.381618036757374, 48.56983521813074], [39.39495656692584, 48.482249992059145], [39.40824911152856, 48.39466323014341], [39.42149596897266, 48.307074942376516], [39.43469743520705, 48.21948513866886], [39.447853803748146, 48.13189382884904], [39.46096536570503, 48.044301022664776], [39.47403240980445, 47.95670672978375], [39.48705522241541, 47.86911095979435], [39.50003408757355, 47.781513722206626], [39.51296928700518, 47.69391502645302], [39.52586110015101, 47.60631488188915], [39.5387098041896, 47.51871329779464], [39.551515674060546, 47.431110283373926], [39.56427898248734, 47.343505847756944], [39.577, 47.25589999999999]]}, "properties": {"fa_flight_id": "RA65689-1523386190-adhoc-0", "registration": "RA-65689", "ident": "RA-65689", "ident_icao": NaN, "origin_code": "L 56.00767 38.04110", "origin_city": "Moscow", "destination_code": "L 47.25590 39.57700", "destination_city": "Krasnodar Krai", "scheduled_out": NaN, "estimated_out": NaN, "actual_out": NaN, "scheduled_off": "2018-04-10T18:49:50Z", "estimated_off": "2018-04-10T18:49:50Z", "actual_off": "2018-04-10T18:49:50Z", "scheduled_on": NaN, "estimated_on": NaN, "actual_on": "2018-04-10T18:49:50Z", "scheduled_in": NaN, "estimated_in": NaN, "actual_in": NaN, "status": "result unknown", "route_distance": NaN, "diverted": false, "cancelled": false, "simplified_departure_date": "2018-04-10", "origin_coords": [56.00767, 38.0411], "destination_coords": [47.2559, 39.577], "is_same_city": false}}, {"type": "Feature", "geometry": {"type": "LineString", "coordinates": [[48.27036999999999, 55.485020000000006], [48.171820441299154, 55.49204445533109], [48.07323592561038, 55.4989897500569], [47.974616828057734, 55.50585583568809], [47.875963524714614, 55.51264266425017], [47.777276392594594, 55.519350188285024], [47.67855580964215, 55.52597836085255], [47.57980215472327, 55.53252713553221], [47.481015807616245, 55.53899646642467], [47.38219714900206, 55.54538630815325], [47.283346560454966, 55.551696615865545], [47.18446442443292, 55.55792734523489], [47.08555112426794, 55.56407845246189], [46.98660704415648, 55.57014989427594], [46.88763256914963, 55.576141627936614], [46.78862808514334, 55.58205361123521], [46.68959397886858, 55.587885802496096], [46.590530637881464, 55.593638160578244], [46.49143845055321, 55.59931064487653], [46.39231780606016, 55.60490321532321], [46.29316909437374, 55.610415832389215], [46.19399270625027, 55.61584845708558], [46.09478903322085, 55.62120105096475], [45.995558467581034, 55.62647357612183], [45.896301402380665, 55.631665995196066], [45.79701823141342, 55.63677827137193], [45.6977093492065, 55.641810368380554], [45.59837515101015, 55.64676225050087], [45.49901603278721, 55.6516338825609], [45.39963239120252, 55.65642522993894], [45.300224623612415, 55.66113625856483], [45.20079312805397, 55.66576693492103], [45.101338303234456, 55.67031722604384], [45.00186054852051, 55.67478709952454], [44.90236026392745, 55.67917652351054], [44.80283785010837, 55.683485466706436], [44.70329370834331, 55.68771389837515], [44.6037282405284, 55.69186178833893], [44.50414184916485, 55.695929106980515], [44.40453493734798, 55.69991582524402], [44.30490790875621, 55.70382191463611], [44.20526116763995, 55.70764734722687], [44.105595118810506, 55.71139209565086], [44.00591016762894, 55.71505613310801], [43.90620671999487, 55.71863943336462], [43.80648518233523, 55.722141970754244], [43.70674596159304, 55.72556372017859], [43.606989465216074, 55.728904657108416], [43.50721610114556, 55.73216475758439], [43.407426277804724, 55.73534399821792], [43.30762040408751, 55.738442356191975], [43.20779888934705, 55.74145980926191], [43.107962143384235, 55.74439633575625], [43.0081105764362, 55.74725191457739], [42.90824459916478, 55.75002652520244], [42.80836462264499, 55.752720147683874], [42.708471058353375, 55.75533276265026], [42.60856431815645, 55.75786435130697], [42.50864481429903, 55.76031489543675], [42.4087129593925, 55.7626843774005], [42.30876916640322, 55.76497278013779], [42.20881384864073, 55.76718008716751], [42.10884741974601, 55.76930628258845], [42.00887029367971, 55.771351351079865], [41.908882884710394, 55.77331527790199], [41.80888560740262, 55.7751980488966], [41.70887887660523, 55.7769996504875], [41.608863107439404, 55.77872006968099], [41.50883871528682, 55.78035929406636], [41.408806115777715, 55.78191731181628], [41.308765724779036, 55.78339411168728], [41.208717958382444, 55.78478968302009], [41.10866323289243, 55.78610401574007], [41.00860196481429, 55.787337100357554], [40.90853457084219, 55.78848892796813], [40.80846146784717, 55.78955949025308], [40.70838307286511, 55.79054877947956], [40.60829980308475, 55.79145678850089], [40.50821207583568, 55.79228351075689], [40.40812030857624, 55.793028940274034], [40.30802491888155, 55.7936930716657], [40.20792632443139, 55.79427590013231], [40.107824942998185, 55.79477742146161], [40.007721192434936, 55.79519763202869], [39.907615490663105, 55.795536528796184], [39.807508255660586, 55.795794109314414], [39.70739990544962, 55.795970371721374], [39.607290858084646, 55.796065314742854], [39.507181531640306, 55.79607893769254], [39.40707234419931, 55.79601124047196], [39.30696371384031, 55.795862223570474], [39.20685605862588, 55.79563188806533], [39.106749796590414, 55.79532023562157], [39.006645345727975, 55.79492726849203], [38.90654312398031, 55.79445298951715], [38.80644354922468, 55.793897402125], [38.70634703926186, 55.793260510331095], [38.606254011804026, 55.79254231873822], [38.50616488446268, 55.79174283253635], [38.40608007473665, 55.79086205750239], [38.306000000000004, 55.789899999999996]]}, "properties": {"fa_flight_id": "RA65689-1524154286-adhoc-0", "registration": "RA-65689", "ident": "RA-65689", "ident_icao": NaN, "origin_code": "L 55.48502 48.27037", "origin_city": "Kazan", "destination_code": "L 55.78990 38.30600", "destination_city": "Moscow", "scheduled_out": NaN, "estimated_out": NaN, "actual_out": NaN, "scheduled_off": "2018-04-19T16:11:26Z", "estimated_off": "2018-04-19T16:11:26Z", "actual_off": "2018-04-19T16:11:26Z", "scheduled_on": NaN, "estimated_on": NaN, "actual_on": "2018-04-19T16:11:26Z", "scheduled_in": NaN, "estimated_in": NaN, "actual_in": NaN, "status": "result unknown", "route_distance": NaN, "diverted": false, "cancelled": false, "simplified_departure_date": "2018-04-19", "origin_coords": [55.48502, 48.27037], "destination_coords": [55.7899, 38.306], "is_same_city": false}}, {"type": "Feature", "geometry": {"type": "LineString", "coordinates": [[37.99076000000001, 55.98324], [38.0955081055398, 55.983576030237664], [38.20025779099259, 55.983823260462735], [38.30500857530138, 55.9839816887134], [38.4097599773743, 55.984051313732486], [38.51451151609983, 55.984032134967485], [38.619262710362186, 55.98392415257061], [38.72401307905644, 55.98372736739871], [38.828762141103944, 55.98344178101334], [38.93350941546745, 55.98306739568064], [39.0382544211665, 55.982604214371236], [39.14299667729261, 55.98205224076017], [39.24773570302456, 55.98141147922669], [39.35247101764361, 55.980681934854175], [39.45720214054881, 55.97986361342984], [39.561928591272114, 55.97895652144455], [39.66664988949375, 55.977960666092585], [39.771365555057265, 55.97687605527135], [39.87607510798487, 55.97570269758101], [39.980778068492526, 55.974440602324236], [40.08547395700514, 55.97308977950582], [40.190162294171735, 55.97165023983221], [40.29484260088053, 55.97012199471121], [40.39951439827414, 55.96850505625146], [40.50417720776457, 55.96679943726198], [40.608830551048364, 55.965005151251646], [40.713473950121625, 55.963122212428736], [40.818106927295034, 55.961150635700285], [40.92272900520887, 55.959090436671566], [41.02733970684802, 55.95694163164546], [41.131938555556815, 55.95470423762182], [41.236525075054125, 55.95237827229682], [41.34109878944808, 55.94996375406225], [41.445659223251035, 55.947460702004825], [41.550205901394385, 55.944869135905414], [41.65473834924332, 55.94218907623829], [41.75925609261167, 55.939420544170346], [41.863758657776586, 55.936563561560234], [41.968245571493185, 55.933618150957564], [42.0727163610093, 55.93058433560197], [42.17717055408006, 55.927462139422296], [42.281607678982446, 55.9242515870356], [42.38602726452987, 55.920952703746195], [42.490428840086636, 55.91756551554474], [42.59481193558241, 55.914090049107145], [42.69917608152668, 55.91052633179363], [42.803520809023006, 55.90687439164762], [42.90784564978344, 55.903134257394626], [43.012150136142786, 55.89930595844124], [43.11643380107279, 55.89538952487389], [43.22069617819633, 55.89138498745781], [43.32493680180157, 55.88729237763567], [43.429155206855995, 55.88311172752659], [43.53335092902048, 55.878843069924734], [43.63752350466318, 55.87448643829811], [43.741672470873574, 55.87004186678734], [43.84579736547621, 55.865509390204245], [43.94989772704453, 55.86088904403063], [44.0539730949147, 55.8561808644168], [44.158023009199184, 55.851384888180306], [44.262047010800465, 55.84650115280445], [44.36604464142459, 55.84152969643689], [44.470015443594626, 55.8364705578882], [44.573958960664214, 55.83132377663034], [44.67787473683085, 55.82608939279525], [44.78176231714925, 55.8207674471732], [44.885621247544634, 55.815357981211356], [44.989451074825894, 55.809861037012126], [45.09325134669865, 55.804276657331656], [45.197021611778446, 55.7986048855781], [45.30076141960363, 55.79284576581007], [45.40447032064832, 55.78699934273496], [45.508147866335214, 55.78106566170718], [45.61179360904842, 55.775044768726595], [45.71540710214613, 55.768936710436634], [45.81898789997325, 55.762741534122654], [45.922535557874, 55.75645928771014], [46.02604963220436, 55.75009001976287], [46.12952968034447, 55.74363377948113], [46.23297526071104, 55.73709061669987], [46.33638593276952, 55.730460581886824], [46.439761257046314, 55.72374372614069], [46.54310079514093, 55.71694010118915], [46.64640410973796, 55.710049759386976], [46.74967076461899, 55.70307275371413], [46.852900324674565, 55.6960091377737], [46.95609235591586, 55.688858965790004], [47.05924642548646, 55.68162229260657], [47.16236210167395, 55.674299173684076], [47.26543895392146, 55.66688966509832], [47.36847655283913, 55.65939382353815], [47.4714744702154, 55.651811706303434], [47.57443227902842, 55.64414337130284], [47.677349553457155, 55.63638887705185], [47.780225868892515, 55.6285482826705], [47.883060801948375, 55.62062164788129], [47.98585393047256, 55.612609033007026], [48.08860483355759, 55.60451049896849], [48.19131309155155, 55.59632610728238], [48.29397828606868, 55.588055920059], [48.3966, 55.5797]]}, "properties": {"fa_flight_id": "RA65689-1524143398-adhoc-0", "registration": "RA-65689", "ident": "RA-65689", "ident_icao": NaN, "origin_code": "L 55.98324 37.99076", "origin_city": "Moscow", "destination_code": "L 55.57970 48.39660", "destination_city": "Kazan", "scheduled_out": NaN, "estimated_out": NaN, "actual_out": NaN, "scheduled_off": "2018-04-19T13:09:58Z", "estimated_off": "2018-04-19T13:09:58Z", "actual_off": "2018-04-19T13:09:58Z", "scheduled_on": NaN, "estimated_on": NaN, "actual_on": "2018-04-19T13:09:58Z", "scheduled_in": NaN, "estimated_in": NaN, "actual_in": NaN, "status": "result unknown", "route_distance": NaN, "diverted": false, "cancelled": false, "simplified_departure_date": "2018-04-19", "origin_coords": [55.98324, 37.99076], "destination_coords": [55.5797, 48.3966], "is_same_city": false}}, {"type": "Feature", "geometry": {"type": "LineString", "coordinates": [[39.03948, 52.18048], [39.03214397287687, 52.21673014001633], [39.024795961542715, 52.25297982446819], [39.017435930861694, 52.2892290520142], [39.01006384556497, 52.325477821307864], [39.002679670250004, 52.361726130997525], [38.99528336937998, 52.39797397972641], [38.98787490728316, 52.43422136613255], [38.980454248152206, 52.470468288848735], [38.97302135604357, 52.5067147465026], [38.9655761948768, 52.54296073771644], [38.95811872843396, 52.57920626110732], [38.95064892035886, 52.615451315287], [38.9431667341565, 52.65169589886187], [38.93567213319235, 52.68794001043298], [38.92816508069169, 52.72418364859601], [38.92064553973892, 52.76042681194122], [38.913113473276915, 52.7966694990534], [38.90556884410634, 52.832911708511936], [38.898011614884915, 52.869153438890685], [38.89044174812679, 52.905394688757994], [38.88285920620181, 52.941635456676664], [38.87526395133484, 52.977875741203945], [38.867655945605044, 53.01411554089147], [38.86003515094521, 53.05035485428523], [38.85240152914098, 53.08659367992561], [38.844755041830226, 53.1228320163473], [38.83709565050225, 53.15906986207926], [38.8294233164971, 53.19530721564471], [38.82173800100486, 53.23154407556115], [38.81403966506488, 53.26778044034025], [38.80632826956504, 53.30401630848788], [38.798603775241084, 53.34025167850405], [38.79086614267577, 53.376486548882895], [38.7831153322982, 53.412720918112626], [38.775351304383065, 53.448954784675564], [38.767574019049825, 53.485188147048014], [38.759783436262026, 53.521421003700326], [38.75197951582649, 53.557653353096775], [38.74416221739255, 53.59388519369567], [38.736331500451286, 53.63011652394913], [38.728487324334736, 53.66634734230325], [38.72062964821513, 53.702577647197906], [38.7127584311041, 53.73880743706687], [38.70487363185185, 53.77503671033764], [38.696975209146395, 53.811265465431546], [38.68906312151278, 53.847493700763586], [38.68113732731222, 53.88372141474249], [38.67319778474131, 53.91994860577067], [38.66524445183123, 53.95617527224415], [38.657277286446885, 53.99240141255259], [38.64929624628612, 54.02862702507918], [38.641301288878886, 54.0648521082007], [38.633292371586336, 54.101076660287404], [38.62526945160008, 54.13730067970305], [38.6172324859413, 54.17352416480483], [38.60918143145987, 54.20974711394333], [38.601116244833534, 54.245969525462534], [38.59303688256704, 54.28219139769976], [38.584943300991306, 54.31841272898567], [38.57683545626244, 54.354633517644146], [38.568713304361, 54.39085376199236], [38.56057680109103, 54.42707346034067], [38.55242590207921, 54.46329261099263], [38.54426056277391, 54.49951121224492], [38.53608073844438, 54.535729262387314], [38.52788638417976, 54.571946759702676], [38.51967745488822, 54.608163702466896], [38.51145390529604, 54.644380088948886], [38.503215689946686, 54.68059591741048], [38.494962763199894, 54.71681118610646], [38.48669507923071, 54.75302589328452], [38.47841259202859, 54.7892400371852], [38.47011525539644, 54.825453616041834], [38.46180302294968, 54.86166662808057], [38.45347584811527, 54.89787907152028], [38.44513368413078, 54.93409094457255], [38.43677648404339, 54.97030224544168], [38.428404200708954, 55.00651297232451], [38.420016786791, 55.04272312341056], [38.41161419475978, 55.078932696881886], [38.40319637689122, 55.115141690913035], [38.394763285265995, 55.15135010367106], [38.38631487176847, 55.18755793331545], [38.37785108808575, 55.22376517799811], [38.369371885706606, 55.25997183586327], [38.36087721592053, 55.29617790504753], [38.35236702981662, 55.33238338367973], [38.34384127828262, 55.36858826988101], [38.33529991200385, 55.40479256176464], [38.32674288146221, 55.44099625743611], [38.31817013693502, 55.47719935499302], [38.30958162849407, 55.51340185252505], [38.30097730600453, 55.54960374811388], [38.29235711912385, 55.58580503983327], [38.28372101730071, 55.622005725748856], [38.275068949773896, 55.65820580391824], [38.2664008655713, 55.694405272390874], [38.25771671350872, 55.73060412920803], [38.249016442188825, 55.76680237240281], [38.2403, 55.803000000000004]]}, "properties": {"fa_flight_id": "RA65689-1523972258-adhoc-0", "registration": "RA-65689", "ident": "RA-65689", "ident_icao": NaN, "origin_code": "L 52.18048 39.03948", "origin_city": "Moscow", "destination_code": "L 55.80300 38.24030", "destination_city": "Moscow", "scheduled_out": NaN, "estimated_out": NaN, "actual_out": NaN, "scheduled_off": "2018-04-17T13:37:38Z", "estimated_off": "2018-04-17T13:37:38Z", "actual_off": "2018-04-17T13:37:38Z", "scheduled_on": NaN, "estimated_on": NaN, "actual_on": "2018-04-17T13:37:38Z", "scheduled_in": NaN, "estimated_in": NaN, "actual_in": NaN, "status": "result unknown", "route_distance": NaN, "diverted": false, "cancelled": false, "simplified_departure_date": "2018-04-17", "origin_coords": [52.18048, 39.03948], "destination_coords": [55.803, 38.2403], "is_same_city": false}}, {"type": "Feature", "geometry": {"type": "LineString", "coordinates": [[38.30005, 55.77882000000001], [38.31247051674435, 55.73921430173037], [38.32486584932658, 55.699607353237695], [38.33723608528584, 55.65999915890695], [38.34958131176719, 55.62038972310316], [38.36190161552372, 55.58077905017145], [38.37419708291886, 55.54116714443722], [38.38646779992845, 55.50155401020621], [38.398713852142926, 55.46193965176466], [38.41093532476957, 55.42232407337935], [38.423132302634464, 55.38270727929781], [38.435304870184794, 55.34308927374829], [38.4474531114908, 55.30347006094005], [38.45957711024799, 55.263849645063274], [38.47167694977915, 55.224228030289304], [38.483752713036424, 55.18460522077074], [38.49580448260336, 55.14498122064148], [38.50783234069697, 55.105356034016864], [38.519836369169745, 55.06572966499379], [38.53181664951163, 55.026102117650794], [38.5437732628521, 54.986473396048176], [38.55570628996204, 54.94684350422806], [38.56761581125584, 54.907212446214544], [38.57950190679323, 54.867580226013764], [38.59136465628134, 54.82794684761402], [38.60320413907654, 54.78831231498585], [38.615020434186405, 54.74867663208218], [38.62681362027163, 54.709039802838326], [38.63858377564794, 54.669401831172195], [38.65033097828789, 54.62976272098431], [38.662055305822854, 54.59012247615795], [38.6737568355448, 54.55048110055924], [38.68543564440817, 54.51083859803719], [38.697091809031704, 54.471194972423845], [38.70872540570029, 54.431550227534416], [38.72033651036675, 54.391904367167264], [38.73192519865362, 54.35225739510407], [38.743491545855015, 54.31260931510991], [38.75503562693832, 54.27296013093335], [38.76655751654602, 54.23330984630653], [38.77805728899742, 54.19365846494523], [38.789535018290366, 54.15400599054902], [38.80099077810306, 54.114352426801275], [38.81242464179573, 54.07469777736933], [38.82383668241228, 54.035042045904525], [38.83522697268211, 53.995385236042324], [38.846595585021724, 53.95572735140234], [38.85794259153642, 53.916068395588496], [38.86926806402198, 53.87640837218909], [38.8805720739663, 53.83674728477683], [38.891854692551064, 53.797085136908976], [38.90311599065335, 53.7574219321274], [38.91435603884727, 53.71775767395869], [38.925574907405576, 53.67809236591418], [38.93677266630131, 53.63842601149009], [38.947949385209306, 53.59875861416761], [38.959105133507876, 53.55909017741288], [38.970239980280326, 53.51942070467723], [38.981353994316514, 53.47975019939711], [38.99244724411444, 53.44007866499431], [39.00351979788177, 53.400406104875884], [39.014571723537394, 53.360732522434354], [39.025603088712906, 53.321057921047746], [39.03661396075417, 53.28138230407964], [39.04760440672278, 53.24170567487932], [39.058574493397614, 53.202028036781726], [39.06952428727627, 53.16234939310767], [39.080453854576575, 53.122669747163826], [39.091363261238016, 53.082989102242834], [39.10225257292326, 53.04330746162334], [39.113121855019564, 53.00362482857015], [39.12397117264023, 52.96394120633421], [39.13480059062602, 52.924256598152716], [39.14561017354661, 52.884571007249235], [39.156399985701974, 52.84488443683366], [39.16717009112382, 52.80519689010246], [39.177920553576975, 52.765508370238535], [39.188651436560775, 52.72581888041149], [39.199362803310436, 52.68612842377755], [39.21005471679843, 52.64643700347973], [39.22072723973587, 52.60674462264785], [39.23138043457384, 52.56705128439865], [39.242014363504765, 52.527356991835774], [39.2526290884637, 52.48766174804998], [39.26322467112975, 52.44796555611905], [39.273801172927286, 52.40826841910796], [39.28435865502734, 52.368570340068935], [39.29489717834888, 52.328871322041465], [39.305416803560114, 52.28917136805242], [39.315917591079774, 52.2494704811161], [39.3263996010784, 52.20976866423433], [39.33686289347962, 52.17006592039644], [39.347307527961405, 52.13036225257943], [39.35773356395735, 52.09065766374797], [39.36814106065792, 52.05095215685447], [39.37853007701166, 52.01124573483923], [39.38890067172646, 51.97153840063031], [39.39925290327081, 51.93183015714383], [39.40958682987497, 51.89212100728383], [39.4199025095322, 51.85241095394247], [39.4302, 51.8127]]}, "properties": {"fa_flight_id": "RA65689-1523948390-adhoc-0", "registration": "RA-65689", "ident": "RA-65689", "ident_icao": NaN, "origin_code": "L 55.77882 38.30005", "origin_city": "Moscow", "destination_code": "L 51.81270 39.43020", "destination_city": "Moscow", "scheduled_out": NaN, "estimated_out": NaN, "actual_out": NaN, "scheduled_off": "2018-04-17T06:59:50Z", "estimated_off": "2018-04-17T06:59:50Z", "actual_off": "2018-04-17T06:59:50Z", "scheduled_on": NaN, "estimated_on": NaN, "actual_on": "2018-04-17T06:59:50Z", "scheduled_in": NaN, "estimated_in": NaN, "actual_in": NaN, "status": "result unknown", "route_distance": NaN, "diverted": false, "cancelled": false, "simplified_departure_date": "2018-04-17", "origin_coords": [55.77882, 38.30005], "destination_coords": [51.8127, 39.4302], "is_same_city": false}}, {"type": "Feature", "geometry": {"type": "LineString", "coordinates": [[47.332629999999995, 54.56823000000001], [47.24442363746869, 54.58394304171899], [47.156149350624915, 54.59959190168694], [47.067807326503214, 54.61517649340727], [46.97939775347725, 54.63069673058734], [46.890920821259826, 54.646152527140416], [46.80237672090302, 54.66154379718769], [46.71376564479805, 54.676870455060374], [46.6250877866752, 54.6921324153016], [46.53634334160368, 54.70732959266854], [46.44753250599146, 54.72246190213439], [46.358655477584946, 54.7375292588904], [46.26971245546872, 54.752531578347885], [46.18070364006515, 54.76746877614031], [46.09162923313397, 54.78234076812526], [46.002489437771814, 54.79714747038648], [45.91328445841163, 54.811888799235945], [45.824014500822166, 54.82656467121585], [45.73467977210725, 54.841175003100616], [45.645280480705075, 54.85571971189904], [45.5558168363875, 54.870198714856215], [45.46628905025919, 54.88461192945558], [45.37669733475673, 54.89895927342101], [45.287041903647626, 54.91324066471881], [45.197322972029475, 54.927456021559756], [45.107540756328696, 54.941605262401104], [45.01769547429958, 54.955688305948705], [44.92778734502301, 54.96970507115892], [44.837816588905305, 54.98365547724079], [44.74778342767684, 54.997539443657956], [44.65768808439078, 55.01135689013073], [44.56753078342156, 55.02510773663818], [44.47731175046352, 55.038791903420055], [44.387031212529344, 55.05240931097892], [44.29668939794835, 55.065959880082154], [44.206286536364985, 55.07944353176394], [44.115822858737026, 55.092860187327325], [44.02529859733383, 55.106209768346254], [43.93471398573445, 55.119492196667586], [43.844069258825776, 55.13270739441312], [43.753364652800585, 55.14585528398161], [43.66260040515545, 55.158935788050805], [43.57177675468869, 55.171948829579435], [43.48089394149824, 55.18489433180928], [43.38995220697941, 55.197772218267104], [43.29895179382259, 55.21058241276678], [43.20789294601098, 55.22332483941121], [43.11677590881812, 55.23599942259435], [43.025600928805446, 55.248606087003246], [42.93436825381981, 55.26114475762003], [42.84307813299081, 55.27361535972389], [42.751730816728205, 55.28601781889314], [42.66032655671918, 55.29835206100711], [42.56886560592552, 55.31061801224823], [42.47734821858084, 55.322815599103954], [42.385774650187656, 55.33494474836885], [42.29414515751436, 55.34700538714642], [42.20245999859226, 55.35899744285124], [42.110719432712465, 55.37092084321084], [42.01892372042265, 55.38277551626769], [41.927073123523954, 55.39456139038122], [41.83516790506758, 55.406278394229716], [41.74320832935152, 55.41792645681231], [41.65119466191705, 55.42950550745096], [41.55912716954538, 55.44101547579238], [41.46700612025393, 55.452456291809995], [41.37483178329289, 55.46382788580583], [41.282604429141415, 55.47513018841255], [41.19032432950399, 55.486363130595336], [41.09799175730652, 55.4975266436538], [41.00560698669255, 55.508620659223965], [40.91317029301928, 55.5196451092801], [40.820681952853604, 55.530599926136745], [40.72814224396801, 55.54148504245052], [40.635551445336475, 55.552300391222055], [40.54290983713025, 55.56304590579796], [40.45021770071369, 55.57372151987262], [40.35747531863981, 55.58432716749012], [40.264682974645964, 55.59486278304617], [40.17184095364941, 55.60532830128989], [40.0789495417428, 55.61572365732574], [39.98600902618956, 55.626048786615385], [39.893019695419284, 55.63630362497955], [39.79998183902301, 55.64648810859982], [39.706895747748476, 55.65660217402056], [39.61376171349528, 55.66664575815068], [39.52058002930996, 55.67661879826554], [39.427350989381075, 55.68652123200868], [39.334074889034135, 55.69635299739373], [39.24075202472656, 55.70611403280618], [39.147382694042506, 55.71580427700514], [39.053967195687626, 55.72542366912521], [38.96050582948388, 55.734972148678246], [38.866998896364066, 55.74444965555505], [38.77344669836655, 55.75385613002731], [38.679849538629696, 55.7631915127492], [38.58620772138641, 55.77245574475926], [38.49252155195852, 55.781648767482054], [38.39879133675109, 55.790770522729964], [38.30501738324678, 55.79982095270489], [38.211200000000005, 55.8088]]}, "properties": {"fa_flight_id": "RA65689-1524743393-adhoc-0", "registration": "RA-65689", "ident": "RA-65689", "ident_icao": NaN, "origin_code": "L 54.56823 47.33263", "origin_city": "Baratayeveka", "destination_code": "L 55.80880 38.21120", "destination_city": "Moscow", "scheduled_out": NaN, "estimated_out": NaN, "actual_out": NaN, "scheduled_off": "2018-04-26T11:49:53Z", "estimated_off": "2018-04-26T11:49:53Z", "actual_off": "2018-04-26T11:49:53Z", "scheduled_on": NaN, "estimated_on": NaN, "actual_on": "2018-04-26T11:49:53Z", "scheduled_in": NaN, "estimated_in": NaN, "actual_in": NaN, "status": "result unknown", "route_distance": NaN, "diverted": false, "cancelled": false, "simplified_departure_date": "2018-04-26", "origin_coords": [54.56823, 47.33263], "destination_coords": [55.8088, 38.2112], "is_same_city": false}}, {"type": "Feature", "geometry": {"type": "LineString", "coordinates": [[38.31408, 55.82112000000001], [38.41540966696324, 55.81278755085873], [38.516695738295, 55.804371841829834], [38.61793781364296, 55.795872935200556], [38.71913549392406, 55.78729089381195], [38.82028838133415, 55.778625781056725], [38.9213960793574, 55.769877660877015], [39.022458192775765, 55.761046597762096], [39.12347432767825, 55.75213265674617], [39.2244440914702, 55.743135903406056], [39.32536709288234, 55.73405640385895], [39.42624294197994, 55.724894224760064], [39.5270712501717, 55.71564943330036], [39.62785163021863, 55.70632209720413], [39.728583696242794, 55.69691228472678], [39.82926706373607, 55.68742006465237], [39.92990134956869, 55.67784550629127], [40.03048617199774, 55.668188679477765], [40.13102115067555, 55.65844965456767], [40.23150590665811, 55.648628502435876], [40.331940062413125, 55.63872529447401], [40.4323232418283, 55.62874010258788], [40.53265507021929, 55.618672999195084], [40.632935174337646, 55.60852405722257], [40.733163182378696, 55.59829335010407], [40.83333872398927, 55.58798095177771], [40.93346143027536, 55.57758693668343], [41.033530933809686, 55.567111379760526], [41.13354686863919, 55.556554356445076], [41.23350887029234, 55.54591594266745], [41.33341657578649, 55.53519621484971], [41.43326962363498, 55.524395249903066], [41.5330676538543, 55.513513125225394], [41.63281030797103, 55.5025499186985], [41.732497229028716, 55.49150570868563], [41.832128061594744, 55.480380574028864], [41.931702451766945, 55.46917459404645], [42.03122004718026, 55.45788784853029], [42.13068049701326, 55.44652041774315], [42.23008345199447, 55.43507238241616], [42.32942856440876, 55.423543823746115], [42.42871548810357, 55.411934823392784], [42.527943878494966, 55.40024546347629], [42.62711339257371, 55.38847582657441], [42.726223688911155, 55.3766259957199], [42.8252744276651, 55.36469605439778], [42.924265270585515, 55.352686086542676], [43.02319588102014, 55.340596176536025], [43.12206592392008, 55.328426409203495], [43.220875065845185, 55.3161768698121], [43.31962297496942, 55.30384764406761], [43.41830932108614, 55.291438818111686], [43.51693377561318, 55.278950478519285], [43.61549601159792, 55.2663827122957], [43.713995703722254, 55.25373560687401], [43.81243252830746, 55.24100925011217], [43.91080616331892, 55.228203730290325], [44.0091162883708, 55.215319136107944], [44.107362584730616, 55.202355556681105], [44.20554473532372, 55.18931308153972], [44.303662424737624, 55.17619180062464], [44.40171533922632, 55.16299180428496], [44.499703166714475, 55.14971318327514], [44.59762559680143, 55.13635602875222], [44.695482320765265, 55.12292043227303], [44.7932730315667, 55.10940648579129], [44.890997423852795, 55.09581428165491], [44.98865519396076, 55.08214391260301], [45.08624603992146, 55.0683954717632], [45.183769661463046, 55.05456905264869], [45.28122576001424, 55.040664749155496], [45.378614038707724, 55.026682655559505], [45.475934202383364, 55.012622866513695], [45.57318595759131, 54.998485477045314], [45.67036901259509, 54.98427058255292], [45.76748307737445, 54.96997827880361], [45.864527863628325, 54.955608661930135], [45.96150308477752, 54.94116182842802], [46.058408455967346, 54.92663787515274], [46.1552436940703, 54.9120368993168], [46.2520085176884, 54.897358998486915], [46.34870264715571, 54.88260427058107], [46.44532580454049, 54.86777281386575], [46.54187771364753, 54.85286472695296], [46.638358100020184, 54.83788010879742], [46.73476669094237, 54.82281905869369], [46.831103215440564, 54.807681676273205], [46.92736740428562, 54.79246806150154], [47.023558989994434, 54.77717831467536], [47.119677706831716, 54.761812536419725], [47.215723290811496, 54.74637082768506], [47.31169547969863, 54.730853289744324], [47.407594013010126, 54.71526002419019], [47.50341863201655, 54.69959113293206], [47.59916907974315, 54.68384671819329], [47.694845100971, 54.6680268825082], [47.79044644223811, 54.652131728719326], [47.88597285184025, 54.63616135997443], [47.981424079831946, 54.620115879723684], [48.07679987802714, 54.603995391716765], [48.1721, 54.5878]]}, "properties": {"fa_flight_id": "RA65689-1524719114-adhoc-0", "registration": "RA-65689", "ident": "RA-65689", "ident_icao": NaN, "origin_code": "L 55.82112 38.31408", "origin_city": "Moscow", "destination_code": "L 54.58780 48.17210", "destination_city": "Baratayeveka", "scheduled_out": NaN, "estimated_out": NaN, "actual_out": NaN, "scheduled_off": "2018-04-26T05:05:14Z", "estimated_off": "2018-04-26T05:05:14Z", "actual_off": "2018-04-26T05:05:14Z", "scheduled_on": NaN, "estimated_on": NaN, "actual_on": "2018-04-26T05:05:14Z", "scheduled_in": NaN, "estimated_in": NaN, "actual_in": NaN, "status": "result unknown", "route_distance": NaN, "diverted": false, "cancelled": false, "simplified_departure_date": "2018-04-26", "origin_coords": [55.82112, 38.31408], "destination_coords": [54.5878, 48.1721], "is_same_city": false}}, {"type": "Feature", "geometry": {"type": "LineString", "coordinates": [[40.09956, 43.92324], [40.0826672242989, 44.04344505885571], [40.065705756698655, 44.16364761869172], [40.04867502858642, 44.28384765876925], [40.031574465508115, 44.40404515813562], [40.01440348709137, 44.52424009562158], [39.997161506967366, 44.64443244983832], [39.97984793269133, 44.76462219917459], [39.96246216566178, 44.88480932179372], [39.9450036010386, 45.004993795630575], [39.92747162765966, 45.12517559838859], [39.909865627956336, 45.245354707536535], [39.892184977867394, 45.365531100305446], [39.87442904675173, 45.48570475368536], [39.856597197299614, 45.60587564442207], [39.83868878544255, 45.726043749013854], [39.82070316026162, 45.846209043707944], [39.8026396638944, 45.96637150449733], [39.78449763144035, 46.086531107117125], [39.766276390864725, 46.206687827041016], [39.747975262900766, 46.3268416394778], [39.72959356095052, 46.446992519367555], [39.71113059098383, 46.56714044137808], [39.69258565143577, 46.68728537990104], [39.67395803310238, 46.80742730904812], [39.65524701903468, 46.92756620264716], [39.63645188443095, 47.04770203423816], [39.617571896527096, 47.167834777069274], [39.59860631448543, 47.28796440409267], [39.579554389281355, 47.40809088796037], [39.56041536358829, 47.52821420102005], [39.54118847166065, 47.64833431531068], [39.521872939214795, 47.76845120255817], [39.50246798330806, 47.88856483417089], [39.482972812215635, 48.00867518123512], [39.463386625305496, 48.1287822145105], [39.44370861291102, 48.24888590442526], [39.42393795620163, 48.368986221071516], [39.40407382705106, 48.48908313420037], [39.38411538790349, 48.60917661321698], [39.36406179163725, 48.729266627175555], [39.3439121814263, 48.84935314477426], [39.32366569059921, 48.96943613434994], [39.30332144249577, 49.08951556387288], [39.282878550321044, 49.20959140094148], [39.262336116996934, 49.32966361277666], [39.241693235011084, 49.44973216621638], [39.22094898626319, 49.569797027709896], [39.20010244190856, 49.68985816331207], [39.179152662198966, 49.80991553867739], [39.1580986963206, 49.92996911905407], [39.13693958222927, 50.05001886927799], [39.11567434648248, 50.17006475376638], [39.09430200406871, 50.2901067365116], [39.07282155823354, 50.41014478107472], [39.051232000302655, 50.530178850578956], [39.02953230950162, 50.65020890770299], [39.0077214527725, 50.77023491467427], [38.98579838458709, 50.89025683326202], [38.96376204675677, 51.0102746247703], [38.94161136823886, 51.13028825003076], [38.91934526493948, 51.25029766939542], [38.89696263951277, 51.37030284272923], [38.87446238115644, 51.49030372940251], [38.851843365403504, 51.6103002882832], [38.82910445391022, 51.73029247772911], [38.80624449424002, 51.85028025557985], [38.78326231964352, 51.97026357914874], [38.76015674883427, 52.09024240521448], [38.73692658576051, 52.21021669001275], [38.713570619372426, 52.3301863892275], [38.69008762338518, 52.4501514579823], [38.66647635603739, 52.57011185083131], [38.642735559844986, 52.69006752175022], [38.61886396135052, 52.81001842412694], [38.59486027086754, 52.92996451075212], [38.57072318222022, 53.04990573380955], [38.546451372477854, 53.1698420448663], [38.522043501684294, 53.289773394862685], [38.497498212582286, 53.40969973410204], [38.472814130332154, 53.52962101224034], [38.44798986222539, 53.64953717827554], [38.42302399739236, 53.76944818053677], [38.39791510650449, 53.889353966673255], [38.372661741470466, 54.00925448364309], [38.34726243512656, 54.12914967770172], [38.321715700920784, 54.249039494390274], [38.296020032590825, 54.368923878523496], [38.270173903835484, 54.48880277417773], [38.24417576797975, 54.60867612467833], [38.21802405763293, 54.72854387258704], [38.19171718434019, 54.84840595968907], [38.16525353822681, 54.968262326979875], [38.13863148763545, 55.088112914651624], [38.11184937875602, 55.20795766207953], [38.08490553524797, 55.32779650780779], [38.05779825785489, 55.447629389535265], [38.0305258240113, 55.56745624410081], [38.00308648744128, 55.68727700746847], [37.97547847774887, 55.8070916147121], [37.9477, 55.9269]]}, "properties": {"fa_flight_id": "RA65689-1524656154-adhoc-0", "registration": "RA-65689", "ident": "RA-65689", "ident_icao": NaN, "origin_code": "L 43.92324 40.09956", "origin_city": NaN, "destination_code": "L 55.92690 37.94770", "destination_city": "Moscow", "scheduled_out": NaN, "estimated_out": NaN, "actual_out": NaN, "scheduled_off": "2018-04-25T11:35:54Z", "estimated_off": "2018-04-25T11:35:54Z", "actual_off": "2018-04-25T11:35:54Z", "scheduled_on": NaN, "estimated_on": NaN, "actual_on": "2018-04-25T11:35:54Z", "scheduled_in": NaN, "estimated_in": NaN, "actual_in": NaN, "status": "result unknown", "route_distance": NaN, "diverted": false, "cancelled": false, "simplified_departure_date": "2018-04-25", "origin_coords": [43.92324, 40.09956], "destination_coords": [55.9269, 37.9477], "is_same_city": false}}, {"type": "Feature", "geometry": {"type": "LineString", "coordinates": [[38.235330000000005, 55.80629], [38.2464845206345, 55.68547791787771], [38.257570332406644, 55.56466483084415], [38.26858816532185, 55.44385074958435], [38.279538739275296, 55.3230356846352], [38.29042276422717, 55.20221964638804], [38.30124094037424, 55.081402645091146], [38.31199395831801, 54.960584690852265], [38.32268249922929, 54.83976579364093], [38.333307235009464, 54.718945963290906], [38.343868828448485, 54.598125209502484], [38.35436793337958, 54.477303541844705], [38.36480519483089, 54.35648096975769], [38.37518124917407, 54.2356575025547], [38.38549672426973, 54.11483314942433], [38.395752239610204, 53.994007919432605], [38.40594840645925, 53.87318182152501], [38.41608582798908, 53.75235486452851], [38.42616509941465, 53.63152705715354], [38.43618680812524, 53.510698407995854], [38.446151533813534, 53.389868925538536], [38.45605984860202, 53.26903861815375], [38.46591231716706, 53.148207494104604], [38.47570949686046, 53.027375561546975], [38.485451937828614, 52.90654282853114], [38.4951401831295, 52.785709303003614], [38.504774768847206, 52.66487499280878], [38.51435622420444, 52.54403990569046], [38.523885071672716, 52.4232040492937], [38.533361827080526, 52.30236743116623], [38.542786999719425, 52.18153005876], [38.55216109244808, 52.060691939432814], [38.56148460179433, 51.939853080449765], [38.57075801805533, 51.819013488984666], [38.57998182539587, 51.69817317212156], [38.589156501944686, 51.57733213685608], [38.598282519889146, 51.45649039009691], [38.60736034556801, 51.33564793866702], [38.61639043956261, 51.21480478930515], [38.62537325678617, 51.093960948666975], [38.63430924657162, 50.9731164233265], [38.64319885275771, 50.8522712197773], [38.65204251377358, 50.73142534443371], [38.66084066272168, 50.61057880363207], [38.66959372745936, 50.489731603631974], [38.67830213067875, 50.368883750617336], [38.686966289985385, 50.24803525069762], [38.69558661797525, 50.12718610990894], [38.70416352231052, 50.00633633421519], [38.71269740579395, 49.885485929509116], [38.72118866644184, 49.76463490161338], [38.72963769755577, 49.64378325628161], [38.73804488779303, 49.522930999199474], [38.7464106212358, 49.402078135985626], [38.75473527745906, 49.28122467219279], [38.76301923159739, 49.16037061330862], [38.771262854410494, 49.039515964756774], [38.77946651234765, 48.91866073189779], [38.78763056761094, 48.79780492003003], [38.79575537821746, 48.676948534390604], [38.80384129806043, 48.55609158015626], [38.81188867696919, 48.43523406244425], [38.819897860768165, 48.31437598631319], [38.82786919133492, 48.193517356763934], [38.835803006657, 48.07265817874039], [38.84369964088808, 47.95179845713038], [38.85155942440282, 47.830938196766354], [38.859382683851095, 47.71007740242629], [38.867169742211075, 47.58921607883441], [38.87492091884154, 47.46835423066194], [38.8826365295332, 47.347491862527896], [38.890316886559276, 47.22662897899983], [38.89796229872508, 47.105765584594494], [38.905573071416946, 46.98490168377864], [38.91314950665008, 46.86403728096965], [38.92069190311591, 46.74317238053628], [38.92820055622844, 46.622306986799295], [38.93567575816987, 46.5014411040322], [38.943117797935535, 46.38057473646184], [38.95052696137803, 46.25970788826903], [38.957903531250636, 46.13884056358928], [38.965247787249986, 46.01797276651332], [38.97256000605815, 45.8971045010878], [38.979840461383894, 45.776235771315854], [38.98708942400334, 45.65536658115766], [38.994307161799945, 45.534496934531106], [39.00149393980387, 45.41362683531231], [39.008650020230675, 45.29275628733619], [39.01577566251934, 45.17188529439705], [39.0228711233698, 45.051013860249085], [39.029936656779775, 44.93014198860697], [39.036972514081086, 44.809269683146375], [39.043978943975276, 44.68839694750445], [39.050956192568826, 44.5675237852804], [39.057904503407656, 44.44665020003594], [39.06482411751119, 44.32577619529582], [39.07171527340588, 44.204901774548325], [39.078578207158024, 44.08402694124572], [39.08541315240641, 43.96315169880477], [39.09222034039412, 43.84227605060716], [39.099, 43.72140000000001]]}, "properties": {"fa_flight_id": "RA65689-1524591470-adhoc-0", "registration": "RA-65689", "ident": "RA-65689", "ident_icao": NaN, "origin_code": "L 55.80629 38.23533", "origin_city": "Moscow", "destination_code": "L 43.72140 39.09900", "destination_city": NaN, "scheduled_out": NaN, "estimated_out": NaN, "actual_out": NaN, "scheduled_off": "2018-04-24T17:37:50Z", "estimated_off": "2018-04-24T17:37:50Z", "actual_off": "2018-04-24T17:37:50Z", "scheduled_on": NaN, "estimated_on": NaN, "actual_on": "2018-04-24T17:37:50Z", "scheduled_in": NaN, "estimated_in": NaN, "actual_in": NaN, "status": "result unknown", "route_distance": NaN, "diverted": false, "cancelled": false, "simplified_departure_date": "2018-04-24", "origin_coords": [55.80629, 38.23533], "destination_coords": [43.7214, 39.099], "is_same_city": false}}, {"type": "Feature", "geometry": {"type": "LineString", "coordinates": [[39.36361999999999, 44.00252], [39.354285205992426, 44.12067196354086], [39.3449130018607, 44.238823163968036], [39.3355030823216, 44.35697359504921], [39.326055138991926, 44.475123250488686], [39.3165688603479, 44.59327212392657], [39.30704393168417, 44.71142020893796], [39.297480035071985, 44.829567499032045], [39.287876849316895, 44.94771398765132], [39.27823404991561, 45.06585966817057], [39.26855130901231, 45.1840045338961], [39.25882829535421, 45.30214857806478], [39.24906467424643, 45.42029179384312], [39.23926010750617, 45.538434174326305], [39.229414253416074, 45.6565757125373], [39.21952676667701, 45.77471640142583], [39.20959729835993, 45.892856233867406], [39.19962549585708, 46.010995202662365], [39.18961100283227, 46.129133300534825], [39.179553459170634, 46.247270520131615], [39.16945250092717, 46.36540685402129], [39.159307760274864, 46.48354229469304], [39.149118865451634, 46.60167683455558], [39.13888544070664, 46.71981046593611], [39.128607106245575, 46.83794318107913], [39.11828347817512, 46.956074972145345], [39.10791416844655, 47.074205831210485], [39.09749878479819, 47.19233575026414], [39.08703693069725, 47.310464721208604], [39.07652820528036, 47.428592735857556], [39.06597220329341, 47.54671978593493], [39.055368515030125, 47.664845863073644], [39.044716726269854, 47.78297095881425], [39.03401641821414, 47.901095064603695], [39.02326716742232, 48.01921817179405], [39.01246854574599, 48.137340271641065], [39.00162012026238, 48.25546135530281], [38.99072145320666, 48.37358141383843], [38.979772101902974, 48.49170043820655], [38.96877161869437, 48.60981841926396], [38.957719550871616, 48.727935347764095], [38.94661544060058, 48.846051214355576], [38.93545882484861, 48.964166009580744], [38.92424923530943, 49.08227972387399], [38.91298619832693, 49.20039234756034], [38.901669234817454, 49.31850387085376], [38.890297860190906, 49.43661428385561], [38.87887158427033, 49.55472357655298], [38.86738991121019, 49.67283173881694], [38.85585233941318, 49.79093876040096], [38.844258361445604, 49.909044630939064], [38.832607463951135, 50.02714933994416], [38.82089912756326, 50.14525287680616], [38.809132826816, 50.26335523079018], [38.79730803005308, 50.381456391034746], [38.78542419933558, 50.49955634654976], [38.773480790347776, 50.617655086214725], [38.76147725230139, 50.73575259877666], [38.74941302783808, 50.85384887284819], [38.73728755293023, 50.97194389690542], [38.725100256779854, 51.090037659285954], [38.7128505617157, 51.20813014818675], [38.70053788308849, 51.32622135166195], [38.688161629164256, 51.44431125762073], [38.675721201015726, 51.56239985382504], [38.663215992411615, 51.68048712788737], [38.65064538970402, 51.798573067268386], [38.63800877171358, 51.916657659274634], [38.625305509612716, 52.03474089105615], [38.61253496680645, 52.152822749603935], [38.59969649881115, 52.27090322174756], [38.58678945313098, 52.38898229415256], [38.57381316913204, 52.50705995331794], [38.56076697791403, 52.62513618557344], [38.547650202179675, 52.74321097707691], [38.5344621561015, 52.861284313811616], [38.52120214518612, 52.97935618158336], [38.50786946613604, 53.09742656601775], [38.494463406708654, 53.21549545255721], [38.48098324557261, 53.33356282645813], [38.467428252161454, 53.45162867278775], [38.45379768652434, 53.569692976421216], [38.44009079917393, 53.68775572203838], [38.42630683093131, 53.80581689412065], [38.412445012767854, 53.92387647694775], [38.39850456564401, 54.04193445459433], [38.38448470034494, 54.159990810926764], [38.37038461731288, 54.27804552959953], [38.35620350647622, 54.39609859405181], [38.34194054707515, 54.514149987503885], [38.3275949074839, 54.632199692953456], [38.31316574502937, 54.75024769317197], [38.29865220580617, 54.86829397070079], [38.28405342448788, 54.986338507847336], [38.2693685241346, 55.10438128668113], [38.254596615996476, 55.22242228902976], [38.2397367993134, 55.34046149647476], [38.22478816111045, 55.458498890347414], [38.20974977598931, 55.576534451724484], [38.19462070591528, 55.69456816142385], [38.1794, 55.8126]]}, "properties": {"fa_flight_id": "RA65689-1526454060-adhoc-0", "registration": "RA-65689", "ident": "RA-65689", "ident_icao": NaN, "origin_code": "L 44.00252 39.36362", "origin_city": NaN, "destination_code": "L 55.81260 38.17940", "destination_city": "Moscow", "scheduled_out": NaN, "estimated_out": NaN, "actual_out": NaN, "scheduled_off": "2018-05-16T07:01:00Z", "estimated_off": "2018-05-16T07:01:00Z", "actual_off": "2018-05-16T07:01:00Z", "scheduled_on": NaN, "estimated_on": NaN, "actual_on": "2018-05-16T07:01:00Z", "scheduled_in": NaN, "estimated_in": NaN, "actual_in": NaN, "status": "result unknown", "route_distance": NaN, "diverted": false, "cancelled": false, "simplified_departure_date": "2018-05-16", "origin_coords": [44.00252, 39.36362], "destination_coords": [55.8126, 38.1794], "is_same_city": false}}, {"type": "Feature", "geometry": {"type": "LineString", "coordinates": [[38.14251, 55.77729999999998], [38.15280635597262, 55.657307446177235], [38.163039784364784, 55.53731403574894], [38.173210948813974, 55.417319777754926], [38.18332050383392, 55.29732468111064], [38.193369094971644, 55.17732875460926], [38.20335735896121, 55.05733200692385], [38.213285923874416, 54.93733444660938], [38.22315540926829, 54.8173360821047], [38.232966426329675, 54.6973369217346], [38.242719578016896, 54.577336973711716], [38.2524154591985, 54.45733624613834], [38.262054656789246, 54.33733474700839], [38.27163774988333, 54.21733248420921], [38.28116530988502, 54.09732946552324], [38.29063790063657, 53.9773256986299], [38.30005607854373, 53.85732119110725], [38.30942039269867, 53.73731595043363], [38.31873138500048, 53.61730998398936], [38.32798959027339, 53.49730329905833], [38.33719553638257, 53.37729590282957], [38.34634974434774, 53.25728780239882], [38.35545272845449, 53.13727900477005], [38.36450499636351, 53.01726951685689], [38.37350704921769, 52.89725934548417], [38.382459381747154, 52.77724849738936], [38.391362482372216, 52.65723697922387], [38.40021683330447, 52.537224797554536], [38.40902291064581, 52.41721195886491], [38.41778118448577, 52.29719846955665], [38.42649211899673, 52.1771843359507], [38.435156172527634, 52.057169564288714], [38.44377379769567, 51.93715416073422], [38.4523454414764, 51.81713813137383], [38.460871545292136, 51.69712148221853], [38.469352545098644, 51.577104219204806], [38.477788871470274, 51.45708634819577], [38.486180949683494, 51.33706787498239], [38.494529199798905, 51.217048805284556], [38.502834036741625, 51.09702914475216], [38.511095870380395, 50.977008898966204], [38.519315105605024, 50.856988073439865], [38.527492142402565, 50.73696667361949], [38.53562737593206, 50.61694470488565], [38.54372119659786, 50.49692217255413], [38.55177399012174, 50.37689908187694], [38.559786137613564, 50.25687543804323], [38.567758015640884, 50.136851246180264], [38.575689996297, 50.01682651135434], [38.58358244726808, 49.89680123857172], [38.591435731898926, 49.77677543277952], [38.59925020925762, 49.656749098866584], [38.607026234198955, 49.53672224166435], [38.61476415742688, 49.41669486594771], [38.62246432555573, 49.29666697643586], [38.63012708117037, 49.17663857779306], [38.63775276288537, 49.0566096746295], [38.6453417054031, 48.93658027150207], [38.65289423957078, 48.816550372915174], [38.6604106924366, 48.69651998332141], [38.66789138730481, 48.57648910712239], [38.67533664378992, 48.45645774866951], [38.682746777869895, 48.33642591226453], [38.690122101938464, 48.216393602160466], [38.697462924856595, 48.096360822562175], [38.70476955200298, 47.9763275776271], [38.71204228532373, 47.85629387146588], [38.71928142338121, 47.73625970814314], [38.726487261402056, 47.61622509167797], [38.73366009132436, 47.49619002604472], [38.74080020184408, 47.37615451517359], [38.74790787846063, 47.25611856295121], [38.75498340352181, 47.13608217322129], [38.76202705626782, 47.01604534978521], [38.76903911287471, 46.896008096402596], [38.77601984649699, 46.77597041679197], [38.7829695273096, 46.65593231463121], [38.789888422549126, 46.5358937935582], [38.79677679655444, 46.41585485717138], [38.803634910806515, 46.295815509030206], [38.81046302396778, 46.17577575265578], [38.81726139192066, 46.05573559153135], [38.82403026780557, 45.9356950291028], [38.8307699020583, 45.81565406877919], [38.83748054244677, 45.695612713933194], [38.84416243410717, 45.57557096790174], [38.850815819579594, 45.45552883398632], [38.857440938843, 45.33548631545355], [38.86403802934968, 45.21544341553569], [38.87060732605918, 45.09540013743097], [38.877149061471606, 44.9753564843042], [38.88366346566051, 44.855312459287084], [38.890150766305176, 44.73526806547878], [38.896611188722396, 44.6152233059462], [38.903044955897805, 44.49517818372457], [38.90945228851662, 44.37513270181774], [38.915833404994046, 44.2550868631987], [38.92218852150506, 44.13504067080988], [38.928517852013805, 44.01499412756361], [38.93482160830252, 43.89494723634256], [38.9411, 43.7749]]}, "properties": {"fa_flight_id": "RA65689-1526436133-adhoc-0", "registration": "RA-65689", "ident": "RA-65689", "ident_icao": NaN, "origin_code": "L 55.77730 38.14251", "origin_city": "Moscow", "destination_code": "L 43.77490 38.94110", "destination_city": NaN, "scheduled_out": NaN, "estimated_out": NaN, "actual_out": NaN, "scheduled_off": "2018-05-16T02:02:13Z", "estimated_off": "2018-05-16T02:02:13Z", "actual_off": "2018-05-16T02:02:13Z", "scheduled_on": NaN, "estimated_on": NaN, "actual_on": "2018-05-16T02:02:13Z", "scheduled_in": NaN, "estimated_in": NaN, "actual_in": NaN, "status": "result unknown", "route_distance": NaN, "diverted": false, "cancelled": false, "simplified_departure_date": "2018-05-16", "origin_coords": [55.7773, 38.14251], "destination_coords": [43.7749, 38.9411], "is_same_city": false}}, {"type": "Feature", "geometry": {"type": "LineString", "coordinates": [[41.41132000000001, 47.94873], [41.3825204175138, 48.02886186234867], [41.35363114218711, 48.10898650467782], [41.324651649004956, 48.18910388406886], [41.29558140910375, 48.26921395728163], [41.266419889735964, 48.34931668075141], [41.2371665542345, 48.42941201058586], [41.20782086197664, 48.50949990256186], [41.17838226834763, 48.58958031212248], [41.148850224703864, 48.66965319437373], [41.119224178335664, 48.749718504081386], [41.08950357242969, 48.82977619566782], [41.05968784603082, 48.90982622320859], [41.02977643400384, 48.98986854042926], [40.999768766994514, 49.069903100702014], [40.96966427139031, 49.14992985704222], [40.93946236928069, 49.22994876210506], [40.90916247841699, 49.3099597681821], [40.878764012171786, 49.38996282719768], [40.84826637949797, 49.46995789070551], [40.81766898488715, 49.549944909884985], [40.78697122832779, 49.62992383553761], [40.756172505262825, 49.709894618083304], [40.725272206546734, 49.78985720755676], [40.69426971840228, 49.86981155360364], [40.66316442237665, 49.94975760547677], [40.631955695297165, 50.029695312032395], [40.600642909226494, 50.109624621726205], [40.56922543141736, 50.189545482609475], [40.53770262426674, 50.26945784232504], [40.50607384526961, 50.34936164810336], [40.47433844697204, 50.42925684675838], [40.44249577692394, 50.50914338468347], [40.4105451776311, 50.58902120784725], [40.37848598650687, 50.66889026178941], [40.34631753582311, 50.748750491616434], [40.314039152660804, 50.828601841997276], [40.281650158859875, 50.908444257159054], [40.249149870968644, 50.98827768088263], [40.216537600192574, 51.068102056498134], [40.18381265234256, 51.147917326880496], [40.15097432778247, 51.22772343444481], [40.11802192137629, 51.30752032114181], [40.084954722434475, 51.38730792845313], [40.051772014659846, 51.46708619738663], [40.01847307609273, 51.546855068471544], [39.98505717905561, 51.62661448175372], [39.951523590097054, 51.70636437679066], [39.91787156993498, 51.78610469264662], [39.88410037339941, 51.86583536788754], [39.85020924937437, 51.94555634057601], [39.816197440739295, 52.02526754826611], [39.782064184309625, 52.104968927998215], [39.74780871077684, 52.18466041629377], [39.71343024464767, 52.26434194914989], [39.67892800418273, 52.344013462034056], [39.64430120133433, 52.42367488987861], [39.60954904168365, 52.50332616707526], [39.57467072437715, 52.58296722746945], [39.5396654420622, 52.66259800435478], [39.504532380822006, 52.74221843046718], [39.469270720109826, 52.82182843797924], [39.43387963268227, 52.90142795849422], [39.39835828453196, 52.98101692304019], [39.36270583481932, 53.060595262064034], [39.326921435803605, 53.140162905425285], [39.291004232773076, 53.21971978239001], [39.25495336397441, 53.29926582162465], [39.2187679605412, 53.37880095118953], [39.18244714642168, 53.45832509853266], [39.14599003830558, 53.5378381904831], [39.109395745550046, 53.617340153244555], [39.07266337010479, 53.69683091238863], [39.03579200643624, 53.776310392848174], [38.99878074145089, 53.855778518910455], [38.96162865441765, 53.93523521421029], [38.92433481688927, 54.01468040172306], [38.886898292622924, 54.094114003757646], [38.84931813749973, 54.173535941949325], [38.81159339944334, 54.252946137252465], [38.77372311833756, 54.33234450993325], [38.73570632594297, 54.411730979562215], [38.69754204581258, 54.49110546500677], [38.65922929320638, 54.57046788442353], [38.6207670750049, 54.64981815525068], [38.58215438962176, 54.729156194200115], [38.54339022691513, 54.80848191724953], [38.50447356809807, 54.88779523963444], [38.46540338564783, 54.96709607584001], [38.42617864321409, 55.04638433959295], [38.3867982955259, 55.125659943853044], [38.347261288297744, 55.20492280080486], [38.307566558134226, 55.28417282184908], [38.26771303243367, 55.363409917593984], [38.227699629290605, 55.44263399784659], [38.18752525739694, 55.52184497160378], [38.14718881594197, 55.60104274704338], [38.106689194511176, 55.68022723151498], [38.066025272983694, 55.75939833153075], [38.02519592142863, 55.83855595275605], [37.9842, 55.9177]]}, "properties": {"fa_flight_id": "RA65689-1526143694-adhoc-0", "registration": "RA-65689", "ident": "RA-65689", "ident_icao": NaN, "origin_code": "L 47.94873 41.41132", "origin_city": "Stavropol", "destination_code": "L 55.91770 37.98420", "destination_city": "Moscow", "scheduled_out": NaN, "estimated_out": NaN, "actual_out": NaN, "scheduled_off": "2018-05-12T16:48:14Z", "estimated_off": "2018-05-12T16:48:14Z", "actual_off": "2018-05-12T16:48:14Z", "scheduled_on": NaN, "estimated_on": NaN, "actual_on": "2018-05-12T16:48:14Z", "scheduled_in": NaN, "estimated_in": NaN, "actual_in": NaN, "status": "result unknown", "route_distance": NaN, "diverted": false, "cancelled": false, "simplified_departure_date": "2018-05-12", "origin_coords": [47.94873, 41.41132], "destination_coords": [55.9177, 37.9842], "is_same_city": false}}, {"type": "Feature", "geometry": {"type": "LineString", "coordinates": [[38.18615, 55.7693], [38.20477797245233, 55.6848996292007], [38.22332571054025, 55.60049645058126], [38.24179380887701, 55.51609048504269], [38.26018285634779, 55.43168175328345], [38.27849343617859, 55.347270275801996], [38.296726126004096, 55.2628560728991], [38.31488149793464, 55.17843916468031], [38.332960118622104, 55.09401957105825], [38.35096254932499, 55.009597311754916], [38.368889345972505, 54.92517240630404], [38.38674105922781, 54.84074487405328], [38.4045182345502, 54.75631473416637], [38.42222141225673, 54.67188200562546], [38.43985112758256, 54.58744670723317], [38.45740791074085, 54.50300885761469], [38.47489228698155, 54.41856847521994], [38.49230477664948, 54.33412557832562], [38.50964589524159, 54.24968018503721], [38.52691615346341, 54.165232313291014], [38.544116057284704, 54.0807819808561], [38.561246107994414, 53.996329205336316], [38.57830680225478, 53.91187400417213], [38.59529863215473, 53.8274163946426], [38.61222208526257, 53.742956393867175], [38.62907764467791, 53.65849401880764], [38.64586578908294, 53.57402928626981], [38.66258699279288, 53.48956221290546], [38.679241725805916, 53.405092815213955], [38.695830453852324, 53.3206211095441], [38.71235363844296, 53.23614711209582], [38.72881173691717, 53.15167083892188], [38.74520520248991, 53.06719230592953], [38.76153448429836, 52.982711528882184], [38.77780002744786, 52.898228523401016], [38.79400227305721, 52.81374330496664], [38.81014165830342, 52.7292558889206], [38.82621861646583, 52.64476629046701], [38.842233576969576, 52.56027452467407], [38.85818696542862, 52.475780606475595], [38.87407920368812, 52.39128455067249], [38.88991070986621, 52.30678637193429], [38.9056818983953, 52.22228608480057], [38.92139318006282, 52.13778370368244], [38.93704496205139, 52.05327924286391], [38.952637647978456, 51.96877271650333], [38.96817163793548, 51.88426413863479], [38.983647328526565, 51.799753523169485], [38.99906511290656, 51.715240883896996], [39.01442538081867, 51.63072623448676], [39.02972851863169, 51.54620958848925], [39.044974909376585, 51.461690959337375], [39.06016493278271, 51.37717036034768], [39.07529896531348, 51.292647804721675], [39.090377380201744, 51.20812330554707], [39.105400547484486, 51.12359687579898], [39.12036883403723, 51.03906852834116], [39.135282603607955, 50.95453827592723], [39.15014221685058, 50.87000613120179], [39.16494803135807, 50.7854721067017], [39.179700401695, 50.700936214857116], [39.19439967942983, 50.61639846799273], [39.209046213166715, 50.53185887832885], [39.22364034857694, 50.44731745798249], [39.23818242842993, 50.36277421896853], [39.25267279262384, 50.278229173200735], [39.26711177821588, 50.193682332492884], [39.281499719452114, 50.109133708559774], [39.295836947796985, 50.024583313018304], [39.31012379196243, 49.940031157388475], [39.32436057793665, 49.85547725309445], [39.33854762901251, 49.770921611465496], [39.352685265815595, 49.68636424373704], [39.366773806331906, 49.60180516105161], [39.38081356593524, 49.517244374459786], [39.39480485741418, 49.43268189492123], [39.40874799099885, 49.348117733305564], [39.4226432743872, 49.263551900393296], [39.436491012771114, 49.178984406876786], [39.450291508862115, 49.09441526336118], [39.46404506291674, 49.00984448036516], [39.47775197276169, 48.92527206832203], [39.4914125338186, 48.84069803758044], [39.50502703912851, 48.75612239840534], [39.51859577937612, 48.67154516097879], [39.53211904291364, 48.58696633540081], [39.545597115784425, 48.50238593169024], [39.559030281746324, 48.41780395978554], [39.572418822294686, 48.33322042954563], [39.585763016685185, 48.248635350750604], [39.59906314195631, 48.164048733102696], [39.612319472951555, 48.079460586226915], [39.62553228234145, 47.99487091967187], [39.63870184064524, 47.910279742910554], [39.651828416252314, 47.825687065341086], [39.66491227544344, 47.74109289628744], [39.67795368241168, 47.65649724500022], [39.69095289928312, 47.571900120657396], [39.70391018613725, 47.48730153236496], [39.71682580102726, 47.40270148915774], [39.729699999999994, 47.3181]]}, "properties": {"fa_flight_id": "RA65689-1526132888-adhoc-0", "registration": "RA-65689", "ident": "RA-65689", "ident_icao": NaN, "origin_code": "L 55.76930 38.18615", "origin_city": "Moscow", "destination_code": "L 47.31810 39.72970", "destination_city": "Krasnodar Krai", "scheduled_out": NaN, "estimated_out": NaN, "actual_out": NaN, "scheduled_off": "2018-05-12T13:48:08Z", "estimated_off": "2018-05-12T13:48:08Z", "actual_off": "2018-05-12T13:48:08Z", "scheduled_on": NaN, "estimated_on": NaN, "actual_on": "2018-05-12T13:48:08Z", "scheduled_in": NaN, "estimated_in": NaN, "actual_in": NaN, "status": "result unknown", "route_distance": NaN, "diverted": false, "cancelled": false, "simplified_departure_date": "2018-05-12", "origin_coords": [55.7693, 38.18615], "destination_coords": [47.3181, 39.7297], "is_same_city": false}}, {"type": "Feature", "geometry": {"type": "LineString", "coordinates": [[40.985339999999994, 48.08407], [40.95972037962339, 48.16297603664042], [40.93402182036191, 48.241876362750844], [40.90824386467009, 48.32077094481496], [40.882386051666835, 48.39965974906779], [40.856447917105015, 48.478542741493364], [40.83042899334052, 48.5574198878224], [40.80432880930121, 48.63629115352987], [40.77814689045531, 48.71515650383265], [40.75188275877966, 48.79401590368709], [40.72553593272744, 48.8728693177865], [40.699105927195696, 48.95171671055874], [40.67259225349243, 49.030558046163705], [40.645994419303335, 49.10939328849071], [40.619311928658206, 49.188222401155976], [40.59254428189694, 49.2670453475001], [40.56569097563521, 49.345862090585285], [40.53875150272972, 49.42467259319282], [40.511725352243076, 49.50347681782029], [40.48461200940833, 49.582274726678975], [40.45741095559308, 49.66106628169098], [40.43012166826318, 49.73985144448653], [40.40274362094606, 49.81863017640119], [40.375276283193635, 49.89740243847294], [40.3477191205448, 49.976168191439356], [40.32007159448755, 50.054927395734694], [40.29233316242059, 50.13368001148699], [40.26450327761457, 50.21242599851499], [40.23658138917296, 50.29116531632521], [40.20856694199232, 50.36989792410896], [40.180459376722276, 50.4486237807391], [40.15225812972496, 50.52734284476707], [40.1239626330341, 50.60605507441969], [40.09557231431342, 50.68476042759597], [40.06708659681492, 50.763458861863896], [40.0385048993363, 50.84215033445718], [40.00982663617828, 50.92083480227196], [39.98105121710109, 50.999512221863455], [39.952178047280725, 51.07818254944259], [39.92320652726456, 51.15684574087256], [39.894136052926534, 51.235501751665474], [39.86496601542178, 51.31415053697871], [39.835695801140744, 51.392792051611494], [39.806324791662796, 51.47142625000129], [39.7768523637093, 51.55005308622016], [39.74727788909617, 51.62867251397112], [39.71760073468579, 51.70728448658441], [39.68782026233852, 51.78588895701382], [39.65793582886353, 51.86448587783275], [39.627946785969115, 51.94307520123053], [39.597852480212445, 52.02165687900841], [39.56765225294869, 52.10023086257571], [39.53734544027957, 52.17879710294577], [39.50693137300137, 52.25735555073201], [39.476409376552226, 52.33590615614372], [39.44577877095894, 52.41444886898209], [39.415038870783015, 52.49298363863591], [39.38418898506623, 52.57151041407742], [39.35322841727544, 52.650029143858], [39.32215646524678, 52.72853977610382], [39.290972421129226, 52.80704225851151], [39.25967557132747, 52.88553653834367], [39.22826519644415, 52.964022562424425], [39.19674057122134, 53.042500277134856], [39.16510096448138, 53.12096962840841], [39.13334563906706, 53.19943056172623], [39.101473851781, 53.277883022112434], [39.06948485332435, 53.356326954129365], [39.037377888234744, 53.43476230187275], [39.0051521948236, 53.51318900896682], [38.972807005112514, 53.591607018559316], [38.94034154476903, 53.670016273316534], [38.90775503304157, 53.7484167154182], [38.87504668269359, 53.82680828655235], [38.842215699936986, 53.90519092791012], [38.809261284364624, 53.98356458018049], [38.77618262888213, 54.061929183544976], [38.7429789196388, 54.14028467767212], [38.70964933595771, 54.21863100171213], [38.67619305026493, 54.29696809429134], [38.642609228017946, 54.37529589350648], [38.60889702763318, 54.45361433691918], [38.57505560041258, 54.53192336155003], [38.54108409046936, 54.61022290387288], [38.50698163465288, 54.688512899808934], [38.47274736247249, 54.766793284720684], [38.43838039602049, 54.845063993405965], [38.40387984989426, 54.92332496009175], [38.36924483111716, 55.001576118428005], [38.334474439058766, 55.07981740148135], [38.299567765353885, 55.15804874172872], [38.26452389382067, 55.23627007105089], [38.22934190037773, 55.31448132072598], [38.194020852960165, 55.392682421422805], [38.15855981143457, 55.47087330319418], [38.122957827513005, 55.549053895470145], [38.08721394466586, 55.62722412705105], [38.051327198033654, 55.70538392610062], [38.01529661433768, 55.78353322013888], [37.97912121178964, 55.86167193603498], [37.9428, 55.9398]]}, "properties": {"fa_flight_id": "RA65689-1526119968-adhoc-0", "registration": "RA-65689", "ident": "RA-65689", "ident_icao": NaN, "origin_code": "L 48.08407 40.98534", "origin_city": "Stavropol", "destination_code": "L 55.93980 37.94280", "destination_city": "Moscow", "scheduled_out": NaN, "estimated_out": NaN, "actual_out": NaN, "scheduled_off": "2018-05-12T10:12:48Z", "estimated_off": "2018-05-12T10:12:48Z", "actual_off": "2018-05-12T10:12:48Z", "scheduled_on": NaN, "estimated_on": NaN, "actual_on": "2018-05-12T10:12:48Z", "scheduled_in": NaN, "estimated_in": NaN, "actual_in": NaN, "status": "result unknown", "route_distance": NaN, "diverted": false, "cancelled": false, "simplified_departure_date": "2018-05-12", "origin_coords": [48.08407, 40.98534], "destination_coords": [55.9398, 37.9428], "is_same_city": false}}, {"type": "Feature", "geometry": {"type": "LineString", "coordinates": [[37.78289999999999, 55.46761], [37.80449394734539, 55.386248841611184], [37.82599922110444, 55.30488389413896], [37.847416448482846, 55.22351518455884], [37.86874625093622, 55.14214273959694], [37.88998924423558, 55.06076658573278], [37.91114603853227, 54.97938674920222], [37.93221723842183, 54.89800325600017], [37.95320344300699, 54.81661613188344], [37.974105245959954, 54.7352254023734], [37.99492323558372, 54.653831092758686], [38.01565799487259, 54.572433228097836], [38.03631010157196, 54.49103183322195], [38.0568801282372, 54.40962693273724], [38.077368642291795, 54.328218551027526], [38.097776206084774, 54.24680671225685], [38.11810337694725, 54.16539144037185], [38.13835070724833, 54.0839727591043], [38.15851874445019, 54.00255069197341], [38.17860803116249, 53.92112526228831], [38.19861910519608, 53.839696493150306], [38.21855249961592, 53.75826440745531], [38.23840874279336, 53.67682902789597], [38.25818835845781, 53.59539037696408], [38.277891865747534, 53.51394847695269], [38.29751977926005, 53.43250334995834], [38.31707260910159, 53.35105501788328], [38.33655086093615, 53.26960350243752], [38.355955036033826, 53.18814882514098], [38.375285631318434, 53.106691007325594], [38.39454313941465, 53.025230070137326], [38.4137280486945, 52.94376603453823], [38.432840843323234, 52.86229892130841], [38.45188200330456, 52.78082875104808], [38.47085200452549, 52.699355544179404], [38.48975131880033, 52.617879320948525], [38.50858041391439, 52.536400101427354], [38.52733975366693, 52.45491790551561], [38.54602979791369, 52.37343275294247], [38.56465100260882, 52.291944663268566], [38.583203819846275, 52.21045365588772], [38.60168869790077, 52.1289597500287], [38.62010608126804, 52.04746296475705], [38.638456410704876, 51.96596331897676], [38.65674012326833, 51.88446083143204], [38.6749576523547, 51.802955520708935], [38.693109427737895, 51.72144740523712], [38.71119587560733, 51.63993650329141], [38.72921741860542, 51.558422832993514], [38.747174475864504, 51.47690641231354], [38.76506746304338, 51.39538725907165], [38.78289679236339, 51.31386539093964], [38.80066287264405, 51.232340825442456], [38.81836610933822, 51.1508135799597], [38.836006904566865, 51.069283671727234], [38.85358565715335, 50.98775111783857], [38.87110276265743, 50.9062159352464], [38.888558613408655, 50.824678140764085], [38.90595359853949, 50.743137751066996], [38.92328810401802, 50.66159478269403], [38.9405625126802, 50.58004925204897], [38.95777720426177, 50.49850117540187], [38.974932555429774, 50.41695056889044], [38.992028939813636, 50.33539744852139], [39.009066728036, 50.25384183017177], [39.02604628774301, 50.172283729590305], [39.04296798363444, 50.09072316239865], [39.05983217749325, 50.00916014409276], [39.07663922821497, 49.92759469004407], [39.0933894918366, 49.846026815500814], [39.110083321565256, 49.76445653558926], [39.126721067806436, 49.68288386531494], [39.14330307819193, 49.60130881956382], [39.15982969760744, 49.51973141310357], [39.17630126821989, 49.438151660584694], [39.1927181295043, 49.35656957654168], [39.20908061827052, 49.27498517539425], [39.22538906868948, 49.19339847144842], [39.241643812319275, 49.11180947889765], [39.25784517813079, 49.030218211823986], [39.273993492533215, 48.948624684199096], [39.290089079399074, 48.86702890988545], [39.30613226008909, 48.785430902637316], [39.32212335347671, 48.70383067610187], [39.33806267597239, 48.62222824382028], [39.35395054154747, 48.540623619228626], [39.369787261757985, 48.459016815659055], [39.38557314576801, 48.37740784634072], [39.40130850037279, 48.29579672440083], [39.41699363002176, 48.2141834628656], [39.43262883684094, 48.132568074661265], [39.44821442065554, 48.05095057261502], [39.46375067901189, 47.969330969456024], [39.479237907199376, 47.8877092778163], [39.494676398272034, 47.80608551023166], [39.510066443069896, 47.72445967914273], [39.525408330240126, 47.642831796895706], [39.540702346257895, 47.5612018757434], [39.555948775447, 47.479569927846086], [39.571147900000334, 47.39793596527235], [39.5863, 47.31629999999999]]}, "properties": {"fa_flight_id": "RA65689-1526101207-adhoc-0", "registration": "RA-65689", "ident": "RA-65689", "ident_icao": NaN, "origin_code": "L 55.46761 37.78290", "origin_city": "Moscow", "destination_code": "L 47.31630 39.58630", "destination_city": "Krasnodar Krai", "scheduled_out": NaN, "estimated_out": NaN, "actual_out": NaN, "scheduled_off": "2018-05-12T05:00:07Z", "estimated_off": "2018-05-12T05:00:07Z", "actual_off": "2018-05-12T05:00:07Z", "scheduled_on": NaN, "estimated_on": NaN, "actual_on": "2018-05-12T05:00:07Z", "scheduled_in": NaN, "estimated_in": NaN, "actual_in": NaN, "status": "result unknown", "route_distance": NaN, "diverted": false, "cancelled": false, "simplified_departure_date": "2018-05-12", "origin_coords": [55.46761, 37.7829], "destination_coords": [47.3163, 39.5863], "is_same_city": false}}, {"type": "Feature", "geometry": {"type": "LineString", "coordinates": [[39.07019, 51.91603], [39.06256048260065, 51.954797920952196], [39.05491776033581, 51.99356534797264], [39.0472617920472, 52.03233227951552], [39.03959253641102, 52.07109871402873], [39.03190995193706, 52.10986464995385], [39.02421399696788, 52.14863008572617], [39.016504629677954, 52.187395019774634], [39.008781808072825, 52.226159450521806], [39.00104548998824, 52.264923376383834], [38.99329563308928, 52.30368679577041], [38.985532194869506, 52.342449707084775], [38.97775513265008, 52.38121210872362], [38.969964403578885, 52.41997399907712], [38.96215996462964, 52.458735376528836], [38.954341772601005, 52.49749623945577], [38.94650978411571, 52.536256586228234], [38.93866395561963, 52.57501641520986], [38.93080424338087, 52.61377572475759], [38.92293060348888, 52.65253451322159], [38.91504299185355, 52.69129277894525], [38.90714136420423, 52.730050520265145], [38.89922567608884, 52.76880773551099], [38.891295882872946, 52.8075644230056], [38.88335193973881, 52.84632058106487], [38.875393801684446, 52.88507620799775], [38.867421423522615, 52.92383130210615], [38.85943475987996, 52.96258586168497], [38.85143376519601, 53.00133988502204], [38.84341839372215, 53.040093370398075], [38.83538859952075, 53.07884631608663], [38.827344336464066, 53.11759872035412], [38.819285558233375, 53.15635058145967], [38.81121221831789, 53.195101897655206], [38.803124270013804, 53.23385266718534], [38.79502166642327, 53.27260288828732], [38.786904360453384, 53.31135255919106], [38.778772304815185, 53.350101678119024], [38.770625452022614, 53.38885024328627], [38.762463754391504, 53.427598252900324], [38.754287164038494, 53.4663457051612], [38.74609563288005, 53.50509259826134], [38.737889112631386, 53.543838930385576], [38.72966755480537, 53.58258469971107], [38.72143091071151, 53.62132990440732], [38.713179131454886, 53.66007454263608], [38.70491216793503, 53.69881861255134], [38.696629970844874, 53.73756211229926], [38.688332490669666, 53.776305040018144], [38.68001967768583, 53.81504739383843], [38.67169148195991, 53.85378917188257], [38.66334785334745, 53.89253037226507], [38.65498874149185, 53.9312709930924], [38.64661409582322, 53.97001103246294], [38.638223865557336, 54.00875048846701], [38.62981799969444, 54.04748935918672], [38.62139644701804, 54.08622764269604], [38.6129591560939, 54.12496533706063], [38.60450607526872, 54.163702440337914], [38.5960371526691, 54.202438950576976], [38.58755233620024, 54.24117486581853], [38.579051573544874, 54.279910184094824], [38.57053481216197, 54.31864490342971], [38.56200199928565, 54.35737902183846], [38.55345308192386, 54.39611253732786], [38.54488800685723, 54.434845447896016], [38.53630672063783, 54.473577751532446], [38.527709169587986, 54.512309446217934], [38.51909529979892, 54.551040529924535], [38.51046505712966, 54.5897710006155], [38.501818387205645, 54.62850085624523], [38.49315523541758, 54.667230094759304], [38.484475546920095, 54.70595871409425], [38.47577926663046, 54.7446867121777], [38.46706633922734, 54.783414086928246], [38.458336709149485, 54.82214083625535], [38.44959032059444, 54.86086695805937], [38.440827117517166, 54.899592450231474], [38.43204704362883, 54.938317310653595], [38.42325004239536, 54.97704153719839], [38.41443605703619, 55.01576512772916], [38.405605030522906, 55.05448808009983], [38.39675690557782, 55.09321039215491], [38.387891624672704, 55.131932061729366], [38.37900913002734, 55.17065308664866], [38.3701093636082, 55.20937346472864], [38.36119226712698, 55.24809319377553], [38.35225778203928, 55.286812271585816], [38.343305849543135, 55.32553069594625], [38.33433641057762, 55.36424846463375], [38.325349405821434, 55.4029655754154], [38.316344775691434, 55.44168202604835], [38.30732246034122, 55.48039781427975], [38.29828239965965, 55.51911293784677], [38.289224533269376, 55.55782739447644], [38.28014880052542, 55.596541181885684], [38.27105514051359, 55.6352542977812], [38.26194349204911, 55.67396673985945], [38.252813793674974, 55.71267850580655], [38.24366598366055, 55.751389593298306], [38.2345, 55.790099999999995]]}, "properties": {"fa_flight_id": "RA65689-1526730663-adhoc-0", "registration": "RA-65689", "ident": "RA-65689", "ident_icao": NaN, "origin_code": "L 51.91603 39.07019", "origin_city": "Moscow", "destination_code": "L 55.79010 38.23450", "destination_city": "Moscow", "scheduled_out": NaN, "estimated_out": NaN, "actual_out": NaN, "scheduled_off": "2018-05-19T11:51:03Z", "estimated_off": "2018-05-19T11:51:03Z", "actual_off": "2018-05-19T11:51:03Z", "scheduled_on": NaN, "estimated_on": NaN, "actual_on": "2018-05-19T11:51:03Z", "scheduled_in": NaN, "estimated_in": NaN, "actual_in": NaN, "status": "result unknown", "route_distance": NaN, "diverted": false, "cancelled": false, "simplified_departure_date": "2018-05-19", "origin_coords": [51.91603, 39.07019], "destination_coords": [55.7901, 38.2345], "is_same_city": false}}, {"type": "Feature", "geometry": {"type": "LineString", "coordinates": [[38.279289999999996, 55.784279999999995], [38.28967335463513, 55.746989224324984], [38.3000368794041, 55.709697574897476], [38.31038063935213, 55.67240505460389], [38.32070469924748, 55.63511166631824], [38.33100912358292, 55.59781741290222], [38.341293976577205, 55.56052229720521], [38.35155932217648, 55.52322632206445], [38.361805224055786, 55.48592949030496], [38.37203174562044, 55.44863180473975], [38.38223895000748, 55.41133326816979], [38.39242690008711, 55.37403388338409], [38.40259565846403, 55.3367336531598], [38.41274528747892, 55.29943258026222], [38.42287584920976, 55.26213066744494], [38.432987405473256, 55.224827917449794], [38.44308001782616, 55.18752433300704], [38.453153747566716, 55.15021991683532], [38.463208655735926, 55.11291467164177], [38.47324480311894, 55.07560860012212], [38.48326225024639, 55.03830170496068], [38.49326105739572, 55.00099398883039], [38.5032412845925, 54.96368545439299], [38.51320299161174, 54.92637610429898], [38.52314623797919, 54.88906594118771], [38.533071082972654, 54.851754967687434], [38.54297758562326, 54.814443186415374], [38.55286580471674, 54.77713059997778], [38.56273579879472, 54.73981721096997], [38.572587626155986, 54.70250302197643], [38.5824213448577, 54.665188035570814], [38.592237012716694, 54.627872254316024], [38.602034687310706, 54.5905556807643], [38.611814425979595, 54.55323831745722], [38.62157628582656, 54.51592016692579], [38.63132032371942, 54.47860123169048], [38.64104659629174, 54.44128151426131], [38.65075515994408, 54.40396101713787], [38.6604460708452, 54.36663974280938], [38.67011938493323, 54.32931769375476], [38.67977515791687, 54.29199487244268], [38.68941344527655, 54.25467128133161], [38.69903430226559, 54.217346922869844], [38.70863778391137, 54.180021799495606], [38.71822394501651, 54.14269591363705], [38.727792840159964, 54.105369267712376], [38.737344523698226, 54.06804186412982], [38.74687904976637, 54.03071370528768], [38.75639647227927, 53.99338479357451], [38.765896844932676, 53.956055131368984], [38.77538022120432, 53.918724721040114], [38.78484665435503, 53.88139356494715], [38.79429619742986, 53.84406166543976], [38.803728903259085, 53.80672902485799], [38.813144824459435, 53.76939564553234], [38.822544013435035, 53.73206152978385], [38.83192652237857, 53.69472667992409], [38.841292403272305, 53.65739109825522], [38.85064170788915, 53.62005478707009], [38.85997448779374, 53.58271774865221], [38.86929079434344, 53.545379985275886], [38.87859067868945, 53.50804149920615], [38.88787419177774, 53.47070229269894], [38.89714138435018, 53.433362368001035], [38.906392306945506, 53.39602172735017], [38.91562700990038, 53.35868037297503], [38.92484554335033, 53.32133830709536], [38.93404795723078, 53.283995531921946], [38.94323430127815, 53.24665204965671], [38.95240462503068, 53.20930786249273], [38.96155897782954, 53.17196297261424], [38.97069740881974, 53.134617382196815], [38.97981996695116, 53.09727109340722], [38.98892670097949, 53.059924108403614], [38.99801765946718, 53.02257642933554], [39.00709289078444, 52.985228058343914], [39.01615244311016, 52.947878997561155], [39.025196364432844, 52.9105292491112], [39.03422470255159, 52.873178815109505], [39.043237505077016, 52.83582769766312], [39.052234819432144, 52.79847589887074], [39.061216692853414, 52.76112342082273], [39.070183172391495, 52.72377026560117], [39.07913430491227, 52.68641643527993], [39.08807013709776, 52.64906193192461], [39.09699071544696, 52.61170675759269], [39.105896086276786, 52.57435091433355], [39.114786295722936, 52.53699440418847], [39.12366138974081, 52.499637229190654], [39.132521414106385, 52.462279391365385], [39.14136641441708, 52.424920892729894], [39.15019643609261, 52.38756173529356], [39.159011524375885, 52.35020192105784], [39.16781172433388, 52.312841452016364], [39.17659708085846, 52.275480330154956], [39.18536763866723, 52.23811855745168], [39.19412344230443, 52.20075613587684], [39.20286453614172, 52.163393067393066], [39.21159096437904, 52.12602935395537], [39.220302771045475, 52.08866499751108], [39.229, 52.051300000000005]]}, "properties": {"fa_flight_id": "RA65689-1526708047-adhoc-0", "registration": "RA-65689", "ident": "RA-65689", "ident_icao": NaN, "origin_code": "L 55.78428 38.27929", "origin_city": "Moscow", "destination_code": "L 52.05130 39.22900", "destination_city": "Moscow", "scheduled_out": NaN, "estimated_out": NaN, "actual_out": NaN, "scheduled_off": "2018-05-19T05:34:07Z", "estimated_off": "2018-05-19T05:34:07Z", "actual_off": "2018-05-19T05:34:07Z", "scheduled_on": NaN, "estimated_on": NaN, "actual_on": "2018-05-19T05:34:07Z", "scheduled_in": NaN, "estimated_in": NaN, "actual_in": NaN, "status": "result unknown", "route_distance": NaN, "diverted": false, "cancelled": false, "simplified_departure_date": "2018-05-19", "origin_coords": [55.78428, 38.27929], "destination_coords": [52.0513, 39.229], "is_same_city": false}}, {"type": "Feature", "geometry": {"type": "LineString", "coordinates": [[37.355630000000005, 54.99266], [37.36443016616706, 55.00062557443073], [37.373233827498176, 55.008590513554026], [37.38204098613733, 55.01655481692944], [37.39085164422998, 55.024518484116186], [37.39966580392296, 55.0324815146731], [37.40848346736453, 55.04044390815864], [37.41730463670443, 55.04840566413093], [37.42612931409375, 55.056366782147705], [37.434957501685055, 55.064327261766344], [37.44378920163232, 55.07228710254383], [37.45262441609095, 55.08024630403684], [37.46146314721777, 55.08820486580163], [37.47030539717107, 55.096162787394114], [37.4791511681105, 55.10412006836985], [37.488000462197206, 55.11207670828399], [37.496853281593744, 55.120032706691354], [37.50570962846408, 55.127988063146375], [37.514569504973664, 55.13594277720312], [37.52343291328932, 55.14389684841528], [37.53229985557935, 55.15185027633621], [37.54117033401347, 55.15980306051887], [37.550044350762846, 55.16775520051582], [37.55892190800007, 55.175706695879306], [37.56780300789918, 55.18365754616118], [37.576687652635634, 55.19160775091291], [37.585575844386355, 55.199557309685616], [37.59446758532969, 55.20750622203001], [37.60336287764544, 55.21545448749648], [37.612261723514834, 55.223402105635024], [37.621164125120536, 55.23134907599521], [37.6300700846467, 55.23929539812635], [37.63897960427886, 55.247241071577264], [37.64789268620403, 55.25518609589649], [37.65680933261068, 55.26313047063212], [37.6657295456887, 55.27107419533191], [37.67465332762943, 55.27901726954324], [37.68358068062569, 55.28695969281312], [37.69251160687171, 55.29490146468817], [37.70144610856318, 55.30284258471462], [37.710384187897276, 55.31078305243835], [37.71932584707256, 55.318722867404865], [37.728271088289105, 55.32666202915929], [37.737219913748405, 55.334600537246345], [37.74617232565341, 55.34253839121039], [37.75512832620854, 55.35047559059543], [37.764087917619655, 55.35841213494507], [37.77305110209409, 55.36634802380252], [37.7820178818406, 55.374283256710655], [37.79098825906945, 55.382217833211925], [37.799962235992304, 55.39015175284844], [37.80893981482233, 55.39808501516188], [37.81792099777415, 55.40601761969361], [37.826905787063836, 55.41394956598456], [37.83589418490891, 55.4218808535753], [37.844886193528374, 55.429811482006016], [37.85388181514271, 55.43774145081651], [37.86288105197381, 55.44567075954621], [37.871883906245095, 55.45359940773417], [37.880890380181405, 55.46152739491901], [37.88990047600906, 55.46945472063906], [37.89891419595587, 55.47738138443216], [37.90793154225104, 55.48530738583583], [37.91695251712537, 55.493232724387205], [37.92597712281099, 55.50115739962302], [37.9350053615416, 55.50908141107962], [37.94403723555232, 55.517004758292984], [37.953072747079766, 55.52492744079868], [37.96211189836202, 55.5328494581319], [37.97115469163863, 55.540770809827485], [37.98020112915062, 55.548691495419824], [37.9892512131405, 55.55661151444297], [37.998304945852254, 55.56453086643057], [38.00736232953132, 55.57244955091588], [38.01642336642464, 55.58036756743178], [38.02548805878063, 55.58828491551074], [38.034556408849156, 55.596201594684864], [38.043628418881624, 55.60411760448585], [38.05270409113085, 55.61203294444503], [38.06178342785117, 55.61994761409333], [38.07086643129841, 55.627861612961276], [38.07995310372985, 55.635774940579], [38.08904344740427, 55.64368759647628], [38.09813746458194, 55.65159958018247], [38.10723515752459, 55.659510891226546], [38.11633652849549, 55.66742152913707], [38.12544157975932, 55.67533149344225], [38.1345503135823, 55.68324078366987], [38.14366273223213, 55.69114939934732], [38.15277883797799, 55.69905734000164], [38.161898633090566, 55.7069646051594], [38.171022119842, 55.714871194346856], [38.18014930050597, 55.72277710708981], [38.1892801773576, 55.7306823429137], [38.19841475267356, 55.738586901343545], [38.20755302873196, 55.74649078190401], [38.216695007812426, 55.75439398411932], [38.2258406921961, 55.76229650751333], [38.2349900841656, 55.770198351609466], [38.244143186005026, 55.77809951593082], [38.2533, 55.786]]}, "properties": {"fa_flight_id": "RA65689-1534408498-adhoc-0", "registration": "RA-65689", "ident": "RA-65689", "ident_icao": NaN, "origin_code": "L 54.99266 37.35563", "origin_city": "Moscow", "destination_code": "L 55.78600 38.25330", "destination_city": "Moscow", "scheduled_out": NaN, "estimated_out": NaN, "actual_out": NaN, "scheduled_off": "2018-08-16T08:34:58Z", "estimated_off": "2018-08-16T08:34:58Z", "actual_off": "2018-08-16T08:34:58Z", "scheduled_on": NaN, "estimated_on": NaN, "actual_on": "2018-08-16T08:34:58Z", "scheduled_in": NaN, "estimated_in": NaN, "actual_in": NaN, "status": "result unknown", "route_distance": NaN, "diverted": false, "cancelled": false, "simplified_departure_date": "2018-08-16", "origin_coords": [54.99266, 37.35563], "destination_coords": [55.786, 38.2533], "is_same_city": false}}, {"type": "Feature", "geometry": {"type": "LineString", "coordinates": [[38.26518999999999, 55.75516], [38.24854013817393, 55.74370716422406], [38.23190004817592, 55.73225207872458], [38.215269721992435, 55.72079474578767], [38.19864915161536, 55.70933516769687], [38.182038329042044, 55.69787334673311], [38.165437246275225, 55.68640928517475], [38.14884589532309, 55.67494298529755], [38.13226426819926, 55.66347444937469], [38.11569235692279, 55.65200367967679], [38.099130153518175, 55.64053067847187], [38.08257765001536, 55.62905544802538], [38.0660348384497, 55.61757799060022], [38.04950171086203, 55.6060983084567], [38.03297825929862, 55.59461640385258], [38.01646447581119, 55.583132279043035], [37.99996035245692, 55.5716459362807], [37.98346588129842, 55.56015737781567], [37.966981054403774, 55.54866660589545], [37.95050586384652, 55.537173622764996], [37.93404030170567, 55.525678430666765], [37.91758436006567, 55.51418103184061], [37.90113803101645, 55.502681428523864], [37.88470130665339, 55.49117962295134], [37.86827417907736, 55.47967561735528], [37.85185664039467, 55.46816941396541], [37.83544868271714, 55.45666101500894], [37.819050298162026, 55.445150422710526], [37.802661478852066, 55.43363763929229], [37.78628221691552, 55.422122666973884], [37.769912504486044, 55.41060550797238], [37.75355233370286, 55.399086164502364], [37.7372016967106, 55.3875646387759], [37.72086058565942, 55.376040933002535], [37.70452899270496, 55.36451504938933], [37.68820691000835, 55.35298699014081], [37.671894329736176, 55.34145675745902], [37.65559124406054, 55.3299243535435], [37.63929764515905, 55.318389780591275], [37.62301352521477, 55.30685304079689], [37.606738876416294, 55.2953141363524], [37.59047369095769, 55.283773069447385], [37.574217961038514, 55.27222984226889], [37.557971678863865, 55.26068445700151], [37.5417348366443, 55.24913691582737], [37.525507426595894, 55.2375872209261], [37.50928944094024, 55.22603537447487], [37.4930808719044, 55.21448137864832], [37.476881711720964, 55.20292523561872], [37.46069195262803, 55.19136694755579], [37.44451158686922, 55.17980651662681], [37.42834060669363, 55.16824394499661], [37.412179004355885, 55.15667923482755], [37.39602677211613, 55.14511238827953], [37.37988390224001, 55.13354340751001], [37.363750386998696, 55.121972294674], [37.347626218668864, 55.11039905192406], [37.3315113895327, 55.09882368141028], [37.31540589187796, 55.08724618528034], [37.299309717997836, 55.07566656567947], [37.2832228601911, 55.06408482475045], [37.26714531076205, 55.05250096463365], [37.251077062020435, 55.04091498746699], [37.235018106281615, 55.02932689538597], [37.21896843586642, 55.01773669052365], [37.20292804310124, 55.00614437501072], [37.18689692031795, 54.994549950975355], [37.17087505985398, 54.98295342054339], [37.154862454052285, 54.97135478583822], [37.13885909526133, 54.95975404898084], [37.12286497583514, 54.9481512120898], [37.10688008813325, 54.93654627728128], [37.09090442452073, 54.924939246669055], [37.07493797736817, 54.91333012236447], [37.05898073905171, 54.901718906476496], [37.04303270195304, 54.890105601111685], [37.02709385845933, 54.87849020837425], [37.01116420096332, 54.866872730365934], [36.99524372186329, 54.85525316918615], [36.97933241356304, 54.84363152693191], [36.96343026847192, 54.83200780569784], [36.94753727900479, 54.8203820075762], [36.93165343758209, 54.80875413465684], [36.91577873662976, 54.79712418902727], [36.89991316857931, 54.78549217277263], [36.88405672586776, 54.773858087975654], [36.86820940093768, 54.762221936716756], [36.852371186237185, 54.750583721073944], [36.836542074219935, 54.7389434431229], [36.820722057345115, 54.72730110493692], [36.80491112807747, 54.71565670858697], [36.78910927888728, 54.70401025614165], [36.77331650225035, 54.69236174966721], [36.75753279064804, 54.680711191227545], [36.74175813656728, 54.66905858288422], [36.72599253250049, 54.65740392669645], [36.710235970945675, 54.64574722472112], [36.69448844440636, 54.634088479012775], [36.67874994539165, 54.6224276916236], [36.663020466416135, 54.610764864603496], [36.6473, 54.5991]]}, "properties": {"fa_flight_id": "RA65689-1534399906-adhoc-0", "registration": "RA-65689", "ident": "RA-65689", "ident_icao": NaN, "origin_code": "L 55.75516 38.26519", "origin_city": "Moscow", "destination_code": "L 54.59910 36.64730", "destination_city": "Moscow", "scheduled_out": NaN, "estimated_out": NaN, "actual_out": NaN, "scheduled_off": "2018-08-16T06:11:46Z", "estimated_off": "2018-08-16T06:11:46Z", "actual_off": "2018-08-16T06:11:46Z", "scheduled_on": NaN, "estimated_on": NaN, "actual_on": "2018-08-16T06:11:46Z", "scheduled_in": NaN, "estimated_in": NaN, "actual_in": NaN, "status": "result unknown", "route_distance": NaN, "diverted": false, "cancelled": false, "simplified_departure_date": "2018-08-16", "origin_coords": [55.75516, 38.26519], "destination_coords": [54.5991, 36.6473], "is_same_city": false}}, {"type": "Feature", "geometry": {"type": "LineString", "coordinates": [[32.26346, 59.43651], [32.32959288037468, 59.40148583606785], [32.39558911500833, 59.36642829662863], [32.461449046938874, 59.331337497093465], [32.527173018838624, 59.296213552456535], [32.59276137300776, 59.26105657729619], [32.65821445136807, 59.2258666857761], [32.72353259545672, 59.19064399164639], [32.78871614642001, 59.15538860824481], [32.85376544500741, 59.12010064849791], [32.91868083156554, 59.0847802249221], [32.98346264603229, 59.04942744962497], [33.04811122793098, 59.01404243430623], [33.11262691636471, 58.97862529025909], [33.17701005001069, 58.943176128371306], [33.24126096711467, 58.90769505912634], [33.305380005485524, 58.87218219260459], [33.369367502489816, 58.83663763848454], [33.43322379504658, 58.80106150604389], [33.49694921962198, 58.765453904160786], [33.56054411222428, 58.729814941315], [33.62400880839873, 58.69414472558906], [33.6873436432226, 58.65844336466946], [33.75054895130026, 58.62271096584787], [33.8136250667584, 58.58694763602223], [33.876572323241206, 58.551153481698066], [33.93939105390575, 58.51532860898956], [34.002081591417394, 58.479473123620814], [34.0646442679452, 58.44358713092699], [34.12707941515756, 58.40767073585552], [34.18938736421777, 58.37172404296731], [34.25156844577975, 58.335747156437904], [34.313622989983806, 58.299740180058734], [34.37555132645243, 58.263703217238195], [34.43735378428628, 58.22763637100298], [34.499030692060124, 58.19153974399919], [34.56058237781885, 58.155413438493575], [34.62200916907365, 58.11925755637465], [34.68331139279818, 58.08307219915398], [34.74448937542477, 58.04685746796738], [34.8055434428408, 58.010613463576036], [34.86647392038502, 57.97434028636772], [34.92728113284408, 57.93803803635807], [34.987965404448964, 57.90170681319173], [35.048527058871606, 57.86534671614344], [35.108966419221524, 57.82895784411951], [35.16928380804251, 57.792540295658675], [35.22947954730939, 57.756094168933586], [35.289553958424875, 57.71961956175185], [35.34950736221643, 57.68311657155725], [35.4093400789332, 57.64658529543096], [35.46905242824303, 57.610025830092745], [35.528644729229576, 57.573438271902155], [35.58811730038932, 57.53682271685968], [35.647470459628835, 57.500179260608014], [35.70670452426201, 57.46350799843319], [35.765819811007276, 57.426809025265804], [35.82481663598507, 57.39008243568222], [35.883695314715105, 57.35332832390569], [35.94245616211395, 57.316546783807645], [36.00109949249245, 57.279737908908814], [36.05962561955335, 57.242901792380444], [36.11803485638886, 57.20603852704548], [36.17632751547839, 57.16914820537976], [36.23450390868622, 57.13223091951318], [36.29256434725928, 57.09528676123087], [36.350509141824986, 57.05831582197446], [36.408338602389136, 57.02131819284317], [36.466053038333804, 56.98429396459502], [36.523652758415295, 56.947243227648016], [36.581138070762236, 56.910166072081346], [36.63850928287354, 56.873062587636525], [36.69576670161662, 56.83593286371859], [36.75291063322553, 56.79877698939725], [36.809941383299126, 56.76159505340812], [36.86685925679941, 56.72438714415381], [36.92366455804971, 56.68715334970517], [36.98035759073315, 56.64989375780242], [37.03693865789096, 56.61260845585628], [37.09340806192097, 56.57529753094925], [37.14976610457603, 56.53796106983662], [37.20601308696255, 56.500599158947765], [37.26214930953912, 56.46321188438724], [37.31817507211502, 56.42579933193595], [37.37409067384894, 56.3883615870523], [37.42989641324764, 56.35089873487333], [37.48559258816469, 56.31341086021598], [37.54117949579924, 56.27589804757802], [37.5966574326948, 56.23836038113944], [37.65202669473813, 56.20079794476343], [37.707287577158105, 56.16321082199761], [37.76244037452464, 56.12559909607512], [37.817485380747634, 56.0879628499158], [37.872422889076056, 56.05030216612731], [37.927253192096856, 56.012617127006244], [37.98197658173412, 55.974907814539314], [38.03659334924819, 55.93717431040446], [38.09110378523476, 55.89941669597192], [38.14550817962405, 55.86163505230549], [38.19980682168012, 55.82382946016348], [38.254, 55.786]]}, "properties": {"fa_flight_id": "RA65689-1534353543-adhoc-0", "registration": "RA-65689", "ident": "RA-65689", "ident_icao": NaN, "origin_code": "L 59.43651 32.26346", "origin_city": "Saint Petersburg", "destination_code": "L 55.78600 38.25400", "destination_city": "Moscow", "scheduled_out": NaN, "estimated_out": NaN, "actual_out": NaN, "scheduled_off": "2018-08-15T17:19:03Z", "estimated_off": "2018-08-15T17:19:03Z", "actual_off": "2018-08-15T17:19:03Z", "scheduled_on": NaN, "estimated_on": NaN, "actual_on": "2018-08-15T17:19:03Z", "scheduled_in": NaN, "estimated_in": NaN, "actual_in": NaN, "status": "result unknown", "route_distance": NaN, "diverted": false, "cancelled": false, "simplified_departure_date": "2018-08-15", "origin_coords": [59.43651, 32.26346], "destination_coords": [55.786, 38.254], "is_same_city": false}}, {"type": "Feature", "geometry": {"type": "LineString", "coordinates": [[38.28694, 55.92447], [38.21498939095466, 55.96866021127355], [38.14287432286554, 56.01280842097411], [38.07059430284579, 56.05691446304464], [37.9981488371309, 56.10097817072666], [37.92553743108683, 56.144999376557756], [37.8527595892184, 56.188977912369126], [37.779814815177744, 56.23291360928306], [37.70670261177293, 56.27680629771046], [37.633422480976876, 56.320655807348366], [37.5599739239362, 56.364461967177434], [37.48635644098045, 56.40822460545954], [37.412569531631426, 56.45194354973516], [37.33861269461261, 56.49561862682108], [37.26448542785889, 56.53924966280775], [37.190187228526334, 56.582836483056944], [37.11571759300229, 56.626378912199264], [37.04107601691548, 56.66987677413166], [36.96626199514646, 56.71332989201496], [36.89127502183811, 56.75673808827149], [36.81611459040643, 56.8001011845826], [36.740780193551394, 56.84341900188623], [36.66527132326816, 56.88669136037443], [36.58958747085829, 56.92991807949102], [36.5137281269413, 56.97309897792911], [36.437692781466346, 57.01623387362873], [36.36148092372407, 57.05932258377439], [36.285092042358755, 57.10236492479268], [36.20852562538054, 57.145360712349934], [36.13178116017795, 57.18830976134976], [36.05485813353061, 57.23121188593074], [35.977756031622064, 57.27406689946403], [35.900474340052966, 57.31687461455102], [35.823012543854375, 57.359634843020906], [35.74537012750123, 57.402347395928516], [35.66754657492619, 57.44501208355175], [35.589541369533485, 57.48762871538954], [35.511353994213216, 57.53019710015924], [35.43298393135562, 57.572717045794555], [35.35443066286583, 57.6151883594431], [35.27569367017861, 57.65761084746425], [35.196772434273484, 57.69998431542675], [35.11766643569006, 57.742308568106544], [35.03837515454349, 57.78458340948451], [34.95889807054031, 57.82680864274419], [34.8792346629944, 57.86898407026962], [34.79938441084327, 57.91110949364312], [34.719346792664474, 57.95318471364304], [34.6391212866924, 57.99520953024169], [34.558707370835194, 58.03718374260306], [34.47810452269201, 58.0791071490808], [34.39731221957041, 58.12097954721592], [34.31632993850416, 58.162800733734805], [34.235157156271136, 58.20457050454707], [34.15379334941157, 58.24628865474351], [34.0722379942465, 58.287954978593916], [33.99049056689656, 58.32956926954516], [33.908550543300926, 58.37113132021905], [33.826417399236625, 58.412640922410404], [33.744090610338034, 58.45409786708499], [33.66156965211668, 58.49550194437754], [33.578853999981334, 58.536852943589814], [33.49594312925834, 58.5781506531887], [33.41283651521223, 58.619394860804185], [33.32953363306662, 58.66058535322753], [33.246033958025365, 58.701721916409404], [33.16233696529407, 58.74280433545794], [33.07844213010179, 58.78383239463701], [32.99434892772306, 58.824805877364284], [32.91005683350023, 58.865724566209565], [32.82556532286604, 58.90658824289292], [32.740873871366546, 58.94739668828299], [32.65598195468433, 58.988149682395274], [32.57088904866195, 59.02884700439037], [32.48559462932576, 59.06948843257237], [32.40009817291003, 59.1100737443872], [32.31439915588128, 59.15060271642098], [32.22849705496306, 59.191075124398424], [32.14239134716089, 59.23149074318134], [32.05608150978767, 59.271849346767034], [31.969567020489222, 59.31215070828682], [31.882847357270368, 59.35239460000454], [31.795921998521063, 59.392580793315105], [31.70879042304309, 59.43270905874308], [31.621452110076945, 59.47277916594133], [31.53390653932905, 59.5127908836896], [31.446153190999343, 59.55274397989325], [31.358191545809177, 59.59263822158191], [31.2700210850295, 59.632473374908265], [31.181641290509493, 59.672249205146784], [31.093051644705348, 59.71196547669257], [31.004251630709593, 59.75162195306016], [30.915240732280623, 59.79121839688245], [30.826018433872584, 59.83075456990959], [30.736584220665655, 59.87023023300785], [30.646937578596656, 59.909645146158816], [30.55707799438994, 59.948999068458164], [30.467004955588717, 59.98829175811491], [30.376717950586706, 60.02752297245043], [30.28621646866012, 60.06669246789759], [30.1955, 60.105800000000016]]}, "properties": {"fa_flight_id": "RA65689-1534316812-adhoc-0", "registration": "RA-65689", "ident": "RA-65689", "ident_icao": NaN, "origin_code": "L 55.92447 38.28694", "origin_city": "Moscow", "destination_code": "L 60.10580 30.19550", "destination_city": "Saint Petersburg", "scheduled_out": NaN, "estimated_out": NaN, "actual_out": NaN, "scheduled_off": "2018-08-15T07:06:52Z", "estimated_off": "2018-08-15T07:06:52Z", "actual_off": "2018-08-15T07:06:52Z", "scheduled_on": NaN, "estimated_on": NaN, "actual_on": "2018-08-15T07:06:52Z", "scheduled_in": NaN, "estimated_in": NaN, "actual_in": NaN, "status": "result unknown", "route_distance": NaN, "diverted": false, "cancelled": false, "simplified_departure_date": "2018-08-15", "origin_coords": [55.92447, 38.28694], "destination_coords": [60.1058, 30.1955], "is_same_city": false}}, {"type": "Feature", "geometry": {"type": "LineString", "coordinates": [[34.087529999999994, 45.31016], [34.122078416489195, 45.41571344971764], [34.15675622327963, 45.52125644546066], [34.191564372304754, 45.62678890927143], [34.22650382415275, 45.73231076246954], [34.261575548165816, 45.8378219256433], [34.29678052254077, 45.943322318641194], [34.33211973443108, 46.048811860563056], [34.36759418005026, 46.154290469751345], [34.403204864776555, 46.25975806378203], [34.43895280325921, 46.365214559455595], [34.474839019526094, 46.47065987278776], [34.51086454709272, 46.57609391900019], [34.54703042907296, 46.6815166125109], [34.58333771829104, 46.7869278669247], [34.61978747739524, 46.89232759502345], [34.65638077897303, 46.99771570875617], [34.69311870566791, 47.10309211922888], [34.730002350297745, 47.20845673669461], [34.76703281597482, 47.31380947054293], [34.804211216227536, 47.41915022928956], [34.84153867512371, 47.5244789205657], [34.879016327395746, 47.62979545110723], [34.91664531856742, 47.7350997267439], [34.95442680508243, 47.84039165238809], [34.99236195443487, 47.94567113202368], [35.03045194530138, 48.05093806869458], [35.068697967675234, 48.15619236449313], [35.10710122300232, 48.26143392054847], [35.14566292431894, 48.36666263701447], [35.18438429639172, 48.47187841305775], [35.223266575859334, 48.57708114684538], [35.26231101137632, 48.68227073553242], [35.301518863758915, 48.78744707524931], [35.34089140613301, 48.89261006108903], [35.38042992408413, 48.99775958709409], [35.42013571580965, 49.102895546243396], [35.46001009227307, 49.20801783043879], [35.50005437736066, 49.313126330491436], [35.54026990804021, 49.41822093610811], [35.58065803452215, 49.52330153587713], [35.62122012042298, 49.62836801725414], [35.66195754293103, 49.73342026654774], [35.702871692974654, 49.83845816890481], [35.74396397539284, 49.9434816082956], [35.785235809108364, 50.04849046749873], [35.826688627303376, 50.153484628085835], [35.868323877597604, 50.25846397040598], [35.91014302222918, 50.36342837356991], [35.95214753823803, 50.46837771543407], [35.9943389176521, 50.57331187258422], [36.03671866767619, 50.678230720319], [36.07928831088363, 50.78313413263315], [36.12204938541083, 50.88802198220045], [36.16500344515461, 50.99289414035643], [36.20815205997252, 51.09775047708079], [36.25149681588618, 51.20259086097964], [36.29503931528757, 51.30741515926732], [36.33878117714842, 51.41222323774802], [36.382724037232755, 51.517014960797084], [36.42686954831263, 51.62179019134207], [36.47121938038707, 51.72654879084349], [36.51577522090432, 51.83129061927519], [36.56053877498745, 51.93601553510448], [36.60551176566341, 52.04072339527198], [36.65069593409541, 52.145414055171074], [36.696093039819054, 52.250087368627085], [36.74170486098184, 52.35474318787605], [36.78753319458642, 52.4593813635433], [36.83357985673761, 52.56400174462156], [36.879846682892996, 52.66860417844873], [36.926335528117654, 52.773188510685394], [36.97304826734254, 52.87775458529181], [37.01998679562695, 52.98230224450471], [37.06715302842503, 53.08683132881357], [37.114548901856416, 53.19134167693659], [37.162176372981, 53.295833125796236], [37.21003742007801, 53.400305510494455], [37.25813404292944, 53.50475866428737], [37.306468263107774, 53.60919241855965], [37.355042124268394, 53.713606602798464], [37.40385769244636, 53.8180010445669], [37.452917056358, 53.92237556947713], [37.50222232770708, 54.026730001162974], [37.55177564149593, 54.13106416125204], [37.601579156341366, 54.23537786933744], [37.65163505479566, 54.33967094294909], [37.70194554367257, 54.443943197524334], [37.75251285437848, 54.54819444637837], [37.80333924324891, 54.65242450067384], [37.85442699189027, 54.756633169390206], [37.905778407527144, 54.86082025929251], [37.95739582335502, 54.96498557489951], [38.009281598898816, 55.069128918451355], [38.06143812037694, 55.17325008987683], [38.113867801071464, 55.27734888675981], [38.166573081703994, 55.381425104305315], [38.219556430817775, 55.485478535304935], [38.27282034516587, 55.58950897010163], [38.32636735010572, 55.69351619655403], [38.38020000000001, 55.79750000000001]]}, "properties": {"fa_flight_id": "RA65689-1534079290-adhoc-0", "registration": "RA-65689", "ident": "RA-65689", "ident_icao": NaN, "origin_code": "L 45.31016 34.08753", "origin_city": "Simferopol", "destination_code": "L 55.79750 38.38020", "destination_city": "Moscow", "scheduled_out": NaN, "estimated_out": NaN, "actual_out": NaN, "scheduled_off": "2018-08-12T13:08:10Z", "estimated_off": "2018-08-12T13:08:10Z", "actual_off": "2018-08-12T13:08:10Z", "scheduled_on": NaN, "estimated_on": NaN, "actual_on": "2018-08-12T13:08:10Z", "scheduled_in": NaN, "estimated_in": NaN, "actual_in": NaN, "status": "result unknown", "route_distance": NaN, "diverted": false, "cancelled": false, "simplified_departure_date": "2018-08-12", "origin_coords": [45.31016, 34.08753], "destination_coords": [55.7975, 38.3802], "is_same_city": false}}, {"type": "Feature", "geometry": {"type": "LineString", "coordinates": [[38.451049999999995, 46.71677], [38.40574311816951, 46.69987017897826], [38.36046460454718, 46.68295248737162], [38.31521445452747, 46.666016946934036], [38.269992663412225, 46.64906357940889], [38.22479922641107, 46.63209240652893], [38.17963413864172, 46.61510345001625], [38.13449739513022, 46.598096731582146], [38.08938899081132, 46.58107227292711], [38.044308920528785, 46.564030095740755], [37.99925717903566, 46.54697022170172], [37.95423376099464, 46.529892672477615], [37.90923866097834, 46.51279746972498], [37.864271873469605, 46.495684635089205], [37.819333392861864, 46.478554190204434], [37.77442321345937, 46.46140615669354], [37.729541329477584, 46.444240556168076], [37.68468773504344, 46.42705741022812], [37.63986242419565, 46.40985674046233], [37.595065390885026, 46.392638568447815], [37.55029662897485, 46.375402915750065], [37.50555613224103, 46.35814980392291], [37.46084389437257, 46.340879254508465], [37.4161599089718, 46.323591289037026], [37.37150416955466, 46.3062859290271], [37.32687666955108, 46.2889631959852], [37.28227740230524, 46.27162311140591], [37.237706361075894, 46.25426569677179], [37.19316353903664, 46.23689097355328], [37.14864892927628, 46.219498963208686], [37.104162524799094, 46.20208968718408], [37.05970431852517, 46.18466316691327], [37.015274303290695, 46.16721942381771], [36.970872471848246, 46.14975847930651], [36.926498816867095, 46.1322803547763], [36.88215333093357, 46.11478507161119], [36.83783600655128, 46.09727265118271], [36.79354683614149, 46.079743114849826], [36.74928581204336, 46.06219648395876], [36.70505292651431, 46.04463277984304], [36.66084817173027, 46.02705202382336], [36.61667153978603, 46.009454237207606], [36.57252302269551, 45.9918394412907], [36.528402612392064, 45.974207657354675], [36.484310300728815, 45.95655890666847], [36.44024607947889, 45.938893210488], [36.396209940335815, 45.921210590056035], [36.35220187491372, 45.90351106660215], [36.30822187474771, 45.88579466134271], [36.26426993129413, 45.86806139548077], [36.220346035930895, 45.850311290206044], [36.17645017995774, 45.832544366694854], [36.132582354596565, 45.81476064611008], [36.08874255099171, 45.79696014960107], [36.04493076021027, 45.77914289830363], [36.00114697324238, 45.76130891333999], [35.9573911810015, 45.74345821581868], [35.91366337432477, 45.72559082683453], [35.86996354397322, 45.70770676746859], [35.82629168063216, 45.689806058788186], [35.78264777491137, 45.67188872184667], [35.73903181734552, 45.65395477768353], [35.69544379839435, 45.6360042473243], [35.651883708443044, 45.6180371517805], [35.6083515378025, 45.60005351204956], [35.56484727670958, 45.582053349114844], [35.5213709153275, 45.56403668394553], [35.47792244374603, 45.546003537496574], [35.43450185198184, 45.52795393070872], [35.39110912997877, 45.50988788450838], [35.347744267608135, 45.49180541980762], [35.30440725466903, 45.47370655750411], [35.26109808088856, 45.45559131848107], [35.21781673592221, 45.43745972360724], [35.17456320935409, 45.419311793736824], [35.13133749069724, 45.401147549709435], [35.088139569393896, 45.38296701235004], [35.044969434815826, 45.364770202468975], [35.00182707626457, 45.346557140861826], [34.95871248297175, 45.328327848309414], [34.91562564409937, 45.31008234557777], [34.872566548740075, 45.291820653418036], [34.829535185917486, 45.27354279256651], [34.78653154458641, 45.255248783744506], [34.7435556136332, 45.23693864765837], [34.70060738187599, 45.21861240499942], [34.65768683806504, 45.20027007644391], [34.614793970882936, 45.18191168265295], [34.57192876894496, 45.16353724427256], [34.529091220799295, 45.14514678193349], [34.486281314927396, 45.1267403162513], [34.4434990397442, 45.108317867826266], [34.400744383598415, 45.0898794572433], [34.35801733477284, 45.07142510507201], [34.315317881484646, 45.05295483186658], [34.2726460118856, 45.034468658165714], [34.23000171406242, 45.015966604492704], [34.18738497603699, 44.99744869135526], [34.14479578576669, 44.97891493924555], [34.102234131144634, 44.96036536864017], [34.059699999999985, 44.9418]]}, "properties": {"fa_flight_id": "RA65689-1534069167-adhoc-0", "registration": "RA-65689", "ident": "RA-65689", "ident_icao": NaN, "origin_code": "L 46.71677 38.45105", "origin_city": "Krasnodar Krai", "destination_code": "L 44.94180 34.05970", "destination_city": "Simferopol", "scheduled_out": NaN, "estimated_out": NaN, "actual_out": NaN, "scheduled_off": "2018-08-12T10:19:27Z", "estimated_off": "2018-08-12T10:19:27Z", "actual_off": "2018-08-12T10:19:27Z", "scheduled_on": NaN, "estimated_on": NaN, "actual_on": "2018-08-12T10:19:27Z", "scheduled_in": NaN, "estimated_in": NaN, "actual_in": NaN, "status": "result unknown", "route_distance": NaN, "diverted": false, "cancelled": false, "simplified_departure_date": "2018-08-12", "origin_coords": [46.71677, 38.45105], "destination_coords": [44.9418, 34.0597], "is_same_city": false}}, {"type": "Feature", "geometry": {"type": "LineString", "coordinates": [[38.36612999999999, 55.73385], [38.37951324135379, 55.649989235914866], [38.39283928137273, 55.56612702178343], [38.4061085417589, 55.482263368320574], [38.41932144016434, 55.39839828613797], [38.43247839023986, 55.31453178574534], [38.44557980168283, 55.23066387755161], [38.458626080284546, 55.146794571866245], [38.471617627976826, 55.06292387890031], [38.484554842877884, 54.97905180876772], [38.4974381193377, 54.89517837148641], [38.51026784798259, 54.81130357697938], [38.52304441575926, 54.72742743507595], [38.53576820597815, 54.64354995551277], [38.54843959835628, 54.55967114793497], [38.56105896905938, 54.4757910218972], [38.5736266907435, 54.39190958686473], [38.58614313259601, 54.30802685221445], [38.59860866037601, 54.22414282723596], [38.61102363645427, 54.140257521132554], [38.62338841985248, 54.05637094302221], [38.635703366282094, 53.97248310193864], [38.6479688281825, 53.88859400683222], [38.66018515475879, 53.80470366657092], [38.67235269201894, 53.720812089941354], [38.68447178281047, 53.63691928564963], [38.696542766856645, 53.55302526232232], [38.708565980792194, 53.46913002850735], [38.720541758198465, 53.3852335926749], [38.73247042963818, 53.3013359632183], [38.74435232268965, 53.217437148454906], [38.75618776198061, 53.13353715662697], [38.767977069221566, 53.04963599590245], [38.779720563238584, 52.965733674375905], [38.79141856000583, 52.881830200069295], [38.80307137267753, 52.797925580932784], [38.81467931161956, 52.71401982484557], [38.82624268444061, 52.63011293961671], [38.83776179602291, 52.54620493298581], [38.84923694855256, 52.462295812623886], [38.86066844154948, 52.378385586134115], [38.872056571896934, 52.29447426105256], [38.88340163387066, 52.210561844848904], [38.894703919167654, 52.126648344927254], [38.90596371693452, 52.042733768626796], [38.91718131379554, 51.95881812322253], [38.9283569938802, 51.87490141592598], [38.93949103885062, 51.790983653885895], [38.950583727928354, 51.70706484418893], [38.96163533792103, 51.623144993860315], [38.972646143248554, 51.53922410986452], [38.98361641596901, 51.455302199105994], [38.99454642580423, 51.37137926842967], [39.00543644016497, 51.28745532462173], [39.01628672417587, 51.203530374410214], [39.02709754069999, 51.11960442446559], [39.0378691503631, 51.035677481401464], [39.04860181157761, 50.951749551775116], [39.05929578056629, 50.867820642088134], [39.06995131138548, 50.78389075878702], [39.080568655948284, 50.699959908263736], [39.091148064047275, 50.61602809685635], [39.10168978337693, 50.532095330849536], [39.112194059555875, 50.4481616164752], [39.122661136148736, 50.36422695991301], [39.13309125468782, 50.28029136729095], [39.14348465469446, 50.196354844685864], [39.15384157370008, 50.11241739812398], [39.16416224726707, 50.028479033581505], [39.174446909009326, 49.94453975698504], [39.18469579061255, 49.86059957421221], [39.194909121854344, 49.7766584910921], [39.205087130624, 49.69271651340579], [39.21523004294211, 49.60877364688687], [39.22533808297978, 49.52482989722186], [39.23541147307787, 49.4408852700508], [39.245450433765704, 49.35693977096764], [39.25545518377978, 49.2729934055208], [39.26542594008217, 49.18904617921354], [39.27536291787859, 49.105098097504495], [39.28526633063646, 49.02114916580814], [39.29513639010256, 48.937199389495156], [39.30497330632059, 48.85324877389299], [39.314777287648425, 48.76929732428622], [39.324548540775226, 48.68534504591699], [39.334287270738336, 48.6013919439855], [39.343993680939946, 48.51743802365034], [39.35366797316359, 48.43348329002903], [39.36331034759039, 48.349527748198305], [39.37292100281522, 48.265571403194606], [39.38250013586249, 48.181614260014484], [39.39204794220198, 48.09765632361497], [39.401564615764215, 48.013697598913964], [39.41105034895597, 47.92973809079067], [39.420505332675226, 47.845777804085934], [39.42992975632635, 47.76181674360266], [39.4393238078347, 47.67785491410618], [39.44868767366137, 47.593892320324585], [39.45802153881762, 47.50992896694918], [39.467325586879085, 47.425964858634764], [39.476600000000005, 47.34199999999999]]}, "properties": {"fa_flight_id": "RA65689-1534057832-adhoc-0", "registration": "RA-65689", "ident": "RA-65689", "ident_icao": NaN, "origin_code": "L 55.73385 38.36613", "origin_city": "Moscow", "destination_code": "L 47.34200 39.47660", "destination_city": "Krasnodar Krai", "scheduled_out": NaN, "estimated_out": NaN, "actual_out": NaN, "scheduled_off": "2018-08-12T07:10:32Z", "estimated_off": "2018-08-12T07:10:32Z", "actual_off": "2018-08-12T07:10:32Z", "scheduled_on": NaN, "estimated_on": NaN, "actual_on": "2018-08-12T07:10:32Z", "scheduled_in": NaN, "estimated_in": NaN, "actual_in": NaN, "status": "result unknown", "route_distance": NaN, "diverted": false, "cancelled": false, "simplified_departure_date": "2018-08-12", "origin_coords": [55.73385, 38.36613], "destination_coords": [47.342, 39.4766], "is_same_city": false}}, {"type": "Feature", "geometry": {"type": "LineString", "coordinates": [[37.93744, 56.30436000000001], [37.87068224867889, 56.344286697474985], [37.80378467165624, 56.38417743822387], [37.73674689094273, 56.42403209247351], [37.669568527990975, 56.46385052995407], [37.6022492037015, 56.503632619897544], [37.534788538428785, 56.54337823103613], [37.467186151987406, 56.58308723160074], [37.39944166365827, 56.622759489319414], [37.33155469219492, 56.6623948714158], [37.26352485583003, 56.70199324460762], [37.195351772281924, 56.74155447510511], [37.12703505876123, 56.78107842860949], [37.05857433197765, 56.82056497031141], [36.98996920814681, 56.8600139648895], [36.92121930299722, 56.89942527650871], [36.85232423177741, 56.938798768818955], [36.78328360926304, 56.97813430495342], [36.71409704976428, 57.0174317475272], [36.64476416713314, 57.05669095863565], [36.575284574771096, 57.095911799853], [36.50565788563665, 57.13509413223077], [36.435883712253094, 57.174237816296284], [36.36596166671643, 57.21334271205122], [36.2958913607033, 57.252408678970056], [36.22567240547915, 57.29143557599866], [36.15530441190639, 57.330423261552674], [36.0847869904528, 57.36937159351622], [36.01411975119994, 57.40828042924028], [35.9433023038518, 57.447149625541314], [35.872334257743454, 57.48597903869975], [35.80121522184996, 57.52476852445859], [35.72994480479524, 57.56351793802185], [35.658522614861255, 57.60222713405329], [35.58694825999718, 57.6408959666748], [35.51522134782874, 57.67952428946506], [35.443341485667716, 57.718111955458134], [35.37130828052154, 57.75665881714203], [35.29912133910301, 57.795164726457216], [35.22678026784021, 57.833629534795364], [35.154284672886504, 57.872053092997845], [35.08163416013064, 57.91043525135436], [35.00882833520708, 57.948775859601604], [34.93586680350638, 57.987074766921815], [34.862749170185786, 58.0253318219415], [34.789475040179916, 58.063546872730015], [34.71604401821157, 58.10171976679819], [34.64245570880272, 58.139850351097145], [34.56870971628572, 58.177938472016756], [34.49480564481442, 58.215983975384454], [34.42074309837572, 58.253986706463905], [34.34652168080107, 58.29194650995366], [34.27214099577815, 58.32986322998593], [34.19760064686284, 58.36773671012521], [34.12290023749109, 58.405566793367086], [34.04803937099118, 58.44335332213698], [33.97301765059602, 58.4810961382888], [33.89783467945557, 58.51879508310381], [33.822490060649535, 58.55644999728935], [33.74698339720009, 58.59406072097755], [33.671314292084844, 58.6316270937243], [33.595482348249924, 58.66914895450784], [33.51948716862324, 58.70662614172775], [33.44332835612791, 58.744058493203696], [33.367005513695815, 58.781445846174236], [33.29051824428137, 58.81878803729578], [33.21386615087542, 58.856084902641356], [33.1370488365193, 58.89333627769956], [33.06006590431908, 58.93054199737335], [32.98291695746002, 58.96770189597911], [32.90560159922107, 59.004815807245414], [32.82811943298968, 59.04188356431205], [32.75047006227667, 59.07890499972893], [32.672653090731366, 59.11587994545507], [32.59466812215684, 59.15280823285757], [32.51651476052537, 59.18968969271064], [32.43819260999403, 59.22652415519448], [32.35970127492051, 59.26331144989447], [32.28104035987908, 59.300051405800126], [32.20220946967673, 59.336743851304156], [32.12320820936952, 59.37338861420154], [32.04403618427909, 59.409985521688654], [31.964693000009365, 59.446534400362324], [31.885178262463423, 59.48303507621901], [31.805491577860575, 59.51948737465386], [31.725632552753602, 59.555891120460046], [31.645600794046228, 59.59224613782768], [31.565395909010725, 59.62855225034326], [31.485017505305734, 59.664809280988756], [31.40446519099429, 59.701017052140905], [31.323738574562025, 59.73717538557042], [31.242837264935545, 59.773284102441266], [31.16176087150104, 59.80934302331003], [31.080509004123066, 59.84535196812516], [30.999081273163515, 59.88131075622632], [30.91747728950081, 59.91721920634379], [30.835696664549275, 59.9530771365978], [30.753739010278725, 59.98888436449797], [30.671603939234217, 60.02464070694268], [30.589291064556065, 60.06034598021855], [30.506799999999995, 60.096]]}, "properties": {"fa_flight_id": "RA65689-1535127913-adhoc-0", "registration": "RA-65689", "ident": "RA-65689", "ident_icao": NaN, "origin_code": "L 56.30436 37.93744", "origin_city": "Moscow", "destination_code": "L 60.09600 30.50680", "destination_city": "Saint Petersburg", "scheduled_out": NaN, "estimated_out": NaN, "actual_out": NaN, "scheduled_off": "2018-08-24T16:25:13Z", "estimated_off": "2018-08-24T16:25:13Z", "actual_off": "2018-08-24T16:25:13Z", "scheduled_on": NaN, "estimated_on": NaN, "actual_on": "2018-08-24T16:25:13Z", "scheduled_in": NaN, "estimated_in": NaN, "actual_in": NaN, "status": "result unknown", "route_distance": NaN, "diverted": false, "cancelled": false, "simplified_departure_date": "2018-08-24", "origin_coords": [56.30436, 37.93744], "destination_coords": [60.096, 30.5068], "is_same_city": false}}, {"type": "Feature", "geometry": {"type": "LineString", "coordinates": [[39.376340000000006, 43.85636], [39.366647383618755, 43.97628879336432], [39.3569155364966, 44.09621676409524], [39.34714413444969, 44.21614390538922], [39.337332849964355, 44.336070210372725], [39.32748135215304, 44.455995672101345], [39.317589306709706, 44.57592028355883], [39.3076563758644, 44.695844037656144], [39.29768221833716, 44.815766927230506], [39.28766648929117, 44.935688945044376], [39.27760884028517, 45.055610083784465], [39.26750891922515, 45.175530336060746], [39.25736637031519, 45.295449694405384], [39.24718083400755, 45.415368151271686], [39.23695194695203, 45.53528569903308], [39.226679341944376, 45.65520232998196], [39.216362647873936, 45.77511803632864], [39.20600148967045, 45.89503281020023], [39.19559548825002, 46.01494664363943], [39.185144260460085, 46.1348595286035], [39.174647419023614, 46.25477145696294], [39.16410457248233, 46.37468242050042], [39.15351532513896, 46.49459241090948], [39.14287927699865, 46.61450141979334], [39.1321960237093, 46.7344094386636], [39.121465156500925, 46.85431645893906], [39.1106862621241, 46.9742224719443], [39.09985892278723, 47.094127468908425], [39.08898271609292, 47.21403144096374], [39.07805721497318, 47.333934379144345], [39.067081987623546, 47.453836274384784], [39.05605659743617, 47.573737117518604], [39.04498060293165, 47.69363689927694], [39.03385355768987, 47.81353561028705], [39.02267501027948, 47.93343324107082], [39.01144450418631, 48.053329782043306], [39.00016157774048, 48.17322522351113], [38.98882576404235, 48.293119555670955], [38.9774365908871, 48.41301276860793], [38.96599358068803, 48.532904852293974], [38.95449625039858, 48.65279579658626], [38.94294411143296, 48.772685591225446], [38.93133666958539, 48.89257422583403], [38.91967342494799, 49.01246168991458], [38.90795387182713, 49.13234797284802], [38.89617749865841, 49.25223306389177], [38.8843437879201, 49.37211695217801], [38.872452216045026, 49.49199962671174], [38.86050225333098, 49.61188107636894], [38.848493363849414, 49.731761289894656], [38.83642500535262, 49.851640255901], [38.824296629179244, 49.971517962865185], [38.81210768015792, 50.091394399127516], [38.79985759650955, 50.21126955288926], [38.787545809747385, 50.33114341221065], [38.77517174457562, 50.45101596500864], [38.76273481878602, 50.57088719905478], [38.75023444315266, 50.690757101973], [38.73767002132478, 50.810625661237346], [38.72504094971769, 50.930492864169665], [38.712346617401586, 51.05035869793727], [38.69958640598844, 51.17022314955057], [38.68675968951673, 51.29008620586061], [38.67386583433402, 51.409947853556645], [38.660904198977384, 51.52980807916358], [38.64787413405164, 51.64966686903937], [38.63477498210521, 51.76952420937251], [38.621606077503756, 51.88938008617924], [38.60836674630135, 52.00923448530096], [38.595056306109264, 52.129087392401345], [38.581674065962275, 52.24893879296359], [38.56821932618241, 52.36878867228754], [38.55469137824008, 52.48863701548673], [38.541089504612614, 52.60848380748543], [38.52741297864002, 52.72832903301556], [38.513661064378034, 52.84817267661368], [38.49983301644822, 52.96801472261771], [38.485928079885355, 53.08785515516379], [38.471945489981636, 53.207693958182986], [38.457884472128, 53.32753111539791], [38.44374424165232, 53.44736661031935], [38.42952400365433, 53.56720042624275], [38.415222952837446, 53.687032546244644], [38.40084027333717, 53.80686295317914], [38.38637513854609, 53.926691629674096], [38.37182671093547, 54.04651855812741], [38.35719414187323, 54.166343720703225], [38.34247657143834, 54.28616709932794], [38.327673128231346, 54.40598867568623], [38.312782929181296, 54.52580843121702], [38.29780507934858, 54.645626347109236], [38.28273867172391, 54.765442404297644], [38.267582787023095, 54.88525658345848], [38.252336493477664, 55.005068865005], [38.236998846621276, 55.124879229083064], [38.221568889071655, 55.24468765556643], [38.20604565030806, 55.36449412405209], [38.190428146444134, 55.484298613855515], [38.17471537999608, 55.60410110400569], [38.15890633964593, 55.72390157324019], [38.14300000000001, 55.8437]]}, "properties": {"fa_flight_id": "RA65689-1534962457-adhoc-0", "registration": "RA-65689", "ident": "RA-65689", "ident_icao": NaN, "origin_code": "L 43.85636 39.37634", "origin_city": NaN, "destination_code": "L 55.84370 38.14300", "destination_city": "Moscow", "scheduled_out": NaN, "estimated_out": NaN, "actual_out": NaN, "scheduled_off": "2018-08-22T18:27:37Z", "estimated_off": "2018-08-22T18:27:37Z", "actual_off": "2018-08-22T18:27:37Z", "scheduled_on": NaN, "estimated_on": NaN, "actual_on": "2018-08-22T18:27:37Z", "scheduled_in": NaN, "estimated_in": NaN, "actual_in": NaN, "status": "result unknown", "route_distance": NaN, "diverted": false, "cancelled": false, "simplified_departure_date": "2018-08-22", "origin_coords": [43.85636, 39.37634], "destination_coords": [55.8437, 38.143], "is_same_city": false}}, {"type": "Feature", "geometry": {"type": "LineString", "coordinates": [[37.990849999999995, 56.005590000000005], [38.005581129186645, 55.88205066291733], [38.020218791416944, 55.75850957824625], [38.034764006953694, 55.63496676508735], [38.049217781544606, 55.51142224226898], [38.06358110668056, 55.38787602835223], [38.07785495984839, 55.26432814163556], [38.09204030477828, 55.140778600159486], [38.10613809168605, 55.01722742171117], [38.12014925751017, 54.89367462382879], [38.13407472614402, 54.77012022380601], [38.147915408663174, 54.646564238696165], [38.16167220354798, 54.52300668531646], [38.17534599690155, 54.39944758025209], [38.18893766266329, 54.275886939860236], [38.20244806281791, 54.15232478027396], [38.21587804760026, 54.0287611174061], [38.229228455695996, 53.90519596695302], [38.24250011443804, 53.78162934439831], [38.25569383999915, 53.658061265016336], [38.26881043758058, 53.534491743875876], [38.281850701596916, 53.41092079584354], [38.294815415857194, 53.287348435587184], [38.30770535374242, 53.16377467757921], [38.32052127837952, 53.040199536099905], [38.33326394281182, 52.91662302524053], [38.345934090166196, 52.793045158906594], [38.35853245381686, 52.669465950820815], [38.37105975754597, 52.545885414526175], [38.38351671570103, 52.42230356338889], [38.395904033349254, 52.29872041060128], [38.40822240642893, 52.17513596918464], [38.42047252189778, 52.05155025199198], [38.43265505787852, 51.9279632717108], [38.444770683801494, 51.80437504086578], [38.45682006054474, 51.68078557182129], [38.46880384057117, 51.55719487678415], [38.480722668063265, 51.433602967806], [38.49257717905512, 51.31000985678585], [38.50436800156206, 51.186415555472486], [38.51609575570768, 51.062820075466924], [38.527761053848614, 50.93922342822461], [38.53936450069686, 50.815625625057834], [38.55090669343983, 50.69202667713798], [38.5623882218582, 50.56842659549765], [38.57380966844149, 50.4448253910329], [38.58517160850154, 50.32122307450536], [38.59647461028387, 50.197619656544305], [38.607719235076985, 50.07401514764876], [38.61890603731962, 49.950409558189364], [38.63003556470611, 49.826802898410556], [38.641108358289756, 49.70319517843236], [38.65212495258427, 49.579586408252325], [38.66308587566352, 49.45597659774744], [38.67399164925925, 49.332365756675884], [38.68484278885724, 49.20875389467892], [38.6956398037916, 49.0851410212826], [38.70638319733743, 48.961527145899524], [38.71707346680175, 48.83791227783054], [38.7277111036129, 48.714296426266415], [38.738296593408236, 48.59067960028951], [38.7488304161204, 48.46706180887537], [38.75931304606191, 48.343443060894295], [38.76974495200838, 48.219823365112944], [38.78012659728021, 48.096202730195806], [38.79045843982286, 47.972581164706796], [38.800740932285684, 47.84895867711064], [38.81097452209947, 47.725335275774356], [38.82115965155251, 47.60171096896873], [38.8312967578655, 47.478085764869675], [38.841386273264966, 47.35445967155957], [38.85142862505556, 47.23083269702869], [38.86142423569109, 47.107204849176505], [38.871373522844245, 46.983576135812996], [38.881276899475246, 46.85994656465991], [38.891134773899225, 46.73631614335204], [38.90094754985254, 46.61268487943853], [38.910715626557874, 46.489052780383965], [38.92043939878832, 46.36541985356968], [38.93011925693037, 46.24178610629493], [38.93975558704572, 46.11815154577798], [38.949348770932275, 45.99451617915729], [38.9588991861839, 45.87088001349269], [38.9684072062493, 45.74724305576638], [38.977873200489924, 45.623605312884095], [38.9872975342368, 45.49996679167612], [38.9966805688466, 45.37632749889837], [39.00602266175661, 45.25268744123339], [39.01532416653892, 45.129046625291444], [39.02458543295363, 45.005405057611384], [39.03380680700129, 44.88176274466177], [39.042988630974406, 44.75811969284175], [39.052131243508065, 44.63447590848202], [39.06123497962988, 44.51083139784578], [39.07030017080904, 44.38718616712964], [39.07932714500455, 44.263540222464535], [39.08831622671271, 44.13989356991659], [39.09726773701388, 44.01624621548803], [39.10618199361842, 43.89259816511802], [39.11505931091199, 43.76894942468347], [39.1239, 43.6453]]}, "properties": {"fa_flight_id": "RA65689-1534923248-adhoc-0", "registration": "RA-65689", "ident": "RA-65689", "ident_icao": NaN, "origin_code": "L 56.00559 37.99085", "origin_city": "Moscow", "destination_code": "L 43.64530 39.12390", "destination_city": NaN, "scheduled_out": NaN, "estimated_out": NaN, "actual_out": NaN, "scheduled_off": "2018-08-22T07:34:08Z", "estimated_off": "2018-08-22T07:34:08Z", "actual_off": "2018-08-22T07:34:08Z", "scheduled_on": NaN, "estimated_on": NaN, "actual_on": "2018-08-22T07:34:08Z", "scheduled_in": NaN, "estimated_in": NaN, "actual_in": NaN, "status": "result unknown", "route_distance": NaN, "diverted": false, "cancelled": false, "simplified_departure_date": "2018-08-22", "origin_coords": [56.00559, 37.99085], "destination_coords": [43.6453, 39.1239], "is_same_city": false}}, {"type": "Feature", "geometry": {"type": "LineString", "coordinates": [[37.87033, 58.18901000000001], [37.873949198544686, 58.165276616284906], [37.877563571024666, 58.141543130258896], [37.881173128303736, 58.11780954215275], [37.88477788121356, 58.09407585219652], [37.88837784055385, 58.070342060619595], [37.891973017092454, 58.04660816765068], [37.89556342156548, 58.022874173517806], [37.89914906467738, 57.99914007844832], [37.90272995710116, 57.975405882668916], [37.90630610947837, 57.95167158640561], [37.90987753241932, 57.92793718988376], [37.913444236503175, 57.90420269332804], [37.917006232278005, 57.88046809696246], [37.920563530261006, 57.85673340101044], [37.924116140938466, 57.83299860569464], [37.927664074766064, 57.80926371123716], [37.93120734216884, 57.785528717859364], [37.934745953541345, 57.76179362578206], [37.93827991924777, 57.73805843522531], [37.94180924962207, 57.71432314640861], [37.945333954968014, 57.690587759550795], [37.94885404555935, 57.66685227487001], [37.952369531639896, 57.64311669258384], [37.95588042342366, 57.6193810129092], [37.95938673109492, 57.59564523606233], [37.962888464808344, 57.57190936225894], [37.96638563468917, 57.54817339171402], [37.96987825083316, 57.524437324641966], [37.97336632330686, 57.50070116125654], [37.9768498621476, 57.476964901770955], [37.98032887736367, 57.4532285463977], [37.98380337893438, 57.429492095348685], [37.98727337681019, 57.40575554883523], [37.9907388809128, 57.38201890706802], [37.99419990113526, 57.35828217025716], [37.99765644734209, 57.334545338612095], [38.00110852936933, 57.31080841234173], [38.00455615702473, 57.28707139165429], [38.00799934008776, 57.263334276757455], [38.01143808830976, 57.239597067858305], [38.01487241141406, 57.21585976516331], [38.01830231909603, 57.19212236887832], [38.021727821023205, 57.16838487920864], [38.02514892683541, 57.14464729635894], [38.028565646144834, 57.120909620533354], [38.0319779885361, 57.09717185193538], [38.0353859635664, 57.07343399076795], [38.03878958076563, 57.04969603723344], [38.042188849636425, 57.0259579915336], [38.04558377965423, 57.002219853869626], [38.04897438026753, 56.97848162444214], [38.0523606608978, 56.954743303451195], [38.05574263093966, 56.93100489109626], [38.05912029976104, 56.90726638757625], [38.06249367670313, 56.88352779308949], [38.065862771080596, 56.859789107833755], [38.06922759218161, 56.83605033200625], [38.072588149268, 56.812311465803646], [38.07594445157529, 56.788572509422], [38.07929650831281, 56.76483346305687], [38.0826443286638, 56.741094326903195], [38.08598792178548, 56.717355101155434], [38.0893272968092, 56.693615786007456], [38.09266246284044, 56.669876381652564], [38.09599342895899, 56.64613688828354], [38.09932020421898, 56.62239730609261], [38.10264279764899, 56.59865763527146], [38.105961218252176, 56.57491787601124], [38.10927547500627, 56.55117802850255], [38.1125855768638, 56.52743809293545], [38.115891532752045, 56.50369806949947], [38.1191933515732, 56.479957958383615], [38.12249104220447, 56.45621775977635], [38.12578461349813, 56.43247747386559], [38.1290740742816, 56.40873710083876], [38.13235943335757, 56.38499664088273], [38.13564069950407, 56.36125609418385], [38.13891788147454, 56.33751546092795], [38.14219098799796, 56.313774741300364], [38.14546002777887, 56.29003393548584], [38.148725009497525, 56.26629304366868], [38.15198594180994, 56.242552066032644], [38.15524283334797, 56.21881100276096], [38.15849569271943, 56.19506985403637], [38.161744528508144, 56.17132862004109], [38.16498934927404, 56.14758730095684], [38.168230163553226, 56.12384589696482], [38.171466979858096, 56.10010440824575], [38.174699806677424, 56.076362834979804], [38.17792865247635, 56.052621177346694], [38.181153525696594, 56.02887943552561], [38.184374434756464, 56.005137609695275], [38.18759138805093, 55.981395700033865], [38.19080439395175, 55.95765370671909], [38.194013460807504, 55.9339116299282], [38.197218596943706, 55.91016946983788], [38.200419810662865, 55.886427226624406], [38.20361711024459, 55.86268490046351], [38.20681050394563, 55.838942491530446], [38.21, 55.815200000000004]]}, "properties": {"fa_flight_id": "RA65689-1534838740-adhoc-0", "registration": "RA-65689", "ident": "RA-65689", "ident_icao": NaN, "origin_code": "L 58.18901 37.87033", "origin_city": "Cherepovetsky District", "destination_code": "L 55.81520 38.21000", "destination_city": "Moscow", "scheduled_out": NaN, "estimated_out": NaN, "actual_out": NaN, "scheduled_off": "2018-08-21T08:05:40Z", "estimated_off": "2018-08-21T08:05:40Z", "actual_off": "2018-08-21T08:05:40Z", "scheduled_on": NaN, "estimated_on": NaN, "actual_on": "2018-08-21T08:05:40Z", "scheduled_in": NaN, "estimated_in": NaN, "actual_in": NaN, "status": "result unknown", "route_distance": NaN, "diverted": false, "cancelled": false, "simplified_departure_date": "2018-08-21", "origin_coords": [58.18901, 37.87033], "destination_coords": [55.8152, 38.21], "is_same_city": false}}, {"type": "Feature", "geometry": {"type": "LineString", "coordinates": [[38.2484, 55.95668000000001], [38.242212302476226, 55.9892911779137], [38.236014157633264, 56.02190204546463], [38.229805535063825, 56.05451260174654], [38.22358640424497, 56.08712284584967], [38.217356734537574, 56.11973277686077], [38.21111649518571, 56.152342393863144], [38.204865655316155, 56.18495169593655], [38.19860418393778, 56.21756068215721], [38.19233204994102, 56.25016935159784], [38.186049222097274, 56.282777703327525], [38.1797556690584, 56.31538573641186], [38.17345135935601, 56.34799344991276], [38.167136261401076, 56.380600842888555], [38.16081034348316, 56.41320791439398], [38.154473573770005, 56.44581466348005], [38.14812592030679, 56.47842108919418], [38.14176735101566, 56.51102719058002], [38.135397833695066, 56.54363296667764], [38.12901733601919, 56.57623841652326], [38.12262582553735, 56.60884353914942], [38.116223269673355, 56.641448333584904], [38.10980963572497, 56.67405279885473], [38.10338489086325, 56.70665693398009], [38.096949002131936, 56.739260737978384], [38.09050193644681, 56.77186420986317], [38.08404366059516, 56.80446734864417], [38.07757414123504, 56.83707015332722], [38.07109334489475, 56.86967262291429], [38.0646012379721, 56.90227475640342], [38.05809778673385, 56.93487655278872], [38.051582957315055, 56.96747801106041], [38.045056715718374, 57.00007913020467], [38.038519027813486, 57.03267990920374], [38.0319698593364, 57.06528034703585], [38.0254091758888, 57.0978804426752], [38.018836942937405, 57.13048019509195], [38.0122531258133, 57.16307960325218], [38.00565768971126, 57.19567866611793], [37.99905059968908, 57.22827738264709], [37.9924318206669, 57.26087575179344], [37.98580131742654, 57.29347377250664], [37.9791590546108, 57.32607144373217], [37.97250499672276, 57.35866876441128], [37.96583910812516, 57.391265733481085], [37.9591613530396, 57.42386234987443], [37.952471695545924, 57.45645861251991], [37.94577009958148, 57.48905452034189], [37.9390565289404, 57.52165007226039], [37.93233094727296, 57.55424526719115], [37.92559331808473, 57.586840104045564], [37.91884360473601, 57.61943458173068], [37.912081770441006, 57.65202869914916], [37.90530777826711, 57.68462245519929], [37.898521591134184, 57.71721584877487], [37.89172317181385, 57.74980887876535], [37.8849124829287, 57.78240154405561], [37.878089486951545, 57.81499384352613], [37.87125414620473, 57.847585776052846], [37.864406422859304, 57.88017734050712], [37.85754627893431, 57.91276853575582], [37.850673676296005, 57.945359360661215], [37.84378857665707, 57.97794981408094], [37.836890941575874, 58.010539894868025], [37.829980732455674, 58.04312960187089], [37.82305791054381, 58.07571893393318], [37.816122436930975, 58.10830788989394], [37.80917427255035, 58.140896468587464], [37.802213378176916, 58.17348466884327], [37.79523971442649, 58.206072489486154], [37.788253241755086, 58.23865992933607], [37.78125392045797, 58.27124698720819], [37.77424171066895, 58.30383366191283], [37.76721657235945, 58.33641995225543], [37.760178465337795, 58.369005857036555], [37.75312734924828, 58.40159137505184], [37.74606318357038, 58.43417650509196], [37.7389859276179, 58.466761245942656], [37.731895540538154, 58.49934559638467], [37.72479198131106, 58.53192955519369], [37.717675208748325, 58.564513121140386], [37.71054518149257, 58.59709629299036], [37.70340185801646, 58.629679069504085], [37.69624519662182, 58.662261449436954], [37.68907515543876, 58.694843431539184], [37.68189169242481, 58.727425014555806], [37.67469476536404, 58.760006197226666], [37.667484331866106, 58.79258697828635], [37.66026034936538, 58.82516735646422], [37.6530227751201, 58.85774733048434], [37.64577156621136, 58.89032689906546], [37.63850667954226, 58.92290606092095], [37.63122807183696, 58.95548481475889], [37.623935699639745, 58.98806315928189], [37.61662951931411, 59.02064109318718], [37.60930948704181, 59.05321861516652], [37.60197555882191, 59.08579572390615], [37.59462769046982, 59.1183724180869], [37.5872658376164, 59.15094869638394], [37.579889955706875, 59.18352455746695], [37.572500000000005, 59.2161]]}, "properties": {"fa_flight_id": "RA65689-1534748930-adhoc-0", "registration": "RA-65689", "ident": "RA-65689", "ident_icao": NaN, "origin_code": "L 55.95668 38.24840", "origin_city": "Moscow", "destination_code": "L 59.21610 37.57250", "destination_city": "Cherepovetsky District", "scheduled_out": NaN, "estimated_out": NaN, "actual_out": NaN, "scheduled_off": "2018-08-20T07:08:50Z", "estimated_off": "2018-08-20T07:08:50Z", "actual_off": "2018-08-20T07:08:50Z", "scheduled_on": NaN, "estimated_on": NaN, "actual_on": "2018-08-20T07:08:50Z", "scheduled_in": NaN, "estimated_in": NaN, "actual_in": NaN, "status": "result unknown", "route_distance": NaN, "diverted": false, "cancelled": false, "simplified_departure_date": "2018-08-20", "origin_coords": [55.95668, 38.2484], "destination_coords": [59.2161, 37.5725], "is_same_city": false}}, {"type": "Feature", "geometry": {"type": "LineString", "coordinates": [[38.01943, 55.91745], [38.01857825855486, 55.91770679111634], [38.017726505825784, 55.917963576355945], [38.016874741812764, 55.91822035571866], [38.01602296651579, 55.918477129204376], [38.01517117993489, 55.918733896812945], [38.01431938207004, 55.91899065854423], [38.01346757292125, 55.919247414398114], [38.01261575248851, 55.919504164374445], [38.01176392077182, 55.919760908473094], [38.0109120777712, 55.92001764669393], [38.01006022348663, 55.920274379036805], [38.009208357918126, 55.9205311055016], [38.00835648106566, 55.92078782608818], [38.007504592929266, 55.92104454079638], [38.00665269350892, 55.921301249626104], [38.00580078280463, 55.92155795257721], [38.0049488608164, 55.921814649649555], [38.00409692754422, 55.922071340843004], [38.00324498298809, 55.92232802615741], [38.00239302714804, 55.92258470559266], [38.001541060024024, 55.92284137914863], [38.00068908161607, 55.92309804682514], [37.99983709192418, 55.92335470862211], [37.99898509094833, 55.92361136453936], [37.998133078688554, 55.923868014576776], [37.997281055144825, 55.92412465873422], [37.996429020317166, 55.92438129701157], [37.99557697420555, 55.924637929408675], [37.99472491680999, 55.9248945559254], [37.9938728481305, 55.925151176561606], [37.993020768167064, 55.925407791317184], [37.99216867691969, 55.92566440019198], [37.991316574388364, 55.92592100318586], [37.9904644605731, 55.926177600298686], [37.9896123354739, 55.92643419153035], [37.988760199090756, 55.92669077688067], [37.98790805142367, 55.92694735634955], [37.98705589247265, 55.92720392993684], [37.98620372223768, 55.927460497642414], [37.985351540718774, 55.92771705946613], [37.984499347915936, 55.92797361540784], [37.98364714382916, 55.92823016546745], [37.98279492845844, 55.92848670964479], [37.981942701803796, 55.92874324793974], [37.98109046386519, 55.92899978035214], [37.98023821464266, 55.9292563068819], [37.9793859541362, 55.929512827528846], [37.97853368234579, 55.92976934229288], [37.97768139927147, 55.93002585117383], [37.976829104913186, 55.93028235417158], [37.97597679927099, 55.93053885128599], [37.975124482344846, 55.93079534251692], [37.97427215413478, 55.93105182786426], [37.973419814640785, 55.93130830732787], [37.972567463862845, 55.93156478090758], [37.97171510180098, 55.93182124860329], [37.970862728455195, 55.93207771041485], [37.970010343825464, 55.93233416634213], [37.96915794791181, 55.93259061638499], [37.96830554071423, 55.93284706054333], [37.96745312223272, 55.93310349881696], [37.966600692467296, 55.93335993120577], [37.96574825141793, 55.93361635770964], [37.96489579908465, 55.93387277832842], [37.96404333546742, 55.93412919306197], [37.9631908605663, 55.93438560191018], [37.96233837438124, 55.93464200487288], [37.96148587691226, 55.934898401949965], [37.960633368159364, 55.93515479314129], [37.95978084812254, 55.935411178446714], [37.9589283168018, 55.935667557866104], [37.95807577419715, 55.93592393139934], [37.95722322030858, 55.93618029904626], [37.95637065513608, 55.93643666080675], [37.955518078679674, 55.93669301668067], [37.954665490939355, 55.93694936666791], [37.95381289191512, 55.93720571076829], [37.95296028160697, 55.9374620489817], [37.9521076600149, 55.937718381308], [37.951255027138934, 55.93797470774707], [37.95040238297906, 55.93823102829875], [37.94954972753526, 55.93848734296292], [37.948697060807575, 55.93874365173945], [37.947844382795964, 55.93899995462819], [37.94699169350046, 55.93925625162902], [37.94613899292104, 55.93951254274181], [37.94528628105773, 55.9397688279664], [37.94443355791051, 55.94002510730267], [37.943580823479394, 55.940281380750484], [37.94272807776438, 55.94053764830972], [37.94187532076546, 55.94079390998023], [37.94102255248265, 55.94105016576188], [37.94016977291593, 55.94130641565454], [37.939316982065336, 55.94156265965807], [37.93846417993083, 55.94181889777233], [37.93761136651245, 55.94207512999719], [37.936758541810164, 55.94233135633253], [37.93590570582399, 55.94258757677821], [37.93505285855394, 55.94284379133406], [37.93419999999998, 55.9431]]}, "properties": {"fa_flight_id": "RA65689-1535207188-adhoc-0", "registration": "RA-65689", "ident": "RA-65689", "ident_icao": NaN, "origin_code": "L 55.91745 38.01943", "origin_city": "Moscow", "destination_code": "L 55.94310 37.93420", "destination_city": "Moscow", "scheduled_out": NaN, "estimated_out": NaN, "actual_out": NaN, "scheduled_off": "2018-08-25T14:26:28Z", "estimated_off": "2018-08-25T14:26:28Z", "actual_off": "2018-08-25T14:26:28Z", "scheduled_on": NaN, "estimated_on": NaN, "actual_on": "2018-08-25T14:26:28Z", "scheduled_in": NaN, "estimated_in": NaN, "actual_in": NaN, "status": "result unknown", "route_distance": NaN, "diverted": false, "cancelled": false, "simplified_departure_date": "2018-08-25", "origin_coords": [55.91745, 38.01943], "destination_coords": [55.9431, 37.9342], "is_same_city": false}}, {"type": "Feature", "geometry": {"type": "LineString", "coordinates": [[34.08463, 45.25536000000002], [34.117609609783166, 45.361644313460125], [34.15071335684582, 45.467919100374495], [34.18394216120069, 45.57418428927586], [34.21729695129839, 45.68043980802999], [34.250778664125356, 45.78668558382766], [34.28438824530292, 45.89292154317669], [34.31812664918797, 45.99914761189383], [34.35199483897474, 46.10536371509644], [34.38599378679816, 46.21156977719425], [34.4201244738386, 46.31776572188082], [34.45438789042799, 46.42395147212498], [34.48878503615748, 46.530126950162085], [34.523316919986584, 46.63629207748522], [34.55798456035373, 46.7424467748362], [34.5927889852885, 46.8485909621965], [34.62773123252533, 46.95472455877801], [34.662812349618804, 47.06084748301374], [34.69803339406061, 47.166959652548236], [34.73339543339808, 47.27306098422808], [34.76889954535438, 47.37915139409202], [34.80454681795049, 47.48523079736112], [34.84033834962877, 47.591299108428686], [34.876275249378374, 47.6973562408501], [34.912358636862336, 47.80340210733246], [34.9485896425466, 47.909436619724104], [34.98496940783072, 48.0154596890039], [35.02149908518056, 48.121471225270554], [35.058179838262774, 48.227471137731555], [35.09501284208131, 48.33345933469208], [35.131999283115775, 48.43943572354373], [35.1691403594618, 48.54540021075303], [35.20643728097358, 48.65135270184985], [35.243891269408174, 48.757293101415584], [35.28150355857214, 48.86322131307118], [35.31927539447024, 48.96913723946497], [35.35720803545615, 49.0750407822604], [35.395302752385604, 49.18093184212343], [35.43356082877153, 49.28681031870988], [35.47198356094164, 49.392676110652495], [35.51057225819819, 49.49852911554789], [35.54932824298016, 49.604369229943245], [35.58825285102778, 49.71019634932279], [35.62734743154949, 49.816010368094155], [35.66661334739132, 49.921811179574384], [35.706051975208894, 50.02759867597589], [35.74566470564178, 50.133372748392084], [35.78545294349065, 50.239133286782845], [35.82541810789691, 50.34488017995969], [35.86556163252505, 50.45061331557081], [35.90588496574777, 50.55633258008583], [35.946389570833816, 50.66203785878027], [35.98707692613865, 50.767729035719945], [36.02794852529799, 50.87340599374485], [36.069005877424246, 50.97906861445313], [36.11025050730597, 51.08471677818444], [36.15168395561023, 51.190350364003336], [36.19330777908816, 51.29596924968224], [36.23512355078356, 51.40157331168422], [36.27713286024468, 51.50716242514542], [36.31933731373919, 51.61273646385731], [36.361738534472636, 51.71829530024856], [36.40433816280993, 51.82383880536669], [36.44713785650048, 51.92936684885938], [36.490139290906676, 52.03487929895554], [36.533344159235966, 52.140376022446006], [36.57675417277638, 52.24585688466397], [36.62037106113592, 52.35132174946516], [36.664196572485395, 52.45677047920747], [36.7082324738053, 52.5622029347306], [36.75248055113631, 52.66761897533504], [36.79694260983383, 52.77301845876094], [36.84162047482645, 52.878401241166515], [36.886515990878536, 52.98376717710618], [36.93163102285682, 53.08911611950818], [36.97696745600126, 53.194447919652106], [37.02252719620025, 53.29976242714574], [37.068312170269984, 53.40505948990177], [37.11432432623841, 53.510338954113976], [37.16056563363367, 53.615600664233085], [37.207038083777036, 53.72084446294217], [37.2537436900806, 53.82607019113172], [37.30068448834968, 53.931277687874214], [37.347862537090165, 54.036466790398286], [37.39527991782058, 54.141637334062544], [37.44293873538937, 54.246789152328795], [37.49084111829718, 54.351922076734965], [37.53898921902444, 54.45703593686749], [37.58738521436411, 54.562130560333195], [37.63603130575994, 54.66720577273078], [37.684929719650164, 54.77226139762189], [37.7340827078168, 54.87729725650137], [37.7834925477407, 54.98231316876746], [37.83316154296226, 55.0873089516911], [37.8830920234482, 55.1922844203849], [37.93328634596435, 55.29723938777161], [37.98374689445437, 55.402173664551825], [38.03447608042503, 55.5070870591714], [38.08547634333754, 55.6119793777881], [38.13675015100563, 55.716850424237805], [38.1883, 55.8217]]}, "properties": {"fa_flight_id": "RA65689-1539352999-adhoc-0", "registration": "RA-65689", "ident": "RA-65689", "ident_icao": NaN, "origin_code": "L 45.25536 34.08463", "origin_city": "Simferopol", "destination_code": "L 55.82170 38.18830", "destination_city": "Moscow", "scheduled_out": NaN, "estimated_out": NaN, "actual_out": NaN, "scheduled_off": "2018-10-12T14:03:19Z", "estimated_off": "2018-10-12T14:03:19Z", "actual_off": "2018-10-12T14:03:19Z", "scheduled_on": NaN, "estimated_on": NaN, "actual_on": "2018-10-12T14:03:19Z", "scheduled_in": NaN, "estimated_in": NaN, "actual_in": NaN, "status": "result unknown", "route_distance": NaN, "diverted": false, "cancelled": false, "simplified_departure_date": "2018-10-12", "origin_coords": [45.25536, 34.08463], "destination_coords": [55.8217, 38.1883], "is_same_city": false}}, {"type": "Feature", "geometry": {"type": "LineString", "coordinates": [[38.43927, 46.71365], [38.393212302230296, 46.69813356192801], [38.34718108296583, 46.68259865505509], [38.301176344053, 46.66704530002637], [38.2551980872394, 46.651473517482366], [38.20924631417415, 46.63588332805876], [38.163321026408134, 46.62027475238642], [38.117422225394236, 46.604647811091276], [38.07154991248764, 46.58900252479427], [38.02570408894608, 46.57333891411127], [37.97988475593009, 46.55765699965296], [37.93409191450327, 46.54195680202482], [37.88832556563261, 46.52623834182701], [37.842585710188665, 46.51050163965428], [37.79687234894585, 46.49474671609596], [37.75118548258275, 46.47897359173582], [37.70552511168231, 46.46318228715204], [37.659891236732165, 46.44737282291707], [37.61428385812486, 46.43154521959761], [37.56870297615814, 46.41569949775456], [37.523148591035216, 46.39983567794288], [37.477620702864996, 46.383953780711536], [37.4321193116624, 46.368053826603465], [37.386644417348585, 46.35213583615543], [37.34119601975121, 46.33619982989804], [37.295774118604754, 46.32024582835561], [37.25037871355071, 46.304273852046066], [37.2050098041379, 46.288283921480975], [37.15966738982272, 46.27227605716534], [37.11435146996939, 46.25625027959769], [37.069062043850266, 46.24020660926983], [37.023799110646046, 46.22414506666691], [36.97856266944613, 46.20806567226728], [36.93335271924872, 46.191968446542475], [36.888169258961284, 46.17585340995705], [36.84301228740066, 46.159720582968625], [36.797881803293436, 46.143569986027764], [36.752777805276104, 46.12740163957785], [36.70770029189546, 46.11121556405516], [36.66264926160875, 46.09501177988863], [36.617624712783986, 46.07879030749988], [36.5726266437002, 46.06255116730318], [36.52765505254775, 46.04629437970525], [36.48270993742851, 46.03001996510537], [36.43779129635622, 46.01372794389513], [36.39289912725666, 45.99741833645851], [36.348033427968005, 45.98109116317171], [36.30319419624102, 45.9647464444032], [36.258381429739394, 45.94838420051349], [36.2135951260399, 45.93200445185524], [36.16883528263279, 45.915607218773054], [36.124101896921964, 45.8991925216035], [36.079394966225244, 45.88276038067503], [36.034714487774714, 45.86631081630787], [35.99006045871688, 45.849843848814004], [35.94543287611302, 45.8333594984971], [35.9008317369394, 45.81685778565246], [35.856257038087556, 45.80033873056689], [35.811708776364554, 45.78380235351874], [35.76718694849326, 45.767248674777726], [35.72269155111259, 45.750677714605], [35.6782225807778, 45.73408949325295], [35.63378003396072, 45.71748403096526], [35.58936390705003, 45.70086134797675], [35.54497419635154, 45.68422146451336], [35.500610898088446, 45.66756440079213], [35.45627400840156, 45.65089017702104], [35.41196352334962, 45.63419881339903], [35.36767943890952, 45.61749033011594], [35.323421750976614, 45.600764747352365], [35.27919045536492, 45.58402208527973], [35.23498554780743, 45.56726236406007], [35.190807023956374, 45.55048560384613], [35.14665487938344, 45.533691824781194], [35.10252910958008, 45.51688104699908], [35.05842970995774, 45.50005329062406], [35.01435667584816, 45.48320857577082], [34.9703100025036, 45.46634692254437], [34.92628968509712, 45.44946835104003], [34.88229571872282, 45.43257288134334], [34.838328098396154, 45.41566053353004], [34.79438681905413, 45.39873132766592], [34.750471875555604, 45.381785283806906], [34.70658326268154, 45.36482242199891], [34.662720975135244, 45.34784276227776], [34.61888500754269, 45.330846324669196], [34.57507535445269, 45.313833129188815], [34.531292010337246, 45.29680319584198], [34.48753496959171, 45.27975654462379], [34.443804226535136, 45.26269319551901], [34.40009977541052, 45.245613168502054], [34.35642161038499, 45.22851648353684], [34.31276972555016, 45.211403160576886], [34.269144114922334, 45.19427321956509], [34.225544772442774, 45.177126680433815], [34.181971691977964, 45.159963563104746], [34.138424867319856, 45.142783887488875], [34.094904292186165, 45.12558767348646], [34.051409960220575, 45.10837494098693], [34.007941864993036, 45.09114570986888], [33.9645, 45.073899999999995]]}, "properties": {"fa_flight_id": "RA65689-1539342996-adhoc-0", "registration": "RA-65689", "ident": "RA-65689", "ident_icao": NaN, "origin_code": "L 46.71365 38.43927", "origin_city": "Krasnodar Krai", "destination_code": "L 45.07390 33.96450", "destination_city": "Simferopol", "scheduled_out": NaN, "estimated_out": NaN, "actual_out": NaN, "scheduled_off": "2018-10-12T11:16:36Z", "estimated_off": "2018-10-12T11:16:36Z", "actual_off": "2018-10-12T11:16:36Z", "scheduled_on": NaN, "estimated_on": NaN, "actual_on": "2018-10-12T12:02:04Z", "scheduled_in": NaN, "estimated_in": NaN, "actual_in": NaN, "status": "Arrived", "route_distance": NaN, "diverted": false, "cancelled": false, "simplified_departure_date": "2018-10-12", "origin_coords": [46.71365, 38.43927], "destination_coords": [45.0739, 33.9645], "is_same_city": false}}, {"type": "Feature", "geometry": {"type": "LineString", "coordinates": [[38.328179999999996, 55.74006], [38.341031410405186, 55.6549554759185], [38.3538270693799, 55.569849614922795], [38.366567394160434, 55.484742427038945], [38.37925279791432, 55.39963392219497], [38.391883689790006, 55.31452411022206], [38.40446047496584, 55.229413000855736], [38.41698355469819, 55.14430060373707], [38.429453326369, 55.059186928413766], [38.441870183532615, 54.97407198434134], [38.45423451596193, 54.888955780884224], [38.46654670969383, 54.80383832731682], [38.47880714707412, 54.71871963282467], [38.49101620680161, 54.63359970650547], [38.503174263971765, 54.54847855737008], [38.51528169011954, 54.46335619434367], [38.527338853261824, 54.37823262626664], [38.53934611793909, 54.293107861895685], [38.551303845256555, 54.20798190990479], [38.563212392924726, 54.122854778886165], [38.57507211529941, 54.03772647735127], [38.58688336342111, 53.952597013731705], [38.598646485053905, 53.86746639638017], [38.610361824723796, 53.78233463357147], [38.62202972375646, 53.697201733503285], [38.633650520314546, 53.61206770429717], [38.64522454943439, 53.5269325539994], [38.65675214306233, 53.44179629058191], [38.66823363009033, 53.35665892194305], [38.67966933639131, 53.27152045590852], [38.69105958485388, 53.18638090023218], [38.7024046954166, 53.10124026259688], [38.71370498510181, 53.01609855061526], [38.72496076804904, 52.93095577183062], [38.736172355547765, 52.845811933717584], [38.74734005606997, 52.76066704368306], [38.75846417530212, 52.675521109066835], [38.769545016176714, 52.59037413714247], [38.780582878903466, 52.50522613511798], [38.79157806099999, 52.4200771101366], [38.80253085732214, 52.33492706927751], [38.81344156009391, 52.24977601955658], [38.82431045893695, 52.16462396792699], [38.83513784089961, 52.079470921280105], [38.84592399048576, 51.99431688644598], [38.85666918968306, 51.9091618701942], [38.867373717990944, 51.824005879234406], [38.8780378524482, 51.73884892021712], [38.88866186766022, 51.653690999734266], [38.89924603582585, 51.568532124319866], [38.90979062676387, 51.48337230045074], [38.92029590793927, 51.39821153454703], [38.930762144488924, 51.31304983297291], [38.941189599247174, 51.22788720203713], [38.95157853277098, 51.14272364799372], [38.96192920336468, 51.05755917704245], [38.97224186710456, 50.972393795329566], [38.982516777862976, 50.88722750894824], [38.992754187332295, 50.802060323939294], [39.002954345048394, 50.71689224629161], [39.01311749841394, 50.631723281942804], [39.02324389272137, 50.546553436779725], [39.03333377117553, 50.46138271663903], [39.04338737491607, 50.376211127307705], [39.053404943039496, 50.291038674523605], [39.06338671262102, 50.20586536397598], [39.07333291873607, 50.12069120130597], [39.08324379448155, 50.03551619210721], [39.093119570996826, 49.95034034192618], [39.10296047748444, 49.865163656262816], [39.11276674123059, 49.779986140571005], [39.12253858762529, 49.69480780025904], [39.13227624018241, 49.60962864069007], [39.14197992055924, 49.52444866718263], [39.15164984857605, 49.43926788501109], [39.16128624223527, 49.35408629940612], [39.170889317740446, 49.26890391555516], [39.180459289514985, 49.1837207386028], [39.189996370220655, 49.09853677365134], [39.199500770775856, 49.01335202576115], [39.20897270037365, 48.928166499951125], [39.21841236649961, 48.842980201199104], [39.22781997494943, 48.75779313444234], [39.23719572984629, 48.67260530457785], [39.24653983365805, 48.58741671646287], [39.25585248721417, 48.502227374915286], [39.26513388972254, 48.41703728471396], [39.27438423878599, 48.331846450599244], [39.283603730418655, 48.24665487727322], [39.2927925590621, 48.16146256940027], [39.30195091760131, 48.07626953160729], [39.31107899738047, 47.9910757684842], [39.320176988218506, 47.90588128458423], [39.32924507842447, 47.82068608442436], [39.338283454812775, 47.73549017248561], [39.3472923027182, 47.65029355321347], [39.35627180601073, 47.56509623101826], [39.36522214711021, 47.479898210275394], [39.37414350700086, 47.39469949532584], [39.38303606524554, 47.30950009047638], [39.3919, 47.22429999999999]]}, "properties": {"fa_flight_id": "RA65689-1539331071-adhoc-0", "registration": "RA-65689", "ident": "RA-65689", "ident_icao": NaN, "origin_code": "L 55.74006 38.32818", "origin_city": "Moscow", "destination_code": "L 47.22430 39.39190", "destination_city": "Krasnodar Krai", "scheduled_out": NaN, "estimated_out": NaN, "actual_out": NaN, "scheduled_off": "2018-10-12T07:57:51Z", "estimated_off": "2018-10-12T07:57:51Z", "actual_off": "2018-10-12T07:57:51Z", "scheduled_on": NaN, "estimated_on": NaN, "actual_on": "2018-10-12T07:57:51Z", "scheduled_in": NaN, "estimated_in": NaN, "actual_in": NaN, "status": "result unknown", "route_distance": NaN, "diverted": false, "cancelled": false, "simplified_departure_date": "2018-10-12", "origin_coords": [55.74006, 38.32818], "destination_coords": [47.2243, 39.3919], "is_same_city": false}}, {"type": "Feature", "geometry": {"type": "LineString", "coordinates": [[38.247209999999995, 55.79627], [38.21288558295324, 55.81764484194024], [38.17852344434938, 55.839010116273585], [38.14412352934836, 55.86036580479475], [38.10968578306025, 55.8817118892613], [38.07521015054535, 55.9030483513935], [38.040696576814504, 55.92437517287433], [38.00614500682918, 55.94569233534931], [37.97155538550172, 55.966999820426565], [37.936927657695556, 55.98829760967665], [37.902261768225344, 56.009585684632576], [37.867557661857255, 56.03086402678965], [37.83281528330909, 56.05213261760548], [37.79803457725056, 56.073391438499904], [37.76321548830344, 56.09464047085488], [37.72835796104178, 56.11587969601445], [37.69346193999219, 56.13710909528472], [37.65852736963395, 56.158328649933694], [37.6235541943993, 56.17953834119129], [37.58854235867361, 56.20073815024926], [37.55349180679564, 56.22192805826108], [37.51840248305776, 56.24310804634196], [37.4832743317061, 56.26427809556871], [37.44810729694088, 56.28543818697971], [37.412901322916596, 56.30658830157484], [37.37765635374221, 56.32772842031541], [37.342372333481435, 56.34885852412412], [37.30704920615294, 56.36997859388494], [37.27168691573061, 56.391088610443084], [37.23628540614377, 56.41218855460498], [37.20084462127741, 56.43327840713811], [37.165364504972466, 56.45435814877105], [37.12984500102602, 56.47542776019331], [37.09428605319159, 56.49648722205536], [37.05868760517932, 56.517536514968484], [37.02304960065632, 56.53857561950475], [36.98737198324684, 56.559604516197005], [36.95165469653255, 56.58062318553869], [36.91589768405284, 56.60163160798387], [36.88010088930497, 56.62262976394714], [36.84426425574446, 56.64361763380352], [36.8083877267853, 56.664595197888495], [36.77247124580019, 56.68556243649784], [36.736514756120854, 56.70651932988763], [36.700518201038264, 56.727465858274115], [36.66448152380299, 56.7484020018337], [36.628404667625375, 56.76932774070292], [36.592287575675904, 56.79024305497824], [36.55613019108543, 56.811147924716145], [36.519932456945476, 56.83204232993299], [36.483694316308515, 56.85292625060492], [36.447415712188274, 56.87379966666792], [36.41109658755998, 56.8946625580176], [36.374736885360726, 56.915514904509244], [36.33833654848969, 56.936356685957676], [36.301895519808475, 56.95718788213727], [36.265413742141405, 56.97800847278181], [36.22889115827582, 56.998818437584475], [36.192327710962374, 57.01961775619777], [36.15572334291535, 57.04040640823345], [36.119077996812976, 57.06118437326246], [36.08239161529773, 57.08195163081488], [36.045664140976655, 57.10270816037985], [36.00889551642166, 57.123453941405515], [35.97208568416989, 57.14418895329899], [35.935234586723986, 57.164913175426236], [35.89834216655243, 57.18562658711205], [35.86140836608992, 57.20632916763997], [35.82443312773762, 57.227020896252256], [35.78741639386356, 57.24770175214976], [35.7503581068029, 57.268371714491934], [35.71325820885836, 57.289030762396735], [35.67611664230049, 57.309678874940545], [35.63893334936803, 57.33031603115816], [35.60170827226826, 57.35094221004269], [35.56444135317735, 57.37155739054551], [35.52713253424071, 57.392161551576145], [35.48978175757333, 57.41275467200234], [35.45238896526016, 57.43333673064987], [35.414954099356464, 57.45390770630254], [35.37747710188815, 57.4744675777021], [35.33995791485217, 57.495016323548235], [35.302396480216885, 57.515553922498405], [35.26479273992241, 57.53608035316789], [35.22714663588103, 57.55659559412968], [35.18945810997751, 57.5770996239144], [35.15172710406952, 57.597592421010276], [35.11395355998803, 57.61807396386309], [35.076137419537666, 57.63854423087608], [35.03827862449708, 57.659003200409906], [35.00037711661936, 57.67945085078257], [34.96243283763246, 57.69988716026939], [34.92444572923953, 57.72031210710292], [34.88641573311935, 57.740725669472866], [34.848342790926715, 57.761127825526096], [34.81022684429288, 57.781518553366524], [34.772067834825876, 57.80189783105502], [34.733865704111025, 57.82226563660947], [34.69562039371134, 57.84262194800461], [34.65733184516781, 57.86296674317201], [34.619, 57.8833]]}, "properties": {"fa_flight_id": "RA65689-1542368559-adhoc-0", "registration": "RA-65689", "ident": "RA-65689", "ident_icao": NaN, "origin_code": "L 55.79627 38.24721", "origin_city": "Moscow", "destination_code": "L 57.88330 34.61900", "destination_city": "Tver", "scheduled_out": NaN, "estimated_out": NaN, "actual_out": NaN, "scheduled_off": "2018-11-16T11:42:39Z", "estimated_off": "2018-11-16T11:42:39Z", "actual_off": "2018-11-16T11:42:39Z", "scheduled_on": NaN, "estimated_on": NaN, "actual_on": "2018-11-16T11:42:39Z", "scheduled_in": NaN, "estimated_in": NaN, "actual_in": NaN, "status": "result unknown", "route_distance": NaN, "diverted": false, "cancelled": false, "simplified_departure_date": "2018-11-16", "origin_coords": [55.79627, 38.24721], "destination_coords": [57.8833, 34.619], "is_same_city": false}}, {"type": "Feature", "geometry": {"type": "LineString", "coordinates": [[39.512789999999995, 43.73077000000001], [39.50188206616399, 43.85205867079649], [39.49092967474405, 43.97334629987521], [39.47993245501712, 44.09463287854043], [39.46889003242204, 44.21591839800625], [39.45780202850858, 44.33720284939543], [39.44666806088542, 44.4584862237381], [39.435487743167414, 44.57976851197058], [39.42426068492203, 44.701049704934135], [39.412986491614866, 44.82232979337364], [39.40166476455432, 44.943608767936276], [39.39029510083537, 45.06488661917026], [39.37887709328249, 45.186163337523475], [39.367410330391586, 45.307438913342104], [39.355894396270955, 45.428713336869166], [39.344328870581414, 45.5499865982433], [39.33271332847534, 45.6712586874971], [39.32104734053473, 45.792529594555795], [39.30933047270832, 45.91379930923578], [39.29756228624753, 46.03506782124301], [39.28574233764154, 46.15633512017154], [39.27387017855108, 46.27760119550199], [39.26194535574136, 46.398866036599884], [39.24996741101363, 46.52012963271409], [39.2379358811358, 46.6413919729752], [39.225850297771814, 46.76265304639386], [39.21371018740986, 46.883912841859], [39.20151507128933, 47.00517134813626], [39.18926446532662, 47.126428553866106], [39.17695788003966, 47.24768444756214], [39.16459482047108, 47.36893901760925], [39.15217478611017, 47.490192252261785], [39.13969727081349, 47.611444139641655], [39.127161762724086, 47.73269466773651], [39.114567744189344, 47.8539438243977], [39.10191469167741, 47.97519159733838], [39.08920207569223, 48.09643797413149], [39.07642936068705, 48.21768294220769], [39.063596004976446, 48.33892648885332], [39.0507014606468, 48.460168601208274], [39.03774517346528, 48.58140926626391], [39.02472658278714, 48.702648470860716], [39.01164512146145, 48.823886201686285], [38.998500215735156, 48.945122445272915], [38.98529128515545, 49.06635718799538], [38.97201774247038, 49.18759041606851], [38.958678993527705, 49.308822115544906], [38.94527443717206, 49.43005227231246], [38.93180346514005, 49.55128087209186], [38.91826546195366, 49.67250790043414], [38.90465980481174, 49.79373334271807], [38.890985863479436, 49.91495718414759], [38.877243000175625, 50.03617940974911], [38.86343056945846, 50.15740000436885], [38.849547918108655, 50.278618952670094], [38.835594385010715, 50.39983623913034], [38.82156930103205, 50.521051848038475], [38.80747198889974, 50.64226576349191], [38.79330176307516, 50.763477969393584], [38.779057929626205, 50.88468844944894], [38.76473978609719, 51.00589718716284], [38.7503466213763, 51.12710416583654], [38.73587771556064, 51.24830936856439], [38.721332339818645, 51.36951277823065], [38.70670975625003, 51.49071437750619], [38.69200921774304, 51.61191414884507], [38.67722996782901, 51.733112074481156], [38.66237124053419, 51.85430813642465], [38.647432260228754, 51.97550231645842], [38.63241224147291, 52.096694596134505], [38.61731038886011, 52.21788495677031], [38.60212589685721, 52.339073379444905], [38.586857949641576, 52.4602598449951], [38.57150572093511, 52.581444334011636], [38.55606837383488, 52.70262682683508], [38.54054506064076, 52.823807303551845], [38.52493492267935, 52.94498574398997], [38.50923709012479, 53.06616212771492], [38.49345068181586, 53.18733643402527], [38.4775748050695, 53.30850864194827], [38.46160855549077, 53.42967873023542], [38.44555101677892, 53.550846677357846], [38.42940126052966, 53.672012461501616], [38.413158346033484, 53.79317606056301], [38.39682132006998, 53.914337452143684], [38.380389216698, 54.03549661354564], [38.36386105704156, 54.15665352176624], [38.34723584907155, 54.277808153493], [38.33051258738287, 54.39896048509839], [38.31369025296709, 54.52011049263436], [38.296767812980555, 54.641258151826975], [38.2797442205076, 54.76240343807074], [38.26261841431904, 54.88354632642296], [38.24538931862559, 55.00468679159781], [38.22805584282621, 55.12582480796049], [38.210616881251255, 55.24696034952113], [38.19307131290029, 55.36809338992857], [38.175418001174336, 55.48922390246402], [38.15765579360267, 55.61035186003464], [38.13978352156369, 55.73147723516694], [38.12179999999999, 55.8526]]}, "properties": {"fa_flight_id": "RA65689-1542755986-adhoc-0", "registration": "RA-65689", "ident": "RA-65689", "ident_icao": NaN, "origin_code": "L 43.73077 39.51279", "origin_city": NaN, "destination_code": "L 55.85260 38.12180", "destination_city": "Moscow", "scheduled_out": NaN, "estimated_out": NaN, "actual_out": NaN, "scheduled_off": "2018-11-20T23:19:46Z", "estimated_off": "2018-11-20T23:19:46Z", "actual_off": "2018-11-20T23:19:46Z", "scheduled_on": NaN, "estimated_on": NaN, "actual_on": "2018-11-20T23:19:46Z", "scheduled_in": NaN, "estimated_in": NaN, "actual_in": NaN, "status": "result unknown", "route_distance": NaN, "diverted": false, "cancelled": false, "simplified_departure_date": "2018-11-20", "origin_coords": [43.73077, 39.51279], "destination_coords": [55.8526, 38.1218], "is_same_city": false}}, {"type": "Feature", "geometry": {"type": "LineString", "coordinates": [[37.97428000000001, 55.43744], [37.989534153184714, 55.31952241322608], [38.004697831731896, 55.20160293745127], [38.01977196408889, 55.08368159209019], [38.03475746630291, 54.9657583962977], [38.04965524222841, 54.84783336897318], [38.06446618372998, 54.72990652876479], [38.07919117088153, 54.611977894073746], [38.093831072161315, 54.49404748305826], [38.108386744643205, 54.376115313637705], [38.12285903418416, 54.25818140349646], [38.13724877560802, 54.1402457700878], [38.151556792885806, 54.022308430637665], [38.165783899312295, 53.90436940214842], [38.17993089767942, 53.78642870140239], [38.19399858044607, 53.66848634496556], [38.20798772990487, 53.55054234919095], [38.2218991183455, 53.43259673022211], [38.23573350821505, 53.31464950399649], [38.249491652275246, 53.196700686248704], [38.26317429375672, 53.07875029251378], [38.27678216651029, 52.96079833813036], [38.2903159951554, 52.84284483824378], [38.30377649522586, 52.724889807809156], [38.317164373312615, 52.60693326159434], [38.33048032720407, 52.488975214182915], [38.34372504602369, 52.37101567997705], [38.35689921036501, 52.25305467320033], [38.370003492424125, 52.13509220790055], [38.38303855612989, 52.01712829795245], [38.39600505727149, 51.89916295706036], [38.40890364362379, 51.781196198760874], [38.42173495507037, 51.663228036425394], [38.43449962372428, 51.54525848326266], [38.44719827404661, 51.42728755232128], [38.459831522962915, 51.30931525649215], [38.472399979977524, 51.19134160851081], [38.4849042472857, 51.07336662095986], [38.497344919883965, 50.95539030627122], [38.50972258567823, 50.83741267672841], [38.522037825590125, 50.719433744468866], [38.5342912136614, 50.60145352148598], [38.546483317156415, 50.48347201963133], [38.55861469666292, 50.365489250616804], [38.57068590619091, 50.24750522601667], [38.58269749326982, 50.12951995726955], [38.594649999044044, 50.011533455680485], [38.60654395836665, 49.89354573242293], [38.6183798998916, 49.77555679854058], [38.63015834616425, 49.65756666494934], [38.64187981371033, 49.53957534243921], [38.65354481312339, 49.421582841676035], [38.66515384915066, 49.303589173203406], [38.67670742077754, 49.185594347444344], [38.688206021310506, 49.067598374703074], [38.699650138458736, 48.94960126516675], [38.71104025441424, 48.831603028907104], [38.722376845930626, 48.71360367588212], [38.73366038440058, 48.59560321593762], [38.744891335932, 48.47760165880895], [38.756070161422834, 48.35959901412241], [38.76719731663467, 48.2415952913969], [38.77827325226512, 48.123590500045445], [38.78929841401891, 48.00558464937657], [38.800273242677854, 47.887577748595916], [38.81119817416961, 47.769569806807546], [38.82207363963536, 47.65156083301548], [38.832900065496304, 47.53355083612496], [38.84367787351905, 47.41553982494397], [38.854407480879985, 47.29752780818444], [38.86508930022854, 47.179514794463685], [38.87572373974944, 47.06150079230561], [38.88631120322392, 46.94348581014208], [38.89685209008994, 46.82546985631413], [38.90734679550144, 46.707452939073214], [38.91779571038662, 46.58943506658242], [38.9281992215053, 46.47141624691773], [38.93855771150528, 46.35339648806907], [38.94887155897793, 46.235375797941636], [38.95914113851272, 46.11735418435691], [38.969366820751006, 45.999331655053844], [38.97954897243893, 45.88130821768994], [38.98968795647943, 45.763283879842376], [38.99978413198347, 45.64525864900905], [39.00983785432043, 45.52723253260963], [39.01984947516774, 45.40920553798661], [39.0298193425597, 45.29117767240633], [39.03974780093552, 45.173148943059964], [39.04963519118665, 45.05511935706457], [39.05948185070332, 44.937088921463946], [39.06928811342045, 44.81905764322973], [39.07905430986267, 44.70102552926224], [39.08878076718886, 44.58299258639148], [39.098467809235785, 44.46495882137795], [39.10811575656131, 44.346924240913665], [39.117724926486616, 44.228888851623005], [39.127295633138125, 44.11085266006354], [39.13682818748851, 43.99281567272694], [39.14632289739723, 43.874777896039795], [39.1557800676504, 43.75673933636449], [39.165200000000006, 43.63870000000001]]}, "properties": {"fa_flight_id": "RA65689-1542743656-adhoc-0", "registration": "RA-65689", "ident": "RA-65689", "ident_icao": NaN, "origin_code": "L 55.43744 37.97428", "origin_city": "Moscow", "destination_code": "L 43.63870 39.16520", "destination_city": NaN, "scheduled_out": NaN, "estimated_out": NaN, "actual_out": NaN, "scheduled_off": "2018-11-20T19:54:16Z", "estimated_off": "2018-11-20T19:54:16Z", "actual_off": "2018-11-20T19:54:16Z", "scheduled_on": NaN, "estimated_on": NaN, "actual_on": "2018-11-20T19:54:16Z", "scheduled_in": NaN, "estimated_in": NaN, "actual_in": NaN, "status": "result unknown", "route_distance": NaN, "diverted": false, "cancelled": false, "simplified_departure_date": "2018-11-20", "origin_coords": [55.43744, 37.97428], "destination_coords": [43.6387, 39.1652], "is_same_city": false}}, {"type": "Feature", "geometry": {"type": "LineString", "coordinates": [[33.50068, 55.77790000000001], [33.54690688306459, 55.779422280947976], [33.593137357365336, 55.780927216974185], [33.63937138222111, 55.78241480575902], [33.68560891692901, 55.783885045009185], [33.73184992076456, 55.785337932457786], [33.77809435298197, 55.78677346586425], [33.82434217281434, 55.78819164301445], [33.87059333947398, 55.78959246172063], [33.916847812152604, 55.79097591982145], [33.963105550021574, 55.79234201518204], [34.00936651223216, 55.79369074569397], [34.05563065791581, 55.79502210927528], [34.10189794618436, 55.79633610387047], [34.148168336130276, 55.79763272745063], [34.194441786826935, 55.798911978013265], [34.240718257328886, 55.800173853582486], [34.286997706672004, 55.80141835220893], [34.33328009387387, 55.802645471969775], [34.3795653779339, 55.80385521096882], [34.425853517833694, 55.805047567336416], [34.47214447253722, 55.806222539229545], [34.51843820099107, 55.8073801248318], [34.56473466212473, 55.80852032235344], [34.61103381485083, 55.809643130031304], [34.657335618065375, 55.810748546128956], [34.70364003064801, 55.811836568936606], [34.7499470114623, 55.812907196771164], [34.79625651935587, 55.813960427976234], [34.84256851316081, 55.81499626092212], [34.88888295169383, 55.81601469400588], [34.93519979375652, 55.817015725651295], [34.98151899813561, 55.81799935430889], [35.02784052360326, 55.81896557845596], [35.07416432891724, 55.819914396596566], [35.12049037282126, 55.82084580726157], [35.16681861404515, 55.82175980900862], [35.213149011305156, 55.82265640042214], [35.2594815233042, 55.823535580113415], [35.30581610873213, 55.824397346720566], [35.35215272626591, 55.82524169890851], [35.39849133457, 55.82606863536903], [35.444831892296456, 55.82687815482078], [35.49117435808531, 55.82767025600927], [35.53751869056479, 55.82844493770688], [35.58386484835153, 55.8292021987129], [35.630212790050884, 55.8299420378535], [35.67656247425713, 55.830664453981775], [35.722913859553785, 55.831369445977685], [35.769266904513785, 55.83205701274819], [35.81562156769981, 55.83272715322711], [35.8619778076645, 55.833379866375225], [35.90833558295071, 55.834015151180296], [35.95469485209181, 55.83463300665699], [36.001055573611886, 55.83523343184699], [36.047417706025996, 55.835816425818884], [36.09378120784049, 55.83638198766829], [36.14014603755321, 55.83693011651777], [36.18651215365374, 55.83746081151693], [36.23287951462371, 55.83797407184232], [36.27924807893702, 55.83846989669749], [36.32561780506012, 55.838948285313066], [36.37198865145221, 55.83940923694663], [36.418360576565576, 55.839852750882805], [36.4647335388458, 55.84027882643322], [36.511107496732016, 55.840687462936565], [36.55748240865719, 55.84107865975855], [36.60385823304835, 55.84145241629193], [36.65023492832689, 55.84180873195652], [36.69661245290876, 55.842147606199156], [36.742990765204794, 55.842469038493746], [36.78936982362093, 55.84277302834126], [36.83574958655845, 55.84305957526973], [36.88213001241426, 55.84332867883425], [36.9285110595812, 55.843580338616974], [36.97489268644821, 55.84381455422716], [37.0212748514006, 55.844031325301096], [37.06765751282042, 55.844230651502194], [37.11404062908658, 55.84441253252093], [37.16042415857517, 55.84457696807486], [37.2068080596597, 55.84472395790862], [37.25319229071143, 55.84485350179394], [37.29957681009951, 55.844965599529644], [37.34596157619131, 55.84506025094165], [37.39234654735271, 55.84513745588296], [37.438731681948255, 55.845197214233664], [37.48511693834151, 55.845239525900965], [37.531502274895296, 55.84526439081914], [37.57788764997189, 55.84527180894958], [37.62427302193338, 55.84526178028075], [37.67065834914183, 55.84523430482826], [37.71704358995964, 55.845189382634736], [37.76342870274965, 55.84512701376998], [37.8098136458756, 55.84504719833083], [37.85619837770222, 55.84494993644127], [37.90258285659557, 55.8448352282523], [37.94896704092331, 55.84470307394212], [37.99535088905486, 55.84455347371593], [38.0417343593618, 55.844386427806064], [38.08811741021801, 55.84420193647192], [38.1345, 55.844]]}, "properties": {"fa_flight_id": "RA65689-1542473217-adhoc-0", "registration": "RA-65689", "ident": "RA-65689", "ident_icao": NaN, "origin_code": "L 55.77790 33.50068", "origin_city": "Tver", "destination_code": "L 55.84400 38.13450", "destination_city": "Moscow", "scheduled_out": NaN, "estimated_out": NaN, "actual_out": NaN, "scheduled_off": "2018-11-17T16:46:57Z", "estimated_off": "2018-11-17T16:46:57Z", "actual_off": "2018-11-17T16:46:57Z", "scheduled_on": NaN, "estimated_on": NaN, "actual_on": "2018-11-17T16:46:57Z", "scheduled_in": NaN, "estimated_in": NaN, "actual_in": NaN, "status": "result unknown", "route_distance": NaN, "diverted": false, "cancelled": false, "simplified_departure_date": "2018-11-17", "origin_coords": [55.7779, 33.50068], "destination_coords": [55.844, 38.1345], "is_same_city": false}}, {"type": "Feature", "geometry": {"type": "LineString", "coordinates": [[39.48102, 43.74595], [39.47054193242996, 43.866947385244835], [39.460021239833196, 43.987943809246794], [39.449457567511416, 44.108939263999304], [39.43885055710123, 44.22993374141293], [39.428199846525274, 44.350927233314295], [39.41750506994281, 44.47191973144494], [39.40676585769941, 44.5929112274602], [39.395981836275894, 44.713901712928056], [39.3851526282364, 44.83489117932793], [39.37427785217569, 44.95587961804952], [39.363357122665555, 45.076867020391575], [39.35239005020036, 45.19785337756064], [39.341376241141795, 45.31883868066985], [39.330315297662565, 45.43982292073762], [39.31920681768933, 45.56080608868638], [39.30805039484465, 45.68178817534122], [39.29684561838795, 45.8027691714286], [39.28559207315558, 45.92374906757495], [39.27428933949984, 46.04472785430534], [39.26293699322705, 46.16570552204201], [39.251534605534545, 46.28668206110299], [39.24008174294669, 46.40765746170064], [39.22857796724977, 46.528631713940186], [39.21702283542581, 46.64960480781822], [39.20541589958536, 46.77057673322112], [39.19375670689907, 46.89154747992358], [39.18204479952813, 47.01251703758701], [39.17027971455358, 47.133485395757894], [39.1584609839044, 47.25445254386621], [39.146588134284386, 47.37541847122374], [39.13466068709779, 47.49638316702245], [39.122678158373695, 47.61734662033266], [39.11064005868907, 47.738308820101395], [39.09854589309055, 47.859269755150585], [39.086395161014885, 47.98022941417526], [39.07418735620794, 48.101187785741736], [39.06192196664238, 48.22214485828569], [39.04959847443388, 48.343100620110306], [39.037216355755916, 48.46405505938437], [39.02477508075303, 48.58500816414024], [39.012274113452634, 48.7059599222719], [38.9997129116752, 48.82691032153288], [38.98709092694297, 48.947859349534205], [38.97440760438692, 49.068806993742335], [38.96166238265221, 49.189753241476936], [38.94885469380191, 49.31069807990873], [38.93598396321899, 49.43164149605731], [38.923049609506585, 49.55258347678883], [38.910051044386485, 49.67352400881374], [38.896987672595806, 49.7944630786844], [38.883858891781756, 49.91540067279274], [38.87066409239456, 50.03633677736777], [38.85740265757845, 50.15727137847321], [38.84407396306058, 50.27820446200487], [38.83067737703808, 50.39913601368812], [38.81721226006288, 50.520066019075315], [38.80367796492455, 50.64099446354307], [38.79007383653091, 50.76192133228963], [38.77639921178649, 50.88284661033203], [38.76265341946872, 51.003770282503346], [38.74883578010178, 51.124692333449815], [38.73494560582824, 51.24561274762793], [38.72098220027812, 51.36653150930145], [38.70694485843569, 51.487448602538386], [38.692832866503565, 51.60836401120793], [38.67864550176444, 51.729277718977286], [38.66438203244009, 51.85018970930852], [38.65004171754772, 51.97109996545527], [38.63562380675361, 52.092008470459376], [38.621127540223945, 52.21291520714762], [38.6065521484728, 52.33382015812811], [38.59189685220725, 52.454723305786956], [38.57716086216936, 52.57562463228451], [38.56234337897532, 52.69652411955177], [38.54744359295131, 52.81742174928674], [38.532460683966235, 52.938317502950476], [38.51739382126121, 53.05921136176336], [38.502242163275625, 53.18010330670107], [38.487004857469984, 53.300993318490576], [38.47168104014497, 53.421881377606], [38.45626983625727, 53.54276746426451], [38.440770359231415, 53.66365155842197], [38.42518171076817, 53.78453363976863], [38.4095029806489, 53.905413687724675], [38.393733246536115, 54.02629168143566], [38.37787157376998, 54.14716759976794], [38.361917015160735, 54.26804142130393], [38.34586861077691, 54.38891312433729], [38.32972538772928, 54.509782686868014], [38.31348635995031, 54.63065008659743], [38.2971505279693, 54.75151530092305], [38.28071687868267, 54.87237830693345], [38.26418438511974, 54.993239081402805], [38.24755200620359, 55.1140976007856], [38.23081868650691, 55.23495384121092], [38.21398335600286, 55.35580777847696], [38.197044929810794, 55.47665938804511], [38.18000230793644, 55.597508645034104], [38.16285437500694, 55.718355524214005], [38.1456, 55.8392]]}, "properties": {"fa_flight_id": "RA65689-1544212954-adhoc-0", "registration": "RA-65689", "ident": "RA-65689", "ident_icao": NaN, "origin_code": "L 43.74595 39.48102", "origin_city": NaN, "destination_code": "L 55.83920 38.14560", "destination_city": "Moscow", "scheduled_out": NaN, "estimated_out": NaN, "actual_out": NaN, "scheduled_off": "2018-12-07T20:02:34Z", "estimated_off": "2018-12-07T20:02:34Z", "actual_off": "2018-12-07T20:02:34Z", "scheduled_on": NaN, "estimated_on": NaN, "actual_on": "2018-12-07T20:02:34Z", "scheduled_in": NaN, "estimated_in": NaN, "actual_in": NaN, "status": "result unknown", "route_distance": NaN, "diverted": false, "cancelled": false, "simplified_departure_date": "2018-12-07", "origin_coords": [43.74595, 39.48102], "destination_coords": [55.8392, 38.1456], "is_same_city": false}}, {"type": "Feature", "geometry": {"type": "LineString", "coordinates": [[37.90852, 55.96735999999999], [37.92342546286483, 55.844622643296965], [37.938237096274634, 55.72188349637594], [37.952955916755236, 55.59914257865741], [37.96758292648079, 55.47639990928719], [37.9821191135272, 55.35365550714132], [37.99656545212018, 55.230909390830796], [38.01092290287809, 55.10816157870624], [38.02519241304977, 54.98541208886245], [38.03937491674731, 54.86266093914285], [38.05347133517405, 54.73990814714389], [38.06748257684789, 54.61715373021934], [38.08140953781984, 54.49439770548441], [38.09525310188833, 54.37164008981991], [38.10901414080888, 54.24888089987628], [38.12269351449961, 54.126120152077505], [38.13629207124258, 54.00335786262496], [38.14981064788099, 53.880594047501226], [38.16325007001243, 53.75782872247377], [38.176611152178204, 53.63506190309856], [38.1898946980489, 53.51229360472367], [38.20310150060621, 53.38952384249273], [38.216232342321085, 53.266752631348325], [38.22928799532847, 53.143979986035326], [38.24226922159847, 53.0212059211043], [38.25517677310408, 52.89843045091454], [38.268011391985866, 52.77565358963736], [38.28077381071308, 52.6528753512591], [38.29346475224188, 52.53009574958416], [38.30608493017035, 52.40731479823808], [38.318635048890506, 52.28453251067028], [38.33111580373742, 52.16174890015705], [38.343527881135394, 52.038963979804294], [38.35587195874136, 51.91617776255028], [38.368148705585554, 51.79339026116833], [38.38035878220939, 51.67060148826949], [38.392502840800844, 51.54781145630509], [38.404581525327174, 51.42502017756928], [38.41659547166518, 51.30222766420159], [38.428545307728925, 51.1794339281893], [38.44043165359514, 51.05663898136983], [38.45225512162624, 50.93384283543321], [38.46401631659101, 50.81104550192427], [38.475715835783106, 50.688246992244935], [38.48735426913728, 50.56544731765653], [38.498932199343464, 50.44264648928183], [38.51045020195884, 50.31984451810733], [38.52190884551766, 50.197041414985286], [38.53330869163929, 50.07423719063578], [38.544650295134026, 49.95143185564874], [38.555934204107146, 49.82862542048601], [38.56716096006105, 49.70581789548319], [38.57833109799544, 49.58300929085162], [38.58944514650585, 49.46019961668026], [38.600503627880215, 49.337388882937525], [38.61150705819391, 49.214577099473125], [38.62245594740286, 49.091764276019816], [38.6333507994352, 48.96895042219517], [38.64419211228114, 48.846135547503316], [38.654980378081305, 48.723319661336596], [38.66571608321355, 48.60050277297722], [38.6763997083781, 48.47768489159895], [38.6870317286814, 48.35486602626863], [38.69761261371823, 48.232046185947866], [38.70814282765267, 48.109225379494404], [38.718622829297416, 47.986403615663825], [38.729053072191824, 47.86358090311095], [38.739434004678635, 47.74075725039131], [38.74976606997925, 47.61793266596257], [38.76004970626781, 47.49510715818602], [38.77028534674397, 47.372280735327884], [38.78047341970439, 47.24945340556074], [38.79061434861312, 47.12662517696483], [38.80070855217056, 47.003796057529435], [38.81075644438153, 46.88096605515409], [38.82075843462195, 46.75813517764995], [38.8307149277045, 46.63530343274099], [38.84062632394316, 46.51247082806523], [38.8504930192167, 46.389637371176036], [38.860315405031, 46.266803069543194], [38.870093868580426, 46.143967930554155], [38.87982879280814, 46.02113196151516], [38.889520556465456, 45.898295169652435], [38.8991695341701, 45.77545756211319], [38.90877609646361, 45.65261914596684], [38.91834060986783, 45.52977992820601], [38.92786343694026, 45.40693991574761], [38.93734493632875, 45.28409911543387], [38.946785462825154, 45.16125753403341], [38.956185367418165, 45.038415178242204], [38.96554499734521, 44.915572054684596], [38.97486469614366, 44.792728169914255], [38.98414480370101, 44.66988353041517], [38.993385656304426, 44.54703814260255], [39.00258758668942, 44.424192012823845], [39.01175092408769, 44.3013451473595], [39.02087599427433, 44.17849755242404], [39.02996311961414, 44.05564923416684], [39.03901261910728, 43.93280019867303], [39.048024808434256, 43.809950451964355], [39.057, 43.687099999999994]]}, "properties": {"fa_flight_id": "RA65689-1544185682-adhoc-0", "registration": "RA-65689", "ident": "RA-65689", "ident_icao": NaN, "origin_code": "L 55.96736 37.90852", "origin_city": "Moscow", "destination_code": "L 43.68710 39.05700", "destination_city": NaN, "scheduled_out": NaN, "estimated_out": NaN, "actual_out": NaN, "scheduled_off": "2018-12-07T12:28:02Z", "estimated_off": "2018-12-07T12:28:02Z", "actual_off": "2018-12-07T12:28:02Z", "scheduled_on": NaN, "estimated_on": NaN, "actual_on": "2018-12-07T12:28:02Z", "scheduled_in": NaN, "estimated_in": NaN, "actual_in": NaN, "status": "result unknown", "route_distance": NaN, "diverted": false, "cancelled": false, "simplified_departure_date": "2018-12-07", "origin_coords": [55.96736, 37.90852], "destination_coords": [43.6871, 39.057], "is_same_city": false}}, {"type": "Feature", "geometry": {"type": "LineString", "coordinates": [[35.407599999999995, 55.60883], [35.43325699343746, 55.6121452714622], [35.458918322044205, 55.61545518708426], [35.48458398007741, 55.61875974529787], [35.510253961786525, 55.62205894453672], [35.5359282614133, 55.6253527832364], [35.56160687319176, 55.62864125983445], [35.58728979134822, 55.631924372770385], [35.61297701010132, 55.63520212048564], [35.63866852366199, 55.6384745014236], [35.66436432623347, 55.641741514029654], [35.69006441201132, 55.64500315675114], [35.71576877518343, 55.648259428037306], [35.74147740993001, 55.65151032633944], [35.76719031042363, 55.65475585011077], [35.792907470829164, 55.6579959978065], [35.818628885303866, 55.661230767883815], [35.844354547997334, 55.664460158801894], [35.870084453051525, 55.667684169021875], [35.89581859460075, 55.67090279700692], [35.92155696677171, 55.674116041222156], [35.947299563683494, 55.6773239001347], [35.973046379447524, 55.680526372213706], [35.998797408167675, 55.68372345593029], [36.02455264394018, 55.6869151497576], [36.050312080853715, 55.690101452170786], [36.07607571298929, 55.693282361647], [36.10184353442041, 55.69645787666543], [36.12761553921296, 55.699627995707246], [36.15339172142527, 55.70279271725568], [36.17917207510809, 55.705952039795996], [36.20495659430463, 55.709105961815425], [36.23074527305052, 55.7122544818033], [36.25653810537389, 55.71539759825094], [36.28233508529528, 55.718535309651735], [36.30813620682773, 55.721667614501115], [36.33394146397675, 55.72479451129654], [36.359750850740305, 55.727915998537505], [36.38556436110889, 55.7310320747256], [36.41138198906546, 55.73414273836445], [36.437203728585494, 55.73724798795972], [36.46302957363695, 55.740347822019146], [36.488859518180334, 55.74344223905257], [36.514693556168645, 55.74653123757183], [36.540531681547435, 55.7496148160909], [36.56637388825477, 55.752692973125804], [36.59222017022126, 55.755765707194634], [36.61807052137008, 55.758833016817576], [36.643924935616944, 55.761894900516914], [36.669783406870124, 55.76495135681697], [36.695645929030505, 55.76800238424424], [36.721512495991504, 55.77104798132722], [36.747383101639116, 55.774088146596576], [36.773257739851964, 55.777122878585054], [36.79913640450125, 55.7801521758275], [36.825019089450784, 55.783176036860866], [36.85090578855698, 55.786194460224216], [36.876796495668884, 55.789207444458725], [36.90269120462816, 55.79221498810771], [36.92858990926913, 55.795217089716566], [36.95449260341872, 55.79821374783286], [36.98039928089653, 55.80120496100625], [37.00630993551482, 55.80419072778853], [37.03222456107849, 55.80717104673366], [37.05814315138515, 55.81014591639768], [37.084065700225054, 55.813115335338814], [37.109992201381154, 55.81607930211744], [37.135922648629105, 55.81903781529603], [37.161857035737235, 55.82199087343925], [37.18779535646665, 55.824938475113896], [37.21373760457108, 55.82788061888893], [37.239683773797054, 55.830817303335486], [37.2656338578838, 55.83374852702685], [37.291587850563275, 55.83667428853845], [37.31754574556024, 55.839594586447916], [37.343507536592135, 55.84250941933504], [37.369473217369226, 55.8454187857818], [37.395442781594525, 55.84832268437232], [37.42141622296382, 55.851221113692944], [37.4473935351657, 55.85411407233218], [37.473374711881526, 55.85700155888074], [37.49935974678551, 55.8598835719315], [37.5253486335446, 55.86276011007955], [37.55134136581866, 55.86563117192218], [37.57733793726029, 55.868496756058875], [37.60333834151499, 55.87135686109133], [37.62934257222106, 55.87421148562343], [37.65535062300968, 55.8770606282613], [37.6813624875049, 55.87990428761325], [37.7073781593236, 55.88274246228982], [37.73339763207557, 55.885575150903776], [37.75942089936347, 55.888402352070095], [37.78544795478285, 55.891224064405996], [37.81147879192219, 55.894040286530895], [37.83751340436283, 55.89685101706648], [37.86355178567909, 55.899656254636675], [37.88959392943818, 55.902455997867584], [37.91563982920024, 55.90525024538761], [37.94168947851836, 55.90803899582741], [37.967742870938615, 55.91082224781982], [37.99379999999999, 55.9136]]}, "properties": {"fa_flight_id": "RA65689-1545313706-adhoc-0", "registration": "RA-65689", "ident": "RA-65689", "ident_icao": NaN, "origin_code": "L 55.60883 35.40760", "origin_city": "Tver", "destination_code": "L 55.91360 37.99380", "destination_city": "Moscow", "scheduled_out": NaN, "estimated_out": NaN, "actual_out": NaN, "scheduled_off": "2018-12-20T13:48:26Z", "estimated_off": "2018-12-20T13:48:26Z", "actual_off": "2018-12-20T13:48:26Z", "scheduled_on": NaN, "estimated_on": NaN, "actual_on": "2018-12-20T13:48:26Z", "scheduled_in": NaN, "estimated_in": NaN, "actual_in": NaN, "status": "result unknown", "route_distance": NaN, "diverted": false, "cancelled": false, "simplified_departure_date": "2018-12-20", "origin_coords": [55.60883, 35.4076], "destination_coords": [55.9136, 37.9938], "is_same_city": false}}, {"type": "Feature", "geometry": {"type": "LineString", "coordinates": [[30.44891, 59.94172], [30.45547365110752, 59.92802623222134], [30.46203188590647, 59.914332138652064], [30.468584711718197, 59.900637719740274], [30.475132135851222, 59.88694297593328], [30.48167416560131, 59.873247907677616], [30.488210808251427, 59.85955251541896], [30.494742071071844, 59.84585679960225], [30.50126796132012, 59.832160760671606], [30.50778848624113, 59.818464399070315], [30.514303653067124, 59.80476771524095], [30.520813469017703, 59.79107070962525], [30.5273179412999, 59.77737338266416], [30.533817077108147, 59.76367573479783], [30.540310883624393, 59.74997776646566], [30.546799368018007, 59.73627947810625], [30.55328253744594, 59.72258087015742], [30.559760399052625, 59.7088819430562], [30.566232959970105, 59.69518269723885], [30.572700227317966, 59.68148313314087], [30.57916220820349, 59.66778325119694], [30.58561890972154, 59.65408305184102], [30.59207033895467, 59.64038253550626], [30.598516502973165, 59.62668170262506], [30.60495740883499, 59.61298055362904], [30.611393063585894, 59.59927908894909], [30.617823474259385, 59.58557730901528], [30.624248647876787, 59.57187521425693], [30.630668591447257, 59.55817280510266], [30.637083311967796, 59.54447008198022], [30.6434928164233, 59.53076704531671], [30.64989711178655, 59.51706369553843], [30.6562962050183, 59.503360033070905], [30.662690103067224, 59.48965605833894], [30.66907881287001, 59.47595177176657], [30.675462341351327, 59.46224717377708], [30.68184069542392, 59.44854226479302], [30.68821388198854, 59.43483704523618], [30.694581907934086, 59.42113151552763], [30.700944780137533, 59.40742567608766], [30.707302505463996, 59.39371952733584], [30.713655090766753, 59.38001306969101], [30.720002542887286, 59.36630630357126], [30.726344868655257, 59.35259922939391], [30.732682074888604, 59.33889184757564], [30.739014168393503, 59.32518415853227], [30.745341155964415, 59.31147616267899], [30.751663044384134, 59.29776786043021], [30.757979840423765, 59.28405925219964], [30.764291550842785, 59.27035033840023], [30.77059818238908, 59.25664111944423], [30.77689974179891, 59.24293159574315], [30.783196235796982, 59.2292217677078], [30.789487671096484, 59.21551163574824], [30.795774054399047, 59.20180120027384], [30.80205539239485, 59.188090461693236], [30.80833169176258, 59.174379420414326], [30.814602959169495, 59.16066807684435], [30.82086920127142, 59.146956431389796], [30.827130424712795, 59.13324448445645], [30.83338663612669, 59.119532236449366], [30.839637842134806, 59.10581968777293], [30.84588404934756, 59.09210683883077], [30.85212526436403, 59.078393690025884], [30.85836149377205, 59.0646802417605], [30.864592744148176, 59.05096649443616], [30.870819022057745, 59.03725244845373], [30.8770403340549, 59.02353810421333], [30.88325668668259, 59.00982346211442], [30.889468086472608, 58.99610852255577], [30.89567453994562, 58.98239328593542], [30.90187605361116, 58.96867775265075], [30.908072633967706, 58.95496192309845], [30.914264287502643, 58.94124579767446], [30.92045102069234, 58.9275293767741], [30.926632840002117, 58.913812660791976], [30.932809751886325, 58.900095650122026], [30.938981762788334, 58.88637834515746], [30.945148879140557, 58.87266074629086], [30.951311107364507, 58.858942853914094], [30.95746845387075, 58.84522466841834], [30.963620925059008, 58.83150619019413], [30.969768527318138, 58.81778741963131], [30.97591126702615, 58.80406835711903], [30.982049150550235, 58.790349003045776], [30.988182184246835, 58.77662935779937], [30.99431037446158, 58.76290942176697], [31.00043372752937, 58.74918919533506], [31.006552249774394, 58.73546867888942], [31.012665947510115, 58.72174787281519], [31.018774827039344, 58.70802677749687], [31.024878894654233, 58.69430539331827], [31.030978156636262, 58.680583720662526], [31.037072619256374, 58.66686175991213], [31.043162288774838, 58.65313951144892], [31.049247171441415, 58.63941697565405], [31.0553272734953, 58.62569415290804], [31.061402601165174, 58.61197104359075], [31.067473160669195, 58.5982476480814], [31.073538958215064, 58.5845239667585], [31.079600000000003, 58.570799999999984]]}, "properties": {"fa_flight_id": "RA65689-1545299119-adhoc-0", "registration": "RA-65689", "ident": "RA-65689", "ident_icao": NaN, "origin_code": "L 59.94172 30.44891", "origin_city": "Saint Petersburg", "destination_code": "L 58.57080 31.07960", "destination_city": "Saint Petersburg", "scheduled_out": NaN, "estimated_out": NaN, "actual_out": NaN, "scheduled_off": "2018-12-20T09:45:19Z", "estimated_off": "2018-12-20T09:45:19Z", "actual_off": "2018-12-20T09:45:19Z", "scheduled_on": NaN, "estimated_on": NaN, "actual_on": "2018-12-20T09:45:19Z", "scheduled_in": NaN, "estimated_in": NaN, "actual_in": NaN, "status": "result unknown", "route_distance": NaN, "diverted": false, "cancelled": false, "simplified_departure_date": "2018-12-20", "origin_coords": [59.94172, 30.44891], "destination_coords": [58.5708, 31.0796], "is_same_city": false}}, {"type": "Feature", "geometry": {"type": "LineString", "coordinates": [[38.3381, 55.88233], [38.26540867302761, 55.92701464514871], [38.19254959687842, 55.97165639348089], [38.119522263763486, 56.01625507369728], [38.04632616498104, 56.060810513767876], [37.97296079092505, 56.105322540929336], [37.89942563109402, 56.14979098168231], [37.825720174099864, 56.19421566178881], [37.75184390767709, 56.23859640626969], [37.67779631869199, 56.28293303940195], [37.60357689315214, 56.3272253847161], [37.529185116216, 56.37147326499365], [37.45462047220272, 56.41567650226439], [37.37988244460221, 56.4598349178039], [37.30497051608519, 56.503948332130875], [37.22988416851365, 56.548016565004524], [37.15462288295134, 56.59203943542209], [37.07918613967454, 56.6360167616161], [37.00357341818299, 56.67994836105193], [36.92778419721099, 56.72383405042519], [36.85181795473877, 56.76767364565908], [36.77567416800393, 56.811466961901964], [36.699352313513266, 56.85521381352468], [36.62285186705459, 56.898914014118084], [36.546172303708936, 56.94256737649047], [36.469313097862816, 56.986173712665035], [36.392273723220825, 57.02973283387735], [36.3150536528184, 57.07324455057285], [36.23765235903471, 57.116708672404314], [36.16006931360594, 57.160125008229336], [36.08230398763856, 57.20349336610787], [36.00435585162309, 57.24681355329975], [35.9262243754478, 57.29008537626212], [35.8479090284129, 57.333308640647104], [35.76940927924472, 57.37648315129921], [35.6907245961103, 57.41960871225297], [35.6118544466321, 57.46268512673049], [35.53279829790297, 57.505712197138976], [35.453555616501426, 57.54868972506835], [35.37412586850703, 57.591617511288895], [35.29450851951614, 57.634495355748726], [35.214703034657795, 57.67732305757154], [35.13470887860992, 57.720100415054205], [35.054525515615765, 57.762827225664374], [34.97415240950052, 57.805503286038196], [34.893589023688314, 57.84812839197791], [34.81283482121932, 57.89070233844966], [34.73188926476725, 57.93322491958102], [34.65075181665698, 57.97569592865888], [34.569421938882584, 58.018115158127074], [34.48789909312545, 58.06048239958413], [34.40618274077284, 58.10279744378109], [34.324272342936595, 58.145060080619245], [34.24216736047212, 58.18727009914796], [34.15986725399779, 58.22942728756239], [34.077371483914334, 58.271531433201496], [33.99467951042484, 58.31358232254572], [33.911790793554744, 58.35557974121494], [33.82870479317233, 58.39752347396636], [33.74542096900934, 58.43941330469235], [33.661938780681965, 58.48124901641848], [33.57825768771213, 58.52303039130136], [33.49437714954902, 58.5647572106267], [33.410296625590895, 58.6064292548072], [33.32601557520725, 58.64804630338071], [33.24153345776132, 58.689608135008086], [33.15684973263268, 58.731114527471405], [33.07196385924041, 58.77256525767197], [32.98687529706634, 58.81396010162842], [32.90158350567882, 58.85529883447487], [32.816087944756546, 58.896581230459056], [32.730388074112966, 58.93780706294056], [32.64448335372079, 58.97897610438896], [32.55837324373691, 59.020088126382106], [32.47205720452766, 59.06114289960436], [32.38553469669436, 59.102140193844896], [32.298805181099176, 59.14307977799602], [32.21186811889132, 59.183961420051475], [32.1247229715336, 59.2247848871049], [32.037369200829275, 59.26554994534818], [31.94980626894927, 59.30625636006987], [31.86203363845968, 59.346903895653675], [31.774050772349675, 59.38749231557705], [31.685857134059706, 59.42802138240956], [31.59745218751004, 59.46849085781155], [31.50883539712971, 59.50890050253272], [31.42000622788573, 59.54925007641081], [31.330964145312706, 59.58953933837018], [31.241708615542805, 59.62976804642057], [31.152239105336058, 59.66993595765582], [31.06255508211104, 59.71004282825269], [30.972656013975854, 59.750088413469584], [30.882541369759586, 59.79007246764552], [30.79221061904399, 59.829994744198956], [30.70166323219567, 59.86985499562666], [30.61089868039853, 59.90965297350283], [30.519916435686632, 59.94938842847799], [30.428715970977436, 59.98906111027807], [30.337296760105406, 60.028670767703574], [30.245658277856002, 60.068217148628555], [30.153800000000004, 60.1077]]}, "properties": {"fa_flight_id": "RA65689-1545283550-adhoc-0", "registration": "RA-65689", "ident": "RA-65689", "ident_icao": NaN, "origin_code": "L 55.88233 38.33810", "origin_city": "Moscow", "destination_code": "L 60.10770 30.15380", "destination_city": "Saint Petersburg", "scheduled_out": NaN, "estimated_out": NaN, "actual_out": NaN, "scheduled_off": "2018-12-20T05:25:50Z", "estimated_off": "2018-12-20T05:25:50Z", "actual_off": "2018-12-20T05:25:50Z", "scheduled_on": NaN, "estimated_on": NaN, "actual_on": "2018-12-20T05:25:50Z", "scheduled_in": NaN, "estimated_in": NaN, "actual_in": NaN, "status": "result unknown", "route_distance": NaN, "diverted": false, "cancelled": false, "simplified_departure_date": "2018-12-20", "origin_coords": [55.88233, 38.3381], "destination_coords": [60.1077, 30.1538], "is_same_city": false}}, {"type": "Feature", "geometry": {"type": "LineString", "coordinates": [[47.92011000000001, 54.36211000000001], [47.826416108825114, 54.38052131274001], [47.73263829904301, 54.398860023488496], [47.63877677115853, 54.417126018175665], [47.54483172749329, 54.4353191829514], [47.450803372187366, 54.45343940418819], [47.35669191120097, 54.471486568484025], [47.26249755231601, 54.48946056266527], [47.16822050513759, 54.50736127378964], [47.07386098109539, 54.525188589149025], [46.979419193445054, 54.542942396272494], [46.88489535726934, 54.56062258292915], [46.79028968947944, 54.57822903713107], [46.69560240881596, 54.59576164713631], [46.60083373585, 54.613220301451705], [46.50598389298405, 54.63060488883596], [46.41105310445288, 54.647915298302486], [46.31604159632428, 54.665151419122424], [46.220949596499786, 54.68231314082752], [46.125777334715245, 54.69940035321315], [46.03052504254136, 54.716412946341286], [45.93519295338416, 54.73335081054341], [45.83978130248527, 54.750213836423534], [45.7442903269223, 54.767001914861126], [45.6487202656089, 54.7837149370141], [45.55307135929499, 54.80035279432186], [45.45734385056663, 54.81691537850817], [45.36153798384608, 54.833402581584224], [45.26565400539156, 54.84981429585159], [45.169692163297, 54.86615041390522], [45.07365270749174, 54.88241082863643], [44.97753588974007, 54.898595433235926], [44.881341963640686, 54.91470412119674], [44.78507118462619, 54.93073678631726], [44.68872380996225, 54.94669332270428], [44.592300098746925, 54.96257362477587], [44.49580031190971, 54.97837758726453], [44.39922471221059, 54.99410510522008], [44.302573564239026, 55.00975607401273], [44.2058471344127, 55.025330389336055], [44.109045690976345, 55.04082794721], [44.01216950400036, 55.05624864398388], [43.91521884537939, 55.07159237633943], [43.81819398883082, 55.08685904129374], [43.721095209893065, 55.10204853620234], [43.623922785923945, 55.11716075876215], [43.52667699609885, 55.132195607014495], [43.42935812140874, 55.14715297934813], [43.331966444658256, 55.16203277450219], [43.23450225046358, 55.1768348915693], [43.13696582525015, 55.19155922999848], [43.0393574572505, 55.20620568959814], [42.941677436501756, 55.220774170539194], [42.84392605484319, 55.235264573357924], [42.74610360591362, 55.249676798959015], [42.648210385148715, 55.26401074861863], [42.55024668977821, 55.27826632398728], [42.45221281882303, 55.2924434270929], [42.35410907309228, 55.30654196034378], [42.25593575518017, 55.32056182653161], [42.15769316946284, 55.33450292883438], [42.059381622095025, 55.34836517081943], [41.96100142100676, 55.36214845644638], [41.86255287589979, 55.37585269007013], [41.76403629824405, 55.38947777644383], [41.665452001273955, 55.40302362072177], [41.56680029998461, 55.41649012846244], [41.46808151112791, 55.42987720563143], [41.36929595320854, 55.44318475860438], [41.270443946479936, 55.45641269416995], [41.17152581294, 55.469560919532725], [41.072541876326866, 55.48262934231619], [40.97349246211447, 55.49561787056562], [40.87437789750807, 55.50852641275105], [40.77519851143959, 55.52135487777014], [40.675954634563, 55.53410317495115], [40.57664659924937, 55.546771214055774], [40.47727473958209, 55.55935890528214], [40.37783939135178, 55.57186615926757], [40.27834089205116, 55.584292887091586], [40.178779580869865, 55.59663900027877], [40.07915579868911, 55.60890441080156], [39.97946988807622, 55.621089031083194], [39.87972219327915, 55.63319277400056], [39.77991306022079, 55.64521555288704], [39.68004283649331, 55.65715728153531], [39.580111871352194, 55.66901787420024], [39.480120515710404, 55.68079724560171], [39.38006912213226, 55.69249531092735], [39.27995804482733, 55.70411198583549], [39.17978763964412, 55.715647186457836], [39.079558264063785, 55.727100829402325], [38.979270277193585, 55.738472831755885], [38.87892403976037, 55.749763111087205], [38.778519914103896, 55.76097158544957], [38.67805826417003, 55.77209817338347], [38.577539455503924, 55.78314279391948], [38.476963855243, 55.79410536658096], [38.37633183210984, 55.8049858113867], [38.27564375640506, 55.815784048853736], [38.174899999999994, 55.8265]]}, "properties": {"fa_flight_id": "RA65689-1545915313-adhoc-0", "registration": "RA-65689", "ident": "RA-65689", "ident_icao": NaN, "origin_code": "L 54.36211 47.92011", "origin_city": "Baratayeveka", "destination_code": "L 55.82650 38.17490", "destination_city": "Moscow", "scheduled_out": NaN, "estimated_out": NaN, "actual_out": NaN, "scheduled_off": "2018-12-27T12:55:13Z", "estimated_off": "2018-12-27T12:55:13Z", "actual_off": "2018-12-27T12:55:13Z", "scheduled_on": NaN, "estimated_on": NaN, "actual_on": "2018-12-27T12:55:13Z", "scheduled_in": NaN, "estimated_in": NaN, "actual_in": NaN, "status": "result unknown", "route_distance": NaN, "diverted": false, "cancelled": false, "simplified_departure_date": "2018-12-27", "origin_coords": [54.36211, 47.92011], "destination_coords": [55.8265, 38.1749], "is_same_city": false}}, {"type": "Feature", "geometry": {"type": "LineString", "coordinates": [[38.27067, 55.82541], [38.3973542891185, 55.80682020558872], [38.52391721939792, 55.78810032989519], [38.65035814850201, 55.76925058922004], [38.776676439281644, 55.75027120088886], [38.90287145978392, 55.73116238324101], [39.02894258326055, 55.71192435561866], [39.15488918817593, 55.69255733835572], [39.280710658214666, 55.67306155276678], [39.40640638228868, 55.653437221136116], [39.53197575454382, 55.63368456670648], [39.657418174366015, 55.61380381366819], [39.78273304638696, 55.593795187148054], [39.90791978048935, 55.57365891319821], [40.03297779181167, 55.55339521878512], [40.1579065007525, 55.53300433177857], [40.28270533297442, 55.512486480940545], [40.407373719407374, 55.491841895914206], [40.53191109625172, 55.471070807212854], [40.65631690498073, 55.45017344620887], [40.78059059234265, 55.429150045122746], [40.90473161036245, 55.40800083701201], [41.02873941634296, 55.38672605576022], [41.15261347286574, 55.365325936066064], [41.27635324779135, 55.3438007134322], [41.399958214259414, 55.32215062415447], [41.52342785068802, 55.300375905310794], [41.64676164077292, 55.27847679475033], [41.76995907348616, 55.25645353108252], [41.893019643074375, 55.23430635366614], [42.01594284905664, 55.21203550259846], [42.13872819622194, 55.18964121870434], [42.26137519462627, 55.16712374352539], [42.383883359589205, 55.14448331930914], [42.506252211690246, 55.12172018899821], [42.62848127676467, 55.09883459621953], [42.75057008589901, 55.07582678527361], [42.872518175426165, 55.0526970011237], [42.994325086920135, 55.0294454893852], [43.11599036719035, 55.00607249631487], [43.2375135682756, 54.98257826880016], [43.35889424743775, 54.958963054348715], [43.480131967154875, 54.935227101077544], [43.60122629511418, 54.91137065770261], [43.72217680420449, 54.88739397352821], [43.84298307250845, 54.86329729843647], [43.9636446832943, 54.839080882876836], [44.08416122500735, 54.81474497785561], [44.2045322912611, 54.790289834925574], [44.324757480828055, 54.76571570617554], [44.444836397630084, 54.74102284422002], [44.56476865072865, 54.716211502188905], [44.684553854314494, 54.69128193371714], [44.80419162769716, 54.666234392934534], [44.923681595294106, 54.64106913445547], [45.04302338661959, 54.6157864133688], [45.162216636273094, 54.590386485227654], [45.28126098392761, 54.564869606039345], [45.40015607431751, 54.53923603225534], [45.51890155722616, 54.513486020761164], [45.637497087473236, 54.487619828866535], [45.75594232490172, 54.46163771429529], [45.87423693436464, 54.43553993517562], [45.99238058571155, 54.40932675003009], [46.110372953774636, 54.38299841776588], [46.228213718354674, 54.356555197665074], [46.34590256420659, 54.329997349374786], [46.463439181024846, 54.303325132897655], [46.580823263428506, 54.27653880858204], [46.69805451094611, 54.24963863711258], [46.81513262800021, 54.22262487950053], [46.93205732389167, 54.19549779707433], [47.04882831278383, 54.16825765147011], [47.16544531368623, 54.140904704622336], [47.2819080504383, 54.113439218754394], [47.398216251692624, 54.08586145636934], [47.51436965089816, 54.05817168024058], [47.630367986283055, 54.03037015340272], [47.7462110008374, 54.002457139142365], [47.86189844229565, 53.97443290098902], [47.977430063118796, 53.946297702706005], [48.09280562047655, 53.9180518082815], [48.20802487622903, 53.88969548191953], [48.32308759690847, 53.86122898803108], [48.437993553700586, 53.83265259122528], [48.55274252242579, 53.803966556300495], [48.6673342835203, 53.775171148235664], [48.78176862201692, 53.7462666321816], [48.89604532752571, 53.7172532734523], [49.010164194214504, 53.68813133751636], [49.12412502078919, 53.65890108998847], [49.237927610473804, 53.62956279662089], [49.351571770990596, 53.60011672329505], [49.46505731453977, 53.57056313601314], [49.57838405777908, 53.540902300889854], [49.69155182180341, 53.511134484144016], [49.804560432124056, 53.48125995209047], [49.91740971864788, 53.45127897113187], [50.03009951565641, 53.42119180775062], [50.14262966178468, 53.39099872850074], [50.255, 53.360699999999994]]}, "properties": {"fa_flight_id": "RA65689-1545806907-adhoc-0", "registration": "RA-65689", "ident": "RA-65689", "ident_icao": NaN, "origin_code": "L 55.82541 38.27067", "origin_city": "Moscow", "destination_code": "L 53.36070 50.25500", "destination_city": "Samara", "scheduled_out": NaN, "estimated_out": NaN, "actual_out": NaN, "scheduled_off": "2018-12-26T06:48:27Z", "estimated_off": "2018-12-26T06:48:27Z", "actual_off": "2018-12-26T06:48:27Z", "scheduled_on": NaN, "estimated_on": NaN, "actual_on": "2018-12-26T06:48:27Z", "scheduled_in": NaN, "estimated_in": NaN, "actual_in": NaN, "status": "result unknown", "route_distance": NaN, "diverted": false, "cancelled": false, "simplified_departure_date": "2018-12-26", "origin_coords": [55.82541, 38.27067], "destination_coords": [53.3607, 50.255], "is_same_city": false}}, {"type": "Feature", "geometry": {"type": "LineString", "coordinates": [[38.95134, 52.377439999999986], [38.94132610241865, 52.41375901981117], [38.93129569799608, 52.45007719227602], [38.92124873819092, 52.486394514882925], [38.91118517427811, 52.52271098511062], [38.90110495734802, 52.55902660042824], [38.89100803830555, 52.595341358295165], [38.880894367869296, 52.631655256161096], [38.87076389657063, 52.66796829146587], [38.86061657475282, 52.70428046163951], [38.85045235257013, 52.740591764102184], [38.84027117998694, 52.776902196264075], [38.83007300677682, 52.81321175552544], [38.819857782521616, 52.849520439276425], [38.80962545661056, 52.88582824489716], [38.79937597823933, 52.92213516975764], [38.78910929640914, 52.958441211217654], [38.77882535992576, 52.994746366626785], [38.76852411739866, 53.03105063332435], [38.758205517240036, 53.0673540086393], [38.747869507663786, 53.103656489890234], [38.737516036684696, 53.139958074385326], [38.72714505211738, 53.17625875942228], [38.71675650157536, 53.212558542288235], [38.706350332470066, 53.248857420259796], [38.695926492009896, 53.28515539060289], [38.68548492719923, 53.32145245057279], [38.67502558483742, 53.357748597414016], [38.66454841151781, 53.39404382836032], [38.654053353626786, 53.430338140634575], [38.643540357342665, 53.466631531448805], [38.63300936863481, 53.502923998004036], [38.62246033326253, 53.53921553749032], [38.611893196774105, 53.57550614708666], [38.60130790450573, 53.611795823960925], [38.590704401580496, 53.64808456526982], [38.5800826329074, 53.68437236815883], [38.56944254318018, 53.7206592297622], [38.55878407687639, 53.75694514720277], [38.548107178256295, 53.793230117592046], [38.5374117913618, 53.82951413803007], [38.52669786001537, 53.865797205605396], [38.515965327818996, 53.902079317395], [38.50521413815312, 53.93836047046423], [38.494444234175475, 53.974640661866815], [38.48365555882006, 54.01091988864467], [38.472848054796046, 54.047198147828], [38.462021664586594, 54.08347543643511], [38.451176330447844, 54.1197517514724], [38.4403119944077, 54.1560270899343], [38.42942859826479, 54.192301448803256], [38.41852608358727, 54.22857482504957], [38.4076043917117, 54.264847215631406], [38.396663463741945, 54.30111861749475], [38.38570324054793, 54.33738902757327], [38.3747236627646, 54.37365844278833], [38.363724670790646, 54.409926860048905], [38.352706204787395, 54.446194276251475], [38.3416682046776, 54.48246068828005], [38.330610610144284, 54.518726093006], [38.31953336062952, 54.5549904872881], [38.308436395333246, 54.591253867972384], [38.29731965321202, 54.6275162318921], [38.28618307297789, 54.663777575867705], [38.27502659309708, 54.700037896706704], [38.26385015178881, 54.73629719120364], [38.25265368702405, 54.772555456140026], [38.24143713652428, 54.80881268828427], [38.23020043776022, 54.84506888439162], [38.218943527950586, 54.88132404120406], [38.207666344060854, 54.9175781554503], [38.196368822801915, 54.95383122384565], [38.18505090062885, 54.990083243092016], [38.173712513739645, 55.026334209877746], [38.162353598073835, 55.06258412087766], [38.15097408931126, 55.09883297275289], [38.13957392287075, 55.13508076215087], [38.128153033908774, 55.17132748570523], [38.1167113573181, 55.20757314003577], [38.10524882772652, 55.24381772174833], [38.09376537949545, 55.28006122743476], [38.0822609467186, 55.316303653672826], [38.070735463220615, 55.352544997026165], [38.05918886255571, 55.388785254044166], [38.047621078006266, 55.42502442126196], [38.03603204258149, 55.46126249520027], [38.02442168901597, 55.49749947236542], [38.01278994976834, 55.53373534924917], [38.00113675701977, 55.56997012232873], [37.989462042672685, 55.60620378806662], [37.97776573834918, 55.6424363429106], [37.96604777538971, 55.67866778329366], [37.9543080848516, 55.714898105633836], [37.94254659750757, 55.751127306334205], [37.930763243844304, 55.7873553817828], [37.91895795406095, 55.82358232835253], [37.907130658067686, 55.85980814240105], [37.895281285484174, 55.89603282027079], [37.88340976563809, 55.93225635828874], [37.87151602756365, 55.96847875276646], [37.8596, 56.00470000000001]]}, "properties": {"fa_flight_id": "RA65689-1545487102-adhoc-0", "registration": "RA-65689", "ident": "RA-65689", "ident_icao": NaN, "origin_code": "L 52.37744 38.95134", "origin_city": "Moscow", "destination_code": "L 56.00470 37.85960", "destination_city": "Moscow", "scheduled_out": NaN, "estimated_out": NaN, "actual_out": NaN, "scheduled_off": "2018-12-22T13:58:22Z", "estimated_off": "2018-12-22T13:58:22Z", "actual_off": "2018-12-22T13:58:22Z", "scheduled_on": NaN, "estimated_on": NaN, "actual_on": "2018-12-22T13:58:22Z", "scheduled_in": NaN, "estimated_in": NaN, "actual_in": NaN, "status": "result unknown", "route_distance": NaN, "diverted": false, "cancelled": false, "simplified_departure_date": "2018-12-22", "origin_coords": [52.37744, 38.95134], "destination_coords": [56.0047, 37.8596], "is_same_city": false}}, {"type": "Feature", "geometry": {"type": "LineString", "coordinates": [[38.30485, 55.92419], [38.312505034403785, 55.88587620445233], [38.32014497036912, 55.84756193494094], [38.32776985914816, 55.80924719308055], [38.335379751766325, 55.770931980478714], [38.34297469902356, 55.73261629873583], [38.35055475149551, 55.69430014944518], [38.35811995953484, 55.655983534193055], [38.36567037327241, 55.617666454558666], [38.37320604261854, 55.57934891211423], [38.380727017264164, 55.54103090842509], [38.38823334668209, 55.502712445049646], [38.39572508012821, 55.46439352353941], [38.40320226664261, 55.42607414543912], [38.41066495505083, 55.38775431228666], [38.418113193965006, 55.34943402561322], [38.425547031785044, 55.311113286943254], [38.43296651669978, 55.27279209779452], [38.44037169668811, 55.23447045967815], [38.44776261952019, 55.196148374098684], [38.45513933275849, 55.15782584255405], [38.46250188375902, 55.1195028665357], [38.469850319672354, 55.081179447528534], [38.47718468744483, 55.04285558701102], [38.4845050338196, 55.00453128645519], [38.49181140533775, 54.966206547326706], [38.49910384833941, 54.92788137108482], [38.506382408964804, 54.88955575918253], [38.513647133155374, 54.85122971306646], [38.520898066654794, 54.8129032341771], [38.52813525501011, 54.77457632394859], [38.53535874357272, 54.736248983808956], [38.542568577499495, 54.69792121518008], [38.54976480175377, 54.65959301947767], [38.55694746110642, 54.62126439811139], [38.56411660013687, 54.58293535248485], [38.571272263234114, 54.544605883995615], [38.578414494597794, 54.50627599403526], [38.58554333823909, 54.467945683989434], [38.59265883798188, 54.429614955237824], [38.599761037463594, 54.39128380915425], [38.60684998013632, 54.35295224710666], [38.61392570926771, 54.31462027045717], [38.620988267942, 54.2762878805621], [38.628037699061004, 54.237955078772], [38.635074045345014, 54.19962186643168], [38.64209734933383, 54.161288244880254], [38.64910765338768, 54.12295421545113], [38.65610499968819, 54.08461977947212], [38.663089430239296, 54.04628493826537], [38.67006098686821, 54.00794969314746], [38.677019711226336, 53.969614045429424], [38.683965644790234, 53.93127799641674], [38.690898828862466, 53.8929415474094], [38.6978193045726, 53.85460469970195], [38.70472711287801, 53.81626745458347], [38.71162229456491, 53.77792981333762], [38.71850489024916, 53.739591777242715], [38.72537494037713, 53.70125334757166], [38.73223248522671, 53.662914525592086], [38.73907756490809, 53.62457531256629], [38.74591021936464, 53.58623570975132], [38.75273048837382, 53.54789571839895], [38.759538411548036, 53.50955533975578], [38.766334028335486, 53.4712145750632], [38.773117378020984, 53.432873425557425], [38.77988849972688, 53.39453189246955], [38.78664743241385, 53.35618997702556], [38.79339421488175, 53.31784768044636], [38.80012888577044, 53.27950500394779], [38.806851483560614, 53.241161948740704], [38.81356204657463, 53.20281851603088], [38.82026061297735, 53.164474707019174], [38.82694722077687, 53.12613052290147], [38.833621907825425, 53.087785964868736], [38.84028471182013, 53.04944103410704], [38.84693567030383, 53.011095731797575], [38.8535748206658, 52.97275005911667], [38.86020220014265, 52.934404017235835], [38.866817845819, 52.896057607321815], [38.87342179462834, 52.85771083053652], [38.880014083353764, 52.819363688037186], [38.88659474862874, 52.78101618097623], [38.89316382693788, 52.74266831050144], [38.899721354617704, 52.704320077755895], [38.90626736785737, 52.66597148387805], [38.912801902699464, 52.62762253000168], [38.91932499504072, 52.58927321725601], [38.92583668063276, 52.55092354676563], [38.932336995082835, 52.512573519650594], [38.93882597385456, 52.47422313702645], [38.94530365226865, 52.43587240000418], [38.9517700655036, 52.397521309690326], [38.958225248596484, 52.35916986718689], [38.96466923644357, 52.32081807359153], [38.97110206380112, 52.28246592999741], [38.97752376528605, 52.2441134374933], [38.98393437537661, 52.20576059716361], [38.990333928413165, 52.16740741008841], [38.99672245859878, 52.12905387734341], [39.0031, 52.0907]]}, "properties": {"fa_flight_id": "RA65689-1545455580-adhoc-0", "registration": "RA-65689", "ident": "RA-65689", "ident_icao": NaN, "origin_code": "L 55.92419 38.30485", "origin_city": "Moscow", "destination_code": "L 52.09070 39.00310", "destination_city": "Moscow", "scheduled_out": NaN, "estimated_out": NaN, "actual_out": NaN, "scheduled_off": "2018-12-22T05:13:00Z", "estimated_off": "2018-12-22T05:13:00Z", "actual_off": "2018-12-22T05:13:00Z", "scheduled_on": NaN, "estimated_on": NaN, "actual_on": "2018-12-22T05:13:00Z", "scheduled_in": NaN, "estimated_in": NaN, "actual_in": NaN, "status": "result unknown", "route_distance": NaN, "diverted": false, "cancelled": false, "simplified_departure_date": "2018-12-22", "origin_coords": [55.92419, 38.30485], "destination_coords": [52.0907, 39.0031], "is_same_city": false}}, {"type": "Feature", "geometry": {"type": "LineString", "coordinates": [[30.119280000000007, 59.831], [30.206837422895084, 59.794426711492484], [30.294202889692983, 59.75779537388679], [30.381376799818952, 59.72110619953039], [30.468359553733126, 59.68435940007987], [30.555151552904473, 59.64755518650099], [30.64175319978499, 59.61069376906896], [30.728164897784197, 59.57377535736858], [30.814387051243777, 59.5368001602946], [30.90042006541256, 59.499768386051834], [30.986264346421677, 59.462680242155706], [31.071920301259993, 59.425535935432364], [31.157388337749776, 59.38833567201922], [31.24266886452257, 59.351079657365304], [31.327762290995402, 59.313768096231705], [31.412669027347075, 59.276401192692006], [31.49738948449486, 59.23897915013284], [31.58192407407129, 59.201502171254376], [31.666273208401268, 59.16397045807087], [31.750437300479405, 59.12638421191128], [31.83441676394751, 59.08874363341981], [31.91821201307242, 59.05104892255662], [32.001823462724, 59.013300278598386], [32.08525152835333, 58.97549790013915], [32.168496625971265, 58.93764198509081], [32.251559172126996, 58.89973273068408], [32.334439583887075, 58.86177033346907], [32.4171382788145, 58.82375498931619], [32.49965567494806, 58.7856868934169], [32.581992190781925, 58.74756624028457], [32.664148245245464, 58.70939322375534], [32.74612425768324, 58.67116803698897], [32.827920647835235, 58.63289087246978], [32.909537835817304, 58.59456192200752], [32.990976242101844, 58.55618137673838], [33.07223628749866, 58.51774942712591], [33.15331839313607, 58.479266262962064], [33.23422298044215, 58.4407320733681], [33.31495047112628, 58.40214704679575], [33.39550128716088, 58.36351137102815], [33.475875850763266, 58.32482523318099], [33.55607458437782, 58.28608881970353], [33.63609791065828, 58.24730231637981], [33.715946252450344, 58.208465908329636], [33.79562003277428, 58.169579780009876], [33.87511967480798, 58.13064411521547], [33.954445601870006, 58.091659097080736], [34.03359823740295, 58.0526249080805], [34.11257800495695, 58.01354173003135], [34.191385328173396, 57.974409744092796], [34.27002063076885, 57.93522913076858], [34.34848433651914, 57.896000069907934], [34.426776869243646, 57.856722740706864], [34.50489865278977, 57.81739732170937], [34.58285011101764, 57.778023990808855], [34.66063166778493, 57.73860292524938], [34.738243746931886, 57.69913430162704], [34.81568677226655, 57.65961829589133], [34.89296116755022, 57.62005508334644], [34.970067356482936, 57.580444838652696], [35.04700576268932, 57.54078773582794], [35.12377680970449, 57.50108394824897], [35.20038092096015, 57.46133364865286], [35.276818519770906, 57.421537009138504], [35.353090029320754, 57.38169420116801], [35.42919587264969, 57.341805395568166], [35.50513647264049, 57.30187076253187], [35.58091225200574, 57.26189047161966], [35.65652363327497, 57.221864691761226], [35.731971038781964, 57.18179359125683], [35.80725489065221, 57.141677337778894], [35.88237561079059, 57.10151609837347], [35.95733362086918, 57.0613100394618], [36.03212934231517, 57.0210593268419], [36.10676319629909, 56.980764125690015], [36.18123560372298, 56.940424600562274], [36.25554698520892, 56.90004091539622], [36.32969776108764, 56.85961323351239], [36.40368835138719, 56.81914171761592], [36.477519175821946, 56.77862652979815], [36.55119065378164, 56.73806783153822], [36.62470320432055, 56.69746578370466], [36.6980572461469, 56.656820546557064], [36.771253197612396, 56.61613227974772], [36.84429147670178, 56.575401142323145], [36.917172501022776, 56.53462729272592], [36.98989668779597, 56.49381088879616], [37.06246445384489, 56.452952087773276], [37.13487621558628, 56.41205104629761], [37.2071323890205, 56.37110792041216], [37.279233389721966, 56.330122865564135], [37.351179632829876, 56.28909603660677], [37.422971533039, 56.24802758780098], [37.494609504590564, 56.20691767281703], [37.56609396126336, 56.16576644473626], [37.63742531636495, 56.12457405605279], [37.70860398272294, 56.08334065867522], [37.77963037267652, 56.04206640392838], [37.85050489806798, 56.00075144255506], [37.92122797023452, 55.95939592471765], [37.99179999999999, 55.91799999999999]]}, "properties": {"fa_flight_id": "RA65689-1547213698-adhoc-0", "registration": "RA-65689", "ident": "RA-65689", "ident_icao": NaN, "origin_code": "L 59.83100 30.11928", "origin_city": "Saint Petersburg", "destination_code": "L 55.91800 37.99180", "destination_city": "Moscow", "scheduled_out": NaN, "estimated_out": NaN, "actual_out": NaN, "scheduled_off": "2019-01-11T13:34:58Z", "estimated_off": "2019-01-11T13:34:58Z", "actual_off": "2019-01-11T13:34:58Z", "scheduled_on": NaN, "estimated_on": NaN, "actual_on": "2019-01-11T13:34:58Z", "scheduled_in": NaN, "estimated_in": NaN, "actual_in": NaN, "status": "result unknown", "route_distance": NaN, "diverted": false, "cancelled": false, "simplified_departure_date": "2019-01-11", "origin_coords": [59.831, 30.11928], "destination_coords": [55.918, 37.9918], "is_same_city": false}}, {"type": "Feature", "geometry": {"type": "LineString", "coordinates": [[38.27166, 55.78949], [38.24515812929277, 55.80747683880415], [38.21863176008219, 55.82545797418769], [38.192080860942994, 55.84343339702147], [38.16550540041755, 55.86140309816012], [38.13890534701595, 55.879367068441944], [38.11228066921604, 55.89732529868904], [38.08563133546341, 55.91527777970713], [38.058957314171465, 55.933224502285626], [38.03225857372144, 55.95116545719752], [38.00553508246242, 55.969100635199425], [37.97878680871143, 55.98703002703153], [37.95201372075337, 56.00495362341758], [37.92521578684118, 56.02287141506475], [37.898392975195726, 56.04078339266382], [37.87154525400596, 56.05868954688895], [37.84467259142889, 56.07658986839775], [37.81777495558964, 56.09448434783122], [37.790852314581485, 56.112372975813784], [37.76390463646586, 56.13025574295317], [37.73693188927244, 56.148132639840405], [37.709934040999165, 56.16600365704987], [37.68291105961225, 56.18386878513916], [37.65586291304627, 56.201728014649134], [37.628789569204145, 56.21958133610386], [37.60169099595725, 56.23742874001055], [37.57456716114538, 56.2552702168596], [37.54741803257686, 56.27310575712453], [37.52024357802853, 56.29093535126195], [37.49304376524584, 56.30875898971155], [37.46581856194281, 56.326576662896024], [37.43856793580219, 56.344388361221114], [37.411291854475415, 56.36219407507555], [37.38399028558266, 56.37999379483099], [37.35666319671293, 56.39778751084204], [37.32931055542405, 56.41557521344621], [37.30193232924274, 56.43335689296385], [37.27452848566467, 56.45113253969821], [37.2470989921545, 56.46890214393528], [37.219643816145876, 56.48666569594394], [37.1921629250416, 56.50442318597573], [37.164656286213514, 56.52217460426497], [37.13712386700271, 56.53991994102868], [37.10956563471947, 56.55765918646656], [37.08198155664336, 56.575392330760934], [37.05437160002327, 56.59311936407677], [37.02673573207748, 56.61084027656162], [36.999073919993705, 56.628555058345576], [36.9713861309291, 56.646263699541294], [36.9436723320104, 56.66396619024393], [36.91593249033392, 56.681662520531106], [36.88816657296561, 56.699352680462894], [36.860374546941124, 56.7170366600818], [36.83255637926585, 56.73471444941273], [36.804712036915014, 56.752386038462895], [36.776841486833696, 56.77005141722193], [36.74894469593688, 56.7877105756617], [36.72102163110957, 56.8053635037364], [36.693072259206765, 56.82301019138246], [36.66509654705358, 56.84065062851853], [36.63709446144529, 56.85828480504546], [36.60906596914737, 56.87591271084624], [36.581011036895596, 56.89353433578603], [36.552929631396054, 56.911149669712096], [36.52482171932524, 56.92875870245376], [36.49668726733012, 56.94636142382242], [36.468526242028176, 56.963957823611494], [36.44033861000748, 56.98154789159638], [36.412124337826754, 56.99913161753446], [36.38388339201544, 57.01670899116504], [36.355615739073755, 57.03428000220935], [36.3273213454728, 57.0518446403705], [36.29900017765451, 57.06940289533342], [36.27065220203191, 57.08695475676492], [36.24227738498898, 57.104500214313546], [36.21387569288088, 57.12203925760967], [36.185447092033954, 57.13957187626537], [36.15699154874575, 57.15709805987444], [36.12850902928522, 57.17461779801234], [36.099999499892675, 57.19213108023621], [36.0714629267799, 57.2096378960848], [36.04289927613023, 57.227138235078456], [36.01430851409862, 57.2446320867191], [35.98569060681172, 57.262119440490174], [35.95704552036795, 57.27960028585667], [35.92837322083756, 57.297074612265014], [35.899673674262715, 57.3145424091431], [35.87094684665759, 57.33200366590027], [35.842192704008426, 57.34945837192726], [35.813411212273614, 57.36690651659612], [35.78460233738379, 57.38434808926033], [35.755766045241856, 57.40178307925458], [35.726902301723136, 57.41921147589493], [35.69801107267543, 57.436633268478644], [35.66909232391906, 57.45404844628421], [35.64014602124699, 57.471456998571334], [35.61117213042492, 57.4888589145809], [35.58217061719132, 57.5062541835349], [35.553141447257566, 57.52364279463643], [35.524084586308, 57.54102473706972], [35.495, 57.5584]]}, "properties": {"fa_flight_id": "RA65689-1547186601-adhoc-0", "registration": "RA-65689", "ident": "RA-65689", "ident_icao": NaN, "origin_code": "L 55.78949 38.27166", "origin_city": "Moscow", "destination_code": "L 57.55840 35.49500", "destination_city": "Tver", "scheduled_out": NaN, "estimated_out": NaN, "actual_out": NaN, "scheduled_off": "2019-01-11T06:03:21Z", "estimated_off": "2019-01-11T06:03:21Z", "actual_off": "2019-01-11T06:03:21Z", "scheduled_on": NaN, "estimated_on": NaN, "actual_on": "2019-01-11T06:03:21Z", "scheduled_in": NaN, "estimated_in": NaN, "actual_in": NaN, "status": "result unknown", "route_distance": NaN, "diverted": false, "cancelled": false, "simplified_departure_date": "2019-01-11", "origin_coords": [55.78949, 38.27166], "destination_coords": [57.5584, 35.495], "is_same_city": false}}, {"type": "Feature", "geometry": {"type": "LineString", "coordinates": [[30.25752, 60.03581], [30.3462713232614, 59.99636191969468], [30.434811096141782, 59.9568544480137], [30.523139842154077, 59.9172878207485], [30.611258085427153, 59.877662272806816], [30.69916635067634, 59.83797803821387], [30.7868651631743, 59.7982353501135], [30.87435504872228, 59.7584344407696], [30.96163653362167, 59.718575541567276], [31.048710144645906, 59.67865888301428], [31.135576409012685, 59.638684694742345], [31.22223585435657, 59.598653205508576], [31.308689008701855, 59.55856464319691], [31.394936400435817, 59.518419234819596], [31.480978558282196, 59.47821720651859], [31.566816011275215, 59.437958783567225], [31.65244928873357, 59.39764419037165], [31.737878920235122, 59.35727365047243], [31.823105435591614, 59.31684738654622], [31.90812936482386, 59.27636562040733], [31.992951238137188, 59.235828573009385], [32.077571585897154, 59.19523646444709], [32.16199093860572, 59.15458951395783], [32.24620982687749, 59.11388793992347], [32.3302287814165, 59.0731319598722], [32.414048332993104, 59.032321790480125], [32.49766901242132, 58.99145764757326], [32.58109135053633, 58.950539746129294], [32.66431587817241, 58.90956830027939], [32.74734312614098, 58.868543523310166], [32.83017362520919, 58.82746562766554], [32.912807906078484, 58.786334824948625], [32.99524649936374, 58.745151325923736], [33.07748993557247, 58.70391534051832], [33.159538745084454, 58.66262707782492], [33.24139345813155, 58.621286746103216], [33.3230546047778, 58.57989455278199], [33.40452271489989, 58.53845070446122], [33.48579831816774, 58.49695540691411], [33.56688194402548, 58.45540886508917], [33.64777412167263, 58.41381128311229], [33.72847538004557, 58.372162864288896], [33.80898624779923, 58.33046381110599], [33.88930725328912, 58.2887143252344], [33.96943892455353, 58.246914607530854], [34.04938178929602, 58.20506485804015], [34.129136374868175, 58.16316527599739], [34.20870320825261, 58.121216059830175], [34.288082816046156, 58.07921740716077], [34.36727572444342, 58.037169514808376], [34.446282459220406, 57.99507257879136], [34.52510354571861, 57.952926794329514], [34.60373950882914, 57.9107323558463], [34.68219087297717, 57.868489456971155], [34.76045816210663, 57.82619829054179], [34.838541899665124, 57.78385904860639], [34.916442608589044, 57.74147192242612], [34.99416081128894, 57.69903710247729], [35.07169702963513, 57.656554778453696], [35.149051784943495, 57.61402513926906], [35.226225597961516, 57.571448373059354], [35.30321898885453, 57.528824667185035], [35.38003247719222, 57.48615420823363], [35.45666658193529, 57.44343718202196], [35.53312182142233, 57.4006737735986], [35.609398713356974, 57.35786416724624], [35.68549777479517, 57.315008546484115], [35.76141952213278, 57.272107094070435], [35.83716447109323, 57.22915999200474], [35.91273313671547, 57.18616742153041], [35.98812603334209, 57.14312956313708], [36.0633436746077, 57.10004659656302], [36.13838657342742, 57.056918700797645], [36.21325524198556, 57.01374605408396], [36.2879501917246, 56.97052883392103], [36.362471933334255, 56.927267217066394], [36.436820976740805, 56.88396137953858], [36.510997831096475, 56.84061149661958], [36.58500300476924, 56.79721774285731], [36.65883700533254, 56.7537802920681], [36.73250033955538, 56.71029931733919], [36.80599351339248, 56.666774991031225], [36.879317031974715, 56.62320748478073], [36.952471399599624, 56.57959696950264], [37.025457119722134, 56.53594361539275], [37.09827469494552, 56.49224759193032], [37.17092462701238, 56.44850906788048], [37.24340741679595, 56.404728211296764], [37.31572356429143, 56.360905189523685], [37.387873568607645, 56.317040169199174], [37.459857927958694, 56.27313331625715], [37.531677139655834, 56.22918479593003], [37.60333170009961, 56.185194772751196], [37.67482210477193, 56.14116341055762], [37.74614884822852, 56.09709087249226], [37.81731242409143, 56.05297732100672], [37.88831332504162, 56.008822917863675], [37.95915204281186, 55.96462782413941], [38.0298290681796, 55.92039220022642], [38.10034489096019, 55.876116205835835], [38.1707, 55.8318]]}, "properties": {"fa_flight_id": "RA65689-1551368231-adhoc-0", "registration": "RA-65689", "ident": "RA-65689", "ident_icao": NaN, "origin_code": "L 60.03581 30.25752", "origin_city": "Saint Petersburg", "destination_code": "L 55.83180 38.17070", "destination_city": "Moscow", "scheduled_out": NaN, "estimated_out": NaN, "actual_out": NaN, "scheduled_off": "2019-02-28T15:37:11Z", "estimated_off": "2019-02-28T15:37:11Z", "actual_off": "2019-02-28T15:37:11Z", "scheduled_on": NaN, "estimated_on": NaN, "actual_on": "2019-02-28T15:37:11Z", "scheduled_in": NaN, "estimated_in": NaN, "actual_in": NaN, "status": "result unknown", "route_distance": NaN, "diverted": false, "cancelled": false, "simplified_departure_date": "2019-02-28", "origin_coords": [60.03581, 30.25752], "destination_coords": [55.8318, 38.1707], "is_same_city": false}}, {"type": "Feature", "geometry": {"type": "LineString", "coordinates": [[37.97478999999999, 55.99593999999999], [37.905996609149845, 56.04006420814043], [37.83704578135517, 56.08415005847894], [37.767937031555796, 56.12819739927811], [37.69866987364441, 56.17220607814656], [37.629243820472226, 56.21617594203635], [37.559658383854554, 56.26010683724052], [37.48991307457665, 56.30399860939051], [37.42000740239963, 56.347851103453635], [37.349940876066505, 56.391664163730546], [37.27971300330845, 56.435437633852736], [37.209323290851096, 56.47917135677994], [37.138771244421044, 56.52286517479767], [37.0680563687525, 56.566518929514615], [36.99717816759406, 56.6101324618601], [36.926136143715595, 56.653705612081616], [36.85492979891536, 56.69723821974224], [36.78355863402723, 56.74073012371809], [36.71202214892807, 56.784181162195765], [36.6403198425452, 56.827591172669905], [36.56845121286421, 56.87095999194056], [36.49641575693669, 56.914287456110664], [36.42421297088827, 56.95757340058356], [36.35184234992682, 57.00081766006043], [36.279303388350755, 57.04402006853774], [36.20659557955749, 57.08718045930475], [36.13371841605216, 57.13029866494099], [36.060671389456445, 57.173374517313725], [35.98745399051748, 57.2164078475754], [35.91406570911718, 57.25939848616115], [35.84050603428145, 57.302346262786344], [35.766774454189736, 57.34525100644394], [35.692870456184814, 57.38811254540207], [35.61879352678255, 57.43093070720153], [35.544543151682014, 57.4737053186532], [35.47011881577577, 57.51643620583569], [35.395520003160215, 57.55912319409266], [35.320746197146285, 57.6017661080305], [35.24579688027019, 57.644364771515775], [35.17067153430448, 57.686919007672635], [35.095369640269226, 57.729428638880584], [35.01989067844336, 57.7718934867718], [34.94423412837631, 57.81431337222877], [34.86839946889981, 57.85668811538178], [34.79238617813984, 57.8990175356065], [34.71619373352886, 57.941301451521554], [34.63982161181818, 57.98353968098605], [34.56326928909059, 58.02573204109715], [34.486536240773184, 58.06787834818766], [34.40962194165039, 58.10997841782359], [34.33252586587722, 58.15203206480184], [34.2552474869927, 58.194039103147624], [34.17778627793363, 58.23599934611229], [34.1001417110484, 58.27791260617075], [34.02231325811121, 58.31977869501926], [33.944300390336345, 58.36159742357295], [33.8661025783928, 58.40336860196355], [33.78771929241907, 58.44509203953697], [33.70915000203824, 58.48676754485105], [33.63039417637322, 58.52839492567318], [33.551451284062246, 58.569973988978035], [33.4723207932747, 58.61150454094524], [33.393002171727055, 58.652986386957096], [33.31349488669911, 58.69441933159634], [33.23379840505053, 58.73580317864385], [33.1539121932375, 58.77713773107639], [33.07383571732981, 58.81842279106444], [32.99356844302797, 58.85965815996989], [32.9131098356808, 58.90084363834388], [32.83245936030316, 58.941979025924624], [32.75161648159391, 58.98306412163524], [32.670580663954226, 59.02409872358151], [32.589351371506126, 59.06508262904987], [32.507928068111276, 59.106015634505134], [32.42631021739002, 59.146897535588515], [32.34449728274077, 59.187728127115435], [32.26248872735962, 59.22850720307354], [32.18028401426019, 59.269234556620525], [32.09788260629384, 59.309909980082196], [32.01528396617011, 59.35053326495041], [31.93248755647744, 59.391104201881056], [31.849492839704183, 59.43162258069211], [31.76629927825997, 59.472088190361646], [31.682906334497204, 59.512500819025924], [31.599313470733044, 59.552860253977414], [31.51552014927153, 59.593166281662974], [31.431525832426104, 59.6334186876819], [31.34732998254236, 59.67361725678411], [31.26293206202112, 59.71376177286831], [31.17833153334189, 59.753852018980204], [31.093527859086443, 59.79388777731066], [31.008520501962924, 59.833868829194], [30.923308924830117, 59.87379495510624], [30.83789259072208, 59.913665934663406], [30.752270962873073, 59.95348154661979], [30.666443504742865, 59.99324156886642], [30.580409680042276, 60.03294577842925], [30.494168952759104, 60.07259395146773], [30.40772078718437, 60.11218586327316], [30.321064647938847, 60.15172128826713], [30.234200000000005, 60.1912]]}, "properties": {"fa_flight_id": "RA65689-1551330242-adhoc-0", "registration": "RA-65689", "ident": "RA-65689", "ident_icao": NaN, "origin_code": "L 55.99594 37.97479", "origin_city": "Moscow", "destination_code": "L 60.19120 30.23420", "destination_city": "Saint Petersburg", "scheduled_out": NaN, "estimated_out": NaN, "actual_out": NaN, "scheduled_off": "2019-02-28T05:04:02Z", "estimated_off": "2019-02-28T05:04:02Z", "actual_off": "2019-02-28T05:04:02Z", "scheduled_on": NaN, "estimated_on": NaN, "actual_on": "2019-02-28T05:04:02Z", "scheduled_in": NaN, "estimated_in": NaN, "actual_in": NaN, "status": "result unknown", "route_distance": NaN, "diverted": false, "cancelled": false, "simplified_departure_date": "2019-02-28", "origin_coords": [55.99594, 37.97479], "destination_coords": [60.1912, 30.2342], "is_same_city": false}}, {"type": "Feature", "geometry": {"type": "LineString", "coordinates": [[49.07932, 56.12008000000001], [48.96959096987037, 56.1222112059267], [48.85985005840972, 56.12424514819185], [48.7500978185026, 56.12618180904749], [48.64033480342857, 56.128021171590596], [48.53056156684291, 56.129763219763774], [48.42077866275761, 56.13140793835597], [48.31098664552199, 56.132955313003144], [48.20118606980357, 56.13440533018884], [48.09137749056867, 56.13575797724481], [47.98156146306319, 56.13701324235153], [47.871738542793246, 56.13817111453874], [47.761909285505816, 56.13923158368591], [47.65207424716938, 56.14019464052264], [47.542233983954496, 56.14106027662907], [47.4323890522144, 56.14182848443632], [47.322540008465616, 56.14249925722669], [47.212687409368456, 56.14307258913405], [47.10283181170759, 56.14354847514406], [46.99297377237259, 56.143926911094354], [46.883113848338475, 56.14420789367478], [46.77325259664615, 56.14439142042749], [46.66339057438303, 56.144477489747075], [46.55352833866344, 56.14446610088064], [46.443666446609235, 56.14435725392781], [46.333805455330186, 56.14415094984072], [46.22394592190458, 56.14384719042403], [46.11408840335968, 56.14344597833481], [46.00423345665227, 56.14294731708238], [45.89438163864914, 56.14235121102824], [45.78453350610766, 56.14165766538586], [45.67468961565627, 56.1408666862204], [45.564850523775064, 56.139978280448524], [45.45501678677632, 56.13899245583804], [45.345188960785116, 56.137909221007625], [45.23536760171989, 56.13672858542639], [45.12555326527306, 56.13545055941352], [45.01574650689167, 56.13407515413781], [44.90594788175797, 56.13260238161719], [44.79615794477022, 56.13103225471819], [44.68637725052329, 56.12936478715542], [44.57660635328936, 56.12759999349093], [44.466845806998776, 56.125737889133674], [44.35709616522075, 56.123778490338694], [44.247357981144184, 56.1217218142066], [44.13763180755859, 56.11956787868271], [44.027918196834825, 56.11731670255632], [43.91821770090618, 56.1149683054599], [43.80853087124917, 56.112522707868244], [43.698858258864625, 56.10997993109759], [43.58920041425874, 56.10733999730473], [43.47955788742406, 56.104602929486006], [43.3699312278207, 56.1017687514764], [43.26032098435744, 56.09883748794845], [43.15072770537294, 56.095809164411214], [43.04115193861707, 56.0926838072092], [42.93159423123215, 56.089461443521195], [42.82205512973435, 56.086142101359165], [42.712535179995115, 56.08272580956698], [42.60303492722258, 56.0792125978193], [42.4935549159432, 56.07560249662016], [42.38409568998323, 56.07189553730179], [42.27465779245045, 56.06809175202326], [42.165241765715834, 56.064191173769046], [42.05584815139536, 56.06019383634771], [41.946477490331766, 56.056099774390404], [41.83713032257657, 56.05190902334944], [41.727807187371894, 56.04762161949676], [41.61850862313266, 56.043237599922435], [41.50923516742855, 56.03875700253303], [41.399987356966264, 56.03417986605006], [41.29076572757176, 56.029506230008344], [41.18157081417257, 56.02473613475429], [41.0724031507802, 56.01986962144427], [40.963263270472595, 56.014906732042824], [40.854151705376744, 56.00984750932089], [40.74506898665123, 56.00469199685405], [40.636015644469055, 55.999440239020686], [40.526992208000316, 55.994092281000064], [40.41799920539519, 55.98864816877052], [40.30903716376687, 55.98310794910748], [40.200106609174554, 55.97747166958151], [40.091208066606725, 55.97173937855637], [39.98234205996423, 55.96591112518688], [39.87350911204372, 55.95998695941703], [39.76470974452098, 55.95396693197776], [39.65594447793447, 55.947851094384966], [39.54721383166893, 55.94163949893721], [39.43851832393906, 55.93533219871372], [39.32985847177332, 55.92892924757208], [39.22123479099779, 55.92243070014601], [39.112647796220195, 55.915836611843105], [39.00409800081395, 55.90914703884265], [38.895585916902405, 55.902362038093095], [38.78711205534305, 55.89548166730993], [38.678676925712, 55.88850598497315], [38.57028103628839, 55.88143505032494], [38.461924894039086, 55.8742689233672], [38.353609004603285, 55.86700766485911], [38.245333872277406, 55.85965133631462], [38.1371, 55.8522]]}, "properties": {"fa_flight_id": "RA65689-1553785274-adhoc-0", "registration": "RA-65689", "ident": "RA-65689", "ident_icao": NaN, "origin_code": "L 56.12008 49.07932", "origin_city": "Kazan", "destination_code": "L 55.85220 38.13710", "destination_city": "Moscow", "scheduled_out": NaN, "estimated_out": NaN, "actual_out": NaN, "scheduled_off": "2019-03-28T15:01:14Z", "estimated_off": "2019-03-28T15:01:14Z", "actual_off": "2019-03-28T15:01:14Z", "scheduled_on": NaN, "estimated_on": NaN, "actual_on": "2019-03-28T15:01:14Z", "scheduled_in": NaN, "estimated_in": NaN, "actual_in": NaN, "status": "result unknown", "route_distance": NaN, "diverted": false, "cancelled": false, "simplified_departure_date": "2019-03-28", "origin_coords": [56.12008, 49.07932], "destination_coords": [55.8522, 38.1371], "is_same_city": false}}, {"type": "Feature", "geometry": {"type": "LineString", "coordinates": [[38.31677, 55.91327999999999], [38.45182054615128, 55.89521062327603], [38.58674484714735, 55.87699359472312], [38.72154208287333, 55.85862915385276], [38.85621143944757, 55.84011754159978], [38.9907521092406, 55.82145900030811], [39.12516329089325, 55.80265377371656], [39.259444189334054, 55.783702106944595], [39.39359401579614, 55.76460424647804], [39.527611987833374, 55.745360440154826], [39.66149732933575, 55.72597093715061], [39.79524927054426, 55.70643598796453], [39.92886704806497, 55.68675584440478], [40.06234990488255, 55.666930759574264], [40.19569709037307, 55.64696098785623], [40.32890786031613, 55.62684678489988], [40.461981476906395, 55.60658840760595], [40.59491720876444, 55.5861861141123], [40.727714330946995, 55.56564016377947], [40.8603721249564, 55.54495081717633], [40.992889878749686, 55.52411833606555], [41.12526688674673, 55.503142983389225], [41.25750244983796, 55.48202502325444], [41.38959587539139, 55.460764720918796], [41.52154647725899, 55.439362342776036], [41.65335357578245, 55.41781815634156], [41.78501649779837, 55.396132430238026], [41.91653457664277, 55.37430543418094], [42.047907152155034, 55.35233743896421], [42.17913357068122, 55.33022871644581], [42.310213185076776, 55.30797953953332], [42.44114535470866, 55.28559018216958], [42.57192944545686, 55.26306091931837], [42.702564829715335, 55.24039202694995], [42.83305088639239, 55.217583782026864], [42.96338700091038, 55.194636462489534], [43.093572565204944, 55.171550347241975], [43.22360697772364, 55.148325716137606], [43.353489643423934, 55.12496284996488], [43.48321997377077, 55.101462030433154], [43.612797386733455, 55.07782354015843], [43.742221306782, 55.054047662649204], [43.87149116488306, 55.03013468229232], [44.000606398495115, 55.00608488433886], [44.12956645156331, 54.981898554890044], [44.258370774513565, 54.957575980883156], [44.3870188242464, 54.933117450077546], [44.51551006412999, 54.908523251040656], [44.64384396399289, 54.88379367313403], [44.77202000011615, 54.8589290064994], [44.90003765522493, 54.83392954204485], [45.02789641847964, 54.80879557143089], [45.15559578546666, 54.78352738705676], [45.28313525818834, 54.75812528204657], [45.41051434505279, 54.73258955023563], [45.537732560863006, 54.70692048615682], [45.664789426805584, 54.68111838502683], [45.79168447043898, 54.65518354273269], [45.91841722568127, 54.62911625581822], [46.044987232797496, 54.60291682147046], [46.17139403838653, 54.576585537506276], [46.29763719536749, 54.550122702359026], [46.42371626296575, 54.52352861506506], [46.549630806698445, 54.4968035752506], [46.67538039835968, 54.46994788311838], [46.80096461600517, 54.4429618394345], [46.92638304393651, 54.41584574551529], [47.051635272685125, 54.388599903214256], [47.17672089899568, 54.36122461490897], [47.30163952580915, 54.33372018348823], [47.426390762245575, 54.30608691233906], [47.550974223586216, 54.27832510533388], [47.67538953125558, 54.25043506681772], [47.79963631280289, 54.22241710159549], [47.923714201883314, 54.19427151491934], [48.04762283823866, 54.16599861247596], [48.171361867677874, 54.13759870037413], [48.29493094205717, 54.10907208513218], [48.41832971925967, 54.080419073665624], [48.54155786317488, 54.05163997327472], [48.664615043677735, 54.02273509163225], [48.787500936607316, 53.99370473677124], [48.91021522374526, 53.9645492170729], [49.032757592793864, 53.93526884125438], [49.155127737353894, 53.905863918356864], [49.27732535690201, 53.876334757733595], [49.39935015676795, 53.84668166903794], [49.52120184811146, 53.81690496221161], [49.64288014789877, 53.7870049474729], [49.76438477887909, 53.756981935305], [49.88571546956041, 53.72683623644445], [50.00687195418546, 53.69656816186944], [50.12785397270709, 53.6661780227886], [50.24866127076351, 53.635666130629346], [50.36929359965332, 53.60503279702674], [50.48975071631018, 53.574278333812146], [50.610032383277336, 53.54340305300212], [50.73013836868186, 53.51240726678729], [50.85006844620861, 53.4812912875213], [50.9698223950741, 53.45005542770988], [51.089400000000005, 53.418700000000015]]}, "properties": {"fa_flight_id": "RA65689-1553749615-adhoc-0", "registration": "RA-65689", "ident": "RA-65689", "ident_icao": NaN, "origin_code": "L 55.91328 38.31677", "origin_city": "Moscow", "destination_code": "L 53.41870 51.08940", "destination_city": "Samara", "scheduled_out": NaN, "estimated_out": NaN, "actual_out": NaN, "scheduled_off": "2019-03-28T05:06:55Z", "estimated_off": "2019-03-28T05:06:55Z", "actual_off": "2019-03-28T05:06:55Z", "scheduled_on": NaN, "estimated_on": NaN, "actual_on": "2019-03-28T05:06:55Z", "scheduled_in": NaN, "estimated_in": NaN, "actual_in": NaN, "status": "result unknown", "route_distance": NaN, "diverted": false, "cancelled": false, "simplified_departure_date": "2019-03-28", "origin_coords": [55.91328, 38.31677], "destination_coords": [53.4187, 51.0894], "is_same_city": false}}, {"type": "Feature", "geometry": {"type": "LineString", "coordinates": [[30.48278, 60.17932999999999], [30.569512045757097, 60.138218994216615], [30.656027428739193, 60.09705143815995], [30.74232675330658, 60.05582756682222], [30.828410623793122, 60.01454761422704], [30.914279644479418, 59.97321181343164], [30.99993441956636, 59.931820396529226], [31.085375553149053, 59.89037359465125], [31.17060364919107, 59.84887163796983], [31.255619311499117, 59.807314755700034], [31.34042314369806, 59.76570317610239], [31.425015749206214, 59.724037126485236], [31.50939773121114, 59.68231683320718], [31.59356969264564, 59.64054252167956], [31.677532236164215, 59.59871441636902], [31.76128596411977, 59.55683274079986], [31.844831478540744, 59.51489771755676], [31.928169381108543, 59.47290956828716], [32.01130027313526, 59.43086851370398], [32.09422475554182, 59.38877477358807], [32.176943428836395, 59.346628566790976], [32.25945689309311, 59.304430111237444], [32.341765747931156, 59.26217962392812], [32.42387059249421, 59.21987732094224], [32.505772025430076, 59.17752341744021], [32.587470644870706, 59.13511812766645], [32.668967048412625, 59.09266166495197], [32.75026183309744, 59.05015424171721], [32.831355595392864, 59.007596069474666], [32.912248931173956, 58.96498735883177], [32.9929424357046, 58.922328319493566], [33.07343670361943, 58.87961916026557], [33.15373232890587, 58.83686008905648], [33.23382990488661, 58.79405131288106], [33.313730024202314, 58.751193037862954], [33.39343327879457, 58.70828546923747], [33.47294025988914, 58.66532881135448], [33.55225155797962, 58.622323267681246], [33.63136776281114, 58.57926904080531], [33.71028946336448, 58.53616633243734], [33.78901724784051, 58.49301534341406], [33.867551703644736, 58.449816273701074], [33.945893417372226, 58.40656932239583], [34.02404297479276, 58.36327468773057], [34.102000960836264, 58.31993256707516], [34.179767959578456, 58.27654315694005], [34.25734455422676, 58.23310665297924], [34.334731327106496, 58.18962324999322], [34.41192885964731, 58.146093141931885], [34.488937732369834, 58.10251652189753], [34.56575852487253, 58.05889358214782], [34.642391815818925, 58.01522451409869], [34.718838182924955, 57.9715095083274], [34.79509820294658, 57.92774875457551], [34.87117245166765, 57.883942441751806], [34.94706150388793, 57.84009075793534], [35.022765933411456, 57.7961938903784], [35.098286313035096, 57.75225202550953], [35.173623214537194, 57.70826534893652], [35.248777208666645, 57.6642340454494], [35.32374886513198, 57.62015829902347], [35.39853875259087, 57.57603829282227], [35.473147438639685, 57.53187420920068], [35.54757548980328, 57.48766622970785], [35.62182347152506, 57.44341453509023], [35.695891948157254, 57.39911930529465], [35.76978148295125, 57.35478071947125], [35.84349263804833, 57.3103989559766], [35.9170259744704, 57.26597419237666], [35.99038205211109, 57.22150660544979], [36.06356142972695, 57.176996371189844], [36.13656466492885, 57.132443664809145], [36.20939231417358, 57.08784866074149], [36.28204493275562, 57.04321153264526], [36.35452307479914, 56.998532453406355], [36.42682729325011, 56.953811595141254], [36.49895813986865, 56.909049129200035], [36.5709161652215, 56.86424522616944], [36.64270191867475, 56.81940005587578], [36.71431594838664, 56.77451378738811], [36.78575880130061, 56.72958658902109], [36.85703102313848, 56.68461862833815], [36.92813315839381, 56.63961007215436], [36.999065750325435, 56.594561086539585], [37.069829340951074, 56.54947183682134], [37.140424471041285, 56.504342487587955], [37.21085168011338, 56.45917320269143], [37.281111506425624, 56.41396414525057], [37.35120448697153, 56.36871547765388], [37.42113115747432, 56.323427361562594], [37.49089205238153, 56.278099957913696], [37.560487704859824, 56.232733426922856], [37.62991864678982, 56.18732792808748], [37.699185408761224, 56.14188362018957], [37.76828852006797, 56.09640066129885], [37.83722850870358, 56.05087920877564], [37.90600590135663, 56.005319419273846], [37.97462122340639, 55.9597214487439], [38.043074998918485, 55.91408545243576], [38.11136775064093, 55.868411584901864], [38.17949999999999, 55.82269999999999]]}, "properties": {"fa_flight_id": "RA65689-1554385450-adhoc-0", "registration": "RA-65689", "ident": "RA-65689", "ident_icao": NaN, "origin_code": "L 60.17933 30.48278", "origin_city": "Saint Petersburg", "destination_code": "L 55.82270 38.17950", "destination_city": "Moscow", "scheduled_out": NaN, "estimated_out": NaN, "actual_out": NaN, "scheduled_off": "2019-04-04T13:44:10Z", "estimated_off": "2019-04-04T13:44:10Z", "actual_off": "2019-04-04T13:44:10Z", "scheduled_on": NaN, "estimated_on": NaN, "actual_on": "2019-04-04T13:44:10Z", "scheduled_in": NaN, "estimated_in": NaN, "actual_in": NaN, "status": "result unknown", "route_distance": NaN, "diverted": false, "cancelled": false, "simplified_departure_date": "2019-04-04", "origin_coords": [60.17933, 30.48278], "destination_coords": [55.8227, 38.1795], "is_same_city": false}}, {"type": "Feature", "geometry": {"type": "LineString", "coordinates": [[38.23459999999999, 55.84919], [38.16547770133355, 55.89385966329297], [38.09619613486238, 55.93849052085163], [38.026754804573955, 55.98308241789377], [37.95715321336016, 56.027635198963566], [37.88739086302275, 56.072148707929], [37.817467254279066, 56.11662278797915], [37.747381886767734, 56.16105728162156], [37.6771342590547, 56.20545203067959], [37.6067238686392, 56.24980687628977], [37.536150211960035, 56.29412165889913], [37.4654127844019, 56.33839621826259], [37.394511080301896, 56.38263039344024], [37.32344459295615, 56.42682402279476], [37.25221281462669, 56.4709769439887], [37.18081523654831, 56.51508899398184], [37.109251348935736, 56.55916000902855], [37.037520640990856, 56.60318982467512], [36.965622600910166, 56.64717827575712], [36.89355671589234, 56.69112519639669], [36.821322472145916, 56.73503041999997], [36.74891935489731, 56.77889377925438], [36.67634684839878, 56.82271510612595], [36.6036044359367, 56.86649423185675], [36.530691599839955, 56.91023098696215], [36.45760782148855, 56.95392520122822], [36.38435258132227, 56.997576703709065], [36.31092535884968, 57.04118532272417], [36.2373256326572, 57.084750885855776], [36.16355288041835, 57.12827321994622], [36.08960657890322, 57.1717521510953], [36.01548620398813, 57.215187504657614], [35.94119123066543, 57.25857910524], [35.86672113305346, 57.30192677669882], [35.79207538440686, 57.34523034213737], [35.71725345712683, 57.38848962390326], [35.64225482277179, 57.4317044435858], [35.56707895206813, 57.47487462201334], [35.49172531492117, 57.517999979250725], [35.41619338042633, 57.56108033459666], [35.340482616880536, 57.60411550658107], [35.26459249179371, 57.64710531296257], [35.188522471900626, 57.69004957072588], [35.112272023172885, 57.73294809607914], [35.03584061083106, 57.775800704451456], [34.95922769935715, 57.81860721049026], [34.88243275250718, 57.861367428058756], [34.80545523332405, 57.90408117023338], [34.728294604150584, 57.94674824930124], [34.65095032664279, 57.98936847675757], [34.573421861783395, 58.03194166330321], [34.49570866989554, 58.07446761884207], [34.417810210656725, 58.116946152478626], [34.33972594311303, 58.159377072515376], [34.2614553256935, 58.2017601864504], [34.18299781622477, 58.24409530097484], [34.10435287194601, 58.28638222197042], [34.02551994952402, 58.32862075450697], [33.94649850506855, 58.37081070283998], [33.86728799414799, 58.41295187040818], [33.78788787180518, 58.45504405983109], [33.708297592573516, 58.497087072906545], [33.62851661049329, 58.53908071060834], [33.54854437912835, 58.58102477308385], [33.46838035158292, 58.62291905965161], [33.388023980518724, 58.6647633687989], [33.30747471817239, 58.70655749817951], [33.22673201637308, 58.74830124461125], [33.14579532656041, 58.789994404073745], [33.06466409980262, 58.83163677170605], [32.983337786815014, 58.873228141804375], [32.901815837978724, 58.91476830781979], [32.820097703359664, 58.956257062355974], [32.73818283272783, 58.99769419716693], [32.656070675576835, 59.039079503154795], [32.573760681143774, 59.08041277036764], [32.491252298429316, 59.121693787997145], [32.40854497621813, 59.1629223443766], [32.325638163099626, 59.204098226978616], [32.242531307488875, 59.24522122241303], [32.159223857647945, 59.28629111642478], [32.07571526170748, 59.32730769389178], [31.992004967688583, 59.36827073882288], [31.908092423525027, 59.40918003435576], [31.823977077085715, 59.45003536275497], [31.739658376197514, 59.49083650540975], [31.655135768668355, 59.5315832428323], [31.57040870231066, 59.57227535465551], [31.4854766249651, 59.61291261963127], [31.40033898452461, 59.65349481562834], [31.314995228958843, 59.69402171963063], [31.22944480633882, 59.734493107735226], [31.14368716486197, 59.774908755150555], [31.057721752877494, 59.81526843619455], [30.971548018912042, 59.85557192429292], [30.88516541169577, 59.895818991977336], [30.798573380188646, 59.936009410883706], [30.71177137360719, 59.976142951750454], [30.62475884145146, 60.01621938441685], [30.537535233532502, 60.05623847782135], [30.4501, 60.096199999999996]]}, "properties": {"fa_flight_id": "RA65689-1554354516-adhoc-0", "registration": "RA-65689", "ident": "RA-65689", "ident_icao": NaN, "origin_code": "L 55.84919 38.23460", "origin_city": "Moscow", "destination_code": "L 60.09620 30.45010", "destination_city": "Saint Petersburg", "scheduled_out": NaN, "estimated_out": NaN, "actual_out": NaN, "scheduled_off": "2019-04-04T05:08:36Z", "estimated_off": "2019-04-04T05:08:36Z", "actual_off": "2019-04-04T05:08:36Z", "scheduled_on": NaN, "estimated_on": NaN, "actual_on": "2019-04-04T05:08:36Z", "scheduled_in": NaN, "estimated_in": NaN, "actual_in": NaN, "status": "result unknown", "route_distance": NaN, "diverted": false, "cancelled": false, "simplified_departure_date": "2019-04-04", "origin_coords": [55.84919, 38.2346], "destination_coords": [60.0962, 30.4501], "is_same_city": false}}, {"type": "Feature", "geometry": {"type": "LineString", "coordinates": [[30.521140000000003, 60.05984], [30.604748184985684, 60.02073187194288], [30.688158615995345, 59.98157106145235], [30.771371807233113, 59.94235777601667], [30.854388273017783, 59.903092222322655], [30.937208527760518, 59.86377460625735], [31.0198330859429, 59.824405132909604], [31.102262462095243, 59.78498400657181], [31.18449717077512, 59.745511430741566], [31.26653772654627, 59.70598760812339], [31.348384643957733, 59.666412740630456], [31.43003843752319, 59.62678702938636], [31.511499621700718, 59.587110674726844], [31.59276871087269, 59.547383876201664], [31.673846219325963, 59.50760683257633], [31.754732661232413, 59.46777974183397], [31.83542855062958, 59.42790280117722], [31.91593440140175, 59.38797620702994], [31.99625072726114, 59.34800015503931], [32.07637804172941, 59.307974840077534], [32.15631685811947, 59.267900456243865], [32.236067689517405, 59.22777719686651], [32.31563104876481, 59.18760525450454], [32.395007448441234, 59.14738482094994], [32.474197400846975, 59.107116087229464], [32.55320141798602, 59.06679924360675], [32.63202001154931, 59.026434479584225], [32.71065369289822, 58.986021983905175], [32.789102973048195, 58.945561944555735], [32.86736836265278, 58.905054548767026], [32.94545037198771, 58.8644999830171], [33.02334951093535, 58.82389843303305], [33.10106628896929, 58.78325008379315], [33.17860121513929, 58.742555119528845], [33.25595479805621, 58.70181372372697], [33.33312754587742, 58.661026079131744], [33.410119966292264, 58.62019236774701], [33.48693256650784, 58.57931277083828], [33.563565853234884, 58.538387468934935], [33.640020332674, 58.497416641832366], [33.716296510501984, 58.45640046859419], [33.792394891858436, 58.4153391275543], [33.86831598133256, 58.37423279631919], [33.94406028295012, 58.33308165177006], [34.019628300160676, 58.291885870065016], [34.09502053582498, 58.25064562664138], [34.17023749220257, 58.20936109621776], [34.24527967093955, 58.16803245279639], [34.32014757305666, 58.12665986966532], [34.394841698937356, 58.085243519400606], [34.46936254831628, 58.043783573868666], [34.54371062026778, 58.00228020422844], [34.61788641319468, 57.96073358093368], [34.69189042481724, 57.9191438737352], [34.76572315216226, 57.877511251683174], [34.83938509155243, 57.835835883129405], [34.912876738595756, 57.794117935729524], [34.98619858817528, 57.75235757644546], [35.059351134438934, 57.71055497154751], [35.13233487078955, 57.66871028661679], [35.20515028987501, 57.626823686547475], [35.27779788357869, 57.584895335549064], [35.35027814300994, 57.542925397148785], [35.422591558494815, 57.500914034193855], [35.494738619566924, 57.45886140885373], [35.5667198149585, 57.41676768262252], [35.63853563259156, 57.37463301632126], [35.710186559569294, 57.332457570100246], [35.78167308216753, 57.290241503441315], [35.8529956858265, 57.247984975160264], [35.92415485514256, 57.20568814340909], [35.995151073860285, 57.16335116567837], [36.06598482486452, 57.120974198799566], [36.136656590172684, 57.078557398947375], [36.20716685092727, 57.0361009216421], [36.277516087388356, 56.99360492175188], [36.34770477892634, 56.95106955349516], [36.417733404014875, 56.908494970442945], [36.4876024402238, 56.86588132552115], [36.557312364212386, 56.82322877101299], [36.62686365172257, 56.78053745856122], [36.69625677757241, 56.737807539170596], [36.76549221564966, 56.695039163210154], [36.83457043890545, 56.65223248041553], [36.903491919348184, 56.60938763989131], [36.972257128037455, 56.56650479011345], [37.04086653507816, 56.52358407893149], [37.109320609614734, 56.48062565357099], [37.17761981982552, 56.4376296606358], [37.24576463291723, 56.39459624611046], [37.313755515119546, 56.35152555536247], [37.38159293167988, 56.3084177331447], [37.44927734685821, 56.26527292359763], [37.51680922392204, 56.222091270251774], [37.584189025141484, 56.17887291602995], [37.65141721178451, 56.13561800324961], [37.718494244112236, 56.09232667362521], [37.785420581374325, 56.04899906827049], [37.85219668180465, 56.0056353277008], [37.918823002616804, 55.96223559183545], [37.9853, 55.91879999999999]]}, "properties": {"fa_flight_id": "RA65689-1554307515-adhoc-0", "registration": "RA-65689", "ident": "RA-65689", "ident_icao": NaN, "origin_code": "L 60.05984 30.52114", "origin_city": "Saint Petersburg", "destination_code": "L 55.91880 37.98530", "destination_city": "Moscow", "scheduled_out": NaN, "estimated_out": NaN, "actual_out": NaN, "scheduled_off": "2019-04-03T16:05:15Z", "estimated_off": "2019-04-03T16:05:15Z", "actual_off": "2019-04-03T16:05:15Z", "scheduled_on": NaN, "estimated_on": NaN, "actual_on": "2019-04-03T16:05:15Z", "scheduled_in": NaN, "estimated_in": NaN, "actual_in": NaN, "status": "result unknown", "route_distance": NaN, "diverted": false, "cancelled": false, "simplified_departure_date": "2019-04-03", "origin_coords": [60.05984, 30.52114], "destination_coords": [55.9188, 37.9853], "is_same_city": false}}, {"type": "Feature", "geometry": {"type": "LineString", "coordinates": [[38.26966, 55.84272], [38.20076014845265, 55.88842403601934], [38.13169789236395, 55.93408951070811], [38.06247270692541, 55.97971626670759], [37.99308406603895, 56.0253041459513], [37.92353144232164, 56.07085298966198], [37.85381430711031, 56.116362638348676], [37.78393213046657, 56.161832931803815], [37.71388438118176, 56.207263709100125], [37.64367052678217, 56.25265480858775], [37.57329003353436, 56.298006067891215], [37.50274236645067, 56.3433173239065], [37.43202698929475, 56.388588412798], [37.361143364587456, 56.43381916999558], [37.290090953612705, 56.479009430191596], [37.218869216423606, 56.5241590273378], [37.147477611848686, 56.56926779464247], [37.075915597498295, 56.614335564567355], [37.00418262977117, 56.65936216882468], [36.93227816386122, 56.70434743837411], [36.860201653764356, 56.749291203419816], [36.78795255228561, 56.794193293407396], [36.71553031104635, 56.83905353702093], [36.64293438049169, 56.883871762179915], [36.5701642098981, 56.928647796036294], [36.49721924738113, 56.97338146497143], [36.4240989399034, 57.01807259459309], [36.35080273328272, 57.062721009732456], [36.277330072200286, 57.107326534441086], [36.20368040020937, 57.151888991987896], [36.12985315974384, 57.1964082048562], [36.055847792127075, 57.24088399474062], [35.98166373758105, 57.28531618254414], [35.9073004352356, 57.32970458837508], [35.83275732313781, 57.374049031544075], [35.75803383826177, 57.41834933056108], [35.68312941651832, 57.46260530313234], [35.60804349276517, 57.50681676615742], [35.5327755008172, 57.55098353572619], [35.457324873456855, 57.59510542711584], [35.38169104244487, 57.639182254787826], [35.3058734385312, 57.68321383238497], [35.22987149146607, 57.72719997272838], [35.15368463001135, 57.77114048781456], [35.07731228195211, 57.81503518881232], [35.0007538741084, 57.85888388605991], [34.924008832347226, 57.902686389061905], [34.84707658159481, 57.9464425064864], [34.76995654584906, 57.99015204616196], [34.69264814819223, 58.033814815074614], [34.61515081080392, 58.077430619365025], [34.53746395497415, 58.12099926432546], [34.4595870011169, 58.16452055439685], [34.38151936878364, 58.20799429316589], [34.303260476677345, 58.25142028336209], [34.22480974266658, 58.294798326854895], [34.14616658379992, 58.33812822465073], [34.067330416320644, 58.381409776890116], [33.98830065568163, 58.42464278284478], [33.909076716560506, 58.46782704091473], [33.82965801287516, 58.51096234862548], [33.75004395779938, 58.554048502625065], [33.6702339637789, 58.59708529868127], [33.590227442547565, 58.64007253167873], [33.51002380514393, 58.68300999561615], [33.429622461928005, 58.725897483603426], [33.34902282259839, 58.76873478785887], [33.26822429620958, 58.81152169970637], [33.18722629118964, 58.85425800957268], [33.106028215358116, 58.89694350698456], [33.02462947594432, 58.93957798056606], [32.94302947960579, 58.98216121803577], [32.86122763244711, 59.02469300620405], [32.77922334003912, 59.0671731309704], [32.69701600743817, 59.10960137732064], [32.614605039206005, 59.15197752932432], [32.53198983942973, 59.194301370131974], [32.44916981174213, 59.23657268197253], [32.3661443593424, 59.278791246150625], [32.28291288501707, 59.32095684304397], [32.199474791161336, 59.36306925210082], [32.11582947980064, 59.40512825183734], [32.03197635261271, 59.44713361983501], [31.947914810949733, 59.48908513273813], [31.86364425586105, 59.5309825662513], [31.779164088116023, 59.57282569513685], [31.694473708227434, 59.61461429321242], [31.60957251647501, 59.656348133348445], [31.524459912929455, 59.69802698746579], [31.439135297476735, 59.73965062653325], [31.35359806984281, 59.78121882056518], [31.2678476296186, 59.82273133861912], [31.181883376285377, 59.86418794879353], [31.095704709240565, 59.90558841822532], [31.009311027823767, 59.94693251308767], [30.922701731343327, 59.988219998587724], [30.83587621910309, 60.02945063896431], [30.748833890429676, 60.07062419748579], [30.661574144700058, 60.11174043644787], [30.57409638136951, 60.15279911717132], [30.4864, 60.19380000000001]]}, "properties": {"fa_flight_id": "RA65689-1554222828-adhoc-0", "registration": "RA-65689", "ident": "RA-65689", "ident_icao": NaN, "origin_code": "L 55.84272 38.26966", "origin_city": "Moscow", "destination_code": "L 60.19380 30.48640", "destination_city": "Saint Petersburg", "scheduled_out": NaN, "estimated_out": NaN, "actual_out": NaN, "scheduled_off": "2019-04-02T16:33:48Z", "estimated_off": "2019-04-02T16:33:48Z", "actual_off": "2019-04-02T16:33:48Z", "scheduled_on": NaN, "estimated_on": NaN, "actual_on": "2019-04-02T16:33:48Z", "scheduled_in": NaN, "estimated_in": NaN, "actual_in": NaN, "status": "result unknown", "route_distance": NaN, "diverted": false, "cancelled": false, "simplified_departure_date": "2019-04-02", "origin_coords": [55.84272, 38.26966], "destination_coords": [60.1938, 30.4864], "is_same_city": false}}, {"type": "Feature", "geometry": {"type": "LineString", "coordinates": [[44.21195999999999, 48.87704], [44.16058729687367, 48.947783458971685], [44.109068742634676, 49.01850404053536], [44.057403605255764, 49.08920162241035], [44.005591148391055, 49.159876081518675], [43.953630631347075, 49.23052729397878], [43.90152130905354, 49.301155135099236], [43.84926243203394, 49.37175947937244], [43.79685324637596, 49.44234020046811], [43.74429299370175, 49.512897171226946], [43.69158091113785, 49.58343026365406], [43.638716231285116, 49.65393934891234], [43.5856981821883, 49.72442429731596], [43.53252598730551, 49.794884978323545], [43.479198865477414, 49.865321260531545], [43.42571603089629, 49.935733011667296], [43.3720766930749, 50.0061200985823], [43.31828005681508, 50.076482387245214], [43.26432532217619, 50.14681974273488], [43.21021168444338, 50.217132029233234], [43.15593833409555, 50.287419110018305], [43.10150445677328, 50.35768084745693], [43.04690923324634, 50.427917102997604], [42.9921518393812, 50.49812773716311], [42.937231446108214, 50.5683126095432], [42.88214721938861, 50.63847157878717], [42.8268983201813, 50.70860450259636], [42.77148390440951, 50.778711237716564], [42.71590312292709, 50.84879163993047], [42.66015512148478, 50.9188455640499], [42.60423904069611, 50.98887286390814], [42.54815401600319, 51.05887339235198], [42.49189917764227, 51.12884700123393], [42.43547365060903, 51.19879354140426], [42.37887655462378, 51.268712862702834], [42.32210700409631, 51.33860481395118], [42.265164108090595, 51.40846924294416], [42.20804697028935, 51.478305996441826], [42.15075468895827, 51.548114920161034], [42.09328635691008, 51.617895858767085], [42.03564106146839, 51.687648655865196], [41.977817884431374, 51.75737315399206], [41.91981590203516, 51.827069194607134], [41.86163418491705, 51.896736618083956], [41.80327179807851, 51.96637526370142], [41.744727800847976, 52.035984969634875], [41.68600124684336, 52.10556557294722], [41.62709118393452, 52.1751169095799], [41.567996654205274, 52.2446388143438], [41.50871669391539, 52.314131120910105], [41.44925033346229, 52.38359366180103], [41.389596597342525, 52.45302626838047], [41.32975450411309, 52.522428770844684], [41.26972306635242, 52.59180099821266], [41.20950129062133, 52.66114277831667], [41.1490881774236, 52.7304539377925], [41.08848272116639, 52.79973430206976], [41.02768391012047, 52.868983695362026], [40.96669072638025, 52.93820194065698], [40.90550214582347, 53.00738885970628], [40.84411713807087, 53.07654427301558], [40.782534666445486, 53.14566799983426], [40.72075368793184, 53.21475985814522], [40.65877315313486, 53.283819664654466], [40.59659200623859, 53.35284723478065], [40.534209184964745, 53.42184238264454], [40.471623620530984, 53.49080492105838], [40.40883423760905, 53.559734661515144], [40.34583995428265, 53.62863141417766], [40.282639682005126, 53.69749498786779], [40.219232325556995, 53.76632519005529], [40.15561678300313, 53.835121826846745], [40.09179194564999, 53.90388470297436], [40.02775669800234, 53.9726136217846], [39.96350991772006, 54.041308385226834], [39.899050475574526, 54.10996879384175], [39.83437723540498, 54.17859464674976], [39.76948905407453, 54.247185741639306], [39.704384781426135, 54.315741874755005], [39.63906326023821, 54.38426284088574], [39.57352332618024, 54.45274843335259], [39.507763807768036, 54.52119844399674], [39.441783526318865, 54.589612663167216], [39.37558129590646, 54.65799087970851], [39.30915592331573, 54.726332880948135], [39.24250620799738, 54.794638452684104], [39.17563094202234, 54.86290737917216], [39.10852891003594, 54.931139443113025], [39.041198889212076, 54.99933442563953], [38.97363964920698, 55.067492106303554], [38.90584995211304, 55.13561226306292], [38.83782855241234, 55.20369467226814], [38.76957419693003, 55.27173910864906], [38.7010856247876, 55.339745345301374], [38.63236156735598, 55.40771315367302], [38.56340074820842, 55.47564230355055], [38.49420188307335, 55.54353256304518], [38.42476367978694, 55.61138369857891], [38.35508483824568, 55.67919547487046], [38.2851640503587, 55.74696765492102], [38.215, 55.8147]]}, "properties": {"fa_flight_id": "RA65689-1554987102-adhoc-0", "registration": "RA-65689", "ident": "RA-65689", "ident_icao": NaN, "origin_code": "L 48.87704 44.21196", "origin_city": "Volgograd", "destination_code": "L 55.81470 38.21500", "destination_city": "Moscow", "scheduled_out": NaN, "estimated_out": NaN, "actual_out": NaN, "scheduled_off": "2019-04-11T12:51:42Z", "estimated_off": "2019-04-11T12:51:42Z", "actual_off": "2019-04-11T12:51:42Z", "scheduled_on": NaN, "estimated_on": NaN, "actual_on": "2019-04-11T12:51:42Z", "scheduled_in": NaN, "estimated_in": NaN, "actual_in": NaN, "status": "result unknown", "route_distance": NaN, "diverted": false, "cancelled": false, "simplified_departure_date": "2019-04-11", "origin_coords": [48.87704, 44.21196], "destination_coords": [55.8147, 38.215], "is_same_city": false}}, {"type": "Feature", "geometry": {"type": "LineString", "coordinates": [[37.994159999999994, 55.98469], [38.0970962126557, 55.89933268973037], [38.199580208683216, 55.81388990206242], [38.30161496812704, 55.72836228486542], [38.403203450579106, 55.642750480226404], [38.50434859527904, 55.55705512450633], [38.605053321215415, 55.47127684839566], [38.70532052722802, 55.38541627696951], [38.80515309211101, 55.29947402974225], [38.90455387471702, 55.21345072072158], [39.00352571406196, 55.127346958462184], [39.102071429430744, 55.041163346118836], [39.20019382048364, 54.95490048149902], [39.297895667363306, 54.868558957115084], [39.3951797308025, 54.78213936023588], [39.49204875223229, 54.695642272937945], [39.58850545389099, 54.60906827215616], [39.68455253893329, 54.522417929734026], [39.78019269154018, 54.43569181247331], [39.87542857702902, 54.34889048218341], [39.97026284196418, 54.26201449573006], [40.06469811426789, 54.17506440508371], [40.1587370033315, 54.08804075736743], [40.25238210012691, 54.000944094904206], [40.34563597731831, 53.91377495526401], [40.43850118937409, 53.82653387131025], [40.53098027267896, 53.73922137124577], [40.62307574564617, 53.651837978658584], [40.71479010882982, 53.56438421256689], [40.80612584503729, 53.476860587463904], [40.897085419441794, 53.38926761336205], [40.98767127969476, 53.3016057958369], [41.07788585603842, 53.21387563607051], [41.16773156141825, 53.12607763089448], [41.25721079159542, 53.03821227283245], [41.3463259252591, 52.950280050142354], [41.43507932413879, 52.86228144685803], [41.52347333311637, 52.77421694283064], [41.61151028033815, 52.686087013769495], [41.69919247732671, 52.59789213128265], [41.786522219092475, 52.509632762916894], [41.873501784245306, 52.42130937219754], [41.96013343510557, 52.33292241866768], [42.04641941781526, 52.244472357927094], [42.13236196244869, 52.1559596416708], [42.217963283123, 52.06738471772712], [42.303225578108226, 51.978748030095524], [42.38815102993738, 51.890050018983914], [42.47274180551583, 51.801291120845676], [42.55700005623063, 51.71247176841623], [42.640927918059404, 51.62359239074935], [42.724527511678865, 51.534653413253025], [42.80780094257298, 51.445655257724944], [42.89075030114074, 51.356598342387706], [42.973377662803564, 51.26748308192361], [43.0556850881123, 51.178309887509045], [43.137674622853716, 51.08907916684873], [43.21934829815674, 50.999791324209276], [43.300708130598075, 50.910446760452736], [43.38175612230752, 50.821045873069686], [43.46249426107273, 50.73158905621184], [43.54292452044361, 50.642076700724516], [43.62304885983612, 50.55250919417873], [43.70286922463577, 50.4628869209029], [43.7823875463004, 50.373210262014254], [43.86160574246272, 50.28347959544992], [43.94052571703212, 50.19369529599775], [44.01914936029619, 50.10385773532673], [44.097478549021545, 50.013967282017134], [44.17551514655421, 49.924024301590386], [44.25326100291955, 49.834029156538556], [44.33071795492154, 49.74398220635365], [44.40788782624157, 49.65388380755646], [44.48477242753677, 49.56373431372526], [44.56137355653767, 49.4735340755241], [44.637692998145425, 49.383283440730914], [44.71373252452845, 49.29298275426517], [44.78949389521847, 49.20263235821548], [44.864978857206104, 49.11223259186668], [44.940189145035774, 49.02178379172679], [45.01512648090018, 48.931286291553626], [45.089792574734105, 48.840740422381195], [45.16418912430771, 48.75014651254575], [45.23831781531931, 48.65950488771159], [45.312180321487425, 48.56881587089671], [45.385778304642436, 48.47807978249793], [45.459113414817594, 48.387296940316105], [45.53218729033941, 48.29646765958076], [45.605001557917575, 48.20559225297469], [45.67755783273423, 48.114671030658165], [45.74985771853266, 48.02370430029297], [45.82190280770546, 47.932692367066196], [45.89369468138213, 47.84163553371373], [45.965234909515964, 47.75053410054354], [46.03652505097058, 47.65938836545874], [46.10756665360568, 47.568198623980344], [46.17836125436232, 47.47696516926989], [46.248910379347656, 47.385688292151755], [46.31921554391895, 47.29436828113523], [46.38927825276719, 47.20300542243644], [46.4591, 47.11160000000001]]}, "properties": {"fa_flight_id": "RA65689-1554955361-adhoc-0", "registration": "RA-65689", "ident": "RA-65689", "ident_icao": NaN, "origin_code": "L 55.98469 37.99416", "origin_city": "Moscow", "destination_code": "L 47.11160 46.45910", "destination_city": "Astrakhan", "scheduled_out": NaN, "estimated_out": NaN, "actual_out": NaN, "scheduled_off": "2019-04-11T04:02:41Z", "estimated_off": "2019-04-11T04:02:41Z", "actual_off": "2019-04-11T04:02:41Z", "scheduled_on": NaN, "estimated_on": NaN, "actual_on": "2019-04-11T04:02:41Z", "scheduled_in": NaN, "estimated_in": NaN, "actual_in": NaN, "status": "result unknown", "route_distance": NaN, "diverted": false, "cancelled": false, "simplified_departure_date": "2019-04-11", "origin_coords": [55.98469, 37.99416], "destination_coords": [47.1116, 46.4591], "is_same_city": false}}, {"type": "Feature", "geometry": {"type": "LineString", "coordinates": [[30.352570000000004, 60.12467999999999], [30.440504578955753, 60.08423003774595], [30.52822348242817, 60.04372187971675], [30.61572728261858, 60.00315576346489], [30.70301655200915, 59.96253192560161], [30.790091863334315, 59.921850601798674], [30.876953789552545, 59.881112026790305], [30.963602903818426, 59.84031643437496], [31.050039779455222, 59.79946405741726], [31.136264989927668, 59.75855512784987], [31.2222791088152, 59.71758987667552], [31.308082709785516, 59.67656853396894], [31.39367636656846, 59.63549132887886], [31.479060652930276, 59.59435848963006], [31.564236142648216, 59.55317024352545], [31.64920340948551, 59.51192681694813], [31.733963027166553, 59.470628435363466], [31.81851556935263, 59.429275323321306], [31.902861609617755, 59.38786770445805], [31.987001721425038, 59.34640580149893], [32.070936478103235, 59.30488983626013], [32.15466645282367, 59.26332002965103], [32.238192218577524, 59.221696601676484], [32.32151434815341, 59.18001977143912], [32.40463341411517, 59.13828975714151], [32.48754998878022, 59.0965067760886], [32.57026464419792, 59.05467104469], [32.652777952128474, 59.01278277846234], [32.735090484022045, 58.97084219203162], [32.81720281099818, 58.928849499135595], [32.899115503825506, 58.88680491262626], [32.9808291329018, 58.84470864447214], [33.06234426823429, 58.80256090576085], [33.143661479420274, 58.760361906701455], [33.224781335627995, 58.71811185662703], [33.30570440557788, 58.675810963997115], [33.38643125752395, 58.63345943640016], [33.46696245923564, 58.59105748055611], [33.547298577979774, 58.54860530231899], [33.6274401805029, 58.50610310667928], [33.7073878330139, 58.46355109776662], [33.787142101166744, 58.42094947885237], [33.86670355004376, 58.37829845235212], [33.94607274413888, 58.335598219828356], [34.02525024734138, 58.29284898199303], [34.104236622919736, 58.25005093871021], [34.18303243350583, 58.20720428899869], [34.26163824107935, 58.164309231034665], [34.340054606952485, 58.12136596215433], [34.41828209175483, 58.07837467885658], [34.49632125541855, 58.03533557680571], [34.57417265716386, 57.992248850834], [34.65183685548459, 57.94911469494455], [34.7293144081342, 57.905933302313834], [34.80660587211182, 57.8627048652945], [34.88371180364867, 57.81942957541808], [34.96063275819469, 57.776107623397635], [35.03736929040531, 57.73273919913062], [35.1139219541286, 57.6893244917015], [35.19029130239249, 57.64586368938452], [35.266477887392334, 57.60235697964653], [35.34248226047861, 57.55880454914962], [35.41830497214492, 57.51520658375403], [35.49394657201609, 57.47156326852077], [35.56940760883665, 57.42787478771449], [35.644688630459335, 57.384141324806215], [35.71979018383396, 57.340363062476165], [35.79471281499638, 57.29654018261646], [35.86945706905778, 57.25267286633404], [35.944023490194, 57.20876129395332], [36.01841262163523, 57.1648056450191], [36.09262500565579, 57.12080609829929], [36.166661183564166, 57.07676283178777], [36.2405216956932, 57.03267602270712], [36.3142070813905, 56.98854584751155], [36.387717879009024, 56.94437248188957], [36.46105462589784, 56.900156100766935], [36.53421785839313, 56.85589687830934], [36.607208111809285, 56.81159498792532], [36.68002592043027, 56.76725060226906], [36.75267181750107, 56.722863893243165], [36.82514633521943, 56.67843503200151], [36.8974500047277, 56.6339641889521], [36.96958335610483, 56.5894515337598], [37.04154691835856, 56.54489723534921], [37.11334121941784, 56.500301461907526], [37.184966786125344, 56.455664380887285], [37.25642414423012, 56.410986159009184], [37.327713818380495, 56.36626696226499], [37.3988363321171, 56.32150695592025], [37.46979220786603, 56.27670630451719], [37.540581966932166, 56.23186517187748], [37.6112061294927, 56.18698372110507], [37.68166521459077, 56.14206211458899], [37.75195974012924, 56.09710051400619], [37.82209022286464, 56.05209908032433], [37.892057178401274, 56.007057973804564], [37.9618611211855, 55.96197735400438], [38.0315025645, 55.91685737978042], [38.10098202045843, 55.87169820929121], [38.17029999999999, 55.8265]]}, "properties": {"fa_flight_id": "RA65689-1555681147-adhoc-0", "registration": "RA-65689", "ident": "RA-65689", "ident_icao": NaN, "origin_code": "L 60.12468 30.35257", "origin_city": "Saint Petersburg", "destination_code": "L 55.82650 38.17030", "destination_city": "Moscow", "scheduled_out": NaN, "estimated_out": NaN, "actual_out": NaN, "scheduled_off": "2019-04-19T13:39:07Z", "estimated_off": "2019-04-19T13:39:07Z", "actual_off": "2019-04-19T13:39:07Z", "scheduled_on": NaN, "estimated_on": NaN, "actual_on": "2019-04-19T13:39:07Z", "scheduled_in": NaN, "estimated_in": NaN, "actual_in": NaN, "status": "result unknown", "route_distance": NaN, "diverted": false, "cancelled": false, "simplified_departure_date": "2019-04-19", "origin_coords": [60.12468, 30.35257], "destination_coords": [55.8265, 38.1703], "is_same_city": false}}, {"type": "Feature", "geometry": {"type": "LineString", "coordinates": [[37.92946, 56.10282], [37.86252718879716, 56.144768725530334], [37.79544818225932, 56.186681197896476], [37.728222556149845, 56.22855728037523], [37.660849885425975, 56.270396835686284], [37.59332974424412, 56.31219972599029], [37.5256617059653, 56.35396581288684], [37.45784534316054, 56.39569495741252], [37.389880227616615, 56.43738702003893], [37.32176593034169, 56.47904186067067], [37.253502021571165, 56.52065933864336], [37.18508807077367, 56.56223931272169], [37.11652364665709, 56.603781641097434], [37.047808317174784, 56.645286181387455], [36.97894164953185, 56.68675279063175], [36.90992321019159, 56.72818132529145], [36.84075256488207, 56.76957164124684], [36.771429278602696, 56.81092359379544], [36.70195291563112, 56.85223703764994], [36.632323039530085, 56.893511826936354], [36.56253921315447, 56.93474781519192], [36.49260099865852, 56.97594485536322], [36.42250795750306, 57.0171027998042], [36.35225965046295, 57.058221500274165], [36.281855637634735, 57.09930080793592], [36.21129547844417, 57.14034057335367], [36.14057873165421, 57.181340646491215], [36.06970495537285, 57.22230087670987], [35.99867370706132, 57.26322111276663], [35.927484543542256, 57.304101202812134], [35.85613702100812, 57.34494099438875], [35.78463069502968, 57.38574033442874], [35.71296512056471, 57.42649906925213], [35.64113985196676, 57.46721704456497], [35.56915444299416, 57.507894105457254], [35.49700844681904, 57.54853009640117], [35.424701416036655, 57.58912486124903], [35.35223290267475, 57.62967824323143], [35.27960245820306, 57.670190084955365], [35.2068096335431, 57.71066022840225], [35.13385397907795, 57.75108851492611], [35.06073504466229, 57.791474785251665], [34.98745237963254, 57.83181887947242], [34.914005532817285, 57.87212063704882], [34.8403940525476, 57.91237989680635], [34.76661748666781, 57.952596496933715], [34.6926753825463, 57.99277027498095], [34.61856728708642, 58.03290106785755], [34.544292746737696, 58.07298871183069], [34.46985130750711, 58.11303304252335], [34.395242514970576, 58.15303389491246], [34.32046591428457, 58.19299110332714], [34.245521050198036, 58.23290450144686], [34.17040746706424, 58.27277392229963], [34.095124708853085, 58.31259919826019], [34.01967231916337, 58.35238016104829], [33.94404984123533, 58.39211664172686], [33.86825681796339, 58.43180847070021], [33.792292791908984, 58.47145547771238], [33.716157305313686, 58.51105749184529], [33.63984990011244, 58.550614341517054], [33.56337011794702, 58.59012585448021], [33.486717500179594, 58.62959185782012], [33.40989158790669, 58.66901217795305], [33.33289192197306, 58.70838664062474], [33.25571804298598, 58.74771507090848], [33.17836949132965, 58.78699729320361], [33.10084580717966, 58.82623313123379], [33.02314653051803, 58.86542240804535], [32.94527120114795, 58.904564946005685], [32.86721935870919, 58.943660566801604], [32.788990542693334, 58.98270909143775], [32.710584292459515, 59.021710340234996], [32.63200014725011, 59.060664132828876], [32.55323764620686, 59.099570288168], [32.47429632838705, 59.13842862451254], [32.39517573277993, 59.17723895943262], [32.315875398323435, 59.21600110980689], [32.236394863920964, 59.25471489182097], [32.15673366845855, 59.293380120965956], [32.0768913508221, 59.33199661203698], [31.99686744991494, 59.370564179131705], [31.916661504675584, 59.40908263564894], [31.83627305409562, 59.44755179428721], [31.755701637237994, 59.4859714670433], [31.67494679325537, 59.52434146521092], [31.59400806140877, 59.56266159937933], [31.512884981086483, 59.60093167943197], [31.431577091823147, 59.63915151454516], [31.350083933319087, 59.67732091318678], [31.26840504545989, 59.71543968311492], [31.1865399683362, 59.7535076313767], [31.104488242263795, 59.79152456430703], [31.022249407803834, 59.82949028752722], [30.939823005783424, 59.86740460594397], [30.857208577316324, 59.90526732374806], [30.774405663824048, 59.94307824441327], [30.691413807057035, 59.98083717069512], [30.608232549116213, 60.01854390462987], [30.52486143247474, 60.056198247533366], [30.4413, 60.09380000000001]]}, "properties": {"fa_flight_id": "RA65689-1555655456-adhoc-0", "registration": "RA-65689", "ident": "RA-65689", "ident_icao": NaN, "origin_code": "L 56.10282 37.92946", "origin_city": "Moscow", "destination_code": "L 60.09380 30.44130", "destination_city": "Saint Petersburg", "scheduled_out": NaN, "estimated_out": NaN, "actual_out": NaN, "scheduled_off": "2019-04-19T06:30:56Z", "estimated_off": "2019-04-19T06:30:56Z", "actual_off": "2019-04-19T06:30:56Z", "scheduled_on": NaN, "estimated_on": NaN, "actual_on": "2019-04-19T06:30:56Z", "scheduled_in": NaN, "estimated_in": NaN, "actual_in": NaN, "status": "result unknown", "route_distance": NaN, "diverted": false, "cancelled": false, "simplified_departure_date": "2019-04-19", "origin_coords": [56.10282, 37.92946], "destination_coords": [60.0938, 30.4413], "is_same_city": false}}, {"type": "Feature", "geometry": {"type": "LineString", "coordinates": [[41.76191, 48.38818], [41.729684084360755, 48.4641591540146], [41.69736154666032, 48.540129284525655], [41.664941849126144, 48.61609034022984], [41.63242445025687, 48.692042269457176], [41.599808804790285, 48.76798502016764], [41.56709436367092, 48.84391853994788], [41.534280574017416, 48.91984277600793], [41.501366879089495, 48.99575767517778], [41.46835271825462, 49.07166318390395], [41.43523752695433, 49.14755924824608], [41.40202073667022, 49.22344581387342], [41.36870177488957, 49.2993228260613], [41.33528006507071, 49.37519022968759], [41.30175502660787, 49.451047969229094], [41.26812607479591, 49.52689598875789], [41.234392620794424, 49.60273423193769], [41.20055407159172, 49.67856264202009], [41.16660982996828, 49.75438116184085], [41.13255929445996, 49.83018973381604], [41.0984018593207, 49.90598829993833], [41.06413691448494, 49.98177680177292], [41.02976384552966, 50.0575551804538], [40.995282033635924, 50.1333233766797], [40.96069085555024, 50.20908133071011], [40.92598968354525, 50.28482898236121], [40.891177885380294, 50.36056627100184], [40.856254824261356, 50.43629313554926], [40.821219858800745, 50.51200951446509], [40.78607234297624, 50.587715345751], [40.750811626089934, 50.66341056694448], [40.71543705272656, 50.739095115114495], [40.679947962711495, 50.81476892685716], [40.64434369106815, 50.890431938291286], [40.608623567975165, 50.96608408505394], [40.572786918722905, 51.04172530229594], [40.536833063669725, 51.11735552467729], [40.50076131819763, 51.192974686362575], [40.4645709926676, 51.26858272101627], [40.4282613923743, 51.34417956179809], [40.39183181750047, 51.41976514135817], [40.35528156307072, 51.49533939183229], [40.318609918904976, 51.57090224483696], [40.28181616957126, 51.646453631464574], [40.24489959433819, 51.72199348227833], [40.207859467126774, 51.79752172730728], [40.17069505646184, 51.87303829604121], [40.133405625422924, 51.94854311742548], [40.09599043159462, 52.02403611985585], [40.05844872701642, 52.099517231173195], [40.02077975813202, 52.17498637865819], [39.98298276573814, 52.25044348902595], [39.9450569849327, 52.32588848842053], [39.907001645062536, 52.40132130240951], [39.8688159696706, 52.476741855978354], [39.83049917644243, 52.552150073524814], [39.79205047715228, 52.62754587885324], [39.753469077608464, 52.702929195168835], [39.714754177598294, 52.77829994507177], [39.675904970832306, 52.85365805055142], [39.63692064488798, 52.929003432980274], [39.59780038115279, 53.004336013108], [39.55854335476673, 53.07965571105531], [39.5191487345641, 53.154962446307856], [39.47961568301485, 53.23025613770994], [39.439943356165074, 53.30553670345819], [39.40013090357712, 53.3808040610953], [39.360177468268795, 53.45605812750343], [39.3200821866521, 53.531298818897845], [39.2798441884713, 53.60652605082015], [39.23946259674018, 53.68173973813175], [39.19893652767881, 53.75693979500702], [39.15826509064951, 53.83212613492651], [39.11744738809212, 53.90729867067001], [39.07648251545868, 53.982457314309585], [39.03536956114726, 54.05760197720251], [38.9941076064352, 54.13273256998404], [38.952695725411516, 54.207849002560316], [38.91113298490866, 54.28295118410087], [38.8694184444335, 54.35803902303137], [38.827551156097535, 54.43311242702601], [38.78553016454639, 54.508171303], [38.743354506888494, 54.58321555710186], [38.701023212623035, 54.65824509470566], [38.65853530356708, 54.73325982040317], [38.61588979378192, 54.8082596379959], [38.57308568949859, 54.88324445048709], [38.530121989042655, 54.95821416007352], [38.48699768275801, 55.033168668137314], [38.44371175292999, 55.108107875237614], [38.4002631737076, 55.18303168110209], [38.35665091102482, 55.25793998461845], [38.31287392252117, 55.33283268382588], [38.268931157461225, 55.40770967590612], [38.22482155665344, 55.48257085717478], [38.18054405236792, 55.55741612307233], [38.13609756825338, 55.63224536815504], [38.09148101925313, 55.70705848608585], [38.04669331152014, 55.78185536962503], [38.00173334233118, 55.85663591062084], [37.9566, 55.9314]]}, "properties": {"fa_flight_id": "RA65689-1555852950-adhoc-0", "registration": "RA-65689", "ident": "RA-65689", "ident_icao": NaN, "origin_code": "L 48.38818 41.76191", "origin_city": "Volgograd", "destination_code": "L 55.93140 37.95660", "destination_city": "Moscow", "scheduled_out": NaN, "estimated_out": NaN, "actual_out": NaN, "scheduled_off": "2019-04-21T13:22:30Z", "estimated_off": "2019-04-21T13:22:30Z", "actual_off": "2019-04-21T13:22:30Z", "scheduled_on": NaN, "estimated_on": NaN, "actual_on": "2019-04-21T13:22:30Z", "scheduled_in": NaN, "estimated_in": NaN, "actual_in": NaN, "status": "result unknown", "route_distance": NaN, "diverted": false, "cancelled": false, "simplified_departure_date": "2019-04-21", "origin_coords": [48.38818, 41.76191], "destination_coords": [55.9314, 37.9566], "is_same_city": false}}, {"type": "Feature", "geometry": {"type": "LineString", "coordinates": [[38.203239999999994, 55.79985], [38.20508156874532, 55.70923457466307], [38.20691461513041, 55.61861912190222], [38.20873920728197, 55.52800364193668], [38.21055541261558, 55.4373881349834], [38.212363297844995, 55.34677260125704], [38.214162928991335, 55.25615704097008], [38.21595437139209, 55.16554145433277], [38.21773768970998, 55.074925841553174], [38.21951294794172, 54.984310202837264], [38.2212802094266, 54.89369453838885], [38.22303953685497, 54.80307884840967], [38.22479099227654, 54.7124631330994], [38.226534637108685, 54.62184739265567], [38.22827053214439, 54.53123162727412], [38.22999873756036, 54.44061583714841], [38.23171931292474, 54.3500000224702], [38.23343231720491, 54.25938418342927], [38.235137808775065, 54.16876832021346], [38.23683584542369, 54.078152433008725], [38.23852648436097, 53.987536521999175], [38.240209782226, 53.89692058736707], [38.24188579509403, 53.806304629292846], [38.24355457848339, 53.71568864795518], [38.245216187362566, 53.625072643530956], [38.24687067615693, 53.53445661619531], [38.248518098755554, 53.44384056612164], [38.25015850851781, 53.35322449348167], [38.2517919582799, 53.26260839844541], [38.253418500361356, 53.17199228118124], [38.255038186571305, 53.08137614185589], [38.256651068214815, 52.99075998063443], [38.25825719609898, 52.90014379768036], [38.259856620539054, 52.80952759315559], [38.26144939136438, 52.71891136722049], [38.26303555792436, 52.628295120033854], [38.264615169094185, 52.53767885175295], [38.26618827328062, 52.44706256253356], [38.26775491842765, 52.356446252529956], [38.26931515202201, 52.26582992189495], [38.27086902109869, 52.1752135707799], [38.27241657224635, 52.08459719933473], [38.273957851612636, 51.99398080770794], [38.27549290490942, 51.903364396046626], [38.27702177741803, 51.81274796449649], [38.27854451399427, 51.72213151320187], [38.28006115907354, 51.63151504230581], [38.281571756675724, 51.54089855194991], [38.28307635041014, 51.45028204227451], [38.28457498348034, 51.35966551341864], [38.28606769868884, 51.269048965520035], [38.28755453844183, 51.17843239871517], [38.28903554475382, 51.08781581313924], [38.29051075925216, 50.99719920892616], [38.29198022318155, 50.90658258620872], [38.29344397740845, 50.815965945118364], [38.29490206242553, 50.72534928578545], [38.296354518355884, 50.634732608339036], [38.297801384957324, 50.544115912907095], [38.29924270162657, 50.45349919961639], [38.300678507403404, 50.36288246859256], [38.302108840974725, 50.27226571996008], [38.303533740678574, 50.181648953842334], [38.30495324450812, 50.091032170361565], [38.30636739011557, 50.000415369638944], [38.30777621481599, 49.90979855179456], [38.30917975559118, 49.819181716947384], [38.31057804909341, 49.7285648652154], [38.311971131649074, 49.63794799671547], [38.313359039262465, 49.54733111156347], [38.31474180761923, 49.456714209874235], [38.316119472090065, 49.366097291761584], [38.31749206773417, 49.27548035733832], [38.31885962930271, 49.18486340671627], [38.32022219124226, 49.09424644000631], [38.32157978769814, 49.003629457318276], [38.322932452517804, 48.913012458761116], [38.32428021925407, 48.822395444442776], [38.3256231211684, 48.73177841447031], [38.32696119123409, 48.641161368949824], [38.32829446213941, 48.550544307986485], [38.32962296629076, 48.459927231684595], [38.330946735815715, 48.36931014014751], [38.33226580256607, 48.27869303347776], [38.33358019812084, 48.188075911776934], [38.3348899537892, 48.09745877514579], [38.336195100613466, 48.006841623684245], [38.33749566937189, 47.916224457491296], [38.33879169058158, 47.825607276665174], [38.34008319450125, 47.73499008130324], [38.34137021113403, 47.64437287150204], [38.3426527702302, 47.55375564735731], [38.343930901289895, 47.46313840896398], [38.34520463356575, 47.37252115641616], [38.346473996065534, 47.28190388980724], [38.347739017554794, 47.191286609229735], [38.34899972655938, 47.100669314775466], [38.350256151367965, 47.01005200653545], [38.35150832003465, 46.91943468459998], [38.35275626038128, 46.82881734905856], [38.354000000000006, 46.7382]]}, "properties": {"fa_flight_id": "RA65689-1555827256-adhoc-0", "registration": "RA-65689", "ident": "RA-65689", "ident_icao": NaN, "origin_code": "L 55.79985 38.20324", "origin_city": "Moscow", "destination_code": "L 46.73820 38.35400", "destination_city": "Krasnodar Krai", "scheduled_out": NaN, "estimated_out": NaN, "actual_out": NaN, "scheduled_off": "2019-04-21T06:14:16Z", "estimated_off": "2019-04-21T06:14:16Z", "actual_off": "2019-04-21T06:14:16Z", "scheduled_on": NaN, "estimated_on": NaN, "actual_on": "2019-04-21T06:14:16Z", "scheduled_in": NaN, "estimated_in": NaN, "actual_in": NaN, "status": "result unknown", "route_distance": NaN, "diverted": false, "cancelled": false, "simplified_departure_date": "2019-04-21", "origin_coords": [55.79985, 38.20324], "destination_coords": [46.7382, 38.354], "is_same_city": false}}, {"type": "Feature", "geometry": {"type": "LineString", "coordinates": [[37.88065, 58.30627], [37.88302818769282, 58.281689326727786], [37.88540307610094, 58.257108609370874], [37.88777467295181, 58.232527848032575], [37.89014298594909, 58.2079470428159], [37.89250802277275, 58.18336619382356], [37.89486979107914, 58.15878530115792], [37.89722829850109, 58.13420436492107], [37.89958355264806, 58.10962338521474], [37.90193556110612, 58.085042362140356], [37.904284331438134, 58.0604612957991], [37.90662987118379, 58.035880186291735], [37.90897218785971, 58.0112990337188], [37.91131128895956, 57.986717838180496], [37.913647181954104, 57.96213659977671], [37.91597987429131, 57.93755531860705], [37.91830937339646, 57.912973994770795], [37.920635686672135, 57.888392628366915], [37.92295882149846, 57.8638112194941], [37.92527878523304, 57.83922976825077], [37.92759558521115, 57.81464827473496], [37.929909228745785, 57.79006673904445], [37.932219723127716, 57.76548516127677], [37.9345270756256, 57.740903541529086], [37.93683129348611, 57.716321879898295], [37.93913238393391, 57.691740176481], [37.941430354171835, 57.66715843137351], [37.943725211380944, 57.642576644671884], [37.94601696272057, 57.61799481647178], [37.94830561532846, 57.59341294686868], [37.950591176320806, 57.56883103595774], [37.95287365279237, 57.5442490838338], [37.95515305181654, 57.519667090591454], [37.95742938044538, 57.49508505632498], [37.959702645709775, 57.47050298112841], [37.96197285461948, 57.44592086509545], [37.96424001416319, 57.42133870831957], [37.966504131308625, 57.39675651089389], [37.96876521300261, 57.37217427291134], [37.97102326617119, 57.34759199446449], [37.97327829771961, 57.32300967564571], [37.97553031453252, 57.298427316547], [37.97777932347396, 57.27384491726018], [37.980025331387466, 57.24926247787671], [37.982268345096145, 57.22467999848787], [37.984508371402754, 57.200097479184564], [37.98674541708982, 57.17551492005752], [37.98897948891959, 57.150932321197125], [37.99121059363424, 57.126349682693544], [37.9934387379559, 57.101767004636635], [37.9956639285867, 57.07718428711603], [37.9978861722089, 57.05260153022104], [38.000105475484915, 57.02801873404078], [38.00232184505741, 57.00343589866404], [38.00453528754939, 56.978853024179365], [38.00674580956423, 56.95427011067506], [38.00895341768579, 56.92968715823915], [38.01115811847847, 56.9051041669594], [38.01335991848727, 56.880521136923306], [38.015558824237885, 56.85593806821812], [38.01775484223677, 56.83135496093084], [38.019947978971196, 56.80677181514821], [38.02213824090934, 56.78218863095668], [38.02432563450035, 56.75760540844251], [38.02651016617438, 56.73302214769163], [38.02869184234275, 56.70843884878978], [38.03087066939791, 56.68385551182243], [38.03304665371358, 56.65927213687479], [38.03521980164481, 56.63468872403181], [38.037390119527984, 56.61010527337823], [38.039557613681, 56.585521784998505], [38.041722290403214, 56.56093825897684], [38.04388415597564, 56.536354695397236], [38.046043216660905, 56.5117710943434], [38.04819947870337, 56.487187455898834], [38.05035294832917, 56.46260378014676], [38.052503631746355, 56.43802006717019], [38.05465153514482, 56.41343631705188], [38.05679666469651, 56.388852529874335], [38.0589390265554, 56.36426870571982], [38.06107862685758, 56.339684844670394], [38.06321547172136, 56.31510094680784], [38.06534956724724, 56.29051701221371], [38.0674809195181, 56.26593304096934], [38.06960953459916, 56.24134903315582], [38.071735418538104, 56.21676498885398], [38.07385857736512, 56.19218090814446], [38.07597901709294, 56.16759679110763], [38.07809674371699, 56.14301263782366], [38.08021176321532, 56.11842844837245], [38.0823240815488, 56.093844222833695], [38.08443370466108, 56.06925996128688], [38.08654063847874, 56.0446756638112], [38.088644888911254, 56.02009133048566], [38.09074646185114, 55.99550696138907], [38.09284536317398, 55.97092255659995], [38.09494159873846, 55.946338116196635], [38.09703517438649, 55.92175364025722], [38.09912609594322, 55.897169128859574], [38.10121436921711, 55.872584582081366], [38.1033, 55.848]]}, "properties": {"fa_flight_id": "RA65689-1560536514-adhoc-0", "registration": "RA-65689", "ident": "RA-65689", "ident_icao": NaN, "origin_code": "L 58.30627 37.88065", "origin_city": "Cherepovetsky District", "destination_code": "L 55.84800 38.10330", "destination_city": "Moscow", "scheduled_out": NaN, "estimated_out": NaN, "actual_out": NaN, "scheduled_off": "2019-06-14T18:21:54Z", "estimated_off": "2019-06-14T18:21:54Z", "actual_off": "2019-06-14T18:21:54Z", "scheduled_on": NaN, "estimated_on": NaN, "actual_on": "2019-06-14T18:21:54Z", "scheduled_in": NaN, "estimated_in": NaN, "actual_in": NaN, "status": "result unknown", "route_distance": NaN, "diverted": false, "cancelled": false, "simplified_departure_date": "2019-06-14", "origin_coords": [58.30627, 37.88065], "destination_coords": [55.848, 38.1033], "is_same_city": false}}, {"type": "Feature", "geometry": {"type": "LineString", "coordinates": [[31.587800000000005, 60.19066], [31.637174284524242, 60.19157625054753], [31.68655129792242, 60.19247414780269], [31.735930985220747, 60.193353690094476], [31.785313291425545, 60.19421487578584], [31.83469816152368, 60.195057703273754], [31.884085540482936, 60.19588217098915], [31.933475373252435, 60.19668827739695], [31.982867604763054, 60.19747602099616], [32.03226217992784, 60.19824540031976], [32.08165904364236, 60.198996413934836], [32.13105814078517, 60.19972906044247], [32.18045941621822, 60.20044333847789], [32.22986281478721, 60.201139246710355], [32.27926828132206, 60.20181678384328], [32.32867576063727, 60.20247594861412], [32.37808519753235, 60.203116739794524], [32.427496536792255, 60.203739156190274], [32.47690972318773, 60.20434319664123], [32.52632470147579, 60.20492886002148], [32.57574141640008, 60.205496145239245], [32.6251598126913, 60.20604505123695], [32.674579835067625, 60.206575576991185], [32.72400142823513, 60.20708772151273], [32.77342453688813, 60.2075814838466], [32.822849105709686, 60.20805686307201], [32.87227507937196, 60.208513858302396], [32.921702402536624, 60.20895246868543], [32.97113101985531, 60.20937269340303], [33.020560875969956, 60.20977453167136], [33.06999191551332, 60.21015798274082], [33.11942408310927, 60.2105230458961], [33.16885732337332, 60.210869720456145], [33.21829158091292, 60.21119800577416], [33.26772680032797, 60.21150790123765], [33.31716292621117, 60.2117994062684], [33.36659990314848, 60.21207252032251], [33.41603767571949, 60.21232724289031], [33.46547618849787, 60.21256357349652], [33.51491538605174, 60.21278151170009], [33.56435521294411, 60.212981057094325], [33.61379561373333, 60.21316220930684], [33.66323653297343, 60.21332496799954], [33.71267791521457, 60.21346933286866], [33.76211970500349, 60.213595303644794], [33.81156184688383, 60.213702880092804], [33.861004285396675, 60.21379206201194], [33.910446965080816, 60.21386284923571], [33.959889830473294, 60.21391524163202], [34.00933282610975, 60.213949239103066], [34.058775896524864, 60.21396484158541], [34.10821898625272, 60.21396204904992], [34.15766203982732, 60.21394086150182], [34.207105001782885, 60.21390127898062], [34.25654781665434, 60.213843301560246], [34.305990428977694, 60.213766929348886], [34.35543278329049, 60.213672162489075], [34.40487482413217, 60.21355900115772], [34.45431649604455, 60.213427445566], [34.50375774357217, 60.21327749595945], [34.55319851126276, 60.21310915261794], [34.60263874366761, 60.21292241585563], [34.65207838534202, 60.212717286021025], [34.70151738084572, 60.21249376349695], [34.7509556747432, 60.212251848700525], [34.80039321160426, 60.21199154208317], [34.8498299360043, 60.21171284413063], [34.899265792524815, 60.21141575536298], [34.94870072575374, 60.2111002763345], [34.998134680285936, 60.21076640763384], [35.04756760072355, 60.21041414988391], [35.09699943167645, 60.210043503741915], [35.14643011776263, 60.20965446989927], [35.19585960360862, 60.20924704908176], [35.2452878338499, 60.208821242049325], [35.29471475313133, 60.20837704959621], [35.34414030610753, 60.20791447255093], [35.393564437443345, 60.207433511776166], [35.442987091814175, 60.2069341681689], [35.492408213906444, 60.2064164426603], [35.54182774841803, 60.20588033621574], [35.59124564005861, 60.20532584983482], [35.640661833550126, 60.20475298455131], [35.69007627362716, 60.20416174143319], [35.7394889050374, 60.20355212158262], [35.78889967254195, 60.202924126135876], [35.83830852091586, 60.20227775626344], [35.887715394948415, 60.201613013169926], [35.93712023944368, 60.20092989809406], [35.98652299922077, 60.2002284123087], [36.03592361911436, 60.19950855712083], [36.08532204397504, 60.19877033387149], [36.134718218669754, 60.19801374393588], [36.18411208808217, 60.197238788723176], [36.23350359711315, 60.19644546967668], [36.282892690681095, 60.195633788273724], [36.33227931372237, 60.19480374602567], [36.38166341119172, 60.1939553444779], [36.4310449280627, 60.19308858520978], [36.48042380932802, 60.192203469834695], [36.52980000000001, 60.1913]]}, "properties": {"fa_flight_id": "RA65689-1560518379-adhoc-0", "registration": "RA-65689", "ident": "RA-65689", "ident_icao": NaN, "origin_code": "L 60.19066 31.58780", "origin_city": "Saint Petersburg", "destination_code": "L 60.19130 36.52980", "destination_city": "Cherepovetsky District", "scheduled_out": NaN, "estimated_out": NaN, "actual_out": NaN, "scheduled_off": "2019-06-14T13:19:39Z", "estimated_off": "2019-06-14T13:19:39Z", "actual_off": "2019-06-14T13:19:39Z", "scheduled_on": NaN, "estimated_on": NaN, "actual_on": "2019-06-14T13:19:39Z", "scheduled_in": NaN, "estimated_in": NaN, "actual_in": NaN, "status": "result unknown", "route_distance": NaN, "diverted": false, "cancelled": false, "simplified_departure_date": "2019-06-14", "origin_coords": [60.19066, 31.5878], "destination_coords": [60.1913, 36.5298], "is_same_city": false}}, {"type": "Feature", "geometry": {"type": "LineString", "coordinates": [[38.22004, 55.95594], [38.15003802417865, 55.99822596740494], [38.07988277433586, 56.04047219784062], [38.00957381510554, 56.08267854086482], [37.93911071043991, 56.12484484543117], [37.868493023616814, 56.166970959887266], [37.79772031724731, 56.20905673197257], [37.72679215328335, 56.251102008816524], [37.65570809302554, 56.29310663693652], [37.58446769713112, 56.33507046223593], [37.513070525622034, 56.37699333000214], [37.441516137893124, 56.41887508490455], [37.36980409272049, 56.46071557099263], [37.29793394826997, 56.50251463169399], [37.2259052621058, 56.54427210981235], [37.15371759119934, 56.58598784752562], [37.08137049193803, 56.62766168638395], [37.00886352013446, 56.66929346730781], [36.93619623103554, 56.71088303058598], [36.863368179331886, 56.752430215873694], [36.790378919167324, 56.793934862190646], [36.71722800414855, 56.83539680791908], [36.64391498735495, 56.876815890801915], [36.57043942134851, 56.91819194794076], [36.49680085818406, 56.959524815794055], [36.42299884941941, 57.00081433017516], [36.34903294612588, 57.042060326250436], [36.27490269889888, 57.08326263853743], [36.200607657868616, 57.12442110090285], [36.12614737271111, 57.16553554656086], [36.05152139265921, 57.20660580807112], [35.97672926651383, 57.24763171733689], [35.90177054265544, 57.28861310560329], [35.82664476905562, 57.329549803455386], [35.751351493288794, 57.370441640816345], [35.675890262544186, 57.411288446945655], [35.60026062363795, 57.452090050437235], [35.52446212302539, 57.49284627921776], [35.448494306813465, 57.5335569605447], [35.37235672077342, 57.57422192100467], [35.29604891035356, 57.61484098651156], [35.21957042069234, 57.65541398230478], [35.14292079663144, 57.69594073294755], [35.06609958272915, 57.736421062325135], [34.989106323274015, 57.776854793643075], [34.91194056229845, 57.81724174942543], [34.83460184359272, 57.857581751513216], [34.75708971071912, 57.89787462106254], [34.67940370702616, 57.93812017854299], [34.60154337566318, 57.97831824373594], [34.523508259595005, 58.0184686357329], [34.44529790161683, 58.05857117293382], [34.36691184436939, 58.09862567304551], [34.28834963035415, 58.138631953079994], [34.2096108019489, 58.1785898293529], [34.130694901423425, 58.21849911748183], [34.051601470955404, 58.25835963238482], [33.972330052646555, 58.29817118827877], [33.892880188538946, 58.33793359867787], [33.81325142063154, 58.37764667639211], [33.7334432908969, 58.417310233525704], [33.65345534129826, 58.45692408147558], [33.57328711380659, 58.49648803092998], [33.492938150418034, 58.536001891866896], [33.41240799317155, 58.575465473552654], [33.3316961841667, 58.6148785845405], [33.25080226558176, 58.654241032669134], [33.16972577969193, 58.69355262506137], [33.08846626888789, 58.732813168122696], [33.00702327569454, 58.77202246753995], [32.92539634278991, 58.81118032827997], [32.84358501302437, 58.850286554588266], [32.761588829440086, 58.889340949987684], [32.67940733529064, 58.92834331727726], [32.597040074060935, 58.96729345853079], [32.51448658948728, 59.006191175095665], [32.43174642557781, 59.04503626759168], [32.3488191266331, 59.083828535909774], [32.26570423726692, 59.12256777921092], [32.182401302427394, 59.16125379592498], [32.09890986741835, 59.19988638374949], [32.01522947792084, 59.238465339648634], [31.931359680015007, 59.276990459852186], [31.847300020202116, 59.31546153985437], [31.763050045426947, 59.353878374412886], [31.67860930310031, 59.392240757547945], [31.593977341121914, 59.4305484825412], [31.50915370790343, 59.46880134193484], [31.424137952391863, 59.50699912753071], [31.338929624093115, 59.54514163038933], [31.25352827309591, 59.58322864082911], [31.16793345009581, 59.62125994842541], [31.082144706419747, 59.65923534200984], [30.996161594050545, 59.697154609669425], [30.90998366565191, 59.73501753874577], [30.823610474593565, 59.7728239158345], [30.737041574976757, 59.81057352678443], [30.650276521659936, 59.848266156696965], [30.56331487028477, 59.88590158992549], [30.47615617730241, 59.92347961007465], [30.388800000000003, 59.961]]}, "properties": {"fa_flight_id": "RA65689-1560433775-adhoc-0", "registration": "RA-65689", "ident": "RA-65689", "ident_icao": NaN, "origin_code": "L 55.95594 38.22004", "origin_city": "Moscow", "destination_code": "L 59.96100 30.38880", "destination_city": "Saint Petersburg", "scheduled_out": NaN, "estimated_out": NaN, "actual_out": NaN, "scheduled_off": "2019-06-13T13:49:35Z", "estimated_off": "2019-06-13T13:49:35Z", "actual_off": "2019-06-13T13:49:35Z", "scheduled_on": NaN, "estimated_on": NaN, "actual_on": "2019-06-13T13:49:35Z", "scheduled_in": NaN, "estimated_in": NaN, "actual_in": NaN, "status": "result unknown", "route_distance": NaN, "diverted": false, "cancelled": false, "simplified_departure_date": "2019-06-13", "origin_coords": [55.95594, 38.22004], "destination_coords": [59.961, 30.3888], "is_same_city": false}}, {"type": "Feature", "geometry": {"type": "LineString", "coordinates": [[33.451130000000006, 44.743], [33.487019445721224, 44.8555447831447], [33.52304944372431, 44.96807828203502], [33.55922108661879, 45.08060040780581], [33.59553547747737, 45.19311107072472], [33.63199372996264, 45.30561018018146], [33.66859696845566, 45.41809764467692], [33.70534632818637, 45.53057337181204], [33.7422429553658, 45.64303726827662], [33.779288007320254, 45.75548923983797], [33.81648265262736, 45.86792919132925], [33.8538280712541, 45.98035702663784], [33.89132545469681, 46.09277264869338], [33.92897600612324, 46.205175959455694], [33.96678094051655, 46.3175668599025], [34.004741484821615, 46.429945250017035], [34.042858878093156, 46.54231102877536], [34.08113437164634, 46.654664094133615], [34.11956922920929, 46.76700434301484], [34.158164727078024, 46.87933167129599], [34.19692215427358, 46.991645973794355], [34.235842812701456, 47.103947144254015], [34.27492801731339, 47.21623507533197], [34.31417909627151, 47.328509658584224], [34.353597391114974, 47.44077078445139], [34.39318425692899, 47.55301834224435], [34.43294106251635, 47.66525222012952], [34.47286919057162, 47.7774723051139], [34.51297003785781, 47.88967848303008], [34.55324501538566, 48.00187063852068], [34.59369554859577, 48.11404865502286], [34.63432307754325, 48.22621241475246], [34.675129057085314, 48.33836179868788], [34.71611495707157, 48.450496686553706], [34.75728226253731, 48.56261695680417], [34.79863247389959, 48.67472248660623], [34.84016710715636, 48.78681315182249], [34.8818876940886, 48.89888882699377], [34.923795782465504, 49.01094938532142], [34.96589293625287, 49.12299469864942], [35.00818073582454, 49.23502463744611], [35.050660778177225, 49.34703907078568], [35.09333467714853, 49.45903786632933], [35.13620406363834, 49.57102089030619], [35.179270585833656, 49.68298800749387], [35.2225359094369, 49.79493908119871], [35.26600171789766, 49.90687397323575], [35.30966971264823, 50.018792543908354], [35.35354161334255, 50.1306946519875], [35.397619158099104, 50.24258015469073], [35.441904103747454, 50.35444890766079], [35.48639822607869, 50.46630076494389], [35.53110332009984, 50.57813557896762], [35.57602120029216, 50.68995320051849], [35.62115370087364, 50.80175347871916], [35.66650267606556, 50.91353626100523], [35.71207000036327, 51.025301393101635], [35.75785756881126, 51.1370487189988], [35.80386729728259, 51.24877808092813], [35.85010112276289, 51.360489319337404], [35.89656100363865, 51.472182272865496], [35.94324891999033, 51.58385677831686], [35.99016687389006, 51.69551267063545], [36.03731688970415, 51.80714978287838], [36.08470101440049, 51.918767946188886], [36.13232131786079, 52.03036698976907], [36.18017989319809, 52.1419467408521], [36.2282788570791, 52.25350702467385], [36.27662035005208, 52.36504766444424], [36.32520653687986, 52.47656848131795], [36.374039606878306, 52.58806929436463], [36.4231217742604, 52.6995499205387], [36.47245527848587, 52.8110101746486], [36.52204238461654, 52.92244986932541], [36.57188538367764, 53.03386881499109], [36.62198659302489, 53.14526681982605], [36.67234835671783, 53.25664368973621], [36.72297304589916, 53.3679992283195], [36.773863059180435, 53.47933323683171], [36.82502082303425, 53.59064551415188], [36.87644879219278, 53.70193585674692], [36.92814945005311, 53.81320405863571], [36.98012530908928, 53.92444991135256], [37.03237891127123, 54.03567320391004], [37.084912828490815, 54.14687372276105], [37.13772966299497, 54.25805125176042], [37.1908320478261, 54.36920557212559], [37.244222647270064, 54.48033646239675], [37.29790415731162, 54.59144369839628], [37.35187930609763, 54.702527053187346], [37.40615085440816, 54.81358629703185], [37.46072159613558, 54.92462119734758], [37.51559435877185, 55.03563151866463], [37.57077200390415, 55.14661702258098], [37.626257427719025, 55.25757746771733], [37.682053561515104, 55.36851260967104], [37.7381633722248, 55.47942220096933], [37.7945898629448, 55.5903059910215], [37.85133607347596, 55.70116372607045], [37.90840508087236, 55.81199514914308], [37.965799999999994, 55.9228]]}, "properties": {"fa_flight_id": "RA65689-1560352434-adhoc-0", "registration": "RA-65689", "ident": "RA-65689", "ident_icao": NaN, "origin_code": "L 44.74300 33.45113", "origin_city": "Simferopol", "destination_code": "L 55.92280 37.96580", "destination_city": "Moscow", "scheduled_out": NaN, "estimated_out": NaN, "actual_out": NaN, "scheduled_off": "2019-06-12T15:13:54Z", "estimated_off": "2019-06-12T15:13:54Z", "actual_off": "2019-06-12T15:13:54Z", "scheduled_on": NaN, "estimated_on": NaN, "actual_on": "2019-06-12T15:13:54Z", "scheduled_in": NaN, "estimated_in": NaN, "actual_in": NaN, "status": "result unknown", "route_distance": NaN, "diverted": false, "cancelled": false, "simplified_departure_date": "2019-06-12", "origin_coords": [44.743, 33.45113], "destination_coords": [55.9228, 37.9658], "is_same_city": false}}, {"type": "Feature", "geometry": {"type": "LineString", "coordinates": [[38.01506, 55.98923], [37.961153726865305, 55.87835456155681], [37.90755450792182, 55.76745570501552], [37.85425939258852, 55.656533660281156], [37.80126546643126, 55.5455886543592], [37.74856985062157, 55.434620911400664], [37.6961697014049, 55.3236306527463], [37.644062209578095, 55.21261809697001], [37.592244599975864, 55.101583459921535], [37.5407141309662, 54.990526954768264], [37.4894680939544, 54.87944879203634], [37.43850381289569, 54.768349179651075], [37.38781864381617, 54.657228322976586], [37.33740997434193, 54.54608642485464], [37.28727522323633, 54.434923685643035], [37.23741183994498, 54.32374030325307], [37.18781730414864, 54.21253647318643], [37.138489125323524, 54.10131238857145], [37.089424842309256, 53.990068240198724], [37.04062202288393, 53.87880421655605], [36.99207826334642, 53.767520503862755], [36.94379118810575, 53.65621728610355], [36.89575844927722, 53.54489474506156], [36.847977726285464, 53.43355306035099], [36.80044672547399, 53.32219240944913], [36.753163179721334, 53.21081296772779], [36.70612484806349, 53.09941490848424], [36.659329515322746, 52.98799840297157], [36.612774991742484, 52.87656362042856], [36.56645911262819, 52.76511072810903], [36.52037973799424, 52.65363989131068], [36.47453475221659, 52.54215127340342], [36.428922063691104, 52.430645035857246], [36.38353960449751, 52.319121338269674], [36.338385330068775, 52.20758033839257], [36.293457218866045, 52.09602219215872], [36.24875327205859, 51.9844470537078], [36.204271513209235, 51.872855075411955], [36.160009987964635, 51.761246407901034], [36.11596676375074, 51.6496212000872], [36.072139929473096, 51.537979599189356], [36.02852759522186, 51.426321750757026], [35.98512789198176, 51.31464779869383], [35.94193897134655, 51.202957885280696], [35.898959005238005, 51.091252151198546], [35.85618618562951, 50.979530735550675], [35.813618724273965, 50.86779377588477], [35.77125485243602, 50.75604140821454], [35.72909282062854, 50.64427376704101], [35.687130898353296, 50.53249098537342], [35.64536737384557, 50.420693194749894], [35.603800553823085, 50.308880525257635], [35.56242876323849, 50.19705310555288], [35.52125034503607, 50.085211062880546], [35.480263659911984, 49.97335452309346], [35.43946708607845, 49.86148361067139], [35.39885901903144, 49.74959844873971], [35.358437871322096, 49.63769915908777], [35.31820207233156, 49.525785862187], [35.27815006804942, 49.41385867720868], [35.23828032085552, 49.301917722041495], [35.19859130930502, 49.189963113308714], [35.159081527916946, 49.07799496638519], [35.119749486965794, 48.96601339541406], [35.08059371227648, 48.85401851332319], [35.04161274502228, 48.74201043184129], [35.0028051415259, 48.629989261513835], [34.964169473063606, 48.51795511171886], [34.92570432567226, 48.405908090682225], [34.887408299959255, 48.293848305492894], [34.84928001091545, 48.18177586211787], [34.81131808773069, 48.06969086541691], [34.77352117361232, 47.957593419156986], [34.73588792560631, 47.845483626026635], [34.698417014421054, 47.73336158764989], [34.66110712425379, 47.62122740460023], [34.623956952619665, 47.50908117641413], [34.58696521018328, 47.39692300160446], [34.55013062059274, 47.28475297767379], [34.51345192031615, 47.172571201127276], [34.47692785848061, 47.060377767485555], [34.440557196713364, 46.94817277129731], [34.40433870898562, 46.835956306151765], [34.368271181458276, 46.72372846469085], [34.332353412330235, 46.61148933862129], [34.29658421168867, 46.49923901872645], [34.26096240136169, 46.38697759487812], [34.22548681477299, 46.27470515604792], [34.190156296798655, 46.16242179031874], [34.1549697036261, 46.050127584895854], [34.119925902614895, 45.937822626118], [34.08502377215979, 45.82550699946819], [34.05026220155555, 45.71318078958443], [34.01564009086378, 45.60084408027023], [33.98115635078174, 45.48849695450501], [33.9468099025128, 45.37613949445432], [33.91259967763908, 45.26377178147994], [33.87852461799558, 45.15139389614972], [33.84458367554633, 45.039005918247554], [33.81077581226209, 44.9266079267828], [33.777100000000004, 44.8142]]}, "properties": {"fa_flight_id": "RA65689-1560332817-adhoc-0", "registration": "RA-65689", "ident": "RA-65689", "ident_icao": NaN, "origin_code": "L 55.98923 38.01506", "origin_city": "Moscow", "destination_code": "L 44.81420 33.77710", "destination_city": "Simferopol", "scheduled_out": NaN, "estimated_out": NaN, "actual_out": NaN, "scheduled_off": "2019-06-12T09:46:57Z", "estimated_off": "2019-06-12T09:46:57Z", "actual_off": "2019-06-12T09:46:57Z", "scheduled_on": NaN, "estimated_on": NaN, "actual_on": "2019-06-12T09:46:57Z", "scheduled_in": NaN, "estimated_in": NaN, "actual_in": NaN, "status": "result unknown", "route_distance": NaN, "diverted": false, "cancelled": false, "simplified_departure_date": "2019-06-12", "origin_coords": [55.98923, 38.01506], "destination_coords": [44.8142, 33.7771], "is_same_city": false}}, {"type": "Feature", "geometry": {"type": "LineString", "coordinates": [[44.60824, 52.63826], [44.548182634275044, 52.67206070358379], [44.488032315833586, 52.705831006147996], [44.427788870888676, 52.73957082338451], [44.36745212565775, 52.77328007075797], [44.307021906366096, 52.806958663505384], [44.24649803925029, 52.84060651663579], [44.18588035056166, 52.87422354492991], [44.125168666569785, 52.90780966293986], [44.06436281356608, 52.9413647849888], [44.00346261786728, 52.97488882517059], [43.942467905819136, 53.00838169734948], [43.881378503799986, 53.041843315159795], [43.82019423822445, 53.07527359200563], [43.75891493554712, 53.10867244106053], [43.697540422266286, 53.14203977526713], [43.63607052492772, 53.17537550733693], [43.574505070128424, 53.208679549749945], [43.51284388452052, 53.24195181475442], [43.451086794815055, 53.27519221436653], [43.38923362778598, 53.30840066037005], [43.327284210273945, 53.34157706431616], [43.2652383691904, 53.37472133752306], [43.20309593152151, 53.40783339107574], [43.14085672433221, 53.44091313582568], [43.078520574770266, 53.47396048239063], [43.01608731007036, 53.506975341154245], [42.953556757558275, 53.539957622265874], [42.89092874465496, 53.57290723564035], [42.82820309888086, 53.60582409095759], [42.76537964786006, 53.63870809766249], [42.70245821932457, 53.67155916496458], [42.6394386411187, 53.7043772018378], [42.5763207412033, 53.7371621170203], [42.51310434766021, 53.769913819014114], [42.44978928869667, 53.802632216084994], [42.386375392649725, 53.83531721626219], [42.322862487990776, 53.86796872733815], [42.25925040333004, 53.90058665686841], [42.195538967421136, 53.933170912171256], [42.13172800916572, 53.9657214003276], [42.067817357618004, 53.99823802818072], [42.00380684198955, 54.0307207023361], [41.93969629165393, 54.06316932916121], [41.87548553615143, 54.09558381478531], [41.81117440519387, 54.12796406509925], [41.74676272866942, 54.16030998575534], [41.68225033664743, 54.19262148216709], [41.61763705938336, 54.224898459509134], [41.5529227273237, 54.25714082271695], [41.48810717111088, 54.289348476486765], [41.42319022158838, 54.32152132527542], [41.35817170980566, 54.35365927330015], [41.29305146702339, 54.38576222453848], [41.22782932471837, 54.41783008272806], [41.162505114588924, 54.449862751366545], [41.097078668559895, 54.48186013371146], [41.03154981878799, 54.51382213278005], [40.96591839766704, 54.5457486513492], [40.900184237833344, 54.57763959195527], [40.834347172170936, 54.60949485689405], [40.768407033817105, 54.641314348220575], [40.7023636561677, 54.673097967749115], [40.636216872882706, 54.70484561705303], [40.56996651789171, 54.73655719746467], [40.50361242539949, 54.76823261007532], [40.43715442989156, 54.79987175573513], [40.37059236613985, 54.831474535053054], [40.30392606920837, 54.86304084839677], [40.23715537445892, 54.89457059589261], [40.17028011755684, 54.92606367742553], [40.10330013447686, 54.9575199926391], [40.036215261508836, 54.9889394409354], [39.969025335263744, 55.020321921475016], [39.90173019267954, 55.05166733317705], [39.8343296710271, 55.08297557471909], [39.7668236079163, 55.11424654453714], [39.699211841302, 55.1454801408257], [39.63149420949014, 55.176676261537715], [39.56367055114391, 55.2078348043846], [39.49574070528984, 55.238955666836304], [39.427704511324094, 55.27003874612122], [39.359561809018686, 55.30108393922635], [39.29131243852779, 55.33209114289725], [39.22295624039403, 55.36306025363812], [39.154493055554966, 55.39399116771181], [39.0859227253494, 55.424883781139975], [39.017245091523904, 55.45573798970304], [38.94845999623935, 55.48655368894031], [38.87956728207738, 55.517330774150125], [38.810566792047105, 55.548069140389806], [38.74145836959162, 55.57876868247589], [38.672241858594816, 55.60942929498415], [38.60291710338799, 55.64005087224978], [38.533483948756675, 55.67063330836744], [38.46394223994742, 55.70117649719145], [38.39429182267465, 55.73168033233588], [38.324532543127575, 55.76214470717472], [38.25466424797709, 55.79256951484209], [38.18468678438279, 55.82295464823227], [38.11460000000001, 55.8533]]}, "properties": {"fa_flight_id": "RA65689-1561116682-adhoc-0", "registration": "RA-65689", "ident": "RA-65689", "ident_icao": NaN, "origin_code": "L 52.63826 44.60824", "origin_city": "Penza", "destination_code": "L 55.85330 38.11460", "destination_city": "Moscow", "scheduled_out": NaN, "estimated_out": NaN, "actual_out": NaN, "scheduled_off": "2019-06-21T11:31:22Z", "estimated_off": "2019-06-21T11:31:22Z", "actual_off": "2019-06-21T11:31:22Z", "scheduled_on": NaN, "estimated_on": NaN, "actual_on": "2019-06-21T11:31:22Z", "scheduled_in": NaN, "estimated_in": NaN, "actual_in": NaN, "status": "result unknown", "route_distance": NaN, "diverted": false, "cancelled": false, "simplified_departure_date": "2019-06-21", "origin_coords": [52.63826, 44.60824], "destination_coords": [55.8533, 38.1146], "is_same_city": false}}, {"type": "Feature", "geometry": {"type": "LineString", "coordinates": [[37.97023000000001, 56.02078], [38.06003753924549, 55.9847334904614], [38.1496776484004, 55.94862182976806], [38.23915056573352, 55.91244522771781], [38.32845653111042, 55.876203893599246], [38.41759578597141, 55.83989803619038], [38.50656857330954, 55.803527863757495], [38.59537513764901, 55.76709358405393], [38.684015725023315, 55.73059540431887], [38.772490582953964, 55.69403353127628], [38.86079996042901, 55.65740817113376], [38.948944107881864, 55.620719529581514], [39.036923277170246, 55.583967811791354], [39.12473772155524, 55.54715322241561], [39.21238769568052, 55.510275965586295], [39.29987345555163, 55.473336244914066], [39.38719525851556, 55.4363342634874], [39.47435336324036, 55.3992702238717], [39.56134802969484, 55.36214432810849], [39.64817951912855, 55.32495677771457], [39.73484809405177, 55.28770777368125], [39.82135401821577, 55.25039751647368], [39.90769755659306, 55.21302620603008], [39.993878975357894, 55.17559404176105], [40.07989854186688, 55.138101222548954], [40.16575652463971, 55.10054794674727], [40.2514531933401, 55.06293441218007], [40.33698881875665, 55.025260816141355], [40.42236367278426, 54.98752735539458], [40.5075780284052, 54.949734226172176], [40.592632159670686, 54.911881624175], [40.67752634168241, 54.87396974457192], [40.762260850574265, 54.83599878199944], [40.846835963494215, 54.797968930561204], [40.93125195858625, 54.75988038382771], [41.01550911497258, 54.72173333483595], [41.09960771273585, 54.68352797608906], [41.18354803290155, 54.645264499556035], [41.267330357420576, 54.606943096671536], [41.350954969151935, 54.56856395833556], [41.43442215184548, 54.530127274913255], [41.51773219012496, 54.491633236234755], [41.60088536947103, 54.453082031594995], [41.6838819762045, 54.41447384975354], [41.76672229746971, 54.37580887893452], [41.849406621218, 54.33708730682653], [41.93193523619132, 54.29830932058251], [42.01430843190605, 54.25947510681973], [42.096526498636855, 54.22058485161979], [42.17858972740065, 54.18163874052856], [42.2604984099409, 54.142636958556274], [42.342252838711765, 54.103579690177476], [42.423853306862654, 54.06446711933118], [42.50530010822266, 54.02529942942088], [42.586593537285324, 53.98607680331471], [42.667733889193435, 53.94679942334557], [42.74872145972394, 53.90746747131118], [42.829556545273086, 53.86808112847439], [42.91023944284154, 53.828640575563256], [42.9907704500198, 53.789145992771324], [43.07114986497361, 53.74959755975782], [43.15137798642958, 53.70999545564787], [43.23145511366083, 53.67033985903283], [43.31138154647296, 53.630630947970516], [43.391157585189866, 53.59086889998558], [43.47078353063997, 53.551053892069696], [43.55025968414237, 53.511186100682096], [43.62958634749316, 53.47126570174973], [43.70876382295195, 53.43129287066778], [43.787792413228445, 53.3912677823], [43.86667242146913, 53.35119061097911], [43.945404151244155, 53.31106153050729], [44.02398790653423, 53.27088071415655], [44.102423991717735, 53.23064833466921], [44.18071271155796, 53.19036456425845], [44.25885437119035, 53.150029574608666], [44.33684927610999, 53.10964353687614], [44.41469773215913, 53.0692066216894], [44.492400045514906, 53.0287189991499], [44.569956522677096, 52.988180838832506], [44.647367470456054, 52.94759230978607], [44.724633195960706, 52.90695358053402], [44.801754006586705, 52.866264819075], [44.87873021000474, 52.825526192883395], [44.95556211414881, 52.78473786891008], [45.032250027204796, 52.74390001358291], [45.10879425759902, 52.703012792807556], [45.18519511398697, 52.662076371968], [45.26145290524212, 52.62109091592737], [45.33756794044487, 52.58005658902852], [45.41354052887159, 52.53897355509478], [45.48937097998378, 52.4978419774307], [45.56505960341734, 52.45666201882279], [45.64060670897194, 52.41543384154018], [45.716012606600515, 52.3741576073355], [45.791277606398836, 52.332833477445554], [45.86640201859527, 52.291461612592165], [45.94138615354048, 52.25004217298292], [46.01623032169742, 52.20857531831204], [46.09093483363138, 52.167061207761115], [46.165499999999994, 52.1255]]}, "properties": {"fa_flight_id": "RA65689-1561033090-adhoc-0", "registration": "RA-65689", "ident": "RA-65689", "ident_icao": NaN, "origin_code": "L 56.02078 37.97023", "origin_city": "Moscow", "destination_code": "L 52.12550 46.16550", "destination_city": "Saratov Oblast", "scheduled_out": NaN, "estimated_out": NaN, "actual_out": NaN, "scheduled_off": "2019-06-20T12:18:10Z", "estimated_off": "2019-06-20T12:18:10Z", "actual_off": "2019-06-20T12:18:10Z", "scheduled_on": NaN, "estimated_on": NaN, "actual_on": "2019-06-20T12:18:10Z", "scheduled_in": NaN, "estimated_in": NaN, "actual_in": NaN, "status": "result unknown", "route_distance": NaN, "diverted": false, "cancelled": false, "simplified_departure_date": "2019-06-20", "origin_coords": [56.02078, 37.97023], "destination_coords": [52.1255, 46.1655], "is_same_city": false}}, {"type": "Feature", "geometry": {"type": "LineString", "coordinates": [[47.85861, 56.10920999999999], [47.76066652347625, 56.11056250927171], [47.66271635990125, 56.111837516475454], [47.56475990306483, 56.113035012749364], [47.46679754693173, 56.114154989769105], [47.36882968563064, 56.11519743974816], [47.27085671344329, 56.11616235543804], [47.17287902479352, 56.11704973012869], [47.07489701423632, 56.11785955764849], [46.97691107644688, 56.11859183236466], [46.87892160620966, 56.11924654918335], [46.78092899840736, 56.119823703549876], [46.682933648010014, 56.12032329144882], [46.584935950063944, 56.12074530940421], [46.48693629968081, 56.121089754479605], [46.388935092026635, 56.12135662427822], [46.290932722310764, 56.12154591694303], [46.19292958577486, 56.12165763115675], [46.09492607768199, 56.12169176614198], [45.996922593305534, 56.12164832166117], [45.898919527918196, 56.12152729801666], [45.800917276781036, 56.12132869605064], [45.70291623513244, 56.121052517145145], [45.60491679817716, 56.12069876322198], [45.50691936107524, 56.120267436742715], [45.40892431893107, 56.119758540708524], [45.31093206678243, 56.119172078660114], [45.212942999589444, 56.11850805467761], [45.11495751222361, 56.117766473380456], [45.016975999456825, 56.11694733992714], [44.91899885595048, 56.11605066001513], [44.821026476244356, 56.11507643988063], [44.72305925474585, 56.11402468629838], [44.62509758571888, 56.112895406581416], [44.527141863273066, 56.1116886085808], [44.429192481352715, 56.110404300685396], [44.33124983372598, 56.10904249182155], [44.233314313973885, 56.10760319145279], [44.13538631547956, 56.10608640957952], [44.03746623141721, 56.10449215673864], [43.9395544547414, 56.10282044400321], [43.84165137817616, 56.1010712829821], [43.74375739420408, 56.09924468581949], [43.645872895055625, 56.09734066519464], [43.547998272698294, 56.095359234321236], [43.45013391882577, 56.09330040694711], [43.352280224847306, 56.09116419735366], [43.25443758187685, 56.08895062035546], [43.156606380722415, 56.08665969129967], [43.05878701187536, 56.08429142606556], [42.96097986549968, 56.081845841063945], [42.86318533142142, 56.079322953236634], [42.765403799117976, 56.07672278005588], [42.66763565770754, 56.074045339523714], [42.56988129593852, 56.07129065017144], [42.47214110217892, 56.06845873105889], [42.37441546440588, 56.06554960177384], [42.27670477019515, 56.06256328243137], [42.17900940671063, 56.0594997936731], [42.08132976069384, 56.05635915666656], [41.98366621845364, 56.05314139310442], [41.886019165855714, 56.04984652520382], [41.78838898831228, 56.04647457570556], [41.69077607077172, 56.04302556787335], [41.593180797708314, 56.039499525493035], [41.49560355311197, 56.03589647287175], [41.39804472047796, 56.032216434837146], [41.30050468279677, 56.02845943673655], [41.20298382254388, 56.02462550443607], [41.105482521669636, 56.02071466431975], [41.00800116158925, 56.01672694328867], [40.91054012317259, 56.0126623687601], [40.81309978673426, 56.00852096866645], [40.715680532023605, 56.00430277145448], [40.6182827382147, 56.00000780608422], [40.52090678389652, 55.995636102028094], [40.42355304706301, 55.99118768926985], [40.32622190510328, 55.98666259830362], [40.2289137347918, 55.9820608601329], [40.1316289122787, 55.97738250626944], [40.03436781307996, 55.97262756873227], [39.937130812067835, 55.96779608004659], [39.839918283461216, 55.96288807324272], [39.74273060081599, 55.95790358185496], [39.6455681370156, 55.95284263992047], [39.54843126426146, 55.94770528197824], [39.45132035406357, 55.94249154306779], [39.35423577723107, 55.937201458728076], [39.257177903862946, 55.9318350649964], [39.16014710333864, 55.92639239840705], [39.06314374430885, 55.92087349599023], [38.966168194686325, 55.91527839527074], [38.86922082163662, 55.909607134266835], [38.77230199156907, 55.90385975148887], [38.67541207012768, 55.89803628593812], [38.57855142218211, 55.89213677710543], [38.4817204118187, 55.88616126496995], [38.38491940233157, 55.880109789997825], [38.288148756213765, 55.87398239314089], [38.19140883514842, 55.86777911583524], [38.0947, 55.8615]]}, "properties": {"fa_flight_id": "RA65689-1561196461-adhoc-0", "registration": "RA-65689", "ident": "RA-65689", "ident_icao": NaN, "origin_code": "L 56.10921 47.85861", "origin_city": "Cheboksary", "destination_code": "L 55.86150 38.09470", "destination_city": "Moscow", "scheduled_out": NaN, "estimated_out": NaN, "actual_out": NaN, "scheduled_off": "2019-06-22T09:41:01Z", "estimated_off": "2019-06-22T09:41:01Z", "actual_off": "2019-06-22T09:41:01Z", "scheduled_on": NaN, "estimated_on": NaN, "actual_on": "2019-06-22T09:41:01Z", "scheduled_in": NaN, "estimated_in": NaN, "actual_in": NaN, "status": "result unknown", "route_distance": NaN, "diverted": false, "cancelled": false, "simplified_departure_date": "2019-06-22", "origin_coords": [56.10921, 47.85861], "destination_coords": [55.8615, 38.0947], "is_same_city": false}}, {"type": "Feature", "geometry": {"type": "LineString", "coordinates": [[38.44956, 55.70925], [38.666446126642086, 55.72388879824182], [38.88349280017469, 55.73814524083987], [39.10069596689179, 55.75201884377961], [39.31805155213749, 55.765509135273554], [39.53555546080171, 55.77861565583892], [39.75320357782233, 55.7913379583732], [39.97099176869398, 55.80367560822808], [40.18891587998309, 55.815628183281454], [40.40697173984929, 55.82719527400747], [40.625155158572746, 55.83837648354471], [40.843461929087496, 55.849171427762315], [41.06188782752055, 55.8595797353244], [41.280428613736525, 55.869601047752084], [41.499080031887736, 55.879235019483765], [41.71783781096955, 55.88848131793328], [41.93669766538083, 55.897339623545946], [42.15565529548927, 55.9058096298525], [42.37470638820145, 55.91389104352103], [42.59384661753753, 55.92158358440664], [42.813071645210115, 55.928886985599014], [43.03237712120753, 55.9358009934678], [43.251758684380945, 55.942325367705834], [43.47121196303525, 55.948459881370056], [43.690732575523725, 55.95420432092028], [43.91031613084584, 55.95955848625575], [44.129958229248544, 55.96452219074936], [44.3496544628303, 55.969095261279584], [44.5694004161481, 55.97327753826025], [44.789191666827016, 55.97706887566787], [45.00902378617205, 55.98046914106678], [45.22889233978234, 55.983478215631926], [45.44879288816714, 55.98609599416923], [45.66872098736372, 55.98832238513381], [45.88867218955672, 55.99015731064568], [46.10864204369882, 55.99160070650319], [46.32862609613263, 55.99265252219413], [46.54861989121337, 55.99331272090439], [46.7686189719323, 55.99358127952439], [46.98861888054063, 55.99345818865294], [47.20861515917364, 55.992943452599015], [47.428603350474845, 55.992037089380894], [47.64857899822009, 55.990739130723135], [47.868537647941054, 55.989049622051006], [48.088474847548355, 55.986968622482756], [48.308386147953684, 55.98449620481934], [48.52826710369096, 55.981632455531866], [48.74811327353621, 55.97837747474678], [48.967920221126086, 55.97473137622851], [49.187683515574484, 55.970694287359976], [49.40739873208747, 55.96626634912059], [49.6270614525761, 55.961447716062096], [49.846667266266756, 55.95623855628201], [50.06621177030914, 55.95063905139474], [50.285690570381504, 55.9446493965005], [50.50509928129291, 55.93826980015187], [50.724433527582384, 55.93150048431817], [50.94368894411479, 55.92434168434747], [51.162861176673076, 55.91679364892649], [51.381945882546894, 55.90885664003823], [51.600938731117274, 55.90053093291739], [51.8198354044371, 55.89181681600359], [52.03863159780754, 55.88271459089249], [52.25732302034967, 55.87322457228472], [52.475905395571665, 55.863347087932674], [52.6943744619311, 55.853082478585236], [52.91272597339216, 55.842431097930415], [53.130955699977704, 55.83139331253586], [53.34905942831604, 55.81996950178745], [53.567032962181976, 55.808160057825766], [53.78487212303239, 55.79596538548067], [54.00257275053582, 55.783385902203754], [54.220130703096004, 55.77042203799916], [54.437541858369414, 55.75707423535206], [54.654802113776306, 55.74334294915568], [54.87190738700543, 55.729228646636194], [55.08885361651203, 55.714731807275854], [55.30563676200921, 55.699852922734394], [55.52225280495233, 55.68459249676859], [55.73869774901652, 55.668951045150045], [55.95496762056688, 55.65292909558144], [56.171058469121604, 55.636527187610895], [56.38696636780766, 55.61974587254482], [56.60268741380898, 55.60258571335911], [56.818217728807056, 55.585047284608784], [57.033553459413895, 55.56713117233599], [57.24869077759712, 55.548837973976674], [57.46362588109721, 55.5301682982655], [57.67835499383669, 55.51112276513966], [57.892874366321415, 55.49170200564096], [58.10718027603355, 55.47190666181671], [58.32126902781632, 55.45173738661921], [58.535136954250575, 55.43119484380396], [58.74878041602288, 55.41027970782654], [58.962195802285194, 55.38899266373835], [59.17537953100611, 55.367334407081046], [59.38832804931343, 55.345305643779874], [59.60103783382825, 55.32290709003588], [59.81350539099032, 55.30013947221702], [60.02572725737475, 55.27700352674811], [60.2377, 55.2535]]}, "properties": {"fa_flight_id": "RA65689-1561165839-adhoc-0", "registration": "RA-65689", "ident": "RA-65689", "ident_icao": NaN, "origin_code": "L 55.70925 38.44956", "origin_city": "Moscow", "destination_code": "L 55.25350 60.23770", "destination_city": "Chelyabinsk", "scheduled_out": NaN, "estimated_out": NaN, "actual_out": NaN, "scheduled_off": "2019-06-22T01:10:39Z", "estimated_off": "2019-06-22T01:10:39Z", "actual_off": "2019-06-22T01:10:39Z", "scheduled_on": NaN, "estimated_on": NaN, "actual_on": "2019-06-22T01:10:39Z", "scheduled_in": NaN, "estimated_in": NaN, "actual_in": NaN, "status": "result unknown", "route_distance": NaN, "diverted": false, "cancelled": false, "simplified_departure_date": "2019-06-22", "origin_coords": [55.70925, 38.44956], "destination_coords": [55.2535, 60.2377], "is_same_city": false}}, {"type": "Feature", "geometry": {"type": "LineString", "coordinates": [[37.926970000000004, 58.79772], [37.928996626548766, 58.768292236640924], [37.931019822834934, 58.738864441553794], [37.933039598621285, 58.709436614828945], [37.935055963633985, 58.68000875655633], [37.937068927562876, 58.650580866825656], [37.93907850006155, 58.62115294572624], [37.94108469074756, 58.591724993347036], [37.943087509202606, 58.56229700977676], [37.94508696497264, 58.5328689951037], [37.947083067568094, 58.50344094941585], [37.949075826464025, 58.47401287280091], [37.95106525110028, 58.444584765346214], [37.953051350881644, 58.41515662713876], [37.955034135178025, 58.385728458265255], [37.957013613324634, 58.35630025881209], [37.95898979462206, 58.32687202886533], [37.96096268833656, 58.297443768510675], [37.9629323037001, 58.26801547783357], [37.96489864991059, 58.23858715691913], [37.966861736131996, 58.20915880585212], [37.96882157149452, 58.17973042471704], [37.97077816509477, 58.15030201359806], [37.97273152599588, 58.120873572579015], [37.97468166322767, 58.09144510174347], [37.97662858578686, 58.06201660117467], [37.97857230263708, 58.03258807095553], [37.980512822709215, 58.003159511168725], [37.982450154901386, 57.97373092189653], [37.98438430807921, 57.94430230322103], [37.986315291075854, 57.914873655223914], [37.98824311269232, 57.88544497798664], [37.99016778169744, 57.85601627159033], [37.992089306828106, 57.8265875361158], [37.99400769678944, 57.79715877164364], [37.99592296025486, 57.76772997825407], [37.997835105866265, 57.73830115602703], [37.99974414223423, 57.708872305042235], [38.00165007793804, 57.67944342537904], [38.00355292152591, 57.65001451711653], [38.00545268151512, 57.62058558033351], [38.00734936639214, 57.59115661510852], [38.00924298461274, 57.56172762151978], [38.011133544602224, 57.53229859964524], [38.01302105475543, 57.50286954956258], [38.01490552343699, 57.47344047134918], [38.016786958981406, 57.444011365082176], [38.018665369693196, 57.41458223083839], [38.020540763847045, 57.38515306869437], [38.0224131496879, 57.35572387872643], [38.02428253543116, 57.32629466101054], [38.026148929262774, 57.29686541562248], [38.028012339339355, 57.26743614263767], [38.02987277378834, 57.23800684213135], [38.03173024070817, 57.20857751417842], [38.033584748168266, 57.179148158853565], [38.035436304209355, 57.14971877623115], [38.037284916843454, 57.12028936638532], [38.03913059405405, 57.09085992938994], [38.04097334379624, 57.06143046531861], [38.04281317399681, 57.03200097424465], [38.044650092554434, 57.002571456241164], [38.04648410733973, 56.973141911380964], [38.04831522619542, 56.94371233973661], [38.05014345693645, 56.914282741380404], [38.05196880735011, 56.88485311638438], [38.05379128519615, 56.85542346482035], [38.05561089820692, 56.82599378675987], [38.05742765408747, 56.79656408227419], [38.05924156051567, 56.76713435143435], [38.0610526251424, 56.73770459431117], [38.06286085559152, 56.70827481097515], [38.064666259460175, 56.6788450014966], [38.06646884431873, 56.64941516594553], [38.06826861771104, 56.61998530439176], [38.07006558715447, 56.590555416904834], [38.07185976014006, 56.56112550355406], [38.073651144132604, 56.5316955644085], [38.07543974657082, 56.50226559953696], [38.0772255748674, 56.472835609008065], [38.07900863640918, 56.4434055928901], [38.0807889385572, 56.4139755512512], [38.08256648864686, 56.384545484159226], [38.084341293988025, 56.35511539168182], [38.0861133618651, 56.325685273886336], [38.08788269953722, 56.29625513083997], [38.089649314238244, 56.26682496260964], [38.091413213176985, 56.23739476926203], [38.09317440353723, 56.2079645508636], [38.09493289247792, 56.178534307480604], [38.09668868713319, 56.14910403917902], [38.09844179461251, 56.11967374602464], [38.10019222200082, 56.09024342808298], [38.101939976358565, 56.06081308541941], [38.10368506472189, 56.03138271809899], [38.10542749410265, 56.00195232618659], [38.107167271488585, 55.97252190974689], [38.108904403843404, 55.94309146884428], [38.110638898106906, 55.91366100354297], [38.11237076119502, 55.88423051390696], [38.1141, 55.8548]]}, "properties": {"fa_flight_id": "RA65689-1561921195-adhoc-0", "registration": "RA-65689", "ident": "RA-65689", "ident_icao": NaN, "origin_code": "L 58.79772 37.92697", "origin_city": "Cherepovetsky District", "destination_code": "L 55.85480 38.11410", "destination_city": "Moscow", "scheduled_out": NaN, "estimated_out": NaN, "actual_out": NaN, "scheduled_off": "2019-06-30T18:59:55Z", "estimated_off": "2019-06-30T18:59:55Z", "actual_off": "2019-06-30T18:59:55Z", "scheduled_on": NaN, "estimated_on": NaN, "actual_on": "2019-06-30T18:59:55Z", "scheduled_in": NaN, "estimated_in": NaN, "actual_in": NaN, "status": "result unknown", "route_distance": NaN, "diverted": false, "cancelled": false, "simplified_departure_date": "2019-06-30", "origin_coords": [58.79772, 37.92697], "destination_coords": [55.8548, 38.1141], "is_same_city": false}}, {"type": "Feature", "geometry": {"type": "LineString", "coordinates": [[38.30238, 55.80695000000001], [38.3015751753163, 55.84698879482182], [38.30076869085176, 55.88702758438055], [38.29996054067678, 55.92706636865738], [38.29915071883397, 55.96710514763345], [38.298339219338, 56.007143921289746], [38.29752603617544, 56.04718268960721], [38.29671116330458, 56.087221452566695], [38.29589459465527, 56.12726021014893], [38.29507632412877, 56.167298962334606], [38.29425634559754, 56.20733770910426], [38.29343465290509, 56.24737645043839], [38.29261123986586, 56.28741518631736], [38.29178610026492, 56.327453916721495], [38.290959227857925, 56.36749264163095], [38.29013061637086, 56.40753136102588], [38.289300259499925, 56.447570074886265], [38.28846815091128, 56.487608783192016], [38.287634284240916, 56.52764748592297], [38.28679865309449, 56.56768618305884], [38.285961251047105, 56.60772487457925], [38.28512207164312, 56.64776356046373], [38.284281108396016, 56.68780224069172], [38.283438354788146, 56.72784091524254], [38.282593804270604, 56.76787958409542], [38.28174745026301, 56.807918247229495], [38.280899286153314, 56.84795690462383], [38.28004930529761, 56.887995556257295], [38.279197501019965, 56.92803420210879], [38.27834386661217, 56.96807284215698], [38.27748839533363, 57.00811147638053], [38.27663108041107, 57.048150104757944], [38.275771915038405, 57.08818872726766], [38.27491089237652, 57.12822734388794], [38.27404800555304, 57.168265954597054], [38.27318324766222, 57.208304559373055], [38.27231661176457, 57.24834315819398], [38.27144809088685, 57.288381751037676], [38.27057767802172, 57.32842033788194], [38.26970536612758, 57.36845891870444], [38.26883114812835, 57.408497493482756], [38.26795501691328, 57.44853606219429], [38.26707696533671, 57.48857462481644], [38.266196986217885, 57.528613181326406], [38.26531507234066, 57.5686517317013], [38.264431216453424, 57.60869027591814], [38.263545411268716, 57.64872881395382], [38.26265764946314, 57.688767345785095], [38.26176792367704, 57.728805871388644], [38.26087622651437, 57.76884439074101], [38.25998255054236, 57.8088829038186], [38.259086888291385, 57.848921410597775], [38.25818923225468, 57.88895991105469], [38.25728957488812, 57.92899840516545], [38.25638790860999, 57.96903689290599], [38.25548422580075, 58.00907537425216], [38.254578518802795, 58.049113849179676], [38.25367077992021, 58.089152317664116], [38.25276100141858, 58.12919077968097], [38.25184917552462, 58.16922923520559], [38.2509352944261, 58.2092676842132], [38.250019350271444, 58.24930612667892], [38.249101335169605, 58.289344562577675], [38.24818124118975, 58.32938299188436], [38.24725906036099, 58.36942141457369], [38.24633478467218, 58.40945983062024], [38.24540840607164, 58.4494982399985], [38.244479916466894, 58.4895366426828], [38.243549307724415, 58.52957503864736], [38.24261657166934, 58.56961342786624], [38.241681700085266, 58.60965181031338], [38.2407446847139, 58.649690185962605], [38.23980551725491, 58.6897285547876], [38.2388641893655, 58.72976691676188], [38.23792069266026, 58.76980527185889], [38.236975018710865, 58.80984362005188], [38.23602715904577, 58.849881961314], [38.235077105149955, 58.88992029561823], [38.23412484846463, 58.92995862293745], [38.23317038038698, 58.96999694324435], [38.232213692269845, 59.010035256511536], [38.23125477542147, 59.05007356271143], [38.23029362110516, 59.09011186181634], [38.229330220539076, 59.130150153798404], [38.22836456489583, 59.17018843862964], [38.22739664530233, 59.210226716281895], [38.226426452839306, 59.2502649867269], [38.22545397854119, 59.29030324993622], [38.22447921339567, 59.33034150588128], [38.22350214834347, 59.370379754533325], [38.22252277427801, 59.41041799586353], [38.22154108204511, 59.4504562298428], [38.22055706244265, 59.49049445644201], [38.219570706220274, 59.530532675631804], [38.21858200407911, 59.57057088738268], [38.21759094667137, 59.61060909166502], [38.21659752460009, 59.650647288449015], [38.21560172841876, 59.6906854777047], [38.214603548631075, 59.73072365940197], [38.2136029756905, 59.77076183351054], [38.2126, 59.81079999999998]]}, "properties": {"fa_flight_id": "RA65689-1561892697-adhoc-0", "registration": "RA-65689", "ident": "RA-65689", "ident_icao": NaN, "origin_code": "L 55.80695 38.30238", "origin_city": "Moscow", "destination_code": "L 59.81080 38.21260", "destination_city": "Cherepovetsky District", "scheduled_out": NaN, "estimated_out": NaN, "actual_out": NaN, "scheduled_off": "2019-06-30T11:04:57Z", "estimated_off": "2019-06-30T11:04:57Z", "actual_off": "2019-06-30T11:04:57Z", "scheduled_on": NaN, "estimated_on": NaN, "actual_on": "2019-06-30T11:04:57Z", "scheduled_in": NaN, "estimated_in": NaN, "actual_in": NaN, "status": "result unknown", "route_distance": NaN, "diverted": false, "cancelled": false, "simplified_departure_date": "2019-06-30", "origin_coords": [55.80695, 38.30238], "destination_coords": [59.8108, 38.2126], "is_same_city": false}}, {"type": "Feature", "geometry": {"type": "LineString", "coordinates": [[40.85434, 50.28139], [40.83002698155253, 50.337474030757946], [40.80565648984192, 50.393552980286366], [40.7812282792265, 50.449626826404604], [40.756742102744795, 50.505695546809235], [40.73219771210693, 50.561759119073216], [40.70759485768565, 50.61781752064506], [40.68293328850753, 50.67387072884798], [40.65821275224396, 50.72991872087895], [40.63343299520217, 50.78596147380793], [40.60859376231607, 50.84199896457694], [40.58369479713712, 50.89803116999914], [40.55873584182507, 50.95405806675796], [40.533716637138646, 51.01007963140629], [40.50863692242619, 51.066095840365385], [40.48349643561617, 51.12210666992407], [40.45829491320766, 51.17811209623786], [40.43303209026073, 51.23411209532786], [40.40770770038677, 51.29010664308001], [40.382321475738756, 51.346095715244005], [40.356873147001366, 51.4020792874324], [40.33136244338106, 51.45805733511962], [40.305789092596214, 51.51402983364105], [40.2801528208669, 51.569996758191934], [40.25445335290483, 51.62595808382652], [40.228690411903116, 51.68191378545697], [40.20286371952596, 51.737863837852444], [40.17697299589822, 51.79380821563796], [40.15101795959506, 51.84974689329349], [40.12499832763128, 51.90567984515291], [40.09891381545074, 51.96160704540291], [40.07276413691564, 52.017528468081956], [40.046549004295684, 52.073444087079324], [40.02026812825726, 52.12935387613392], [39.99392121785235, 52.18525780883328], [39.967507980507634, 52.241155858612444], [39.94102812201316, 52.297047998752916], [39.914481346511245, 52.3529342023815], [39.887867356485096, 52.408814442469236], [39.86118585274735, 52.464688691830304], [39.834436534428626, 52.520556923120786], [39.807619098965944, 52.5764191088377], [39.78073324209094, 52.63227522131767], [39.75377865781818, 52.6881252327359], [39.72675503843318, 52.74396911510496], [39.69966207448055, 52.79980684027361], [39.67249945475179, 52.85563837992561], [39.645266866273225, 52.91146370557851], [39.61796399429372, 52.96728278858251], [39.59059052227224, 53.023095600119156], [39.56314613186547, 53.078902111200144], [39.53563050291525, 53.134702292666134], [39.50804331343584, 53.190496115185404], [39.480384239601214, 53.24628354925267], [39.45265295573216, 53.30206456518778], [39.42484913428331, 53.35783913313444], [39.396972445830095, 53.41360722305894], [39.36902255905546, 53.469368804748804], [39.34099914073671, 53.525123847811535], [39.312901855732015, 53.58087232167322], [39.28473036696688, 53.636614195577266], [39.25648433542063, 53.692349438583015], [39.22816342011258, 53.748078019564375], [39.19976727808824, 53.803799907208436], [39.17129556440534, 53.859515070014176], [39.14274793211981, 53.91522347629091], [39.11412403227152, 53.97092509415703], [39.08542351387005, 54.0266198915385], [39.056646023880184, 54.08230783616745], [39.02779120720753, 54.13798889558073], [38.9988587066837, 54.193663037118434], [38.96984816305164, 54.24933022792245], [38.94075921495067, 54.30499043493498], [38.91159149890154, 54.36064362489704], [38.88234464929123, 54.416289764346885], [38.8530182983577, 54.47192881961861], [38.823612076174534, 54.52756075684052], [38.794125610635334, 54.5831855419336], [38.764558527438176, 54.63880314060999], [38.73491045006978, 54.69441351837131], [38.70518099978962, 54.750016640507205], [38.67536979561385, 54.80561247209363], [38.645476454299185, 54.86120097799125], [38.61550059032658, 54.916782122843884], [38.585441815884785, 54.97235587107674], [38.55529974085375, 55.027922186894834], [38.52507397278795, 55.08348103428126], [38.49476411689951, 55.139032376995566], [38.46436977604121, 55.194576178571936], [38.43389055068937, 55.250112402317605], [38.40332603892651, 55.30564101131099], [38.37267583642404, 55.36116196840001], [38.34193953642457, 55.4166752362003], [38.31111672972429, 55.47218077709342], [38.28020700465505, 55.52767855322507], [38.24920994706637, 55.58316852650322], [38.21812514030728, 55.63865065859633], [38.186952165208, 55.69412491093151], [38.15569060006146, 55.749591244692546], [38.12434002060468, 55.80504962081816], [38.09290000000001, 55.8605]]}, "properties": {"fa_flight_id": "RA65689-1562867128-adhoc-0", "registration": "RA-65689", "ident": "RA-65689", "ident_icao": NaN, "origin_code": "L 50.28139 40.85434", "origin_city": "Volgograd", "destination_code": "L 55.86050 38.09290", "destination_city": "Moscow", "scheduled_out": NaN, "estimated_out": NaN, "actual_out": NaN, "scheduled_off": "2019-07-11T17:45:28Z", "estimated_off": "2019-07-11T17:45:28Z", "actual_off": "2019-07-11T17:45:28Z", "scheduled_on": NaN, "estimated_on": NaN, "actual_on": "2019-07-11T17:45:28Z", "scheduled_in": NaN, "estimated_in": NaN, "actual_in": NaN, "status": "result unknown", "route_distance": NaN, "diverted": false, "cancelled": false, "simplified_departure_date": "2019-07-11", "origin_coords": [50.28139, 40.85434], "destination_coords": [55.8605, 38.0929], "is_same_city": false}}, {"type": "Feature", "geometry": {"type": "LineString", "coordinates": [[33.98504, 44.71360000000001], [34.03175255164598, 44.739477853924065], [34.078506920408714, 44.76533664950025], [34.125303150632405, 44.79117635243941], [34.17214128660776, 44.816996928400776], [34.21902137257131, 44.84279834299195], [34.265943452704796, 44.86858056176893], [34.31290757113453, 44.894343550236066], [34.359913771930806, 44.920087273846065], [34.406962099107204, 44.94581169800001], [34.454052596619974, 44.97151678804735], [34.501185308367425, 44.99720250928588], [34.54836027818922, 45.022868826961755], [34.59557754986581, 45.04851570626951], [34.64283716711769, 45.074143112352004], [34.69013917360484, 45.09975101030051], [34.737483612925985, 45.12533936515458], [34.784870528618, 45.150908141902235], [34.83229996415522, 45.1764573054798], [34.879771962948766, 45.20198682077196], [34.92728656834592, 45.22749665261184], [34.9748438236294, 45.25298676578088], [35.02244377201673, 45.27845712500895], [35.070086456659546, 45.3039076949743], [35.11777192064292, 45.329338440303566], [35.16550020698468, 45.354749325571824], [35.21327135863473, 45.38014031530253], [35.26108541847433, 45.405511373967606], [35.308942429315486, 45.43086246598736], [35.356842433900134, 45.45619355573059], [35.40478547489958, 45.48150460751453], [35.452771594913706, 45.506795585604856], [35.5008008364703, 45.53206645421578], [35.54887324202435, 45.55731717750996], [35.59698885395732, 45.58254771959857], [35.645147714576495, 45.607758044541306], [35.69334986611418, 45.63294811634642], [35.74159535072707, 45.65811789897068], [35.78988421049546, 45.68326735631944], [35.83821648742257, 45.708396452246646], [35.88659222343382, 45.73350515055483], [35.93501146037606, 45.75859341499514], [35.98347424001686, 45.783661209267386], [36.0319806040438, 45.80870849702002], [36.08053059406373, 45.83373524185019], [36.12912425160196, 45.858741407303725], [36.17776161810162, 45.88372695687519], [36.226442734922834, 45.908691854007905], [36.27516764334202, 45.93363606209395], [36.32393638455112, 45.958559544474184], [36.37274899965682, 45.98346226443832], [36.42160552967986, 46.008344185224914], [36.4705060155542, 46.03320527002134], [36.51945049812627, 46.05804548196396], [36.56843901815427, 46.082864784137996], [36.61747161630731, 46.10766313957763], [36.666548333164705, 46.13244051126609], [36.715669209215136, 46.157196862135535], [36.76483428485595, 46.181932155067265], [36.814043600392296, 46.20664635289158], [36.86329719603642, 46.23133941838796], [36.91259511190681, 46.25601131428497], [36.96193738802743, 46.28066200326042], [37.011324064326956, 46.30529144794127], [37.06075518063792, 46.329899610903794], [37.11023077669596, 46.35448645467353], [37.15975089213901, 46.37905194172535], [37.20931556650646, 46.40359603448348], [37.25892483923841, 46.42811869532156], [37.30857874967479, 46.452619886562694], [37.35827733705457, 46.47709957047944], [37.408020640514984, 46.50155770929391], [37.457808699090656, 46.52599426517779], [37.50764155171278, 46.550409200252375], [37.55751923720834, 46.574802476588616], [37.60744179429922, 46.59917405620716], [37.657409261601416, 46.62352390107843], [37.7074216776242, 46.64785197312264], [37.757479080769215, 46.67215823420986], [37.80758150932976, 46.69644264616003], [37.857729001489794, 46.720705170743074], [37.907921595323245, 46.74494576967887], [37.958159328793, 46.76916440463737], [38.008442239750195, 46.79336103723862], [38.05877036593327, 46.81753562905283], [38.10914374496712, 46.84168814160041], [38.15956241436227, 46.865818536352016], [38.21002641151401, 46.88992677472868], [38.26053577370143, 46.91401281810171], [38.31109053808671, 46.93807662779297], [38.36169074171409, 46.96211816507471], [38.4123364215091, 46.98613739116981], [38.463027614277635, 47.01013426725172], [38.51376435670507, 47.034108754444595], [38.56454668535539, 47.058060813823275], [38.615374636670275, 47.08199040641347], [38.66624824696826, 47.105897493191705], [38.71716755244379, 47.12978203508546], [38.76813258916631, 47.15364399297322], [38.81914339307944, 47.17748332768451], [38.8702, 47.20130000000001]]}, "properties": {"fa_flight_id": "RA65689-1562856586-adhoc-0", "registration": "RA-65689", "ident": "RA-65689", "ident_icao": NaN, "origin_code": "L 44.71360 33.98504", "origin_city": "Simferopol", "destination_code": "L 47.20130 38.87020", "destination_city": "Krasnodar Krai", "scheduled_out": NaN, "estimated_out": NaN, "actual_out": NaN, "scheduled_off": "2019-07-11T14:49:46Z", "estimated_off": "2019-07-11T14:49:46Z", "actual_off": "2019-07-11T14:49:46Z", "scheduled_on": NaN, "estimated_on": NaN, "actual_on": "2019-07-11T14:49:46Z", "scheduled_in": NaN, "estimated_in": NaN, "actual_in": NaN, "status": "result unknown", "route_distance": NaN, "diverted": false, "cancelled": false, "simplified_departure_date": "2019-07-11", "origin_coords": [44.7136, 33.98504], "destination_coords": [47.2013, 38.8702], "is_same_city": false}}, {"type": "Feature", "geometry": {"type": "LineString", "coordinates": [[38.73769, 43.35215], [38.68649612486604, 43.36500682521741], [38.63528056442839, 43.377840807090855], [38.58404333838469, 43.390651925693724], [38.532784466546886, 43.40344016111349], [38.481503968841366, 43.41620549345186], [38.430201865309044, 43.42894790282484], [38.37887817610541, 43.441667369362825], [38.32753292150075, 43.45436387321086], [38.27616612188011, 43.467037394528575], [38.2247777977435, 43.47968791349043], [38.17336796970591, 43.492315410285784], [38.12193665849745, 43.50491986511899], [38.07048388496343, 43.51750125820958], [38.019009670064456, 43.5300595697923], [37.96751403487655, 43.542594780117305], [37.91599700059116, 43.55510686945021], [37.86445858851532, 43.56759581807227], [37.81289882007174, 43.58006160628044], [37.76131771679884, 43.592504214387525], [37.7097153003509, 43.604923622722325], [37.65809159249809, 43.617319811629685], [37.60644661512658, 43.62969276147064], [37.554780390238626, 43.642042452622604], [37.50309293995265, 43.65436886547939], [37.451384286503306, 43.66667198045136], [37.399654452241585, 43.67895177796558], [37.34790345963484, 43.691208238465904], [37.29613133126696, 43.70344134241311], [37.244338089838344, 43.715651070284984], [37.19252375816603, 43.72783740257652], [37.14068835918377, 43.74000031979995], [37.088831915942066, 43.752139802484905], [37.03695445160829, 43.76425583117856], [36.98505598946672, 43.776348386445704], [36.93313655291862, 43.7884174488689], [36.88119616548231, 43.80046299904859], [36.82923485079323, 43.812485017603194], [36.77725263260399, 43.8244834851693], [36.725249534784474, 43.83645838240171], [36.67322558132187, 43.84840968997358], [36.621180796320736, 43.860337388576575], [36.56911520400306, 43.87224145892097], [36.517028828708355, 43.88412188173574], [36.464921694893654, 43.89597863776876], [36.412793827133605, 43.907811707786855], [36.36064525012055, 43.919621072575914], [36.30847598866451, 43.931406712941104], [36.25628606769333, 43.94316860970688], [36.204075512252636, 43.95490674371722], [36.15184434750595, 43.96662109583563], [36.09959259873472, 43.97831164694533], [36.04732029133839, 43.98997837794942], [35.99502745083438, 44.00162126977092], [35.94271410285822, 44.01324030335294], [35.89038027316354, 44.024835459658775], [35.8380259876221, 44.03640671967205], [35.78565127222392, 44.047954064396855], [35.7332561530772, 44.05947747485784], [35.680840656408456, 44.07097693210034], [35.62840480856248, 44.08245241719054], [35.57594863600245, 44.09390391121551], [35.52347216530994, 44.105331395283464], [35.470975423184925, 44.116734850523756], [35.418458436445825, 44.12811425808706], [35.3659212320296, 44.139469599145514], [35.313363836991684, 44.15080085489279], [35.26078627850604, 44.162108006544265], [35.20818858386528, 44.17339103533714], [35.15557078048054, 44.184649922530525], [35.1029328958816, 44.195884649405606], [35.050274957716944, 44.20709519726577], [34.99759699375367, 44.21828154743672], [34.94489903187756, 44.229443681266545], [34.892181100093175, 44.24058158012596], [34.83944322652374, 44.25169522540833], [34.78668543941126, 44.262784598529855], [34.733907767116484, 44.27384968092966], [34.68111023811896, 44.284890454069924], [34.62829288101702, 44.29590689943605], [34.57545572452777, 44.30689899853671], [34.52259879748717, 44.31786673290406], [34.46972212884996, 44.328810084093796], [34.416825747689735, 44.3397290336853], [34.363909683198905, 44.350623563281815], [34.31097396468871, 44.36149365451047], [34.25801862158928, 44.3723392890225], [34.20504368344949, 44.38316044849333], [34.15204917993717, 44.393957114622715], [34.0990351408389, 44.40472926913481], [34.04600159606014, 44.41547689377842], [33.992948575625164, 44.42619997032702], [33.939876109677094, 44.43689848057888], [33.88678422847784, 44.44757240635726], [33.833672962408166, 44.45822172951047], [33.780542341967596, 44.468846431912084], [33.72739239777449, 44.47944649546095], [33.67422316056592, 44.49002190208137], [33.621034661197776, 44.5005726337233], [33.567826930644685, 44.51109867236235], [33.5146, 44.5216]]}, "properties": {"fa_flight_id": "RA65689-1562847861-adhoc-0", "registration": "RA-65689", "ident": "RA-65689", "ident_icao": NaN, "origin_code": "L 43.35215 38.73769", "origin_city": NaN, "destination_code": "L 44.52160 33.51460", "destination_city": "Simferopol", "scheduled_out": NaN, "estimated_out": NaN, "actual_out": NaN, "scheduled_off": "2019-07-11T12:24:21Z", "estimated_off": "2019-07-11T12:24:21Z", "actual_off": "2019-07-11T12:24:21Z", "scheduled_on": NaN, "estimated_on": NaN, "actual_on": "2019-07-11T12:24:21Z", "scheduled_in": NaN, "estimated_in": NaN, "actual_in": NaN, "status": "result unknown", "route_distance": NaN, "diverted": false, "cancelled": false, "simplified_departure_date": "2019-07-11", "origin_coords": [43.35215, 38.73769], "destination_coords": [44.5216, 33.5146], "is_same_city": false}}, {"type": "Feature", "geometry": {"type": "LineString", "coordinates": [[38.18398, 55.80662], [38.2006305293933, 55.68082494728225], [38.21717429732245, 55.55502765584654], [38.2336124834359, 55.42922815046852], [38.24994625040847, 55.30342645556661], [38.266176744246636, 55.17762259520844], [38.28230509458745, 55.0518165931172], [38.298332414990895, 54.92600847267773], [38.31425980322615, 54.80019825694265], [38.33008834155173, 54.67438596863818], [38.34581909698965, 54.54857163016999], [38.3614531215939, 54.42275526362884], [38.37699145271319, 54.296936890796076], [38.39243511324831, 54.171116533149146], [38.407785111903955, 54.045294211866825], [38.42304244343546, 53.91946994783448], [38.438208088890406, 53.79364376164912], [38.453283015845116, 53.667815673624396], [38.46826817863646, 53.541985703795504], [38.48316451858872, 53.41615387192393], [38.49797296423602, 53.2903201975022], [38.51269443154004, 53.164484699758376], [38.52732982410341, 53.03864739766067], [38.54188003337878, 52.912808309921715], [38.556345938873655, 52.78696745500304], [38.57072840835109, 52.66112485111913], [38.585028298026415, 52.535280516241734], [38.59924645276002, 52.40943446810377], [38.61338370624624, 52.283586724203445], [38.62744088119863, 52.15773730180806], [38.64141878953138, 52.031886217957876], [38.65531823253736, 51.90603348946988], [38.66914000106254, 51.7801791329414], [38.68288487567702, 51.65432316475377], [38.69655362684275, 51.52846560107582], [38.71014701507795, 51.402606457867385], [38.72366579111837, 51.27674575088264], [38.73711069607545, 51.150883495673476], [38.750482461591346, 51.02501970759273], [38.76378180999111, 50.899154401797475], [38.77700945443184, 50.773287593252014], [38.79016609904905, 50.64741929673112], [38.80325243910023, 50.52154952682294], [38.81626916110569, 50.395678297931994], [38.82921694298675, 50.26980562428216], [38.84209645420132, 50.143931519919384], [38.85490835587691, 50.01805599871462], [38.8676533009412, 49.89217907436651], [38.880331934250115, 49.766300760404036], [38.89294489271356, 49.64042107018929], [38.9054928054188, 49.51454001691997], [38.91797629375161, 49.38865761363195], [38.93039597151504, 49.26277387320181], [38.942752445046224, 49.13688880834927], [38.95504631333083, 49.01100243163958], [38.9672781681156, 48.88511475548595], [38.979448594018656, 48.75922579215181], [38.991558168638015, 48.63333555375313], [39.00360746265794, 48.50744405226063], [39.015597039953505, 48.381551299501986], [39.0275274576932, 48.25565730716405], [39.03939926643977, 48.129762086794855], [39.051213010249164, 48.00386564980579], [39.062969226767756, 47.877968007473655], [39.0746684473279, 47.75206917094254], [39.08631119704169, 47.62616915122598], [39.097897994893096, 47.500267959208756], [39.10942935382852, 47.37436560564887], [39.12090578084571, 47.24846210117939], [39.13232777708112, 47.12255745631027], [39.14369583789579, 46.9966516814302], [39.155010452959665, 46.870744786808345], [39.16627210633449, 46.744836782596124], [39.177481276555255, 46.61892767882885], [39.18863843671026, 46.49301748542751], [39.19974405451975, 46.367106212200376], [39.210798592413255, 46.241193868844555], [39.221802507605574, 46.11528046494775], [39.232756252171434, 45.989366009989695], [39.24366027311896, 45.86345051334373], [39.25451501246185, 45.73753398427836], [39.2653209072903, 45.611616431958716], [39.27607838984073, 45.485697865448], [39.28678788756446, 45.35977829370898], [39.29744982319505, 45.23385772560538], [39.30806461481468, 45.10793616990326], [39.31863267591927, 44.982013635272374], [39.32915441548263, 44.85609013028762], [39.33963023801953, 44.730165663430206], [39.35006054364765, 44.60424024308909], [39.36044572814859, 44.47831387756217], [39.37078618302788, 44.35238657505764], [39.38108229557389, 44.226458343695114], [39.391334448915934, 44.10052919150695], [39.4015430220813, 43.974599126439344], [39.411708390051444, 43.84866815635366], [39.42183092381718, 43.72273628902743], [39.43191099043308, 43.59680353215558], [39.44194895307088, 43.470869893351576], [39.45194517107215, 43.344935380148456], [39.4619, 43.21900000000001]]}, "properties": {"fa_flight_id": "RA65689-1562832115-adhoc-0", "registration": "RA-65689", "ident": "RA-65689", "ident_icao": NaN, "origin_code": "L 55.80662 38.18398", "origin_city": "Moscow", "destination_code": "L 43.21900 39.46190", "destination_city": NaN, "scheduled_out": NaN, "estimated_out": NaN, "actual_out": NaN, "scheduled_off": "2019-07-11T08:01:55Z", "estimated_off": "2019-07-11T08:01:55Z", "actual_off": "2019-07-11T08:01:55Z", "scheduled_on": NaN, "estimated_on": NaN, "actual_on": "2019-07-11T08:01:55Z", "scheduled_in": NaN, "estimated_in": NaN, "actual_in": NaN, "status": "result unknown", "route_distance": NaN, "diverted": false, "cancelled": false, "simplified_departure_date": "2019-07-11", "origin_coords": [55.80662, 38.18398], "destination_coords": [43.219, 39.4619], "is_same_city": false}}, {"type": "Feature", "geometry": {"type": "LineString", "coordinates": [[29.6587, 60.05199], [29.753618598653652, 60.012944585040906], [29.848313077451323, 59.97383125894975], [29.942783930617882, 59.93465028880203], [30.037031653884817, 59.89540194074698], [30.131056744451424, 59.85608648000742], [30.224859700946315, 59.8167041708801], [30.318441023389372, 59.77725527673582], [30.411801213154032, 59.73774006001957], [30.50494077293, 59.69815878225087], [30.597860206686335, 59.65851170402411], [30.690560019634862, 59.61879908500889], [30.783040718194066, 59.579021183950466], [30.8753028099533, 59.539178258670255], [30.967346803637327, 59.49927056606631], [31.05917320907134, 59.45929836211389], [31.15078253714629, 59.419261901866115], [31.242175299784577, 59.37916143945461], [31.333352009906125, 59.338997228090236], [31.424313181394854, 59.298769520063786], [31.515059329065476, 59.25847856674684], [31.605590968630636, 59.21812461859255], [31.695908616668497, 59.17770792513657], [31.786012790590586, 59.137228734997954], [31.875904008610068, 59.09668729588014], [31.965582789710346, 59.056083854571874], [32.05504965361399, 59.0154186569484], [32.14430512075211, 58.97469194797239], [32.233349712233895, 58.93390397169511], [32.322183949816754, 58.893054971257705], [32.41080835587655, 58.85214518889214], [32.49922345337835, 58.811174865922666], [32.58742976584742, 58.770144242766975], [32.67542781734064, 58.72905355893748], [32.76321813241813, 58.687903053042724], [32.85080123611536, 58.64669296278872], [32.938177653915474, 58.60542352498031], [33.025347911721994, 58.56409497552262], [33.11231253583189, 58.5227075494226], [33.199072052908846, 58.481261480790415], [33.28562698995699, 58.43975700284103], [33.37197787429488, 58.39819434789575], [33.45812523352982, 58.35657374738383], [33.544069595532434, 58.31489543184405], [33.6298114884117, 58.27315963092646], [33.715351440490124, 58.23136657339387], [33.800689980279316, 58.18951648712374], [33.885827636455886, 58.14760959910982], [33.970764937837615, 58.105646135463914], [34.05550241335988, 58.06362632141766], [34.14004059205249, 58.02155038132431], [34.224380003016755, 57.97941853866061], [34.30852117540278, 57.93723101602865], [34.39246463838725, 57.894988035157695], [34.476210921151264, 57.852689816906114], [34.559760552858684, 57.810336581263336], [34.64311406263454, 57.76792854735172], [34.72627197954398, 57.72546593342864], [34.80923483257127, 57.6829489568883], [34.892003150599194, 57.64037783426395], [34.97457746238873, 57.59775278122976], [35.05695829655893, 57.55507401260296], [35.13914618156716, 57.51234174234583], [35.221141645689585, 57.46955618356789], [35.30294521700182, 57.42671754852791], [35.38455742336003, 57.38382604863613], [35.46597879238218, 57.3408818944563], [35.54720985142951, 57.29788529570796], [35.62825112758839, 57.25483646126849], [35.70910314765232, 57.2117355991754], [35.789766438104266, 57.16858291662853], [35.870241525099196, 57.125378619992226], [35.95052893444685, 57.08212291479761], [36.030629191594876, 57.03881600574486], [36.11054282161206, 56.99545809670547], [36.19027034917186, 56.952049390724476], [36.269812298536245, 56.90859009002285], [36.34916919353969, 56.86508039599973], [36.42834155757338, 56.82152050923482], [36.50732991356984, 56.77791062949065], [36.5861347839875, 56.734250955714984], [36.66475669079575, 56.69054168604314], [36.74319615546011, 56.64678301780041], [36.82145369892767, 56.6029751475044], [36.89952984161262, 56.55911827086747], [36.97742510338224, 56.51521258279906], [37.055140003542874, 56.471258277408204], [37.132675060826294, 56.42725554800589], [37.210030793376184, 56.383204587107514], [37.287207718734855, 56.33910558643534], [37.36420635383019, 56.2949587369209], [37.441027214962794, 56.25076422870754], [37.517670817793345, 56.20652225115281], [37.594137677330146, 56.162232992831], [37.67042830791689, 56.11789664153556], [37.74654322322063, 56.073513384281675], [37.8224829362199, 56.029083407308676], [37.89824795919314, 55.98460689608263], [37.9738388037072, 55.9400840352988], [38.04925598060611, 55.895515008884175], [38.1245, 55.85090000000001]]}, "properties": {"fa_flight_id": "RA65689-1562767658-adhoc-0", "registration": "RA-65689", "ident": "RA-65689", "ident_icao": NaN, "origin_code": "L 60.05199 29.65870", "origin_city": "Saint Petersburg", "destination_code": "L 55.85090 38.12450", "destination_city": "Moscow", "scheduled_out": NaN, "estimated_out": NaN, "actual_out": NaN, "scheduled_off": "2019-07-10T14:07:38Z", "estimated_off": "2019-07-10T14:07:38Z", "actual_off": "2019-07-10T14:07:38Z", "scheduled_on": NaN, "estimated_on": NaN, "actual_on": "2019-07-10T14:07:38Z", "scheduled_in": NaN, "estimated_in": NaN, "actual_in": NaN, "status": "result unknown", "route_distance": NaN, "diverted": false, "cancelled": false, "simplified_departure_date": "2019-07-10", "origin_coords": [60.05199, 29.6587], "destination_coords": [55.8509, 38.1245], "is_same_city": false}}, {"type": "Feature", "geometry": {"type": "LineString", "coordinates": [[49.96364, 56.142100000000006], [49.84420270059539, 56.14535638517882], [49.72474551921331, 56.148497565934264], [49.605269166600834, 56.15152350977783], [49.485774354296375, 56.15443418540157], [49.36626179460074, 56.15722956267958], [49.246732200548074, 56.159909612669644], [49.12718628587676, 56.16247430761463], [49.007624765000216, 56.164923620943945], [48.88804835297763, 56.16725752727488], [48.768457765484676, 56.16947600241387], [48.64885371878411, 56.17157902335781], [48.52923692969627, 56.17356656829512], [48.4096081155697, 56.17543861660699], [48.28996799425144, 56.1771951488683], [48.17031728405755, 56.17883614684871], [48.05065670374337, 56.18036159351353], [47.93098697247386, 56.181771473024654], [47.811308809793836, 56.183065770741294], [47.691622935598204, 56.18424447322081], [47.57193007010215, 56.18530756821932], [47.452230933811244, 56.1862550446924], [47.33252624749162, 56.187086892795605], [47.212816732140006, 56.18780310388497], [47.093103108953855, 56.18840367051747], [46.97338609930138, 56.1888885864514], [46.85366642469152, 56.18925784664673], [46.73394480674403, 56.18951144726527], [46.61422196715948, 56.189649385670926], [46.49449862768921, 56.18967166042988], [46.37477551010536, 56.18957827131057], [46.255053336170825, 56.1893692192838], [46.135332827609275, 56.18904450652255], [46.01561470607514, 56.18860413640204], [45.895899693123624, 56.18804811349944], [45.77618851018067, 56.18737644359363], [45.65648187851304, 56.18658913366499], [45.53678051919834, 56.185686191894945], [45.41708515309504, 56.184667627665654], [45.29739650081263, 56.183533451559384], [45.17771528268168, 56.18228367535812], [45.058042218723955, 56.18091831204288], [44.93837802862267, 56.17943737579301], [44.818723431692625, 56.17784088198557], [44.69907914685043, 56.17612884719448], [44.57944589258484, 56.17430128918964], [44.45982438692709, 56.17235822693611], [44.34021534742119, 56.170299680593075], [44.22061949109446, 56.16812567151281], [44.10103753442788, 56.16583622223963], [43.98147019332673, 56.16343135650873], [43.86191818309113, 56.160911099244935], [43.74238221838668, 56.158275476561485], [43.622863013215245, 56.15552451575866], [43.50336128088564, 56.15265824532239], [43.38387773398458, 56.14967669492286], [43.264413084347574, 56.14657989541289], [43.1449680430299, 56.143367878826496], [43.02554332027775, 56.14004067837718], [42.906139625499335, 56.13659832845624], [42.7867576672362, 56.13304086463106], [42.667398153134535, 56.12936832364327], [42.548061789916616, 56.12558074340692], [42.42874928335231, 56.121678163006536], [42.3094613382307, 56.11766062269513], [42.19019865833185, 56.11352816389219], [42.070961946398604, 56.10928082918158], [41.95175190410848, 56.10491866230934], [41.83256923204574, 56.10044170818158], [41.71341462967356, 56.09585001286209], [41.594288795306234, 56.09114362357013], [41.4751924260816, 56.08632258867799], [41.35612621793348, 56.08138695770856], [41.23709086556433, 56.07633678133287], [41.11808706241801, 56.07117211136751], [40.99911550065255, 56.06589300077208], [40.880176871113235, 56.06049950364647], [40.761271863305666, 56.0549916752282], [40.642401165369066, 56.04936957188969], [40.52356546404962, 56.04363325113534], [40.40476544467405, 56.03778277159875], [40.28600179112326, 56.03181819303977], [40.167275185806155, 56.02573957634152], [40.048586309633606, 56.0195469835074], [39.92993584199257, 56.01324047765792], [39.8113244607203, 56.006820123027694], [39.692752842078825, 56.00028598496213], [39.57422166072944, 55.99363812991432], [39.45573158970752, 55.98687662544168], [39.337283300397296, 55.98000154020261], [39.21887746250699, 55.97301294395315], [39.10051474404397, 55.965910907543545], [38.982195811290126, 55.95869550291474], [38.86392132877743, 55.95136680309484], [38.74569195926366, 55.94392488219559], [38.6275083637082, 55.93636981540867], [38.50937120124823, 55.92870167900209], [38.39128112917481, 55.92092055031644], [38.27323880290941, 55.91302650776109], [38.15524487598043, 55.905019630810436], [38.037299999999995, 55.8969]]}, "properties": {"fa_flight_id": "RA65689-1563373581-adhoc-0", "registration": "RA-65689", "ident": "RA-65689", "ident_icao": NaN, "origin_code": "L 56.14210 49.96364", "origin_city": "Kazan", "destination_code": "L 55.89690 38.03730", "destination_city": "Moscow", "scheduled_out": NaN, "estimated_out": NaN, "actual_out": NaN, "scheduled_off": "2019-07-17T14:26:21Z", "estimated_off": "2019-07-17T14:26:21Z", "actual_off": "2019-07-17T14:26:21Z", "scheduled_on": NaN, "estimated_on": NaN, "actual_on": "2019-07-17T14:26:21Z", "scheduled_in": NaN, "estimated_in": NaN, "actual_in": NaN, "status": "result unknown", "route_distance": NaN, "diverted": false, "cancelled": false, "simplified_departure_date": "2019-07-17", "origin_coords": [56.1421, 49.96364], "destination_coords": [55.8969, 38.0373], "is_same_city": false}}, {"type": "Feature", "geometry": {"type": "LineString", "coordinates": [[57.873030000000014, 52.99991], [57.902545219376144, 53.03688801397423], [57.932111102119855, 53.07385871040754], [57.96172779339021, 53.11082206687905], [57.991395438841394, 53.14777806088302], [58.021114184624594, 53.18472666982839], [58.05088417738976, 53.221667871038456], [58.08070556428773, 53.25860164175046], [58.11057849297195, 53.29552795911519], [58.140503111600474, 53.33244680019663], [58.17047956883791, 53.3693581419715], [58.200508013857316, 53.40626196132895], [58.23058859634214, 53.44315823507011], [58.26072146648818, 53.48004693990765], [58.290906775005524, 53.51692805246551], [58.321144673120564, 53.55380154927837], [58.35143531257786, 53.59066740679131], [58.381778845642216, 53.62752560135939], [58.41217542510062, 53.66437610924726], [58.44262520426421, 53.70121890662871], [58.47312833697036, 53.73805396958629], [58.503684977584534, 53.774881274110896], [58.53429528100245, 53.81170079610135], [58.564959402651986, 53.848512511363964], [58.595677498495306, 53.88531639561214], [58.62644972503079, 53.92211242446597], [58.65727623929516, 53.95890057345174], [58.688157198865426, 53.99568081800159], [58.71909276186109, 54.032453133453004], [58.75008308694606, 54.06921749504847], [58.781128333330805, 54.105973877934936], [58.812228660774394, 54.14272225716349], [58.843384229586604, 54.17946260768886], [58.87459520062999, 54.21619490436894], [58.90586173532199, 54.25291912196444], [58.937183995637035, 54.28963523513839], [58.96856214410867, 54.32634321845565], [58.99999634383165, 54.36304304638258], [59.03148675846409, 54.39973469328648], [59.06303355222958, 54.43641813343518], [59.09463688991935, 54.47309334099659], [59.1262969368944, 54.509760290038216], [59.15801385908767, 54.54641895452675], [59.189787823006185, 54.58306930832755], [59.221618995733266, 54.61971132520422], [59.25350754493066, 54.656344978818105], [59.285453638840764, 54.692970242727874], [59.3174574462888, 54.72958709038901], [59.34951913668502, 54.76619549515332], [59.38163888002693, 54.802795430268496], [59.413816846901476, 54.83938686887765], [59.446053208487314, 54.87596978401877], [59.47834813655697, 54.91254414862431], [59.510701803479165, 54.949109935520646], [59.54311438222099, 54.985667117427596], [59.575586046350196, 55.022215666957976], [59.608116970037436, 55.058755556617065], [59.640707328058554, 55.0952867588021], [59.673357295796876, 55.131809245801826], [59.7060670492454, 55.16832298979595], [59.73883676500925, 55.20482796285466], [59.771666620307776, 55.24132413693811], [59.804556792977046, 55.277811483895924], [59.83750746147204, 55.31428997546668], [59.87051880486902, 55.350759583277366], [59.903591002867834, 55.387220278842925], [59.93672423579428, 55.42367203356569], [59.96991868460241, 55.46011481873488], [60.003174530876954, 55.496548605526066], [60.03649195683557, 55.53297336500067], [60.06987114533129, 55.5693890681054], [60.10331227985489, 55.60579568567175], [60.13681554453723, 55.64219318841543], [60.17038112415169, 55.67858154693588], [60.20400920411648, 55.71496073171567], [60.23769997049718, 55.75133071312003], [60.271453610009054, 55.78769146139623], [60.305270310019445, 55.82404294667307], [60.33915025855025, 55.86038513896034], [60.37309364428041, 55.89671800814823], [60.40710065654824, 55.933041524006825], [60.44117148535387, 55.9693556561855], [60.47530632136185, 56.00566037421236], [60.50950535590348, 56.04195564749373], [60.543768780979256, 56.07824144531351], [60.5780967892615, 56.114517736832646], [60.61248957409667, 56.15078449108859], [60.64694732950798, 56.18704167699464], [60.68147025019783, 56.22328926333944], [60.716058531550324, 56.25952721878635], [60.750712369633845, 56.29575551187289], [60.78543196120342, 56.331974111010126], [60.82021750370347, 56.36818298448209], [60.85506919527014, 56.40438210044521], [60.88998723473398, 56.44057142692768], [60.92497182162243, 56.476750931828875], [60.96002315616236, 56.51292058291874], [60.99514143928274, 56.549080347837176], [61.03032687261704, 56.5852301940935], [61.06557965850598, 56.62137008906572], [61.10090000000002, 56.657500000000006]]}, "properties": {"fa_flight_id": "RA65689-1563347862-adhoc-0", "registration": "RA-65689", "ident": "RA-65689", "ident_icao": NaN, "origin_code": "L 52.99991 57.87303", "origin_city": "Magnitogorsk", "destination_code": "L 56.65750 61.10090", "destination_city": "Yekaterinburg", "scheduled_out": NaN, "estimated_out": NaN, "actual_out": NaN, "scheduled_off": "2019-07-17T07:17:42Z", "estimated_off": "2019-07-17T07:17:42Z", "actual_off": "2019-07-17T07:17:42Z", "scheduled_on": NaN, "estimated_on": NaN, "actual_on": "2019-07-17T07:17:42Z", "scheduled_in": NaN, "estimated_in": NaN, "actual_in": NaN, "status": "result unknown", "route_distance": NaN, "diverted": false, "cancelled": false, "simplified_departure_date": "2019-07-17", "origin_coords": [52.99991, 57.87303], "destination_coords": [56.6575, 61.1009], "is_same_city": false}}, {"type": "Feature", "geometry": {"type": "LineString", "coordinates": [[38.42519, 55.70452], [38.5808089347244, 55.684273322628556], [38.73626603821473, 55.663830042193474], [38.891560043714044, 55.643190514470696], [39.046689695098614, 55.622355097796856], [39.20165374691967, 55.6013241530413], [39.35645096444363, 55.58009804357789], [39.51108012369083, 55.55867713525678], [39.665540011472636, 55.53706179637613], [39.819829425427066, 55.51525239765372], [39.973947174052874, 55.493249312198586], [40.12789207674215, 55.47105291548252], [40.28166296381131, 55.44866358531155], [40.435258676530644, 55.4260817017974], [40.5886780671524, 55.40330764732883], [40.74191999893723, 55.380341806543115], [40.89498334617925, 55.35718456629719], [41.04786699422966, 55.33383631563914], [41.200569839518685, 55.310297445779355], [41.35309078957634, 55.2865683500618], [41.50542876305143, 55.26264942393535], [41.657582689729296, 55.23854106492487], [41.80955151054811, 55.21424367260261], [41.961334177613644, 55.1897576485593], [42.11292965421261, 55.165083396375465], [42.26433691482472, 55.14022132159257], [42.41555494513321, 55.11517183168435], [42.566582742034, 55.08993533602803], [42.71741931364349, 55.06451224587556], [42.868063679304946, 55.03890297432502], [43.01851486959361, 55.01310793629183], [43.16877192632031, 54.98712754848018], [43.31883390253387, 54.96096222935435], [43.468699862522065, 54.9346123991102], [43.61836888181139, 54.90807847964659], [43.767840047165414, 54.88136089453693], [43.9171124565819, 54.85446006900071], [44.066185219288556, 54.82737642987505], [44.215057455737714, 54.80011040558655], [44.36372829759943, 54.77266242612278], [44.512196887753724, 54.745032923004224], [44.66046238028122, 54.717222329256074], [44.80852394045286, 54.68923107938018], [44.956380744718246, 54.661059609327], [45.104031980692795, 54.63270835646771], [45.25147684714381, 54.60417775956631], [45.39871455397535, 54.57546825875191], [45.54574432221184, 54.546580295490955], [45.692565383980714, 54.51751431255975], [45.839176982493804, 54.4882707540168], [45.98557837202773, 54.45885006517555], [46.13176881790308, 54.429252692576945], [46.27774759646258, 54.39947908396231], [46.42351399504821, 54.36952968824612], [46.56906731197719, 54.33940495548914], [46.714406856517066, 54.309105336871355], [46.8595319488596, 54.27863128466534], [47.00444192009376, 54.24798325220946], [47.14913611217779, 54.217161693881344], [47.29361387791008, 54.1861670650715], [47.437874580899305, 54.15499982215689], [47.581917595533454, 54.12366042247479], [47.72574230694805, 54.0921493242967], [47.86934811099332, 54.06046698680243], [48.012734414200615, 54.0286138700542], [48.15590063374777, 53.996590434971026], [48.29884619742377, 53.96439714330313], [48.44157054359243, 53.93203445760656], [48.58407312115527, 53.89950284121787], [48.726353389513555, 53.86680275822899], [48.86841081852962, 53.83393467346228], [49.0102448884872, 53.800899052445594], [49.15185509005118, 53.76769636138766], [49.29324092422643, 53.734327067153444], [49.434401902316004, 53.70079163723982], [49.57533754587854, 53.667090539751236], [49.71604738668489, 53.63322424337565], [49.856530966674214, 53.59919321736061], [49.99678783790915, 53.56499793148936], [50.13681756253054, 53.530638856057344], [50.2766197127113, 53.49611646184858], [50.41619387060977, 53.46143122011248], [50.5555396283224, 53.42658360254056], [50.6946565878358, 53.39157408124354], [50.833544360978166, 53.356403128728516], [50.97220256937024, 53.32107121787622], [51.1106308443755, 53.285578821918605], [51.24882882705, 53.24992641441647], [51.38679616809151, 53.21411446923729], [51.52453252778819, 53.17814346053325], [51.662037575966785, 53.142013862719445], [51.79931099194024, 53.105726150452156], [51.93635246445488, 53.06928079860748], [52.073161691637104, 53.032678282259894], [52.209738380939626, 52.99591907666127], [52.34608224908729, 52.9590036572198], [52.48219302202237, 52.9219324994793], [52.618070434849585, 52.88470607909855], [52.753714231780606, 52.84732487183092], [52.88912416607818, 52.809789353504094], [53.0243, 52.7721]]}, "properties": {"fa_flight_id": "RA65689-1563283029-adhoc-0", "registration": "RA-65689", "ident": "RA-65689", "ident_icao": NaN, "origin_code": "L 55.70452 38.42519", "origin_city": "Moscow", "destination_code": "L 52.77210 53.02430", "destination_city": "Oktyabrsky", "scheduled_out": NaN, "estimated_out": NaN, "actual_out": NaN, "scheduled_off": "2019-07-16T13:17:09Z", "estimated_off": "2019-07-16T13:17:09Z", "actual_off": "2019-07-16T13:17:09Z", "scheduled_on": NaN, "estimated_on": NaN, "actual_on": "2019-07-16T13:17:09Z", "scheduled_in": NaN, "estimated_in": NaN, "actual_in": NaN, "status": "result unknown", "route_distance": NaN, "diverted": false, "cancelled": false, "simplified_departure_date": "2019-07-16", "origin_coords": [55.70452, 38.42519], "destination_coords": [52.7721, 53.0243], "is_same_city": false}}, {"type": "Feature", "geometry": {"type": "LineString", "coordinates": [[48.326620000000005, 55.58628], [48.22420580518028, 55.59401005677162], [48.121751475359005, 55.60165473668246], [48.01925742959613, 55.60921398200655], [47.916724088128255, 55.616687735612864], [47.8141518723577, 55.6240759409673], [47.711541204841545, 55.631378542134776], [47.60889250928052, 55.638595483781216], [47.50620621050794, 55.645726711175655], [47.4034827344784, 55.65277217019216], [47.30072250825646, 55.65973180731181], [47.197925960005335, 55.66660556962468], [47.09509351897531, 55.67339340483181], [46.99222561549232, 55.680095261247054], [46.889322680946215, 55.68671108779903], [46.7863851477791, 55.69324083403297], [46.683413449473576, 55.6996844501126], [46.580408020540844, 55.70604188682196], [46.47736929650882, 55.712313095567254], [46.37429771391003, 55.71849802837859], [46.2711937102697, 55.72459663791183], [46.168057724093444, 55.73060887745028], [46.064890194855096, 55.73653470090644], [45.961691562984456, 55.74237406282375], [45.85846226985489, 55.74812691837827], [45.755202757770846, 55.75379322338029], [45.651913469955446, 55.759372934276065], [45.54859485053787, 55.76486600814941], [45.44524734454066, 55.770272402723265], [45.34187139786713, 55.7755920763613], [45.238467457288486, 55.78082498806953], [45.135035970431055, 55.78597109749777], [45.031577385763384, 55.79103036494119], [44.92809215258322, 55.7960027513418], [44.82458072100456, 55.80088821828995], [44.72104354194451, 55.80568672802569], [44.61748106711017, 55.8103982434403], [44.51389374898541, 55.81502272807761], [44.41028204081764, 55.81956014613541], [44.30664639660444, 55.82401046246684], [44.202987271080204, 55.82837364258161], [44.099305119702734, 55.832649652647426], [43.99560039863972, 55.83683845949121], [43.89187356475519, 55.84094003060036], [43.788125075595936, 55.84495433412399], [43.6843553893779, 55.84888133887416], [43.58056496497239, 55.85272101432703], [43.47675426189243, 55.85647333062405], [43.37292374027889, 55.860138258573066], [43.2690738608867, 55.86371576964946], [43.16520508507093, 55.86720583599724], [43.06131787477283, 55.87060843043007], [42.95741269250591, 55.873923526432336], [42.85349000134187, 55.87715109816015], [42.74955026489656, 55.880291120442344], [42.64559394731585, 55.88334356878144], [42.541621513261504, 55.88630841935456], [42.437633427896955, 55.88918564901436], [42.33363015687315, 55.89197523528993], [42.22961216631418, 55.894677156387615], [42.12557992280308, 55.89729139119189], [42.02153389336744, 55.89981791926616], [41.91747454546503, 55.90225672085354], [41.813402346969454, 55.904607776877626], [41.70931776615562, 55.906871068943175], [41.60522127168538, 55.90904657933691], [41.50111333259295, 55.911134291028134], [41.39699441827044, 55.91313418766939], [41.292864998453254, 55.91504625359711], [41.18872554320557, 55.91687047383219], [41.08457652290567, 55.91860683408065], [40.98041840823137, 55.92025532073403], [40.876251670145344, 55.92181592087009], [40.77207677988042, 55.92328862225317], [40.66789420892494, 55.924673413334766], [40.56370442900804, 55.925970283253896], [40.45950791208485, 55.927179221837555], [40.35530513032183, 55.92830021960115], [40.25109655608195, 55.92933326774876], [40.14688266190993, 55.93027835817357], [40.04266392051741, 55.93113548345816], [39.93844080476822, 55.93190463687477], [39.83421378766346, 55.9325858123856], [39.72998334232672, 55.933179004642966], [39.62574994198926, 55.933684208989625], [39.52151405997514, 55.93410142145885], [39.417276169686296, 55.93443063877463], [39.313036744587805, 55.9346718583518], [39.20879625819292, 55.93482507829612], [39.10455518404824, 55.934890297404394], [39.00031399571883, 55.93486751516441], [38.89607316677332, 55.93475673175512], [38.79183317076908, 55.93455794804648], [38.687594481237284, 55.93427116559951], [38.58335757166811, 55.9338963866662], [38.4791229154958, 55.933433614189425], [38.37489098608383, 55.93288285180284], [38.27066225671005, 55.93224410383074], [38.16643720055182, 55.931517375287875], [38.06221629067118, 55.93070267187927], [37.958, 55.9298]]}, "properties": {"fa_flight_id": "RA65689-1563967551-adhoc-0", "registration": "RA-65689", "ident": "RA-65689", "ident_icao": NaN, "origin_code": "L 55.58628 48.32662", "origin_city": "Kazan", "destination_code": "L 55.92980 37.95800", "destination_city": "Moscow", "scheduled_out": NaN, "estimated_out": NaN, "actual_out": NaN, "scheduled_off": "2019-07-24T11:25:51Z", "estimated_off": "2019-07-24T11:25:51Z", "actual_off": "2019-07-24T11:25:51Z", "scheduled_on": NaN, "estimated_on": NaN, "actual_on": "2019-07-24T11:25:51Z", "scheduled_in": NaN, "estimated_in": NaN, "actual_in": NaN, "status": "result unknown", "route_distance": NaN, "diverted": false, "cancelled": false, "simplified_departure_date": "2019-07-24", "origin_coords": [55.58628, 48.32662], "destination_coords": [55.9298, 37.958], "is_same_city": false}}, {"type": "Feature", "geometry": {"type": "LineString", "coordinates": [[38.46161, 55.78479], [38.586011364691394, 55.76632851265504], [38.71029457101126, 55.747741518928855], [38.83445901525107, 55.72902922580473], [38.95850409856035, 55.71019184120997], [39.08242922695428, 55.69122957400581], [39.20623381132103, 55.67214263397721], [39.329917267428435, 55.652931231822706], [39.45347901593047, 55.633595579144256], [39.576918482373166, 55.61413588843709], [39.70023509720016, 55.59455237307946], [39.823428295757815, 55.57484524732265], [39.94649751829992, 55.55501472628061], [40.06944220999206, 55.53506102591994], [40.192261820915384, 55.514984363049614], [40.314955806070216, 55.49478495531096], [40.43752362537902, 55.47446302116737], [40.559964743689164, 55.45401877989424], [40.68227863077515, 55.433452451568805], [40.80446476134054, 55.41276425706001], [40.92652261501935, 55.391954418018386], [41.04845167637725, 55.3710231568659], [41.17025143491223, 55.349970696785896], [41.291921385054884, 55.32879726171302], [41.41346102616839, 55.30750307632305], [41.534869862548064, 55.286088366022916], [41.65614740342049, 55.264553356940596], [41.777293162942385, 55.242898275915046], [41.898306660199005, 55.22112335048628], [42.019187419202154, 55.199228808885245], [42.13993496888799, 55.177214880023875], [42.26054884311425, 55.155081793485124], [42.38102858065727, 55.132829779512996], [42.501373725208616, 55.110459069002594], [42.62158382537128, 55.08796989349021], [42.7416584346557, 55.06536248514344], [42.86159711147517, 55.04263707675129], [42.98139941914122, 55.01979390171431], [43.101064925858374, 54.99683319403482], [43.22059320471875, 54.973755188307024], [43.33998383369623, 54.95056011970726], [43.45923639564038, 54.92724822398429], [43.57835047826994, 54.90381973744948], [43.697325674166066, 54.880274896967144], [43.816161580765275, 54.856613939944864], [43.93485780035192, 54.83283710432384], [44.05341394005057, 54.808944628569236], [44.171829611817905, 54.78493675166064], [44.29010443243438, 54.76081371308244], [44.40823802349556, 54.73657575281437], [44.52623001140314, 54.7122231113219], [44.64408002735579, 54.687756029546875], [44.76178770733947, 54.66317474889802], [44.87935269211767, 54.63847951124153], [44.9967746272213, 54.61367055889172], [45.11405316293823, 54.5887481346017], [45.231187954302634, 54.563712481554035], [45.348178661084, 54.538563843351504], [45.46502494777593, 54.51330246400786], [45.58172648358462, 54.48792858793866], [45.69828294241705, 54.46244245995206], [45.81469400286901, 54.43684432523971], [45.93095934821277, 54.41113442936773], [46.04707866638456, 54.385313018267574], [46.16305164997171, 54.35938033822707], [46.278877996199704, 54.33333663588147], [46.39455740691881, 54.30718215820452], [46.51008958859058, 54.280917152499526], [46.62547425227407, 54.254541866390554], [46.74071111361186, 54.22805654781363], [46.85579989281581, 54.20146144500795], [46.97074031465262, 54.17475680650716], [47.08553210842911, 54.147942881130746], [47.20017500797738, 54.12101991797529], [47.31466875163965, 54.09398816640596], [47.429013082252965, 54.06684787604794], [47.543207747133614, 54.039599296777894], [47.657252498061496, 54.01224267871559], [47.771147091264055, 53.984778272215394], [47.88489128740025, 53.957206327857925], [47.99848485154413, 53.92952709644181], [48.11192755316841, 53.90174082897528], [48.225219166127644, 53.87384777666803], [48.33835946864151, 53.84584819092299], [48.451348243277536, 53.81774232332822], [48.564185276934005, 53.78953042564879], [48.67687036082245, 53.76121274981876], [48.7894032904501, 53.732789547933116], [48.90178386560214, 53.704261072239966], [49.01401189032373, 53.67562757513247], [49.12608717290199, 53.6468893091411], [49.23800952584774, 53.61804652692584], [49.34977876587711, 53.58909948126832], [49.46139471389301, 53.560048425064245], [49.572857194966446, 53.53089361131567], [49.6841660383177, 53.5016352931234], [49.79532107729738, 53.47227372367945], [49.90632214936729, 53.44280915625952], [50.01716909608122, 53.41324184421553], [50.12786176306561, 53.383572040968275], [50.238400000000006, 53.3538]]}, "properties": {"fa_flight_id": "RA65689-1563949428-adhoc-0", "registration": "RA-65689", "ident": "RA-65689", "ident_icao": NaN, "origin_code": "L 55.78479 38.46161", "origin_city": "Moscow", "destination_code": "L 53.35380 50.23840", "destination_city": "Samara", "scheduled_out": NaN, "estimated_out": NaN, "actual_out": NaN, "scheduled_off": "2019-07-24T06:23:48Z", "estimated_off": "2019-07-24T06:23:48Z", "actual_off": "2019-07-24T06:23:48Z", "scheduled_on": NaN, "estimated_on": NaN, "actual_on": "2019-07-24T06:23:48Z", "scheduled_in": NaN, "estimated_in": NaN, "actual_in": NaN, "status": "result unknown", "route_distance": NaN, "diverted": false, "cancelled": false, "simplified_departure_date": "2019-07-24", "origin_coords": [55.78479, 38.46161], "destination_coords": [53.3538, 50.2384], "is_same_city": false}}, {"type": "Feature", "geometry": {"type": "LineString", "coordinates": [[32.01708, 59.419109999999996], [32.084399750799726, 59.384909653957365], [32.15158375757571, 59.35067471096956], [32.218632341942076, 59.31640528780964], [32.28554582531531, 59.28210150084833], [32.352324528906976, 59.247763466054884], [32.41896877371651, 59.213391298998125], [32.48547888052407, 59.17898511484736], [32.551855169883524, 59.14454502837324], [32.61809796211549, 59.11007115394892], [32.68420757730051, 59.075563605550855], [32.750184335272245, 59.04102249675982], [32.816028555610785, 59.00644794076191], [32.88174055763613, 58.971840050349485], [32.94732066040157, 58.937198937922155], [33.01276918268733, 58.90252471548775], [33.07808644299423, 58.86781749466339], [33.14327275953738, 58.83307738667635], [33.20832845024006, 58.79830450236517], [33.27325383272759, 58.763498952180555], [33.3380492243213, 58.728660846186465], [33.402714942032674, 58.69379029406106], [33.46725130255741, 58.658887405097765], [33.53165862226971, 58.6239522882062], [33.595937217216544, 58.5889850519133], [33.66008740311208, 58.55398580436422], [33.7241094953321, 58.518954653323426], [33.788003808908584, 58.48389170617574], [33.851770658524266, 58.44879706992729], [33.91541035850741, 58.41367085120659], [33.97892322282645, 58.37851315626554], [34.042309565084985, 58.343324090980545], [34.10556969851654, 58.308103760853385], [34.168703935979686, 58.27285227101244], [34.23171258995299, 58.23756972621359], [34.29459597253019, 58.202256230841314], [34.35735439541543, 58.16691188890972], [34.41998816991844, 58.131536804063636], [34.48249760694998, 58.096131079579585], [34.54488301701718, 58.06069481836687], [34.60714471021904, 58.02522812296866], [34.66928299624199, 57.98973109556293], [34.731298184355445, 57.95420383796368], [34.7931905834076, 57.91864645162183], [34.85496050182104, 57.88305903762639], [34.91660824758866, 57.84744169670547], [34.978134128269474, 57.8117945292273], [35.03953845098459, 57.7761176352014], [35.10082152241321, 57.74041111427954], [35.1619836487887, 57.704675065756824], [35.223025135894666, 57.66890958857281], [35.28394628906127, 57.6331147813125], [35.34474741316135, 57.59729074220745], [35.40542881260679, 57.561437569136785], [35.46599079134495, 57.52555535962837], [35.526433652855, 57.489644210859765], [35.586757700144446, 57.453704219659336], [35.646963235745766, 57.417735482507325], [35.70705056171288, 57.381738095536925], [35.76701997961794, 57.345712154535356], [35.82687179054797, 57.30965775494487], [35.886606295101686, 57.27357499186391], [35.94622379338634, 57.237463960048146], [36.005724585014576, 57.201324753911514], [36.06510896910144, 57.1651574675273], [36.12437724426129, 57.128962194629224], [36.183529708604944, 57.092739028612534], [36.24256665973672, 57.05648806253502], [36.301488394751615, 57.02020938911811], [36.36029521023256, 56.983903100747945], [36.41898740224762, 56.947569289476434], [36.47756526634735, 56.91120804702234], [36.536029097562135, 56.874819464772344], [36.594379190399636, 56.8384036337821], [36.65261583884224, 56.801960644777296], [36.71073933634458, 56.76549058815478], [36.76874997583104, 56.72899355398354], [36.826648049693524, 56.69246963200582], [36.88443384978892, 56.65591891163822], [36.942107667436936, 56.61934148197266], [36.9996697934178, 56.582737431777566], [37.057120517970105, 56.5461068494988], [37.11446013078858, 56.509449823260866], [37.171688921022074, 56.47276644086787], [37.228807177271385, 56.436056789804596], [37.285815187587346, 56.39932095723763], [37.34271323946877, 56.362559030016286], [37.39950161986056, 56.32577109467386], [37.45618061515178, 56.28895723742848], [37.512750511173856, 56.2521175441843], [37.56921159319872, 56.21525210053256], [37.62556414593712, 56.1783609917525], [37.681808453536775, 56.14144430281256], [37.73794479958083, 56.1045021183714], [37.793973467086104, 56.06753452277886], [37.84989473850158, 56.03054160007715], [37.90570889570675, 55.99352343400179], [37.96141622001017, 55.95648010798269], [38.017016992147944, 55.91941170514522], [38.07251149228225, 55.88231830831119], [38.12789999999998, 55.8452]]}, "properties": {"fa_flight_id": "RA65689-1563808529-adhoc-0", "registration": "RA-65689", "ident": "RA-65689", "ident_icao": NaN, "origin_code": "L 59.41911 32.01708", "origin_city": "Saint Petersburg", "destination_code": "L 55.84520 38.12790", "destination_city": "Moscow", "scheduled_out": NaN, "estimated_out": NaN, "actual_out": NaN, "scheduled_off": "2019-07-22T15:15:29Z", "estimated_off": "2019-07-22T15:15:29Z", "actual_off": "2019-07-22T15:15:29Z", "scheduled_on": NaN, "estimated_on": NaN, "actual_on": "2019-07-22T15:15:29Z", "scheduled_in": NaN, "estimated_in": NaN, "actual_in": NaN, "status": "result unknown", "route_distance": NaN, "diverted": false, "cancelled": false, "simplified_departure_date": "2019-07-22", "origin_coords": [59.41911, 32.01708], "destination_coords": [55.8452, 38.1279], "is_same_city": false}}, {"type": "Feature", "geometry": {"type": "LineString", "coordinates": [[38.29501, 55.82205], [38.22562920803481, 55.86789081444875], [38.15608451536467, 55.91369251595967], [38.08637539229951, 55.959454944536645], [38.016501307861986, 56.005177939463415], [37.94646172979238, 56.05086133930064], [37.876256124553734, 56.096504981882774], [37.80588395733701, 56.1421087043152], [37.73534469206648, 56.18767234297112], [37.66463779140522, 56.23319573348859], [37.59376271676086, 56.2786787107675], [37.5227189282913, 56.32412110896652], [37.45150588491076, 56.369522761500136], [37.38012304429589, 56.41488350103557], [37.308569862892064, 56.46020315948978], [37.236845795919855, 56.50548156802643], [37.164950297381615, 56.55071855705288], [37.09288282006832, 56.59591395621708], [37.0206428155665, 56.64106759440461], [36.948229734265304, 56.68617929973559], [36.8756430253639, 56.73124889956173], [36.802882136878864, 56.77627622046312], [36.72994651565188, 56.82126108824535], [36.65683560735753, 56.86620332793644], [36.58354885651127, 56.91110276378369], [36.51008570647773, 56.95595921925077], [36.436445599478965, 57.0007725170146], [36.36262797660308, 57.04554247896234], [36.28863227781296, 57.09026892618831], [36.214457941955224, 57.134951678990966], [36.14010440676936, 57.17959055686989], [36.06557110889703, 57.22418537852269], [35.99085748389166, 57.26873596184204], [35.91596296622808, 57.31324212391252], [35.84088698931257, 57.35770368100772], [35.76562898549292, 57.402120448587105], [35.69018838606881, 57.446492241292994], [35.614564621302385, 57.49081887294759], [35.53875712042897, 57.53510015654992], [35.46276531166815, 57.579335904272774], [35.38658862223489, 57.62352592745973], [35.31022647835103, 57.66767003662213], [35.23367830525688, 57.71176804143606], [35.156943527223135, 57.755819750739306], [35.080021567562994, 57.7998249725285], [35.00291184864444, 57.84378351395585], [34.92561379190282, 57.887695181326414], [34.848126817853725, 57.93155978009502], [34.77045034610594, 57.97537711486317], [34.692583795374766, 58.01914698937624], [34.61452658349554, 58.062869206520396], [34.53627812743745, 58.10654356831969], [34.45783784331747, 58.15016987593306], [34.37920514641474, 58.193747929651416], [34.30037945118501, 58.23727752889467], [34.22136017127549, 58.28075847220887], [34.14214671953984, 58.32419055726318], [34.06273850805352, 58.36757358084701], [33.98313494812935, 58.41090733886718], [33.903335450333365, 58.45419162634489], [33.823339424500894, 58.49742623741294], [33.74314627975302, 58.540610965312815], [33.662755424513136, 58.58374560239185], [33.582166266524005, 58.62682994010035], [33.50137821286492, 58.66986376898873], [33.420390669969194, 58.71284687870472], [33.33920304364205, 58.75577905799059], [33.25781473907864, 58.79866009468029], [33.17622516088242, 58.8414897756966], [33.09443371308388, 58.88426788704855], [33.01243979915952, 58.926994213828436], [32.93024282205112, 58.96966854020923], [32.847842184185296, 59.012290649441795], [32.76523728749349, 59.05486032385215], [32.682427533432076, 59.09737734483884], [32.59941232300297, 59.13984149287016], [32.516191056774424, 59.182252547481575], [32.43276313490221, 59.224610287273], [32.3491279571511, 59.2669144899063], [32.26528492291669, 59.309164932102455], [32.18123343124755, 59.351361389639244], [32.09697288086765, 59.393503637348445], [32.01250267019927, 59.43559144911343], [31.927822197386057, 59.477624597866544], [31.842930860316567, 59.51960285558667], [31.757828056648112, 59.56152599329668], [31.672513183830905, 59.60339378106102], [31.586985639132656, 59.64520598798326], [31.50124481966341, 59.68696238220363], [31.415290122400855, 59.7286627308967], [31.329120944215866, 59.77030680026895], [31.24273668189855, 59.81189435555646], [31.15613673218453, 59.85342516102263], [31.069320491781713, 59.89489897995576], [30.98228735739732, 59.93631557466698], [30.895036725765383, 59.977674706487804], [30.807567993674574, 60.01897613576813], [30.719880557996458, 60.060219621873884], [30.631973815714016, 60.10140492318499], [30.543847163950748, 60.14253179709318], [30.455499999999997, 60.1836]]}, "properties": {"fa_flight_id": "RA65689-1563797402-adhoc-0", "registration": "RA-65689", "ident": "RA-65689", "ident_icao": NaN, "origin_code": "L 55.82205 38.29501", "origin_city": "Moscow", "destination_code": "L 60.18360 30.45550", "destination_city": "Saint Petersburg", "scheduled_out": NaN, "estimated_out": NaN, "actual_out": NaN, "scheduled_off": "2019-07-22T12:10:02Z", "estimated_off": "2019-07-22T12:10:02Z", "actual_off": "2019-07-22T12:10:02Z", "scheduled_on": NaN, "estimated_on": NaN, "actual_on": "2019-07-22T12:10:02Z", "scheduled_in": NaN, "estimated_in": NaN, "actual_in": NaN, "status": "result unknown", "route_distance": NaN, "diverted": false, "cancelled": false, "simplified_departure_date": "2019-07-22", "origin_coords": [55.82205, 38.29501], "destination_coords": [60.1836, 30.4555], "is_same_city": false}}, {"type": "Feature", "geometry": {"type": "LineString", "coordinates": [[37.68342, 56.13508], [37.58229043742745, 56.11600523648714], [37.481261308242956, 56.096847940730314], [37.380332872578016, 56.077608254374574], [37.27950538798033, 56.058286319353726], [37.1787791094168, 56.03888227788605], [37.078154289276675, 56.01939627247002], [36.9776311773749, 55.99982844588009], [36.87721002095549, 55.98017894116252], [36.77689106469511, 55.960447901631056], [36.6766745507067, 55.94063547086287], [36.57656071854327, 55.92074179269424], [36.47654980520182, 55.90076701121643], [36.37664204512729, 55.88071127077158], [36.276837670216786, 55.86057471594843], [36.177136909823716, 55.84035749157827], [36.07753999076221, 55.82005974273078], [35.978047137311606, 55.79968161470991], [35.87865857122096, 55.779223253049786], [35.779374511713804, 55.75868480351058], [35.68019517549291, 55.73806641207451], [35.58112077674519, 55.71736822494168], [35.482151527146726, 55.69659038852607], [35.38328763586787, 55.675733049451544], [35.284529309578495, 55.65479635454771], [35.18587675245326, 55.63378045084601], [35.08733016617711, 55.61268548557566], [34.98888974995072, 55.59151160615974], [34.8905557004962, 55.5702589602111], [34.79232821206275, 55.548927695528526], [34.69420747643249, 55.52751796009275], [34.59619368292642, 55.506029902062494], [34.49828701841039, 55.48446366977062], [34.40048766730119, 55.46281941172017], [34.3027958115728, 55.44109727658052], [34.2052116307626, 55.41929741318356], [34.1077353019778, 55.39741997051972], [34.010366999901876, 55.375465097734256], [33.913106896801125, 55.35343294412337], [33.81595516253133, 55.3313236591304], [33.718911964544425, 55.3091373923421], [33.621977467895356, 55.28687429348477], [33.52515183524891, 55.26453451242059], [33.42843522688676, 55.2421181991438], [33.33182780071445, 55.219625503777074], [33.235329712268516, 55.19705657656774], [33.13894111472378, 55.17441156788409], [33.04266215890052, 55.151690628211774], [32.94649299327191, 55.128893908150076], [32.850433763971424, 55.106021558408294], [32.75448461480031, 55.083073729802145], [32.65864568723525, 55.06005057325017], [32.56291712043592, 55.036952239770066], [32.46729905125276, 55.01377888047523], [32.371791614234745, 54.9905306465711], [32.27639494163724, 54.96720768935172], [32.18110916342995, 54.94381016019615], [32.08593440730484, 54.92033821056502], [31.990870798684245, 54.896791991997006], [31.89591846072896, 54.8731716561054], [31.801077514346424, 54.84947735457465], [31.706348078198936, 54.825709239156964], [31.611730268711963, 54.80186746166883], [31.51722420008251, 54.777952173987735], [31.422829984287493, 54.753963528048686], [31.328547731092232, 54.729901675840935], [31.23437754805897, 54.70576676940464], [31.140319540555435, 54.68155896082745], [31.046373811763466, 54.657278402241374], [30.952540462687757, 54.632925245819365], [30.85881959216448, 54.60849964377214], [30.76521129687014, 54.58400174834488], [30.671715671330396, 54.55943171181407], [30.57833280792891, 54.53478968648429], [30.485062796916285, 54.51007582468492], [30.39190572641905, 54.48529027876717], [30.29886168244865, 54.46043320110078], [30.2059307489105, 54.43550474407095], [30.113113007613098, 54.4105050600752], [30.020408538277156, 54.3854343015204], [29.92781741854478, 54.360292620819514], [29.835339723988675, 54.33508017038871], [29.742975528121445, 54.309797102644225], [29.650724902404804, 54.28444356999944], [29.55858791625901, 54.25901972486182], [29.466564637072135, 54.23352571963001], [29.37465513020952, 54.20796170669078], [29.28285945902319, 54.18232783841622], [29.191177684861305, 54.15662426716073], [29.09960986707767, 54.13085114525817], [29.008156063041277, 54.10500862501895], [28.91681632814581, 54.079096858727226], [28.82559071581925, 54.05311599863805], [28.734479277533513, 54.027066196974495], [28.643482062814037, 54.00094760592497], [28.552599119249482, 53.97476037764034], [28.46183049250138, 53.948504664231194], [28.371176226313892, 53.92218061776516], [28.280636362523484, 53.895788390264144], [28.19021094106871, 53.86932813370162], [28.099899999999998, 53.8428]]}, "properties": {"fa_flight_id": "RA65689-1573030875-adhoc-0", "registration": "RA-65689", "ident": "RA-65689", "ident_icao": NaN, "origin_code": "L 56.13508 37.68342", "origin_city": "Moscow", "destination_code": "L 53.84280 28.09990", "destination_city": "Minsk", "scheduled_out": NaN, "estimated_out": NaN, "actual_out": NaN, "scheduled_off": "2019-11-06T09:01:15Z", "estimated_off": "2019-11-06T09:01:15Z", "actual_off": "2019-11-06T09:01:15Z", "scheduled_on": NaN, "estimated_on": NaN, "actual_on": "2019-11-06T09:01:15Z", "scheduled_in": NaN, "estimated_in": NaN, "actual_in": NaN, "status": "result unknown", "route_distance": NaN, "diverted": false, "cancelled": false, "simplified_departure_date": "2019-11-06", "origin_coords": [56.13508, 37.68342], "destination_coords": [53.8428, 28.0999], "is_same_city": false}}, {"type": "Feature", "geometry": {"type": "LineString", "coordinates": [[28.06657, 54.011329999999994], [28.067628026971136, 54.009321957252276], [28.06868595183782, 54.007313905215774], [28.069743774616963, 54.00530584389206], [28.070801495325473, 54.00329777328271], [28.071859113980235, 54.00128969338931], [28.072916630598147, 53.99928160421344], [28.073974045196113, 53.997273505756674], [28.075031357791012, 53.99526539802059], [28.07608856839973, 53.99325728100678], [28.07714567703915, 53.99124915471682], [28.07820268372615, 53.98924101915226], [28.0792595884776, 53.98723287431473], [28.080316391310372, 53.98522472020575], [28.081373092241336, 53.98321655682694], [28.082429691287356, 53.98120838417986], [28.08348618846529, 53.97920020226608], [28.08454258379199, 53.977192011087205], [28.08559887728432, 53.97518381064477], [28.086655068959118, 53.97317560094038], [28.087711158833233, 53.9711673819756], [28.088767146923512, 53.969159153751995], [28.089823033246795, 53.967150916271166], [28.090878817819913, 53.965142669534664], [28.0919345006597, 53.96313441354407], [28.092990081782983, 53.96112614830096], [28.09404556120659, 53.9591178738069], [28.09510093894733, 53.957109590063475], [28.09615621502204, 53.95510129707225], [28.09721138944752, 53.95309299483478], [28.098266462240588, 53.95108468335267], [28.09932143341805, 53.949076362627466], [28.100376302996715, 53.94706803266075], [28.101431070993367, 53.9450596934541], [28.102485737424814, 53.94305134500906], [28.10354030230786, 53.94104298732722], [28.10459476565927, 53.93903462041016], [28.105649127495848, 53.937026244259435], [28.10670338783438, 53.9350178588766], [28.107757546691637, 53.93300946426324], [28.108811604084387, 53.93100106042093], [28.109865560029416, 53.92899264735124], [28.110919414543485, 53.926984225055705], [28.111973167643363, 53.92497579353593], [28.113026819345812, 53.922967352793464], [28.114080369667594, 53.92095890282987], [28.115133818625456, 53.91895044364673], [28.11618716623615, 53.916941975245585], [28.117240412516423, 53.91493349762803], [28.11829355748304, 53.912925010795604], [28.11934660115271, 53.910916514749886], [28.120399543542177, 53.90890800949244], [28.121452384668196, 53.906899495024845], [28.122505124547484, 53.904890971348635], [28.123557763196764, 53.9028824384654], [28.124610300632767, 53.900873896376666], [28.1256627368722, 53.89886534508403], [28.12671507193179, 53.89685678458905], [28.127767305828257, 53.894848214893294], [28.1288194385783, 53.89283963599829], [28.129871470198626, 53.89083104790564], [28.13092340070594, 53.88882245061688], [28.131975230116932, 53.88681384413358], [28.133026958448312, 53.8848052284573], [28.13407858571676, 53.882796603589604], [28.13513011193898, 53.88078796953203], [28.136181537131637, 53.87877932628618], [28.13723286131143, 53.87677067385357], [28.13828408449502, 53.874762012235784], [28.139335206699098, 53.87275334143436], [28.140386227940322, 53.870744661450885], [28.141437148235372, 53.868735972286885], [28.142487967600903, 53.86672727394395], [28.14353868605358, 53.86471856642362], [28.14458930361006, 53.862709849727445], [28.14563982028699, 53.860701123856984], [28.146690236101033, 53.8586923888138], [28.147740551068825, 53.856683644599464], [28.148790765207025, 53.854674891215495], [28.149840878532245, 53.85266612866347], [28.15089089106115, 53.85065735694495], [28.151940802810355, 53.84864857606148], [28.1529906137965, 53.846639786014606], [28.154040324036206, 53.84463098680588], [28.155089933546083, 53.84262217843689], [28.156139442342784, 53.84061336090916], [28.157188850442893, 53.83860453422423], [28.158238157863035, 53.8365956983837], [28.159287364619818, 53.83458685338907], [28.16033647072984, 53.83257799924192], [28.161385476209713, 53.83056913594378], [28.162434381076036, 53.82856026349624], [28.163483185345395, 53.82655138190082], [28.164531889034386, 53.82454249115907], [28.165580492159606, 53.82253359127256], [28.166628994737625, 53.82052468224282], [28.167677396785024, 53.818515764071414], [28.16872569831839, 53.81650683675987], [28.169773899354293, 53.81449790030977], [28.170821999909307, 53.81248895472262], [28.17187, 53.81048]]}, "properties": {"fa_flight_id": "RA65689-1663929208-adhoc-0", "registration": "RA-65689", "ident": "RA-65689", "ident_icao": NaN, "origin_code": "L 54.01133 28.06657", "origin_city": "Minsk", "destination_code": "L 53.81048 28.17187", "destination_city": "Minsk", "scheduled_out": NaN, "estimated_out": NaN, "actual_out": NaN, "scheduled_off": "2022-09-23T10:33:28Z", "estimated_off": "2022-09-23T10:33:28Z", "actual_off": "2022-09-23T10:33:28Z", "scheduled_on": NaN, "estimated_on": NaN, "actual_on": "2022-09-23T10:33:28Z", "scheduled_in": NaN, "estimated_in": NaN, "actual_in": NaN, "status": "result unknown", "route_distance": NaN, "diverted": false, "cancelled": false, "simplified_departure_date": "2022-09-23", "origin_coords": [54.01133, 28.06657], "destination_coords": [53.81048, 28.17187], "is_same_city": false}}, {"type": "Feature", "geometry": {"type": "LineString", "coordinates": [[28.2159, 54.10915], [28.223216010390427, 54.10671421158341], [28.230531161220696, 54.104277979535375], [28.23784545251224, 54.10184130394772], [28.24515888428661, 54.09940418491229], [28.252471456565388, 54.09696662252089], [28.259783169370284, 54.09452861686533], [28.26709402272306, 54.092090168037416], [28.27440401664557, 54.08965127612893], [28.28171315115974, 54.08721194123169], [28.289021426287597, 54.08477216343744], [28.296328842051224, 54.08233194283797], [28.3036353984728, 54.07989127952502], [28.310941095574584, 54.07745017359037], [28.318245933378932, 54.07500862512575], [28.32554991190824, 54.072566634222895], [28.33285303118502, 54.07012420097353], [28.34015529123186, 54.067681325469394], [28.347456692071397, 54.06523800780218], [28.35475723372641, 54.062794248063604], [28.362056916219704, 54.06035004634536], [28.36935573957418, 54.057905402739124], [28.376653703812828, 54.05546031733659], [28.383950808958723, 54.05301479022942], [28.391247055035002, 54.05056882150929], [28.3985424420649, 54.04812241126784], [28.405836970071718, 54.045675559596724], [28.41313063907885, 54.04322826658758], [28.420423449109755, 54.040780532332036], [28.427715400187992, 54.038332356921714], [28.435006492337195, 54.03588374044823], [28.44229672558106, 54.03343468300318], [28.449586099943385, 54.03098518467816], [28.456874615448044, 54.02853524556478], [28.46416227211898, 54.02608486575461], [28.471449069980213, 54.02363404533921], [28.478735009055885, 54.02118278441015], [28.48602008937016, 54.01873108305898], [28.493304310947313, 54.016278941377266], [28.50058767381169, 54.01382635945653], [28.507870177987733, 54.01137333738831], [28.515151823499945, 54.00891987526411], [28.522432610372917, 54.00646597317545], [28.529712538631312, 54.00401163121385], [28.53699160829989, 54.001556849470795], [28.54426981940346, 53.99910162803778], [28.551547171966956, 53.99664596700628], [28.55882366601534, 53.99418986646776], [28.56609930157369, 53.99173332651369], [28.573374078667158, 53.98927634723552], [28.58064799732096, 53.98681892872471], [28.587921057560397, 53.984361071072655], [28.595193259410877, 53.98190277437084], [28.602464602897832, 53.97944403871066], [28.60973508804682, 53.976984864183514], [28.617004714883457, 53.97452525088082], [28.624273483433445, 53.97206519889397], [28.63154139372257, 53.96960470831436], [28.638808445776686, 53.96714377923335], [28.646074639621713, 53.96468241174232], [28.6533399752837, 53.96222060593263], [28.66060445278872, 53.959758361895624], [28.66786807216295, 53.957295679722655], [28.675130833432647, 53.954832559505064], [28.682392736624134, 53.952369001334155], [28.68965378176383, 53.94990500530127], [28.696913968878214, 53.9474405714977], [28.704173297993858, 53.94497570001475], [28.711431769137413, 53.942510390943724], [28.71868938233558, 53.9400446443759], [28.725946137615185, 53.937578460402534], [28.73320203500311, 53.935111839114924], [28.740457074526294, 53.9326447806043], [28.747711256211783, 53.93017728496193], [28.754964580086696, 53.92770935227903], [28.76221704617822, 53.92524098264687], [28.769468654513634, 53.922772176156634], [28.776719405120275, 53.92030293289957], [28.78396929802558, 53.91783325296686], [28.79121833325705, 53.9153631364497], [28.79846651084227, 53.91289258343928], [28.805713830808905, 53.9104215940268], [28.812960293184684, 53.90795016830341], [28.820205897997436, 53.905478306360266], [28.827450645275043, 53.90300600828855], [28.834694535045486, 53.90053327417938], [28.84193756733681, 53.89806010412393], [28.84917974217714, 53.895586498213255], [28.856421059594677, 53.893112456538546], [28.86366151961773, 53.89063797919086], [28.87090112227463, 53.88816306626134], [28.878139867593816, 53.88568771784105], [28.885377755603816, 53.883211934021084], [28.892614786333205, 53.88073571489252], [28.899850959810667, 53.87825906054641], [28.907086276064934, 53.87578197107382], [28.914320735124853, 53.87330444656579], [28.921554337019295, 53.87082648711337], [28.928787081777248, 53.86834809280758], [28.93601896942778, 53.86586926373947], [28.943250000000003, 53.86339]]}, "properties": {"fa_flight_id": "RA65689-1663844638-adhoc-0", "registration": "RA-65689", "ident": "RA-65689", "ident_icao": NaN, "origin_code": "L 54.10915 28.21590", "origin_city": "Minsk", "destination_code": "L 53.86339 28.94325", "destination_city": "Minsk", "scheduled_out": NaN, "estimated_out": NaN, "actual_out": NaN, "scheduled_off": "2022-09-22T11:03:58Z", "estimated_off": "2022-09-22T11:03:58Z", "actual_off": "2022-09-22T11:03:58Z", "scheduled_on": NaN, "estimated_on": NaN, "actual_on": "2022-09-22T11:03:58Z", "scheduled_in": NaN, "estimated_in": NaN, "actual_in": NaN, "status": "result unknown", "route_distance": NaN, "diverted": false, "cancelled": false, "simplified_departure_date": "2022-09-22", "origin_coords": [54.10915, 28.2159], "destination_coords": [53.86339, 28.94325], "is_same_city": false}}, {"type": "Feature", "geometry": {"type": "LineString", "coordinates": [[28.14608, 54.01571], [28.14654217235644, 54.01353968720714], [28.14700429649967, 54.011369372641916], [28.147466372438537, 54.009199056304695], [28.147928400181854, 54.00702873819575], [28.14839037973846, 54.00485841831545], [28.148852311117164, 54.00268809666409], [28.149314194326802, 54.000517773242024], [28.149776029376188, 53.99834744804954], [28.150237816274146, 53.99617712108701], [28.15069955502948, 53.99400679235473], [28.151161245651007, 53.991836461853026], [28.151622888147546, 53.98966612958224], [28.152084482527904, 53.98749579554267], [28.15254602880089, 53.98532545973466], [28.1530075269753, 53.98315512215854], [28.15346897705994, 53.98098478281462], [28.153930379063627, 53.97881444170325], [28.154391732995133, 53.976644098824714], [28.15485303886328, 53.97447375417938], [28.155314296676845, 53.972303407767534], [28.155775506444645, 53.97013305958954], [28.156236668175435, 53.96796270964568], [28.156697781878034, 53.965792357936316], [28.157158847561217, 53.96362200446176], [28.15761986523376, 53.96145164922232], [28.15808083490446, 53.95928129221834], [28.15854175658209, 53.95711093345013], [28.159002630275435, 53.95494057291804], [28.15946345599326, 53.95277021062237], [28.159924233744345, 53.95059984656344], [28.160384963537464, 53.948429480741574], [28.16084564538139, 53.94625911315713], [28.161306279284876, 53.944088743810404], [28.161766865256705, 53.94191837270172], [28.16222740330562, 53.939747999831404], [28.162687893440413, 53.93757762519977], [28.163148335669813, 53.93540724880717], [28.1636087300026, 53.9332368706539], [28.164069076447518, 53.93106649074029], [28.164529375013313, 53.928896109066656], [28.164989625708756, 53.92672572563334], [28.16544982854258, 53.92455534044066], [28.16590998352354, 53.92238495348893], [28.16637009066038, 53.92021456477848], [28.16683014996184, 53.918044174309635], [28.167290161436657, 53.915873782082706], [28.167750125093583, 53.91370338809802], [28.168210040941336, 53.9115329923559], [28.16866990898867, 53.90936259485668], [28.169129729244304, 53.90719219560068], [28.169589501716974, 53.9050217945882], [28.170049226415408, 53.90285139181958], [28.17050890334833, 53.90068098729514], [28.17096853252448, 53.89851058101521], [28.171428113952558, 53.89634017298009], [28.171887647641285, 53.89416976319013], [28.172347133599395, 53.89199935164563], [28.17280657183559, 53.88982893834692], [28.173265962358595, 53.88765852329433], [28.17372530517712, 53.88548810648817], [28.174184600299856, 53.88331768792876], [28.174643847735542, 53.88114726761642], [28.175103047492865, 53.87897684555149], [28.17556219958053, 53.87680642173427], [28.176021304007232, 53.8746359961651], [28.176480360781685, 53.87246556884429], [28.17693936991258, 53.87029513977215], [28.177398331408618, 53.868124708949026], [28.177857245278478, 53.86595427637522], [28.178316111530865, 53.863783842051056], [28.178774930174466, 53.86161340597687], [28.17923370121796, 53.85944296815297], [28.17969242467004, 53.85727252857968], [28.180151100539383, 53.8551020872573], [28.180609728834682, 53.852931644186185], [28.181068309564598, 53.85076119936664], [28.18152684273782, 53.84859075279898], [28.181985328363027, 53.84642030448353], [28.182443766448877, 53.84424985442061], [28.182902157004055, 53.84207940261053], [28.18336050003722, 53.83990894905364], [28.183818795557045, 53.837738493750216], [28.18427704357219, 53.83556803670063], [28.184735244091318, 53.83339757790516], [28.1851933971231, 53.83122711736414], [28.18565150267617, 53.82905665507789], [28.186109560759217, 53.826886191046725], [28.186567571380863, 53.82471572527097], [28.18702553454979, 53.822545257750946], [28.187483450274627, 53.82037478848698], [28.18794131856402, 53.81820431747936], [28.188399139426636, 53.81603384472843], [28.188856912871106, 53.81386337023453], [28.189314638906065, 53.81169289399792], [28.189772317540168, 53.809522416018964], [28.19022994878205, 53.80735193629798], [28.190687532640336, 53.805181454835264], [28.19114506912367, 53.80301097163115], [28.19160255824068, 53.80084048668595], [28.192059999999998, 53.79866999999999]]}, "properties": {"fa_flight_id": "RA65689-1668155324-adhoc-0", "registration": "RA-65689", "ident": "RA-65689", "ident_icao": NaN, "origin_code": "L 54.01571 28.14608", "origin_city": "Minsk", "destination_code": "L 53.79867 28.19206", "destination_city": "Minsk", "scheduled_out": NaN, "estimated_out": NaN, "actual_out": NaN, "scheduled_off": "2022-11-11T08:28:44Z", "estimated_off": "2022-11-11T08:28:44Z", "actual_off": "2022-11-11T08:28:44Z", "scheduled_on": NaN, "estimated_on": NaN, "actual_on": "2022-11-11T08:28:44Z", "scheduled_in": NaN, "estimated_in": NaN, "actual_in": NaN, "status": "result unknown", "route_distance": NaN, "diverted": false, "cancelled": false, "simplified_departure_date": "2022-11-11", "origin_coords": [54.01571, 28.14608], "destination_coords": [53.79867, 28.19206], "is_same_city": false}}, {"type": "Feature", "geometry": {"type": "LineString", "coordinates": [[28.12221, 54.05503], [28.127338463923444, 54.051143681660434], [28.132465968536774, 54.04725714520143], [28.13759251410248, 54.043370390694896], [28.142718100883016, 54.03948341821275], [28.147842729140763, 54.03559622782684], [28.152966399138016, 54.03170881960902], [28.158089111137055, 54.0278211936311], [28.163210865400018, 54.023933349964864], [28.16833166218907, 54.02004528868209], [28.173451501766237, 54.016157009854474], [28.178570384393517, 54.01226851355378], [28.183688310332826, 54.00837979985163], [28.188805279846022, 54.00449086881973], [28.193921293194908, 54.00060172052968], [28.199036350641205, 53.99671235505306], [28.204150452446584, 53.99282277246149], [28.209263598872624, 53.98893297282649], [28.214375790180878, 53.98504295621958], [28.219487026632805, 53.98115272271227], [28.224597308489816, 53.97726227237601], [28.229706636013244, 53.97337160528224], [28.23481500946436, 53.96948072150237], [28.239922429104368, 53.96558962110781], [28.245028895194423, 53.96169830416991], [28.250134407995603, 53.95780677075998], [28.255238967768907, 53.95391502094935], [28.260342574775294, 53.9500230548093], [28.265445229275656, 53.94613087241107], [28.270546931530795, 53.94223847382591], [28.27564768180147, 53.93834585912499], [28.280747480348374, 53.9344530283795], [28.28584632743212, 53.930559981660586], [28.29094422331329, 53.92666671903937], [28.296041168252355, 53.92277324058695], [28.301137162509743, 53.91887954637438], [28.30623220634582, 53.91498563647269], [28.3113263000209, 53.911091510952936], [28.316419443795205, 53.907197169886075], [28.321511637928904, 53.90330261334308], [28.326602882682092, 53.89940784139486], [28.331693178314836, 53.895512854112354], [28.336782525087074, 53.89161765156643], [28.34187092325874, 53.887722233827944], [28.34695837308967, 53.88382660096773], [28.352044874839642, 53.87993075305658], [28.35713042876837, 53.876034690165284], [28.36221503513551, 53.87213841236458], [28.367298694200628, 53.86824191972518], [28.37238140622327, 53.86434521231779], [28.377463171462868, 53.86044829021309], [28.382543990178814, 53.85655115348172], [28.38762386263045, 53.85265380219429], [28.392702789077017, 53.8487562364214], [28.39778076977771, 53.84485845623361], [28.402857804991672, 53.84096046170146], [28.40793389497795, 53.83706225289544], [28.41300903999557, 53.83316382988607], [28.418083240303435, 53.829265192743776], [28.423156496160438, 53.825366341539016], [28.42822880782537, 53.82146727634219], [28.433300175556983, 53.81756799722368], [28.438370599613947, 53.81366850425382], [28.443440080254863, 53.80976879750297], [28.448508617738295, 53.805868877041384], [28.4535762123227, 53.801968742939394], [28.458642864266515, 53.79806839526721], [28.463708573828082, 53.79416783409507], [28.468773341265685, 53.790267059493154], [28.473837166837548, 53.78636607153165], [28.478900050801823, 53.78246487028069], [28.483961993416607, 53.7785634558104], [28.48902299493991, 53.774661828190865], [28.494083055629712, 53.77075998749216], [28.499142175743902, 53.76685793378432], [28.504200355540316, 53.76295566713735], [28.509257595276708, 53.759053187621234], [28.514313895210794, 53.755150495305934], [28.519369255600196, 53.75124759026141], [28.524423676702497, 53.747344472557536], [28.529477158775205, 53.74344114226422], [28.534529702075755, 53.739537599451296], [28.53958130686153, 53.7356338441886], [28.54463197338983, 53.73172987654594], [28.549681701917912, 53.7278256965931], [28.55473049270297, 53.72392130439983], [28.559778346002094, 53.72001670003584], [28.564825262072368, 53.716111883570846], [28.569871241170755, 53.71220685507452], [28.574916283554185, 53.708301614616495], [28.579960389479528, 53.704396162266406], [28.58500355920356, 53.700490498093856], [28.590045792983016, 53.696584622168395], [28.59508709107456, 53.69267853455957], [28.600127453734792, 53.68877223533691], [28.605166881220253, 53.684865724569896], [28.610205373787398, 53.68095900232801], [28.615242931692645, 53.67705206868067], [28.62027955519231, 53.67314492369729], [28.625315244542698, 53.66923756744729], [28.63035, 53.66533]]}, "properties": {"fa_flight_id": "RA65689-1668595330-adhoc-0", "registration": "RA-65689", "ident": "RA-65689", "ident_icao": NaN, "origin_code": "L 54.05503 28.12221", "origin_city": "Minsk", "destination_code": "L 53.66533 28.63035", "destination_city": "Minsk", "scheduled_out": NaN, "estimated_out": NaN, "actual_out": NaN, "scheduled_off": "2022-11-16T10:42:10Z", "estimated_off": "2022-11-16T10:42:10Z", "actual_off": "2022-11-16T10:42:10Z", "scheduled_on": NaN, "estimated_on": NaN, "actual_on": "2022-11-16T10:42:10Z", "scheduled_in": NaN, "estimated_in": NaN, "actual_in": NaN, "status": "result unknown", "route_distance": NaN, "diverted": false, "cancelled": false, "simplified_departure_date": "2022-11-16", "origin_coords": [54.05503, 28.12221], "destination_coords": [53.66533, 28.63035], "is_same_city": false}}, {"type": "Feature", "geometry": {"type": "LineString", "coordinates": [[30.167380000000005, 54.40050000000001], [30.243975084025386, 54.41750370311741], [30.320633645837926, 54.43445891002428], [30.39735559603078, 54.451365550210575], [30.4741408443159, 54.468223553234964], [30.550989299522417, 54.48503284872595], [30.62790086959514, 54.50179336638296], [30.704875461592923, 54.518505035977526], [30.781912981687256, 54.535167787354375], [30.859013335160718, 54.5517815504326], [30.936176426405506, 54.56834625520679], [31.013402158921995, 54.58486183174816], [31.09069043531732, 54.601328210205715], [31.168041157303985, 54.61774532080742], [31.2454542256984, 54.6341130938613], [31.322929540419633, 54.65043145975665], [31.400467000488007, 54.66670034896514], [31.478066504023783, 54.68291969204203], [31.5557279482459, 54.699089419627285], [31.633451229470683, 54.715209462446815], [31.711236243110612, 54.73127975131356], [31.789082883673085, 54.747300217128696], [31.866991044759253, 54.76327079088287], [31.9449606190628, 54.77919140365727], [32.022991498368846, 54.79506198662486], [32.10108357355278, 54.8108824710516], [32.17923673457918, 54.82665278829759], [32.25745087050073, 54.84237286981823], [32.335725869457214, 54.85804264716549], [32.4140616186744, 54.87366205198904], [32.492458004463124, 54.889231016037456], [32.57091491221828, 54.90474947115945], [32.64943222641788, 54.92021734930505], [32.728009830622135, 54.93563458252678], [32.806647607472556, 54.95100110298091], [32.88534543869106, 54.966316842928634], [32.964103205079184, 54.98158173473729], [33.042920786517215, 54.99679571088158], [33.12179806196342, 55.01195870394476], [33.2007349094533, 55.02707064661988], [33.2797312060988, 55.042131471711], [33.35878682808767, 55.05714111213439], [33.43790165068277, 55.07209950091978], [33.51707554822135, 55.087006571211575], [33.59630839411452, 55.10186225627007], [33.675600060846584, 55.116666489472685], [33.754950419974506, 55.13141920431521], [33.83435934212736, 55.14612033441301], [33.91382669700582, 55.16076981350229], [33.99335235338166, 55.175367575441314], [34.07293617909735, 55.1899135542116], [34.15257804106557, 55.20440768391927], [34.23227780526884, 55.21884989879617], [34.312035336759195, 55.23324013320117], [34.39185049965774, 55.247578321621425], [34.47172315715451, 55.26186439867355], [34.551653171508, 55.27609829910497], [34.63164040404508, 55.29027995779507], [34.71168471516068, 55.304409309756494], [34.79178596431767, 55.3184862901364], [34.87194401004664, 55.33251083421765], [34.95215870994584, 55.34648287742015], [35.03242992068104, 55.360402355302085], [35.11275749798549, 55.37426920356107], [35.193141296659874, 55.38808335803559], [35.27358117057233, 55.40184475470606], [35.35407697265845, 55.41555332969625], [35.434628554921396, 55.429209019274445], [35.515235768431936, 55.44281175985472], [35.59589846332862, 55.45636148799822], [35.67661648881789, 55.469858140414445], [35.75738969317434, 55.48330165396243], [35.83821792374085, 55.4966919656521], [35.91910102692892, 55.510029012645475], [36.00003884821894, 55.52331273225794], [36.0810312321605, 55.53654306195957], [36.162078022372725, 55.54971993937629], [36.24317906154471, 55.562843302291235], [36.324334191435895, 55.57591308864595], [36.405543252876576, 55.5889292365417], [36.48680608576833, 55.601891684240734], [36.56812252908458, 55.61480037016751], [36.64949242087115, 55.62765523291001], [36.73091559824682, 55.64045621122099], [36.81239189740396, 55.653203244019224], [36.89392115360924, 55.66589627039084], [36.97550320120426, 55.67853522959045], [37.05713787360629, 55.691120061042625], [37.13882500330902, 55.70365070434294], [37.22056442188344, 55.71612709925941], [37.30235595997852, 55.72854918573364], [37.384199447322224, 55.740916903882194], [37.46609471272229, 55.75323019399778], [37.54804158406728, 55.76548899655053], [37.63003988832742, 55.77769325218933], [37.71208945155571, 55.789842901742986], [37.79419009888894, 55.80193788622157], [37.87634165454872, 55.813978146817604], [37.958543941842635, 55.82596362490742], [38.040796783165405, 55.837894262052345], [38.1231, 55.84976999999999]]}, "properties": {"fa_flight_id": "RA65689-1671459055-adhoc-0", "registration": "RA-65689", "ident": "RA-65689", "ident_icao": NaN, "origin_code": "L 54.40050 30.16738", "origin_city": "Vitebsk", "destination_code": "L 55.84977 38.12310", "destination_city": "Moscow", "scheduled_out": NaN, "estimated_out": NaN, "actual_out": NaN, "scheduled_off": "2022-12-19T14:10:55Z", "estimated_off": "2022-12-19T14:10:55Z", "actual_off": "2022-12-19T14:10:55Z", "scheduled_on": NaN, "estimated_on": NaN, "actual_on": "2022-12-19T14:10:55Z", "scheduled_in": NaN, "estimated_in": NaN, "actual_in": NaN, "status": "result unknown", "route_distance": NaN, "diverted": false, "cancelled": false, "simplified_departure_date": "2022-12-19", "origin_coords": [54.4005, 30.16738], "destination_coords": [55.84977, 38.1231], "is_same_city": false}}]}