{"type": "FeatureCollection", "features": [{"type": "Feature", "geometry": {"type": "LineString", "coordinates": [[74.3306, 44.2185], [74.05613668111273, 44.381452500519984], [73.78014438551715, 44.54374411128697], [73.50261217201039, 44.705367371522975], [73.22352914310811, 44.86631474659771], [72.94288444978861, 45.02657862780778], [72.66066729638435, 45.186151332180884], [72.37686694562271, 45.345025102306245], [72.09147272381848, 45.503192106192195], [71.80447402621972, 45.66064443715241], [71.51586032250945, 45.81737411372183], [71.22562116246475, 45.97337307960344], [70.9337461817751, 46.12863320364743], [70.64022510802181, 46.283146279863765], [70.34504776681985, 46.43690402746967], [70.04820408812378, 46.58989809097334], [69.74968411269893, 46.742120040295056], [69.44947799875887, 46.893561370927586], [69.14757602877054, 47.04421350413659], [68.84396861642743, 47.1940677872032], [68.53864631379173, 47.343115493709696], [68.23159981860577, 47.49134782387004], [67.9228199817731, 47.638755904906745], [67.61229781500909, 47.78533079147542], [67.30002449866109, 47.93106346613886], [66.9859913896973, 48.075944839891925], [66.67019002986416, 48.21996575273891], [66.35261215401077, 48.363116974325074], [66.03324969857967, 48.50538920462371], [65.71209481026179, 48.646773074680546], [65.38913985481415, 48.78725914741702], [65.06437742603812, 48.92683791849392], [64.73780035491549, 49.06549981723738], [64.40940171889947, 49.20323520762812], [64.0791748513579, 49.3400343893565], [63.7471133511642, 49.47588759894406], [63.41321109243273, 49.61078501093382], [63.077462234393955, 49.74471673915044], [62.73986123140435, 49.87767283803213], [62.40040284308608, 50.009643304035706], [62.05908214459036, 50.140618077116216], [61.71589453697881, 50.27058704228278], [61.37083575771543, 50.39954003123212], [61.02390189126286, 50.527466824060916], [60.67508937977445, 50.65435715105873], [60.32439503387461, 50.78020069458264], [59.97181604351837, 50.904987091014696], [59.61734998892112, 51.02870593280394], [59.26099485154866, 51.151346770593506], [58.90274902515735, 51.27289911543443], [58.54261132687348, 51.39335244108688], [58.18058100830041, 51.512696186410054], [57.81665776664148, 51.630919757841156], [57.450841755826374, 51.74801253196483], [57.08313359762758, 51.8639638581733], [56.71353439275331, 51.978763061417986], [56.34204573190296, 52.09239944505314], [55.96866970676984, 52.20486229377174], [55.59340892097637, 52.3161408766341], [55.21626650092532, 52.4262244501892], [54.83724610655121, 52.535102261688834], [54.45635194195456, 52.64276355239445], [54.073588765901604, 52.74919756097647], [53.68896190217177, 52.85439352700561], [53.302477249734174, 52.95834069453581], [52.91414129273448, 53.06102831577797], [52.52396111027276, 53.162445654863504], [52.131944385952664, 53.262581991697225], [51.738099417181814, 53.36142662589758], [51.34243512420305, 53.45896888082351], [50.94496105883559, 53.55519810768622], [50.54568741290552, 53.650103689743794], [50.14462502634392, 53.743675046577316], [49.74178539493144, 53.83590163844591], [49.337180677667796, 53.92677297071855], [48.930823703744316, 54.01627859838022], [48.522727979097986, 54.10440813060954], [48.11290769252518, 54.19115123542516], [47.70137772133345, 54.2764976443975], [47.28815363650989, 54.36043715742291], [46.873251707384476, 54.44295964755634], [46.45668890576764, 54.524055065899056], [46.03848290954077, 54.60371344653732], [45.61865210567961, 54.6819249115279], [45.197215592690235, 54.75867967592619], [44.77419318243821, 54.833968052852164], [44.349605401351894, 54.90778045858971], [43.923473490981614, 54.9801074177141], [43.49581940789714, 55.05093956824277], [43.06666582290657, 55.12026766680381], [42.636036119580616, 55.18808259381711], [42.203954392067494, 55.254375358681855], [41.770445442184, 55.3191371049654], [41.33553477577021, 55.382359115586716], [40.89924859829565, 55.44403281798899], [40.4616138097064, 55.504149789294736], [40.022657998504016, 55.56270176143719], [39.58240943504777, 55.61968062626155], [39.14089706407406, 55.67507844058938], [38.69815049642746, 55.72888743123975], [38.2542, 55.781099999999995]]}, "properties": {"fa_flight_id": "RA65733-1492098224-adhoc-0", "registration": "RA-65733", "ident": "RA-65733", "ident_icao": NaN, "origin_code": "L 44.21850 74.33060", "origin_city": "Bishkek", "destination_code": "L 55.78110 38.25420", "destination_city": "Moscow", "scheduled_out": NaN, "estimated_out": NaN, "actual_out": NaN, "scheduled_off": "2017-04-13T15:43:44Z", "estimated_off": "2017-04-13T15:43:44Z", "actual_off": "2017-04-13T15:43:44Z", "scheduled_on": NaN, "estimated_on": NaN, "actual_on": "2017-04-13T15:43:44Z", "scheduled_in": NaN, "estimated_in": NaN, "actual_in": NaN, "status": "result unknown", "route_distance": NaN, "diverted": false, "cancelled": false, "simplified_departure_date": "2017-04-13", "origin_coords": [44.2185, 74.3306], "destination_coords": [55.7811, 38.2542], "is_same_city": false}}, {"type": "Feature", "geometry": {"type": "LineString", "coordinates": [[50.01381000000001, 56.14842], [49.89570427384548, 56.15132538874279], [49.77758103299099, 56.154118139180305], [49.659440965750726, 56.15679822306709], [49.54128476111838, 56.15936561328841], [49.423113108739635, 56.161820283861644], [49.30492669888455, 56.1641622099376], [49.18672622241994, 56.16639136780171], [49.06851237078172, 56.168507734875256], [48.95028583594704, 56.170511289716444], [48.832047310406594, 56.172402012021536], [48.71379748713666, 56.17417988262581], [48.59553705957121, 56.17584488350454], [48.47726672157401, 56.1773969977739], [48.35898716741055, 56.17883620969179], [48.24069909172003, 56.180162504658654], [48.12240318948728, 56.181375869218165], [48.00410015601464, 56.18247629105795], [47.88579068689381, 56.183463759010166], [47.76747547797773, 56.18433826305208], [47.64915522535226, 56.18509979430654], [47.53083062530809, 56.18574834504245], [47.41250237431241, 56.18628390867517], [47.29417116898065, 56.18670647976682], [47.17583770604827, 56.187016054026536], [47.0575026823424, 56.18721262831071], [46.93916679475356, 56.18729620062316], [46.82083074020737, 56.1872667701152], [46.70249521563621, 56.18712433708571], [46.58416091795099, 56.18686890298108], [46.4658285440127, 56.186500470395195], [46.347498790604284, 56.18601904306926], [46.22917235440218, 56.1854246258916], [46.11084993194815, 56.184717224897504], [45.99253221962098, 56.18389684726881], [45.87421991360817, 56.18296350133362], [45.75591370987779, 56.181917196565855], [45.63761430415022, 56.18075794358476], [45.51932239186994, 56.17948575415444], [45.40103866817745, 56.17810064118323], [45.28276382788101, 56.17660261872299], [45.16449856542871, 56.17499170196852], [45.046243574880236, 56.17326790725673], [44.92799954987901, 56.1714312520658], [44.809767183624075, 56.16948175501442], [44.691547168842256, 56.16741943586067], [44.57334019776023, 56.16524431550126], [44.455146962076704, 56.1629564159703], [44.336968152934574, 56.160555760438285], [44.21880446089333, 56.158042373210954], [44.10065657590122, 56.15541627972804], [43.982525187267754, 56.152677506562], [43.86441098363613, 56.14982608141674], [43.74631465295572, 56.14686203312619], [43.62823688245471, 56.14378539165287], [43.51017835861274, 56.14059618808644], [43.39213976713362, 56.13729445464213], [43.27412179291817, 56.133880224659116], [43.15612512003711, 56.13035353259891], [43.03815043170401, 56.126714414043654], [42.92019841024839, 56.12296290569431], [42.80226973708883, 56.11909904536886], [42.68436509270622, 56.115122872000484], [42.56648515661711, 56.11103442563557], [42.44863060734711, 56.10683374743178], [42.33080212240443, 56.10252087965597], [42.21300037825348, 56.09809586568217], [42.095226050288645, 56.093558749989384], [41.97747981280801, 56.088909578159466], [41.85976233898748, 56.08414839687483], [41.742074300854625, 56.079275253916116], [41.624416369263, 56.074290198159986], [41.50678921386635, 56.06919327957658], [41.389193503093, 56.06398454922713], [41.27162990412039, 56.058664059261446], [41.1540990828497, 56.05323186291542], [41.03660170388065, 56.04768801450831], [40.9191384304863, 56.04203256944024], [40.80170992458814, 56.036265584189344], [40.68431684673122, 56.03038711630915], [40.56695985605941, 56.02439722442567], [40.44963961029084, 56.018295968234646], [40.332356765693426, 56.012083408498576], [40.21511197706057, 56.005759607043835], [40.09790589768704, 55.99932462675765], [39.980739179344845, 55.99277853158502], [39.86361247225948, 55.98612138652573], [39.74652642508611, 55.979353257631104], [39.62948168488601, 55.972474212000925], [39.512478897103215, 55.96548431778012], [39.3955187055411, 55.95838364415553], [39.27860175233939, 55.95117226135263], [39.161728677951174, 55.943850240632095], [39.04490012112008, 55.93641765428641], [38.92811671885763, 55.92887457563645], [38.81137910642083, 55.92122107902796], [38.694687917289784, 55.91345723982801], [38.5780437831456, 55.90558313442143], [38.461447333848405, 55.89759884020717], [38.344899197415565, 55.889504435594645], [38.2284, 55.8813]]}, "properties": {"fa_flight_id": "RA65733-1524819021-adhoc-0", "registration": "RA-65733", "ident": "RA-65733", "ident_icao": NaN, "origin_code": "L 56.14842 50.01381", "origin_city": "Kazan", "destination_code": "L 55.88130 38.22840", "destination_city": "Moscow", "scheduled_out": NaN, "estimated_out": NaN, "actual_out": NaN, "scheduled_off": "2018-04-27T08:50:21Z", "estimated_off": "2018-04-27T08:50:21Z", "actual_off": "2018-04-27T08:50:21Z", "scheduled_on": NaN, "estimated_on": NaN, "actual_on": "2018-04-27T08:50:21Z", "scheduled_in": NaN, "estimated_in": NaN, "actual_in": NaN, "status": "result unknown", "route_distance": NaN, "diverted": false, "cancelled": false, "simplified_departure_date": "2018-04-27", "origin_coords": [56.14842, 50.01381], "destination_coords": [55.8813, 38.2284], "is_same_city": false}}, {"type": "Feature", "geometry": {"type": "LineString", "coordinates": [[38.04909, 56.01929], [38.47785715642429, 56.08895209583173], [38.90816138601073, 56.15712321973425], [39.33997855643214, 56.22379422638226], [39.77328379297849, 56.288956100453376], [40.20805148155476, 56.35259996194181], [40.644255272464136, 56.414717071467344], [41.08186808498899, 56.47529883557327], [41.5208621127817, 56.53433681200684], [41.96120883007506, 56.59182271497543], [42.40287899872129, 56.647748420371826], [42.84584267606678, 56.702105970961625], [43.290069223668056, 56.75488758152585], [43.73552731685323, 56.80608564395172], [44.18218495513097, 56.855692732264494], [44.63000947344767, 56.90370160759329], [45.07896755429144, 56.95010522306351], [45.52902524064007, 56.994896728608985], [45.98014794974757, 57.03806947569634], [46.43230048776293, 57.07961702195468], [46.885447065171824, 57.119533135703286], [47.33955131305082, 57.15781180037037], [47.794576300121356, 57.19444721879583], [48.25048455058857, 57.22943381741122], [48.7072380627488, 57.262766250289985], [49.16479832834686, 57.29443940306146], [49.62312635266271, 57.32444839668223], [50.082182675305226, 57.35278859105811], [50.54192739168878, 57.37945558851129], [51.00232017516651, 57.40444523708599], [51.463320299792606, 57.427753633687566], [51.924886663683964, 57.44937712704915], [52.38697781294996, 57.46931232052095], [52.84955196615777, 57.48755607467702], [53.31256703929883, 57.50410550973517], [53.77598067122063, 57.51895800778537], [54.23975024948726, 57.532111214823004], [54.703832936629844, 57.543563042582875], [55.168185696748175, 57.553311670171134], [55.632765322422536, 57.56135554549174], [56.09752846189499, 57.56769338646501], [56.56243164647762, 57.572324182036134], [57.0274313181453, 57.57524719297152], [57.49248385726953, 57.57646195244192], [57.95754561044975, 57.57596826639069], [58.42257291839804, 57.57376621368723], [58.887522143833316, 57.56985614606449], [59.3523496993404, 57.564238687841446], [59.817012075150544, 57.556914735430524], [60.281465866798825, 57.547885456631064], [60.74566780261573, 57.53715228971022], [61.209574771009216, 57.524716942272704], [61.67314384749549, 57.51058138992186], [62.13633232143647, 57.494747874714086], [62.59909772244333, 57.477218903409785], [63.061397846406365, 57.457997245523664], [63.52319078111225, 57.437085931178366], [63.98443493141144, 57.4144882487648], [64.44508904389922, 57.390207742413665], [64.90511223107558, 57.3642482092827], [65.36446399495057, 57.33661369666418], [65.8231042500633, 57.307308498918054], [66.28099334588411, 57.27633715423578], [66.73809208857168, 57.243704441240745], [67.19436176205798, 57.20941537543083], [67.64976414843632, 57.173475205469366], [68.104261547629, 57.135889409330524], [68.55781679631362, 57.096663690305874], [69.01039328608863, 57.0558039728782], [69.46195498086028, 57.013316398469904], [69.91246643343622, 56.969207321072204], [70.36189280131138, 56.92348330276269], [70.81019986163547, 56.87615110911773], [71.25735402535149, 56.82721770452726], [71.70332235049855, 56.77669024741876], [72.14807255467244, 56.724576085397864], [72.59157302664048, 56.67088275031265], [73.03379283710859, 56.61561795324873], [73.47470174864026, 56.55878957946261], [73.91427022472888, 56.50040568325995], [74.35246943802709, 56.44047448282627], [74.78927127773765, 56.37900435501684], [75.22464835617257, 56.3160038301127], [75.6585740144888, 56.25148158654961], [76.09102232760962, 56.185446445626724], [76.52196810834303, 56.117907366201486], [76.95138691070947, 56.04887343937714], [77.37925503249232, 55.97835388318924], [77.80554951702601, 55.906358037297316], [78.23024815423773, 55.83289535768736], [78.65332948095958, 55.75797541139149], [79.07477278052903, 55.68160787122983], [79.49455808169664, 55.6038025105802], [79.9126661568603, 55.52456919818114], [80.32907851964661, 55.443917892972785], [80.74377742186023, 55.361858638980735], [81.1567458498224, 55.27840156024735], [81.56796752012114, 55.19355685581516], [81.97742687479521, 55.10733479476596], [82.38510907597446, 55.019745711320205], [82.79099999999998, 54.9308]]}, "properties": {"fa_flight_id": "RA65733-1524773053-adhoc-0", "registration": "RA-65733", "ident": "RA-65733", "ident_icao": NaN, "origin_code": "L 56.01929 38.04909", "origin_city": "Moscow", "destination_code": "L 54.93080 82.79100", "destination_city": "Novosibirsk", "scheduled_out": NaN, "estimated_out": NaN, "actual_out": NaN, "scheduled_off": "2018-04-26T20:04:13Z", "estimated_off": "2018-04-26T20:04:13Z", "actual_off": "2018-04-26T20:04:13Z", "scheduled_on": NaN, "estimated_on": NaN, "actual_on": "2018-04-26T20:04:13Z", "scheduled_in": NaN, "estimated_in": NaN, "actual_in": NaN, "status": "result unknown", "route_distance": NaN, "diverted": false, "cancelled": false, "simplified_departure_date": "2018-04-26", "origin_coords": [56.01929, 38.04909], "destination_coords": [54.9308, 82.791], "is_same_city": false}}, {"type": "Feature", "geometry": {"type": "LineString", "coordinates": [[38.234199999999994, 55.839360000000006], [38.13268850963332, 55.828476458877624], [38.031234028533866, 55.81750938793385], [37.92983693633625, 55.806458868625576], [37.828497611043275, 55.79532498292426], [37.72721642901838, 55.78410781331315], [37.62599376497835, 55.77280744278447], [37.524829991985975, 55.76142395483654], [37.42372548144293, 55.749957433470904], [37.3226806030827, 55.73840796318949], [37.22169572496365, 55.72677562899171], [37.12077121346218, 55.71506051637158], [37.01990743326597, 55.703262711314835], [36.919104747367406, 55.691382300295984], [36.81836351705705, 55.679419370275404], [36.71768410191724, 55.66737400869642], [36.61706685981578, 55.65524630348236], [36.51651214689977, 55.64303634303362], [36.416020317589506, 55.630744216224684], [36.31559172457258, 55.61837001240118], [36.215226718797915, 55.6059138213769], [36.11492564947011, 55.59337573343085], [36.01468886404377, 55.58075583930419], [35.9145167082179, 55.56805423019731], [35.8144095259306, 55.55527099776678], [35.71436765935368, 55.54240623412242], [35.61439144888743, 55.529460031824144], [35.51448123315561, 55.51643248387906], [35.41463734900032, 55.50332368373841], [35.31486013147728, 55.49013372529446], [35.215149913850944, 55.4768627028776], [35.115507027589814, 55.463510711253136], [35.01593180236199, 55.45007784561835], [34.916424566030614, 55.43656420159941], [34.81698564464957, 55.42296987524829], [34.71761536245925, 55.40929496303969], [34.61831404188241, 55.395539561868006], [34.519082003520126, 55.38170376904418], [34.419919566147925, 55.36778768229272], [34.32082704671193, 55.35379139974852], [34.22180476032519, 55.339715019953786], [34.122853020264024, 55.32555864185496], [34.02397213796459, 55.311322364799636], [33.92516242301948, 55.29700628853342], [33.8264241831744, 55.282610513196815], [33.727757724325045, 55.268135139322155], [33.629163350513984, 55.25358026783047], [33.53064136392769, 55.238946000028385], [33.43219206489372, 55.22423243760494], [33.333815751877914, 55.20943968262858], [33.23551272148173, 55.19456783754395], [33.13728326843971, 55.17961700516876], [33.03912768561704, 55.164587288690754], [32.941046264007134, 55.14947879166447], [32.843039292729465, 55.13429161800821], [32.74510705902738, 55.119025872000826], [32.64724984826605, 55.10368165827865], [32.54946794393053, 55.08825908183233], [32.45176162762392, 55.07275824800372], [32.354131179065604, 55.05717926248274], [32.256576876089646, 55.041522231304235], [32.15909899464319, 55.02578726084485], [32.061697808785034, 55.00997445781991], [31.964373590684318, 54.99408392928027], [31.86712661061921, 54.9781157826092], [31.769957136975798, 54.96207012551921], [31.672865436247037, 54.945947066049015], [31.57585177303174, 54.92974671256031], [31.47891641003378, 54.91346917373469], [31.38205960806127, 54.89711455857051], [31.285281626025917, 54.88068297637981], [31.188582720942453, 54.86417453678508], [31.091963147928112, 54.84758934971627], [30.995423160202307, 54.83092752540759], [30.898963009086245, 54.81418917439442], [30.802582944002815, 54.797374407510205], [30.70628321247641, 54.780483335883325], [30.610064060132938, 54.76351607093399], [30.513925730699885, 54.74647272437115], [30.417868466006496, 54.729353408189404], [30.32189250598398, 54.712158234665836], [30.225998088665914, 54.69488731635702], [30.130185450188616, 54.677540766095845], [30.03445482479172, 54.660118696988484], [29.938806444818738, 54.64262122241126], [29.843240540717762, 54.62504845600759], [29.747757341042284, 54.60740051168495], [29.65235707245202, 54.589677503611725], [29.557039959713865, 54.571879546214234], [29.461806225702965, 54.55400675417356], [29.366656091403826, 54.53605924242259], [29.271589775911487, 54.51803712614291], [29.17660749643287, 54.499940520761804], [29.08170946828809, 54.48176954194915], [28.98689590491196, 54.46352430561442], [28.89216701785552, 54.44520492790369], [28.797523016787615, 54.426811525196506], [28.702964109496644, 54.40834421410299], [28.608490501892298, 54.38980311146075], [28.514102398007424, 54.371188334331876], [28.419799999999995, 54.3525]]}, "properties": {"fa_flight_id": "RA65733-1526380454-adhoc-0", "registration": "RA-65733", "ident": "RA-65733", "ident_icao": NaN, "origin_code": "L 55.83936 38.23420", "origin_city": "Moscow", "destination_code": "L 54.35250 28.41980", "destination_city": "Minsk", "scheduled_out": NaN, "estimated_out": NaN, "actual_out": NaN, "scheduled_off": "2018-05-15T10:34:14Z", "estimated_off": "2018-05-15T10:34:14Z", "actual_off": "2018-05-15T10:34:14Z", "scheduled_on": NaN, "estimated_on": NaN, "actual_on": "2018-05-15T10:34:14Z", "scheduled_in": NaN, "estimated_in": NaN, "actual_in": NaN, "status": "result unknown", "route_distance": NaN, "diverted": false, "cancelled": false, "simplified_departure_date": "2018-05-15", "origin_coords": [55.83936, 38.2342], "destination_coords": [54.3525, 28.4198], "is_same_city": false}}, {"type": "Feature", "geometry": {"type": "LineString", "coordinates": [[27.99738, 53.97531000000001], [27.99821570887993, 53.97404218598899], [27.99905136690518, 53.97277436618014], [27.99988697408097, 53.9715065405741], [28.00072253041252, 53.97023870917147], [28.001558035905084, 53.96897087197289], [28.002393490563865, 53.967703028978974], [28.003228894394088, 53.96643518019036], [28.004064247400986, 53.96516732560764], [28.004899549589773, 53.963899465231464], [28.005734800965687, 53.96263159906243], [28.00657000153393, 53.96136372710118], [28.007405151299743, 53.96009584934833], [28.008240250268337, 53.9588279658045], [28.00907529844493, 53.95756007647031], [28.009910295834743, 53.95629218134637], [28.010745242443004, 53.955024280433335], [28.011580138274915, 53.953756373731785], [28.012414983335706, 53.95248846124237], [28.01324977763059, 53.9512205429657], [28.01408452116479, 53.94995261890241], [28.014919213943507, 53.94868468905311], [28.015753855971976, 53.94741675341841], [28.01658844725538, 53.94614881199893], [28.017422987798966, 53.94488086479532], [28.01825747760793, 53.94361291180818], [28.019091916687483, 53.94234495303813], [28.019926305042848, 53.941076988485804], [28.020760642679228, 53.93980901815181], [28.021594929601825, 53.93854104203675], [28.02242916581587, 53.93727306014129], [28.023263351326552, 53.93600507246601], [28.02409748613909, 53.93473707901154], [28.024931570258687, 53.93346907977851], [28.025765603690555, 53.93220107476755], [28.026599586439893, 53.930933063979246], [28.027433518511913, 53.92966504741425], [28.028267399911822, 53.92839702507316], [28.029101230644812, 53.927128996956604], [28.029935010716095, 53.925860963065205], [28.030768740130874, 53.92459292339957], [28.031602418894355, 53.92332487796033], [28.032436047011736, 53.922056826748104], [28.033269624488213, 53.9207887697635], [28.034103151328996, 53.91952070700716], [28.034936627539278, 53.91825263847968], [28.035770053124256, 53.91698456418168], [28.036603428089137, 53.91571648411378], [28.037436752439113, 53.91444839827662], [28.038270026179383, 53.9131803066708], [28.039103249315144, 53.91191220929694], [28.03993642185158, 53.91064410615566], [28.040769543793907, 53.90937599724758], [28.041602615147305, 53.908107882573304], [28.042435635916966, 53.90683976213348], [28.043268606108096, 53.905571635928695], [28.04410152572588, 53.904303503959575], [28.044934394775503, 53.90303536622677], [28.045767213262174, 53.90176722273087], [28.046599981191072, 53.90049907347247], [28.047432698567373, 53.899230918452226], [28.04826536539629, 53.89796275767074], [28.049097981683005, 53.89669459112863], [28.049930547432698, 53.89542641882651], [28.050763062650567, 53.894158240765016], [28.05159552734178, 53.89289005694474], [28.052427941511553, 53.891621867366325], [28.05326030516504, 53.89035367203036], [28.05409261830744, 53.88908547093747], [28.05492488094394, 53.8878172640883], [28.055757093079716, 53.88654905148343], [28.05658925471996, 53.88528083312348], [28.057421365869846, 53.884012609009105], [28.058253426534563, 53.88274437914088], [28.059085436719272, 53.88147614351944], [28.059917396429174, 53.880207902145386], [28.060749305669443, 53.87893965501936], [28.061581164445254, 53.877671402141964], [28.062412972761777, 53.87640314351381], [28.06324473062422, 53.87513487913552], [28.06407643803772, 53.87386660900771], [28.06490809500747, 53.872598333130995], [28.065739701538664, 53.87133005150599], [28.066571257636447, 53.870061764133304], [28.067402763306017, 53.86879347101357], [28.068234218552526, 53.867525172147396], [28.069065623381157, 53.866256867535384], [28.06989697779709, 53.86498855717816], [28.07072828180548, 53.863720241076365], [28.07155953541151, 53.862451919230566], [28.072390738620346, 53.86118359164141], [28.073221891437154, 53.8599152583095], [28.074052993867113, 53.858646919235454], [28.07488404591538, 53.85737857441989], [28.07571504758713, 53.85611022386341], [28.076545998887525, 53.85484186756664], [28.077376899821736, 53.85357350553022], [28.07820775039492, 53.85230513775473], [28.07903855061225, 53.851036764240774], [28.07986930047889, 53.849768384989], [28.0807, 53.84850000000001]]}, "properties": {"fa_flight_id": "RA65733-1572526338-adhoc-0", "registration": "RA-65733", "ident": "RA-65733", "ident_icao": NaN, "origin_code": "L 53.97531 27.99738", "origin_city": "Minsk", "destination_code": "L 53.84850 28.08070", "destination_city": "Minsk", "scheduled_out": NaN, "estimated_out": NaN, "actual_out": NaN, "scheduled_off": "2019-10-31T12:52:18Z", "estimated_off": "2019-10-31T12:52:18Z", "actual_off": "2019-10-31T12:52:18Z", "scheduled_on": NaN, "estimated_on": NaN, "actual_on": "2019-10-31T12:52:18Z", "scheduled_in": NaN, "estimated_in": NaN, "actual_in": NaN, "status": "result unknown", "route_distance": NaN, "diverted": false, "cancelled": false, "simplified_departure_date": "2019-10-31", "origin_coords": [53.97531, 27.99738], "destination_coords": [53.8485, 28.0807], "is_same_city": false}}, {"type": "Feature", "geometry": {"type": "LineString", "coordinates": [[28.18062, 54.00057999999999], [28.20080958296869, 53.983457945135555], [28.22098257273242, 53.96633250936797], [28.2411389900716, 53.949203697597376], [28.261278855740148, 53.932071514715616], [28.281402190465545, 53.914935965606254], [28.3015090149488, 53.897797055144586], [28.32159934986455, 53.880654788197674], [28.34167321586101, 53.86350916962437], [28.36173063356005, 53.846360204275264], [28.381771623557174, 53.8292078969928], [28.40179620642157, 53.812052252611196], [28.42180440269613, 53.79489327595654], [28.441796232897442, 53.777730971846715], [28.461771717515866, 53.760565345091536], [28.481730877015497, 53.743396400492614], [28.501673731834234, 53.72622414284352], [28.521600302383785, 53.70904857692969], [28.541510609049684, 53.6918697075285], [28.56140467219132, 53.67468753940923], [28.581282512141946, 53.657502077333156], [28.601144149208746, 53.64031332605349], [28.62098960367279, 53.623121290315424], [28.64081889578912, 53.60592597485616], [28.660632045786727, 53.58872738440488], [28.680429073868606, 53.57152552368282], [28.700210000211754, 53.55432039740325], [28.71997484496722, 53.53711201027147], [28.739723628260077, 53.51990036698487], [28.759456370189543, 53.502685472232905], [28.779173090828884, 53.48546733069714], [28.79887381022552, 53.46824594705126], [28.818558548401015, 53.451021325961015], [28.83822732535113, 53.433793472084396], [28.85788016104579, 53.41656239007147], [28.877517075429182, 53.39932808456448], [28.8971380884197, 53.38209056019789], [28.916743219910035, 53.36484982159832], [28.936332489767164, 53.34760587338463], [28.95590591783239, 53.33035872016789], [28.97546352392133, 53.31310836655143], [28.995005327823993, 53.2958548171308], [29.01453134930477, 53.27859807649384], [29.034041608102438, 53.26133814922069], [29.053536123930268, 53.24407503988376], [29.073014916475923, 53.22680875304778], [29.092478005401603, 53.20953929326978], [29.111925410343968, 53.19226666509918], [29.131357150914276, 53.17499087307774], [29.15077324669827, 53.15771192173955], [29.17017371725632, 53.14042981561111], [29.189558582123386, 53.12314455921132], [29.208927860809055, 53.10585615705147], [29.22828157279757, 53.088564613635306], [29.247619737547843, 53.071269933458964], [29.266942374493507, 53.05397212101109], [29.286249503042907, 53.036671180772736], [29.305541142579138, 53.019367117217456], [29.324817312460066, 53.00205993481133], [29.344078032018384, 52.98474963801289], [29.363323320561573, 52.96743623127322], [29.38255319737197, 52.95011971903593], [29.401767681706822, 52.93280010573719], [29.42096679279823, 52.91547739580573], [29.44015054985323, 52.898151593662824], [29.459318972053822, 52.88082270372238], [29.478472078556965, 52.86349073039087], [29.497609888494612, 52.846155678067404], [29.516732420973742, 52.82881755114373], [29.535839695076405, 52.81147635400421], [29.554931729859668, 52.7941320910259], [29.574008544355745, 52.776784766578494], [29.593070157571947, 52.75943438502439], [29.612116588490753, 52.742080950718666], [29.631147856069795, 52.72472446800914], [29.650163979241896, 52.70736494123633], [29.66916497691513, 52.69000237473349], [29.688150867972798, 52.67263677282664], [29.707121671273477, 52.655268139834554], [29.726077405651033, 52.637896480068804], [29.745018089914684, 52.620521797833725], [29.763943742848973, 52.60314409742647], [29.78285438321381, 52.58576338313703], [29.801750029744525, 52.56837965924817], [29.820630701151874, 52.550992930035555], [29.83949641612204, 52.53360319976771], [29.858347193316686, 52.516210472705986], [29.877183051373, 52.49881475310464], [29.89600400890368, 52.48141604521084], [29.914810084496974, 52.464014353264645], [29.933601296716713, 52.44660968149906], [29.952377664102325, 52.42920203413998], [29.971139205168868, 52.41179141540631], [29.989885938407063, 52.394377829509885], [30.008617882283303, 52.376961280655514], [30.027335055239693, 52.35954177304098], [30.04603747569406, 52.34211931085711], [30.064725162039995, 52.324693898287705], [30.083398132646874, 52.307265539509615], [30.10205640585987, 52.289834238692734], [30.120700000000006, 52.2724]]}, "properties": {"fa_flight_id": "RA65733-1572433392-adhoc-0", "registration": "RA-65733", "ident": "RA-65733", "ident_icao": NaN, "origin_code": "L 54.00058 28.18062", "origin_city": "Minsk", "destination_code": "L 52.27240 30.12070", "destination_city": "Gomel", "scheduled_out": NaN, "estimated_out": NaN, "actual_out": NaN, "scheduled_off": "2019-10-30T11:03:12Z", "estimated_off": "2019-10-30T11:03:12Z", "actual_off": "2019-10-30T11:03:12Z", "scheduled_on": NaN, "estimated_on": NaN, "actual_on": "2019-10-30T11:03:12Z", "scheduled_in": NaN, "estimated_in": NaN, "actual_in": NaN, "status": "result unknown", "route_distance": NaN, "diverted": false, "cancelled": false, "simplified_departure_date": "2019-10-30", "origin_coords": [54.00058, 28.18062], "destination_coords": [52.2724, 30.1207], "is_same_city": false}}, {"type": "Feature", "geometry": {"type": "LineString", "coordinates": [[28.186630000000005, 54.09932], [28.1856861582174, 54.09697806317314], [28.184742423006895, 54.09463611896176], [28.183798794347627, 54.09229416736731], [28.182855272218738, 54.08995220839129], [28.181911856599374, 54.08761024203513], [28.180968547468673, 54.085268268300325], [28.180025344805802, 54.08292628718836], [28.17908224858991, 54.08058429870064], [28.178139258800176, 54.078242302838696], [28.177196375415758, 54.07590029960397], [28.176253598415833, 54.0735582889979], [28.175310927779595, 54.071216271021996], [28.174368363486217, 54.068874245677705], [28.17342590551489, 54.0665322129665], [28.172483553844817, 54.06419017288983], [28.171541308455208, 54.06184812544917], [28.170599169325246, 54.05950607064597], [28.16965713643416, 54.05716400848172], [28.168715209761167, 54.05482193895787], [28.167773389285486, 54.05247986207587], [28.16683167498635, 54.0501377778372], [28.165890066842984, 54.047795686243305], [28.164948564834628, 54.04545358729567], [28.164007168940525, 54.04311148099574], [28.163065879139932, 54.04076936734497], [28.1621246954121, 54.03842724634484], [28.161183617736274, 54.03608511799679], [28.16024264609174, 54.03374298230229], [28.159301780457753, 54.03140083926281], [28.158361020813587, 54.029058688879786], [28.157420367138535, 54.02671653115469], [28.156479819411867, 54.02437436608898], [28.155539377612882, 54.022032193684105], [28.15459904172087, 54.01969001394155], [28.153658811715136, 54.017347826862725], [28.152718687574986, 54.01500563244913], [28.151778669279718, 54.0126634307022], [28.150838756808675, 54.01032122162339], [28.149898950141154, 54.007979005214175], [28.148959249256492, 54.00563678147599], [28.14801965413402, 54.00329455041031], [28.147080164753067, 54.000952312018555], [28.14614078109299, 53.99861006630221], [28.14520150313312, 53.996267813262726], [28.144262330852822, 53.99392555290154], [28.14332326423144, 53.991583285220116], [28.142384303248356, 53.98924101021991], [28.141445447882912, 53.98689872790237], [28.140506698114496, 53.98455643826894], [28.139568053922495, 53.98221414132108], [28.138629515286276, 53.979871837060244], [28.137691082185235, 53.977529525487874], [28.13675275459877, 53.97518720660544], [28.13581453250627, 53.97284488041437], [28.134876415887145, 53.970502546916116], [28.133938404720798, 53.96816020611214], [28.133000498986654, 53.965817858003874], [28.132062698664118, 53.96347550259278], [28.131125003732624, 53.9611331398803], [28.130187414171598, 53.958790769867896], [28.129249929960476, 53.95644839255699], [28.128312551078704, 53.95410600794905], [28.127375277505717, 53.951763616045525], [28.12643810922097, 53.94942121684784], [28.125501046203922, 53.94707881035745], [28.124564088434024, 53.94473639657581], [28.123627235890744, 53.942393975504366], [28.122690488553552, 53.94005154714455], [28.121753846401937, 53.9377091114978], [28.120817309415365, 53.93536666856559], [28.119880877573323, 53.93302421834934], [28.118944550855307, 53.9306817608505], [28.118008329240812, 53.928339296070504], [28.11707221270935, 53.92599682401081], [28.116136201240405, 53.92365434467285], [28.11520029481351, 53.921311858058075], [28.11426449340816, 53.91896936416793], [28.113328797003895, 53.91662686300384], [28.112393205580236, 53.91428435456725], [28.11145771911672, 53.91194183885959], [28.110522337592876, 53.90959931588233], [28.10958706098825, 53.90725678563691], [28.108651889282392, 53.90491424812474], [28.107716822454847, 53.902571703347256], [28.106781860485185, 53.90022915130593], [28.105847003352956, 53.89788659200218], [28.104912251037728, 53.895544025437445], [28.103977603519084, 53.89320145161316], [28.1030430607766, 53.89085887053077], [28.102108622789853, 53.88851628219171], [28.101174289538434, 53.88617368659742], [28.100240061001937, 53.88383108374932], [28.099305937159958, 53.881488473648865], [28.0983719179921, 53.87914585629748], [28.09743800347798, 53.876803231696606], [28.09650419359721, 53.87446059984766], [28.09557048832939, 53.8721179607521], [28.094636887654165, 53.86977531441134], [28.093703391551156, 53.86743266082683], [28.092769999999994, 53.86509000000001]]}, "properties": {"fa_flight_id": "RA65733-1616835923-adhoc-0", "registration": "RA-65733", "ident": "RA-65733", "ident_icao": NaN, "origin_code": "L 54.09932 28.18663", "origin_city": "Minsk", "destination_code": "L 53.86509 28.09277", "destination_city": "Minsk", "scheduled_out": NaN, "estimated_out": NaN, "actual_out": NaN, "scheduled_off": "2021-03-27T09:05:23Z", "estimated_off": "2021-03-27T09:05:23Z", "actual_off": "2021-03-27T09:05:23Z", "scheduled_on": NaN, "estimated_on": NaN, "actual_on": "2021-03-27T09:05:23Z", "scheduled_in": NaN, "estimated_in": NaN, "actual_in": NaN, "status": "result unknown", "route_distance": NaN, "diverted": false, "cancelled": false, "simplified_departure_date": "2021-03-27", "origin_coords": [54.09932, 28.18663], "destination_coords": [53.86509, 28.09277], "is_same_city": false}}, {"type": "Feature", "geometry": {"type": "LineString", "coordinates": [[27.98338, 53.99336000000001], [27.98456490958406, 53.99200297466108], [27.98574974193922, 53.99064593766922], [27.98693449707373, 53.98928888902578], [27.98811917499578, 53.98793182873208], [27.989303775713605, 53.98657475678947], [27.990488299235402, 53.98521767319929], [27.9916727455694, 53.98386057796286], [27.99285711472379, 53.98250347108156], [27.994041406706796, 53.98114635255668], [27.99522562152662, 53.97978922238959], [27.996409759191476, 53.97843208058162], [27.997593819709568, 53.97707492713412], [27.9987778030891, 53.97571776204839], [27.999961709338283, 53.97436058532581], [28.00114553846531, 53.973003396967705], [28.002329290478393, 53.97164619697539], [28.00351296538573, 53.970288985350244], [28.004696563195537, 53.96893176209357], [28.005880083915983, 53.96757452720671], [28.007063527555292, 53.96621728069101], [28.008246894121655, 53.9648600225478], [28.00943018362327, 53.963502752778425], [28.010613396068315, 53.962145471384204], [28.011796531465016, 53.96078817836649], [28.012979589821548, 53.95943087372661], [28.0141625711461, 53.95807355746591], [28.01534547544687, 53.9567162295857], [28.016528302732056, 53.955358890087346], [28.017711053009833, 53.954001538972165], [28.018893726288404, 53.952644176241485], [28.02007632257595, 53.95128680189666], [28.021258841880652, 53.949929415939], [28.0224412842107, 53.94857201836988], [28.023623649574276, 53.947214609190596], [28.024805937979572, 53.94585718840249], [28.025988149434763, 53.9444997560069], [28.027170283948035, 53.943142312005165], [28.028352341527555, 53.9417848563986], [28.029534322181526, 53.94042738918856], [28.03071622591811, 53.93906991037636], [28.031898052745493, 53.937712419963354], [28.03307980267184, 53.936354917950844], [28.034261475705335, 53.93499740434018], [28.035443071854143, 53.9336398791327], [28.036624591126454, 53.93228234232973], [28.037806033530416, 53.9309247939326], [28.038987399074227, 53.929567233942635], [28.040168687766037, 53.92820966236118], [28.041349899614026, 53.926852079189544], [28.042531034626364, 53.92549448442908], [28.0437120928112, 53.92413687808113], [28.044893074176724, 53.92277926014698], [28.04607397873109, 53.92142163062801], [28.047254806482464, 53.92006398952552], [28.048435557439, 53.918706336840835], [28.04961623160888, 53.91734867257531], [28.05079682900024, 53.91599099673026], [28.051977349621254, 53.91463330930701], [28.053157793480086, 53.9132756103069], [28.05433816058488, 53.91191789973124], [28.055518450943804, 53.91056017758139], [28.056698664565012, 53.90920244385865], [28.057878801456653, 53.90784469856437], [28.05905886162689, 53.90648694169986], [28.06023884508387, 53.90512917326646], [28.06141875183575, 53.90377139326549], [28.062598581890676, 53.902413601698285], [28.063778335256792, 53.901055798566176], [28.06495801194226, 53.89969798387048], [28.06613761195522, 53.89834015761253], [28.067317135303817, 53.89698231979364], [28.068496581996204, 53.89562447041516], [28.06967595204052, 53.89426660947841], [28.07085524544491, 53.89290873698469], [28.07203446221752, 53.89155085293536], [28.073213602366483, 53.89019295733173], [28.074392665899953, 53.888835050175125], [28.075571652826053, 53.88747713146688], [28.076750563152938, 53.88611920120831], [28.07792939688874, 53.88476125940076], [28.079108154041588, 53.88340330604552], [28.080286834619628, 53.88204534114395], [28.08146543863099, 53.88068736469736], [28.08264396608381, 53.87932937670708], [28.08382241698622, 53.87797137717441], [28.085000791346342, 53.8766133661007], [28.08617908917232, 53.87525534348727], [28.087357310472274, 53.87389730933545], [28.08853545525434, 53.87253926364654], [28.089713523526648, 53.87118120642188], [28.090891515297304, 53.8698231376628], [28.092069430574465, 53.86846505737061], [28.093247269366238, 53.86710696554664], [28.094425031680732, 53.865748862192206], [28.095602717526095, 53.86439074730865], [28.096780326910434, 53.86303262089725], [28.097957859841877, 53.86167448295937], [28.09913531632854, 53.86031633349632], [28.10031269637854, 53.858958172509425], [28.10148999999999, 53.85759999999999]]}, "properties": {"fa_flight_id": "RA65733-1626332754-adhoc-0", "registration": "RA-65733", "ident": "RA-65733", "ident_icao": NaN, "origin_code": "L 53.99336 27.98338", "origin_city": "Minsk", "destination_code": "L 53.85760 28.10149", "destination_city": "Minsk", "scheduled_out": NaN, "estimated_out": NaN, "actual_out": NaN, "scheduled_off": "2021-07-15T07:05:54Z", "estimated_off": "2021-07-15T07:05:54Z", "actual_off": "2021-07-15T07:05:54Z", "scheduled_on": NaN, "estimated_on": NaN, "actual_on": "2021-07-15T07:05:54Z", "scheduled_in": NaN, "estimated_in": NaN, "actual_in": NaN, "status": "result unknown", "route_distance": NaN, "diverted": false, "cancelled": false, "simplified_departure_date": "2021-07-15", "origin_coords": [53.99336, 27.98338], "destination_coords": [53.8576, 28.10149], "is_same_city": false}}, {"type": "Feature", "geometry": {"type": "LineString", "coordinates": [[30.704440000000005, 54.94055], [30.67714206639731, 54.93096226442187], [30.64985714790939, 54.921368415692385], [30.622585241984517, 54.91176845890173], [30.59532634605513, 54.902162399137794], [30.568080457537963, 54.892550241486155], [30.540847573833982, 54.8829319910301], [30.513627692328512, 54.873307652850556], [30.486420810391248, 54.863677232026156], [30.459226925376274, 54.854040733633184], [30.432046034622157, 54.84439816274561], [30.404878135451927, 54.834749524435054], [30.37772322517319, 54.825094823770776], [30.350581301078105, 54.8154340658197], [30.323452360443426, 54.80576725564641], [30.29633640053063, 54.79609439831307], [30.269233418585838, 54.786415498879535], [30.24214341183995, 54.77673056240326], [30.21506637750863, 54.76703959393931], [30.18800231279238, 54.75734259854037], [30.16095121487657, 54.74763958125678], [30.133913080931475, 54.73793054713642], [30.106887908112316, 54.7282155012248], [30.079875693559313, 54.71849444856503], [30.052876434397707, 54.7087673941978], [30.02589012773785, 54.69903434316138], [29.99891677067514, 54.68929530049163], [29.971956360290193, 54.67955027122196], [29.945008893648794, 54.66979926038339], [29.91807436780196, 54.660042273004464], [29.891152779786008, 54.650279314111295], [29.864244126622562, 54.64051038872755], [29.837348405318597, 54.63073550187445], [29.8104656128665, 54.620954658570746], [29.78359574624409, 54.611167863832755], [29.756738802414684, 54.60137512267429], [29.72989477832712, 54.591576440106714], [29.70306367091577, 54.5817718211389], [29.676245477100643, 54.57196127077724], [29.649440193787377, 54.56214479402566], [29.622647817867314, 54.55232239588558], [29.595868346217475, 54.54249408135589], [29.569101775700698, 54.532659855433046], [29.5423481031656, 54.522819723110935], [29.51560732544666, 54.51297368938097], [29.488879439364215, 54.50312175923202], [29.462164441724557, 54.49326393765048], [29.435462329319936, 54.48340022962016], [29.408773098928606, 54.47353064012237], [29.38209674731487, 54.463655174135894], [29.35543327122911, 54.45377383663694], [29.328782667407854, 54.443886632599224], [29.30214493257379, 54.433993566993855], [29.275520063435792, 54.42409464478944], [29.24890805668901, 54.414189870951994], [29.222308909014867, 54.404279250444986], [29.195722617081117, 54.39436278822929], [29.16914917754186, 54.38444048926325], [29.142588587037643, 54.3745123585026], [29.116040842195414, 54.364578400900506], [29.089505939628634, 54.354638621407545], [29.06298387593727, 54.34469302497169], [29.036474647707884, 54.334741616538366], [29.0099782515136, 54.32478440105035], [28.983494683914223, 54.31482138344784], [28.95702394145621, 54.304852568668394], [28.930566020672764, 54.294877961646996], [28.90412091808383, 54.28489756731601], [28.877688630196158, 54.27491139060516], [28.85126915350335, 54.264919436441566], [28.824862484485863, 54.254921709749674], [28.798468619611103, 54.24491821545138], [28.772087555333396, 54.23490895846583], [28.745719288094094, 54.22489394370964], [28.71936381432157, 54.21487317609669], [28.69302113043126, 54.20484666053826], [28.666691232825738, 54.19481440194298], [28.64037411789472, 54.18477640521678], [28.614069782015086, 54.17473267526296], [28.587778221550984, 54.164683216982155], [28.561499432853793, 54.15462803527228], [28.535233412262233, 54.14456713502866], [28.508980156102336, 54.13450052114387], [28.48273966068756, 54.12442819850783], [28.456511922318718, 54.114350172007754], [28.430296937284133, 54.10426644652818], [28.404094701859634, 54.09417702695097], [28.377905212308537, 54.08408191815525], [28.351728464881784, 54.07398112501747], [28.3255644558179, 54.06387465241134], [28.299413181343066, 54.0537625052079], [28.27327463767116, 54.043644688275464], [28.247148821003783, 54.03352120647958], [28.221035727530303, 54.023392064683165], [28.194935353427883, 54.013257267746326], [28.16884769486154, 54.00311682052649], [28.14277274798416, 53.99297072787832], [28.116710508936556, 53.98281899465377], [28.090660973847488, 53.97266162570202], [28.064624138833707, 53.96249862586952], [28.0386, 53.95233]]}, "properties": {"fa_flight_id": "RA65733-1626258303-adhoc-0", "registration": "RA-65733", "ident": "RA-65733", "ident_icao": NaN, "origin_code": "L 54.94055 30.70444", "origin_city": "Vitebsk", "destination_code": "L 53.95233 28.03860", "destination_city": "Minsk", "scheduled_out": NaN, "estimated_out": NaN, "actual_out": NaN, "scheduled_off": "2021-07-14T10:25:03Z", "estimated_off": "2021-07-14T10:25:03Z", "actual_off": "2021-07-14T10:25:03Z", "scheduled_on": NaN, "estimated_on": NaN, "actual_on": "2021-07-14T10:25:03Z", "scheduled_in": NaN, "estimated_in": NaN, "actual_in": NaN, "status": "result unknown", "route_distance": NaN, "diverted": false, "cancelled": false, "simplified_departure_date": "2021-07-14", "origin_coords": [54.94055, 30.70444], "destination_coords": [53.95233, 28.0386], "is_same_city": false}}, {"type": "Feature", "geometry": {"type": "LineString", "coordinates": [[28.60292, 54.29045], [28.603750436570643, 54.291181782953664], [28.604580902652707, 54.291913560202765], [28.605411398247828, 54.29264533174693], [28.606241923357604, 54.29337709758581], [28.60707247798365, 54.29410885771905], [28.607903062127587, 54.29484061214631], [28.608733675791026, 54.295572360867205], [28.609564318975586, 54.29630410388139], [28.610394991682867, 54.29703584118851], [28.611225693914495, 54.29776757278822], [28.61205642567209, 54.298499298680134], [28.612887186957263, 54.29923101886391], [28.61371797777162, 54.29996273333921], [28.614548798116786, 54.300694442105645], [28.61537964799437, 54.301426145162885], [28.616210527405993, 54.30215784251055], [28.61704143635326, 54.302889534148306], [28.617872374837795, 54.303621220075776], [28.61870334286122, 54.30435290029261], [28.61953434042514, 54.305084574798464], [28.620365367531164, 54.305816243592965], [28.621196424180933, 54.30654790667575], [28.62202751037603, 54.3072795640465], [28.6228586261181, 54.308011215704816], [28.623689771408745, 54.30874286165035], [28.624520946249575, 54.309474501882754], [28.625352150642225, 54.310206136401675], [28.6261833845883, 54.31093776520675], [28.62701464808941, 54.311669388297624], [28.627845941147186, 54.312401005673934], [28.628677263763233, 54.31313261733531], [28.62950861593918, 54.31386422328142], [28.63033999767663, 54.314595823511915], [28.631171408977202, 54.3153274180264], [28.63200284984253, 54.316059006824545], [28.63283432027421, 54.31679058990598], [28.633665820273862, 54.317522167270354], [28.634497349843112, 54.31825373891731], [28.635328908983578, 54.31898530484648], [28.636160497696864, 54.319716865057536], [28.6369921159846, 54.32044841955008], [28.637823763848402, 54.32117996832378], [28.638655441289895, 54.321911511378275], [28.63948714831068, 54.32264304871321], [28.640318884912382, 54.32337458032822], [28.641150651096623, 54.32410610622294], [28.64198244686502, 54.32483762639704], [28.642814272219187, 54.32556914085014], [28.643646127160743, 54.32630064958188], [28.644478011691312, 54.32703215259192], [28.6453099258125, 54.32776364987988], [28.646141869525948, 54.32849514144542], [28.646973842833255, 54.329226627288186], [28.64780584573604, 54.3299581074078], [28.64863787823593, 54.33068958180391], [28.649469940334544, 54.331421050476166], [28.650302032033494, 54.33215251342422], [28.65113415333441, 54.332883970647686], [28.651966304238893, 54.333615422146224], [28.652798484748587, 54.33434686791947], [28.653630694865093, 54.33507830796708], [28.654462934590043, 54.33580974228868], [28.655295203925046, 54.33654117088392], [28.656127502871716, 54.33727259375243], [28.656959831431692, 54.33800401089388], [28.65779218960658, 54.33873542230786], [28.658624577398005, 54.33946682799407], [28.659456994807584, 54.34019822795213], [28.660289441836944, 54.340929622181676], [28.6611219184877, 54.34166101068234], [28.66195442476147, 54.34239239345378], [28.662786960659883, 54.34312377049563], [28.66361952618455, 54.34385514180755], [28.664452121337092, 54.34458650738914], [28.665284746119134, 54.34531786724009], [28.666117400532308, 54.34604922136002], [28.666950084578204, 54.34678056974857], [28.66778279825847, 54.34751191240539], [28.66861554157472, 54.34824324933009], [28.66944831452858, 54.34897458052236], [28.670281117121657, 54.3497059059818], [28.671113949355583, 54.35043722570808], [28.671946811231987, 54.351168539700836], [28.672779702752464, 54.3518998479597], [28.673612623918668, 54.35263115048432], [28.67444557473219, 54.35336244727433], [28.67527855519467, 54.35409373832937], [28.676111565307732, 54.35482502364909], [28.67694460507299, 54.35555630323313], [28.677777674492077, 54.35628757708114], [28.678610773566607, 54.357018845192734], [28.679443902298196, 54.35775010756759], [28.680277060688475, 54.35848136420531], [28.681110248739067, 54.35921261510556], [28.68194346645159, 54.35994386026799], [28.682776713827664, 54.36067509969221], [28.683609990868916, 54.361406333377886], [28.684443297576976, 54.362137561324644], [28.685276633953464, 54.36286878353214], [28.68610999999999, 54.3636]]}, "properties": {"fa_flight_id": "RA65733-1626247693-adhoc-0", "registration": "RA-65733", "ident": "RA-65733", "ident_icao": NaN, "origin_code": "L 54.29045 28.60292", "origin_city": "Minsk", "destination_code": "L 54.36360 28.68611", "destination_city": "Minsk", "scheduled_out": NaN, "estimated_out": NaN, "actual_out": NaN, "scheduled_off": "2021-07-14T07:28:13Z", "estimated_off": "2021-07-14T07:28:13Z", "actual_off": "2021-07-14T07:28:13Z", "scheduled_on": NaN, "estimated_on": NaN, "actual_on": "2021-07-14T07:28:13Z", "scheduled_in": NaN, "estimated_in": NaN, "actual_in": NaN, "status": "result unknown", "route_distance": NaN, "diverted": false, "cancelled": false, "simplified_departure_date": "2021-07-14", "origin_coords": [54.29045, 28.60292], "destination_coords": [54.3636, 28.68611], "is_same_city": false}}, {"type": "Feature", "geometry": {"type": "LineString", "coordinates": [[34.96726999999999, 55.95395], [34.89510111880604, 55.93497642893872], [34.82300297114166, 55.91596071885511], [34.75097559363201, 55.89690294117658], [34.67901902210731, 55.877803167329546], [34.607133291605805, 55.858661468738504], [34.53531843637652, 55.83947791682516], [34.46357448988221, 55.82025258300762], [34.3919014848022, 55.800985538699464], [34.32029945303524, 55.78167685530891], [34.24876842570245, 55.76232660423799], [34.17730843315015, 55.74293485688167], [34.10591950495284, 55.72350168462698], [34.03460166991602, 55.7040271588523], [33.96335495607919, 55.6845113509263], [33.89217939071875, 55.66495433220737], [33.82107500035089, 55.645356174042604], [33.750041810734594, 55.62571694776707], [33.67907984687453, 55.606036724702946], [33.60818913302403, 55.58631557615875], [33.537369692688046, 55.5665535734285], [33.46662154862611, 55.54675078779093], [33.39594472285527, 55.52690729050866], [33.325339236653114, 55.50702315282746], [33.254805110560724, 55.4870984459754], [33.184342364385664, 55.46713324116214], [33.11395101720496, 55.447127609578025], [33.04363108736809, 55.42708162239344], [32.97338259250001, 55.40699535075796], [32.903205549504136, 55.386868865799634], [32.83309997456534, 55.36670223862416], [32.76306588315299, 55.346495540314166], [32.69310329002394, 55.326248841928496], [32.62321220922555, 55.305962214501356], [32.55339265409873, 55.285635729041665], [32.48364463728095, 55.265269456532266], [32.413968170709275, 55.24486346792925], [32.34436326562338, 55.224417834161116], [32.274829932568586, 55.20393262612814], [32.205368181398946, 55.18340791470164], [32.135978021280216, 55.16284377072319], [32.06665946069294, 55.14224026500403], [31.997412507435513, 55.12159746832419], [31.92823716862715, 55.10091545143199], [31.859133450711038, 55.08019428504313], [31.790101359457296, 55.059434039840156], [31.721140899966098, 55.0386347864717], [31.65225207667068, 55.017796595551786], [31.58343489334044, 54.99691953765919], [31.514689353083938, 54.976003683336714], [31.446015458352015, 54.95504910309056], [31.377413210940816, 54.93405586738962], [31.30888261199485, 54.9130240466648], [31.240423662010087, 54.891953711308474], [31.172036360836966, 54.870844931673695], [31.1037207076835, 54.84969777807358], [31.035476701118334, 54.82851232078071], [30.967304339073785, 54.807288630026456], [30.89920361884891, 54.7860267760003], [30.831174537112613, 54.764726828849284], [30.763217089906636, 54.74338885867735], [30.69533127264867, 54.72201293554468], [30.627517080135412, 54.7005991294671], [30.559774506545622, 54.67914751041549], [30.49210354544318, 54.65765814831513], [30.424504189780116, 54.63613111304514], [30.356976431899746, 54.6145664744378], [30.28952026353964, 54.59296430227806], [30.222135675834767, 54.57132466630285], [30.15482265932046, 54.549647636200525], [30.08758120393554, 54.52793328161031], [30.020411299025334, 54.50618167212167], [29.953312933344726, 54.48439287727377], [29.886286095061227, 54.46256696655488], [29.819330771758, 54.44070400940179], [29.75244695043691, 54.41880407519931], [29.685634617521558, 54.39686723327965], [29.618893758860356, 54.37489355292188], [29.552224359729504, 54.35288310335139], [29.485626404836072, 54.33083595373934], [29.41909987832105, 54.3087521732021], [29.3526447637623, 54.28663183080074], [29.286261044177643, 54.26447499554046], [29.21994870202788, 54.242281736370074], [29.153707719219803, 54.22005212218155], [29.087538077109212, 54.19778622180935], [29.021439756503906, 54.17548410403004], [28.955412737666748, 54.15314583756171], [28.88945700031859, 54.13077149106345], [28.8235725236414, 54.10836113313491], [28.75775928628113, 54.085914832315765], [28.69201726635079, 54.0634326570852], [28.626346441433423, 54.040914675861444], [28.56074678858509, 54.01836095700125], [28.495218284337863, 53.995771568799455], [28.429760904702793, 53.973146579488464], [28.364374625172886, 53.95048605723776], [28.29905942072608, 53.92779007015346], [28.233815265828223, 53.9050586862779], [28.16864213443603, 53.882291973589005], [28.10354, 53.85949]]}, "properties": {"fa_flight_id": "RA65733-1626860242-adhoc-0", "registration": "RA-65733", "ident": "RA-65733", "ident_icao": NaN, "origin_code": "L 55.95395 34.96727", "origin_city": "Tver", "destination_code": "L 53.85949 28.10354", "destination_city": "Minsk", "scheduled_out": NaN, "estimated_out": NaN, "actual_out": NaN, "scheduled_off": "2021-07-21T09:37:22Z", "estimated_off": "2021-07-21T09:37:22Z", "actual_off": "2021-07-21T09:37:22Z", "scheduled_on": NaN, "estimated_on": NaN, "actual_on": "2021-07-21T09:37:22Z", "scheduled_in": NaN, "estimated_in": NaN, "actual_in": NaN, "status": "result unknown", "route_distance": NaN, "diverted": false, "cancelled": false, "simplified_departure_date": "2021-07-21", "origin_coords": [55.95395, 34.96727], "destination_coords": [53.85949, 28.10354], "is_same_city": false}}, {"type": "Feature", "geometry": {"type": "LineString", "coordinates": [[28.23836999999999, 54.07449], [28.278080184872298, 54.091425723491156], [28.31782279022802, 54.10834836241969], [28.357597837604647, 54.12525789795845], [28.397405348482543, 54.14215431125949], [28.43724534428465, 54.15903758345423], [28.47711784637608, 54.17590769565337], [28.51702287606376, 54.19276462894698], [28.556960454596084, 54.209608364404474], [28.596930603162537, 54.22643888307464], [28.63693334289329, 54.24325616598572], [28.676968694858886, 54.2600601941453], [28.71703668006982, 54.27685094854049], [28.757137319476207, 54.29362841013784], [28.797270633967376, 54.31039255988339], [28.837436644371508, 54.32714337870269], [28.877635371455263, 54.343880847500834], [28.917866835923416, 54.36060494716249], [28.958131058418445, 54.377315658551886], [28.998428059520165, 54.39401296251289], [29.038757859745395, 54.410696839868955], [29.079120479547495, 54.427367271423236], [29.119515939316038, 54.44402423795855], [29.159944259376434, 54.46066772023742], [29.20040545998949, 54.47729769900209], [29.240899561351135, 54.49391415497459], [29.28142658359186, 54.51051706885669], [29.321986546776515, 54.52710642133002], [29.362579470903803, 54.543682193056], [29.403205375905937, 54.560244364675924], [29.443864281648246, 54.576792916810994], [29.48455620792876, 54.5933278300623], [29.525281174477854, 54.60984908501089], [29.566039200957817, 54.62635666221778], [29.606830306962497, 54.642850542223975], [29.64765451201688, 54.659330705550545], [29.68851183557669, 54.67579713269856], [29.729402297028027, 54.69224980414923], [29.770325915686918, 54.70868870036384], [29.81128271079896, 54.72511380178381], [29.852272701538883, 54.7415250888308], [29.893295907010206, 54.75792254190661], [29.93435234624475, 54.77430614139329], [29.975442038202342, 54.79067586765318], [30.0165650017703, 54.80703170102889], [30.0577212557631, 54.823373621843366], [30.09891081892194, 54.839701610399935], [30.140133709914373, 54.85601564698228], [30.181389947333816, 54.87231571185453], [30.222679549699244, 54.88860178526129], [30.26400253545471, 54.90487384742762], [30.305358922968935, 54.92113187855913], [30.346748730534934, 54.93737585884198], [30.38817197636957, 54.95360576844291], [30.429628678613145, 54.96982158750932], [30.47111885532904, 54.986023296169236], [30.512642524503182, 55.0022108745314], [30.55419970404374, 55.01838430268529], [30.59579041178065, 55.034543560701124], [30.637414665465215, 55.05068862862996], [30.679072482769662, 55.06681948650368], [30.72076388128676, 55.08293611433503], [30.76248887852935, 55.09903849211769], [30.804247491929978, 55.11512659982629], [30.846039738840417, 55.13120041741644], [30.88786563653129, 55.14725992482476], [30.92972520219158, 55.163305101968994], [30.971618452928286, 55.17933592874791], [31.013545405765946, 55.19535238504149], [31.055506077646186, 55.211354450710836], [31.09750048542735, 55.22734210559835], [31.13952864588403, 55.243315329527626], [31.18159057570665, 55.259274102303586], [31.22368629150102, 55.2752184037125], [31.26581580978791, 55.29114821352204], [31.307979147002634, 55.307063511481246], [31.350176319494558, 55.32296427732069], [31.392407343526756, 55.338850490752414], [31.43467223527549, 55.35472213147005], [31.476971010829793, 55.37057917914877], [31.519303686191062, 55.38642161344544], [31.5616702772726, 55.402249413998575], [31.604070799899148, 55.41806256042843], [31.646505269806482, 55.433861032337056], [31.68897370264095, 55.44964480930824], [31.73147611395905, 55.46541387090772], [31.774012519226947, 55.48116819668309], [31.816582933820065, 55.4969077661639], [31.859187373022635, 55.51263255886171], [31.901825852027233, 55.52834255427012], [31.944498385934324, 55.54403773186483], [31.98720498975184, 55.55971807110364], [32.02994567839476, 55.57538355142659], [32.07272046668455, 55.5910341522559], [32.115529369348835, 55.60666985299612], [32.15837240102086, 55.62229063303412], [32.20124957623911, 55.63789647173912], [32.24416090944677, 55.65348734846279], [32.28710641499134, 55.66906324253927], [32.33008610712419, 55.68462413328527], [32.3731, 55.700170000000014]]}, "properties": {"fa_flight_id": "RA65733-1626852517-adhoc-0", "registration": "RA-65733", "ident": "RA-65733", "ident_icao": NaN, "origin_code": "L 54.07449 28.23837", "origin_city": "Minsk", "destination_code": "L 55.70017 32.37310", "destination_city": "Vitebsk", "scheduled_out": NaN, "estimated_out": NaN, "actual_out": NaN, "scheduled_off": "2021-07-21T07:28:37Z", "estimated_off": "2021-07-21T07:28:37Z", "actual_off": "2021-07-21T07:28:37Z", "scheduled_on": NaN, "estimated_on": NaN, "actual_on": "2021-07-21T07:28:37Z", "scheduled_in": NaN, "estimated_in": NaN, "actual_in": NaN, "status": "result unknown", "route_distance": NaN, "diverted": false, "cancelled": false, "simplified_departure_date": "2021-07-21", "origin_coords": [54.07449, 28.23837], "destination_coords": [55.70017, 32.3731], "is_same_city": false}}, {"type": "Feature", "geometry": {"type": "LineString", "coordinates": [[34.65006, 56.94467000000001], [34.57928024777422, 56.915692749454486], [34.5086103758656, 56.88667556996371], [34.438050242984986, 56.857618567633075], [34.367599707261405, 56.82852184834304], [34.297258626249544, 56.79938551774877], [34.227026856937, 56.77020968127988], [34.15690425575164, 56.74099444414022], [34.086890678568764, 56.71173991130755], [34.01698598071834, 56.682446187533344], [33.94719001699215, 56.65311337734254], [33.87750264165094, 56.62374158503331], [33.80792370843143, 56.59433091467681], [33.738453070553426, 56.56488147011703], [33.669090580726696, 56.53539335497053], [33.599836091158046, 56.505866672626276], [33.530689453558146, 56.47630152624545], [33.46165051914842, 56.446698018761246], [33.392719138667836, 56.41705625287876], [33.32389516237974, 56.387376331074734], [33.25517844007859, 56.35765835559747], [33.186568821096564, 56.3279024284667], [33.11806615431035, 56.29810865147337], [33.0496702881477, 56.268277126179534], [32.981381070593955, 56.23840795391829], [32.91319834919865, 56.20850123579359], [32.84512197108201, 56.178557072680135], [32.77715178294133, 56.14857556522335], [32.70928763105745, 56.118556813839156], [32.64152936130109, 56.08850091871403], [32.57387681913919, 56.05840797980484], [32.50632984964119, 56.02827809683876], [32.4388882974853, 55.99811136931323], [32.37155200696467, 55.96790789649592], [32.30432082199358, 55.93766777742466], [32.237194586113546, 55.90739111090734], [32.170173142499415, 55.87707799552197], [32.10325633396542, 55.8467285296166], [32.03644400297116, 55.81634281130925], [31.969735991627587, 55.785920938487976], [31.90313214170289, 55.75546300881079], [31.836632294628437, 55.72496911970573], [31.77023629150457, 55.69443936837076], [31.703943973106423, 55.66387385177384], [31.63775517988969, 55.63327266665294], [31.571669751996367, 55.60263590951608], [31.50568752926038, 55.571963676641296], [31.439808351213312, 55.541256064076684], [31.374032057089927, 55.51051316764049], [31.308358485833804, 55.47973508292113], [31.242787476102826, 55.44892190527719], [31.177318866274685, 55.41807372983757], [31.11195249445234, 55.38719065150147], [31.046688198469397, 55.35627276493851], [30.981525815895516, 55.32532016458876], [30.916465184041744, 55.29433294466286], [30.85150613996579, 55.263311199142095], [30.786648520477307, 55.23225502177843], [30.721892162143092, 55.2011645060947], [30.657236901292272, 55.17003974538463], [30.592682574021484, 55.13888083271301], [30.528229016199944, 55.107687860915746], [30.463876063474505, 55.076460922600006], [30.399623551274743, 55.045200110144336], [30.335471314817905, 55.013905515698795], [30.271419189113885, 54.982577231185104], [30.207467008970152, 54.951215348296714], [30.14361460899661, 54.919819958499026], [30.07986182361048, 54.888391153029524], [30.01620848704107, 54.85692902289786], [29.952654433334594, 54.825433658886126], [29.889199496358884, 54.79390515154891], [29.825843509808077, 54.76234359121352], [29.762586307207332, 54.73074906798014], [29.699427721917388, 54.69912167172199], [29.636367587139222, 54.667461492085536], [29.573405735918595, 54.63576861849066], [29.51054200115054, 54.60404314013086], [29.4477762155839, 54.5722851459734], [29.385108211825703, 54.54049472475957], [29.322537822345698, 54.50867196500485], [29.260064879480616, 54.476816954999116], [29.19768921543863, 54.444929782806874], [29.135410662303556, 54.41301053626746], [29.073229052039206, 54.38105930299522], [29.011144216493637, 54.349076170379824], [28.94915598740332, 54.31706122558644], [28.88726419639733, 54.2850145555559], [28.825468675001506, 54.25293624700506], [28.763769254642554, 54.22082638642697], [28.70216576665211, 54.18868506009108], [28.640658042270786, 54.156512354043585], [28.579245912652198, 54.12430835410759], [28.517929208866917, 54.09207314588338], [28.456707761906422, 54.05980681474874], [28.395581402687014, 54.02750944585908], [28.334549962053686, 53.99518112414787], [28.273613270783986, 53.96282193432673], [28.2127711595918, 53.930431960885905], [28.152023459131172, 53.89801128809432], [28.091370000000005, 53.86556]]}, "properties": {"fa_flight_id": "RA65733-1626774570-adhoc-0", "registration": "RA-65733", "ident": "RA-65733", "ident_icao": NaN, "origin_code": "L 56.94467 34.65006", "origin_city": "Tver", "destination_code": "L 53.86556 28.09137", "destination_city": "Minsk", "scheduled_out": NaN, "estimated_out": NaN, "actual_out": NaN, "scheduled_off": "2021-07-20T09:49:30Z", "estimated_off": "2021-07-20T09:49:30Z", "actual_off": "2021-07-20T09:49:30Z", "scheduled_on": NaN, "estimated_on": NaN, "actual_on": "2021-07-20T09:49:30Z", "scheduled_in": NaN, "estimated_in": NaN, "actual_in": NaN, "status": "result unknown", "route_distance": NaN, "diverted": false, "cancelled": false, "simplified_departure_date": "2021-07-20", "origin_coords": [56.94467, 34.65006], "destination_coords": [53.86556, 28.09137], "is_same_city": false}}, {"type": "Feature", "geometry": {"type": "LineString", "coordinates": [[28.39065, 54.075190000000006], [28.450527473304472, 54.10355912253508], [28.510486882940743, 54.13189848311985], [28.57052834021532, 54.160208009971484], [28.630651956222795, 54.18848763115714], [28.69085784184254, 54.216737274593996], [28.751146107735483, 54.24495686804922], [28.811516864340778, 54.27314633914003], [28.871970221872477, 54.30130561533367], [28.932506290316205, 54.32943462394742], [28.993125179425803, 54.3575332921487], [29.053826998719934, 54.38560154695498], [29.114611857478714, 54.41363931523389], [29.175479864740225, 54.44164652370321], [29.236431129297188, 54.46962309893097], [29.297465759693367, 54.497568967335354], [29.35858386422021, 54.525484055184954], [29.41978555091328, 54.55336828859859], [29.48107092754876, 54.581221593545536], [29.542440101639915, 54.60904389584548], [29.603893180433506, 54.6368351211686], [29.66543027090627, 54.66459519503566], [29.727051479761236, 54.69232404281804], [29.788756913424187, 54.720021589737804], [29.85054667803996, 54.74768776086782], [29.912420879468826, 54.77532248113178], [29.97437962328278, 54.80292567530432], [30.036423014761848, 54.830497268011094], [30.098551158890388, 54.858037183728854], [30.1607641603533, 54.88554534678555], [30.223062123532323, 54.91302168136044], [30.2854451525022, 54.94046611148422], [30.34791335102691, 54.96787856103901], [30.41046682255581, 54.99525895375863], [30.473105670219855, 55.02260721322858], [30.535829996827626, 55.04992326288625], [30.59863990486157, 55.07720702602098], [30.661535496473995, 55.10445842577421], [30.724516873483203, 55.13167738513963], [30.787584137369514, 55.15886382696332], [30.850737389271316, 55.18601767394383], [30.913976729981044, 55.2131388486324], [30.97730225994121, 55.24022727343303], [31.040714079240406, 55.267282870602756], [31.104212287609112, 55.29430556225165], [31.167796984415823, 55.32129527034316], [31.23146826866279, 55.348251916694096], [31.295226238982007, 55.375175422974955], [31.359070993631054, 55.40206571070999], [31.423002630488924, 55.428922701277465], [31.487021247051874, 55.45574631590982], [31.551126940429224, 55.48253647569381], [31.615319807339134, 55.5092931015708], [31.67959994410441, 55.5360161143369], [31.743967446648163, 55.56270543464315], [31.80842241048966, 55.58936098299582], [31.87296493073989, 55.61598267975651], [31.93759510209734, 55.6425704451425], [32.00231301884365, 55.66912419922686], [32.067118774839194, 55.69564386193873], [32.132012463518784, 55.72212935306358], [32.19699417788722, 55.74858059224341], [32.26206401051487, 55.77499749897702], [32.327222053533255, 55.80137999262024], [32.39246839863056, 55.82772799238624], [32.45780313704724, 55.85404141734568], [32.52322635957137, 55.88032018642712], [32.588738156534234, 55.906564218417195], [32.65433861780578, 55.932773431960925], [32.72002783279002, 55.958947745561986], [32.785805890420434, 55.985087077583], [32.851672879155466, 56.01119134624586], [32.91762888697379, 56.037260469632], [32.983674001369714, 56.063294365682694], [33.04980830934854, 56.089292952199386], [33.116031897421855, 56.115256146844004], [33.182344851602835, 56.141183867139276], [33.24874725740152, 56.16707603046905], [33.315239199820056, 56.192932554078645], [33.38182076334803, 56.218753355075194], [33.448492031957535, 56.244538350427945], [33.5152530890985, 56.270287456968695], [33.5821040176938, 56.29600059139206], [33.64904490013443, 56.32167767025586], [33.71607581827467, 56.34731860998154], [33.78319685342719, 56.37292332685451], [33.850408086358144, 56.39849173702447], [33.91770959728225, 56.42402375650591], [33.98510146585789, 56.449519301178384], [34.0525837711821, 56.47497828678702], [34.12015659178566, 56.50040062894283], [34.18782000562803, 56.525786243123186], [34.255574090092395, 56.5511350446722], [34.3234189219806, 56.57644694880116], [34.3913545775081, 56.60172187058898], [34.459381132298944, 56.62695972498261], [34.52749866138061, 56.65216042679746], [34.595707239178935, 56.677323890717894], [34.664006939513, 56.702450031297666], [34.73239783558999, 56.7275387629604], [34.80088, 56.75258999999999]]}, "properties": {"fa_flight_id": "RA65733-1626765608-adhoc-0", "registration": "RA-65733", "ident": "RA-65733", "ident_icao": NaN, "origin_code": "L 54.07519 28.39065", "origin_city": "Minsk", "destination_code": "L 56.75259 34.80088", "destination_city": "Tver", "scheduled_out": NaN, "estimated_out": NaN, "actual_out": NaN, "scheduled_off": "2021-07-20T07:20:08Z", "estimated_off": "2021-07-20T07:20:08Z", "actual_off": "2021-07-20T07:20:08Z", "scheduled_on": NaN, "estimated_on": NaN, "actual_on": "2021-07-20T07:20:08Z", "scheduled_in": NaN, "estimated_in": NaN, "actual_in": NaN, "status": "result unknown", "route_distance": NaN, "diverted": false, "cancelled": false, "simplified_departure_date": "2021-07-20", "origin_coords": [54.07519, 28.39065], "destination_coords": [56.75259, 34.80088], "is_same_city": false}}, {"type": "Feature", "geometry": {"type": "LineString", "coordinates": [[31.124949999999995, 52.53462], [31.094791260701896, 52.548914813700506], [31.064612873719433, 52.563201959067186], [31.034414826655063, 52.577481427139425], [31.004197107125787, 52.591753208947864], [30.973959702763334, 52.60601729551438], [30.94370260121414, 52.62027367785208], [30.913425790139524, 52.634522346965305], [30.88312925721573, 52.64876329384967], [30.852812990134098, 52.66299650949198], [30.822476976601067, 52.67722198487031], [30.792121204338354, 52.691439710954], [30.761745661083012, 52.70564967870359], [30.731350334587532, 52.719851879070916], [30.700935212619914, 52.73404630299904], [30.670500282963868, 52.7482329414223], [30.64004553341876, 52.762411785266266], [30.609570951799824, 52.77658282544776], [30.579076525938245, 52.790746052874894], [30.548562243681204, 52.804901458447034], [30.518028092892028, 52.819049033054796], [30.487474061450293, 52.833188767580076], [30.45690013725189, 52.847320652896045], [30.426306308209142, 52.86144467986714], [30.3956925622509, 52.87556083934906], [30.36505888732267, 52.88966912218883], [30.334405271386686, 52.90376951922469], [30.303731702422, 52.91786202128622], [30.273038168424627, 52.93194661919423], [30.242324657407618, 52.946023303760896], [30.21159115740115, 52.96009206578962], [30.180837656452663, 52.97415289607513], [30.15006414262694, 52.988205785403444], [30.119270604006218, 53.002250724551885], [30.08845702869029, 53.01628770428908], [30.057623404796598, 53.03031671537497], [30.026769720460354, 53.04433774856078], [29.99589596383465, 53.05835079458912], [29.96500212309052, 53.07235584419382], [29.934088186417096, 53.086352888100116], [29.90315414202169, 53.10034191702452], [29.872199978129892, 53.1143229216749], [29.841225682985684, 53.12829589275044], [29.81023124485155, 53.142260820941665], [29.779216652008575, 53.15621769693047], [29.748181892756563, 53.17016651139004], [29.717126955414116, 53.184107254984944], [29.686051828318778, 53.19803991837109], [29.654956499827122, 53.211964492195754], [29.623840958314847, 53.22588096709757], [29.592705192176908, 53.23978933370652], [29.561549189827605, 53.25368958264398], [29.530372939700708, 53.26758170452267], [29.49917643024955, 53.28146568994672], [29.467959649947154, 53.295341529511624], [29.43672258728632, 53.30920921380426], [29.405465230779768, 53.323068733402884], [29.37418756896018, 53.3369200788772], [29.342889590380405, 53.35076324078826], [29.311571283613485, 53.364598209688516], [29.280232637252812, 53.37842497612189], [29.248873639912237, 53.392243530623645], [29.217494280226152, 53.40605386372053], [29.186094546849617, 53.419855965930665], [29.154674428458488, 53.43364982776363], [29.12323391374952, 53.44743543972042], [29.091772991440447, 53.4612127922935], [29.06029165027014, 53.47498187596675], [29.028789878998708, 53.48874268121551], [28.997267666407573, 53.50249519850658], [28.965725001299646, 53.51623941829823], [28.93416187249938, 53.52997533104016], [28.902578268852935, 53.54370292717359], [28.870974179228263, 53.55742219713118], [28.839349592515198, 53.57113313133711], [28.807704497625636, 53.58483572020703], [28.776038883493598, 53.59852995414806], [28.744352739075367, 53.61221582355886], [28.71264605334958, 53.62589331882959], [28.680918815317384, 53.63956243034191], [28.649171014002494, 53.65322314846901], [28.617402638451388, 53.66687546357561], [28.585613677733345, 53.680519366017926], [28.55380412094059, 53.69415484614376], [28.52197395718844, 53.707781894292445], [28.490123175615388, 53.721400500794864], [28.458251765383213, 53.735010655973426], [28.42635971567713, 53.74861235014217], [28.39444701570589, 53.76220557360662], [28.36251365470191, 53.77579031666397], [28.330559621921346, 53.78936656960293], [28.29858490664427, 53.802934322703834], [28.26658949817477, 53.8164935662386], [28.234573385841074, 53.830044290470774], [28.202536558995615, 53.84358648565547], [28.170479007015253, 53.85712014203948], [28.138400719301302, 53.87064524986117], [28.106301685279686, 53.88416179935058], [28.074181894401104, 53.89766978072937], [28.04204133614104, 53.91116918421086], [28.009880000000003, 53.92466000000001]]}, "properties": {"fa_flight_id": "RA65733-1630405521-adhoc-0", "registration": "RA-65733", "ident": "RA-65733", "ident_icao": NaN, "origin_code": "L 52.53462 31.12495", "origin_city": "Gomel", "destination_code": "L 53.92466 28.00988", "destination_city": "Minsk", "scheduled_out": NaN, "estimated_out": NaN, "actual_out": NaN, "scheduled_off": "2021-08-31T10:25:21Z", "estimated_off": "2021-08-31T10:25:21Z", "actual_off": "2021-08-31T10:25:21Z", "scheduled_on": NaN, "estimated_on": NaN, "actual_on": "2021-08-31T10:25:21Z", "scheduled_in": NaN, "estimated_in": NaN, "actual_in": NaN, "status": "result unknown", "route_distance": NaN, "diverted": false, "cancelled": false, "simplified_departure_date": "2021-08-31", "origin_coords": [52.53462, 31.12495], "destination_coords": [53.92466, 28.00988], "is_same_city": false}}, {"type": "Feature", "geometry": {"type": "LineString", "coordinates": [[28.468540000000004, 53.935140000000004], [28.4638183684461, 53.93506296351385], [28.459096754347232, 53.93498574186439], [28.454375157745208, 53.93490833505286], [28.449653578681804, 53.93483074308044], [28.444932017198813, 53.934752965948356], [28.440210473338023, 53.93467500365785], [28.43548894714121, 53.9345968562101], [28.430767438650168, 53.93451852360637], [28.426045947906687, 53.93444000584786], [28.421324474952527, 53.93436130293581], [28.41660301982948, 53.93428241487145], [28.41188158257933, 53.93420334165603], [28.40716016324385, 53.93412408329077], [28.402438761864822, 53.93404463977693], [28.397717378484025, 53.93396501111574], [28.39299601314322, 53.93388519730845], [28.388274665884197, 53.9338051983563], [28.383553336748722, 53.93372501426056], [28.378832025778564, 53.93364464502248], [28.374110733015502, 53.93356409064332], [28.36938945850131, 53.93348335112435], [28.364668202277738, 53.93340242646682], [28.359946964386562, 53.933321316672], [28.355225744869546, 53.93324002174116], [28.35050454376848, 53.93315854167558], [28.345783361125086, 53.933076876476534], [28.341062196981152, 53.932995026145306], [28.336341051378437, 53.93291299068317], [28.331619924358698, 53.93283077009141], [28.32689881596369, 53.932748364371314], [28.32217772623519, 53.93266577352418], [28.317456655214926, 53.93258299755129], [28.312735602944684, 53.93250003645395], [28.308014569466195, 53.93241689023346], [28.303293554821224, 53.93233355889112], [28.29857255905152, 53.93225004242823], [28.29385158219884, 53.9321663408461], [28.289130624304924, 53.93208245414605], [28.284409685411525, 53.93199838232938], [28.279688765560394, 53.93191412539742], [28.27496786479327, 53.93182968335147], [28.270246983151903, 53.93174505619288], [28.26552612067803, 53.93166024392294], [28.26080527741341, 53.93157524654302], [28.25608445339978, 53.931490064054415], [28.25136364867886, 53.93140469645848], [28.24664286329242, 53.93131914375655], [28.24192209728217, 53.931233405949946], [28.23720135068986, 53.931147483040036], [28.23248062355722, 53.93106137502816], [28.227759915926, 53.93097508191564], [28.223039227837912, 53.93088860370386], [28.218318559334698, 53.93080194039416], [28.21359791045809, 53.93071509198791], [28.20887728124982, 53.930628058486455], [28.2041566717516, 53.930540839891144], [28.199436082005178, 53.93045343620338], [28.194715512052273, 53.93036584742451], [28.18999496193459, 53.93027807355589], [28.18527443169388, 53.930190114598936], [28.180553921371853, 53.930101970554986], [28.17583343101023, 53.93001364142543], [28.171112960650724, 53.92992512721167], [28.166392510335065, 53.92983642791507], [28.161672080104967, 53.92974754353704], [28.156951670002144, 53.92965847407894], [28.15223128006831, 53.92956921954219], [28.14751091034517, 53.92947977992818], [28.142790560874445, 53.92939015523831], [28.138070231697853, 53.92930034547399], [28.133349922857086, 53.92921035063662], [28.128629634393867, 53.9291201707276], [28.123909366349892, 53.92902980574835], [28.119189118766872, 53.92893925570029], [28.11446889168652, 53.92884852058484], [28.109748685150517, 53.928757600403415], [28.10502849920058, 53.92866649515743], [28.10030833387841, 53.928575204848315], [28.095588189225698, 53.9284837294775], [28.09086806528416, 53.92839206904643], [28.086147962095463, 53.928300223556526], [28.081427879701323, 53.928208193009226], [28.07670781814343, 53.92811597740598], [28.071987777463473, 53.92802357674822], [28.067267757703153, 53.92793099103739], [28.06254775890415, 53.927838220274964], [28.057827781108156, 53.927745264462374], [28.053107824356857, 53.927652123601064], [28.04838788869194, 53.92755879769251], [28.043667974155092, 53.927465286738176], [28.038948080787996, 53.927371590739526], [28.034228208632335, 53.92727770969801], [28.029508357729775, 53.9271836436151], [28.024788528122016, 53.92708939249229], [28.02006871985073, 53.926994956331036], [28.015348932957586, 53.926900335132814], [28.010629167484275, 53.92680552889912], [28.005909423472456, 53.92671053763142], [28.001189700963806, 53.926615361331216], [27.99647, 53.92652]]}, "properties": {"fa_flight_id": "RA65733-1634800374-adhoc-0", "registration": "RA-65733", "ident": "RA-65733", "ident_icao": NaN, "origin_code": "L 53.93514 28.46854", "origin_city": "Minsk", "destination_code": "L 53.92652 27.99647", "destination_city": "Minsk", "scheduled_out": NaN, "estimated_out": NaN, "actual_out": NaN, "scheduled_off": "2021-10-21T07:12:54Z", "estimated_off": "2021-10-21T07:12:54Z", "actual_off": "2021-10-21T07:12:54Z", "scheduled_on": NaN, "estimated_on": NaN, "actual_on": "2021-10-21T07:12:54Z", "scheduled_in": NaN, "estimated_in": NaN, "actual_in": NaN, "status": "result unknown", "route_distance": NaN, "diverted": false, "cancelled": false, "simplified_departure_date": "2021-10-21", "origin_coords": [53.93514, 28.46854], "destination_coords": [53.92652, 27.99647], "is_same_city": false}}, {"type": "Feature", "geometry": {"type": "LineString", "coordinates": [[28.04221, 54.08246], [28.042906688970245, 54.080165397941045], [28.04360330091269, 54.07787079185784], [28.044299835842235, 54.07557618175116], [28.044996293773732, 54.07328156762177], [28.045692674722037, 54.070986949470466], [28.04638897870205, 54.068692327298024], [28.04708520572859, 54.066397701105245], [28.047781355816518, 54.064103070892884], [28.048477428980707, 54.06180843666176], [28.04917342523598, 54.05951379841263], [28.049869344597194, 54.057219156146274], [28.050565187079194, 54.05492450986349], [28.051260952696794, 54.052629859565045], [28.051956641464848, 54.050335205251734], [28.052652253398172, 54.04804054692435], [28.05334778851159, 54.04574588458363], [28.05404324681994, 54.0434512182304], [28.05473862833802, 54.04115654786542], [28.055433933080646, 54.03886187348947], [28.056129161062643, 54.036567195103345], [28.056824312298797, 54.034272512707815], [28.057519386803936, 54.03197782630367], [28.058214384592837, 54.029683135891666], [28.05890930568031, 54.02738844147262], [28.05960415008113, 54.02509374304727], [28.0602989178101, 54.02279904061643], [28.060993608882008, 54.02050433418085], [28.06168822331162, 54.01820962374135], [28.062382761113717, 54.015914909298665], [28.06307722230308, 54.013620190853594], [28.063771606894466, 54.011325468406916], [28.064465914902655, 54.009030741959414], [28.0651601463424, 54.00673601151185], [28.065854301228462, 54.00444127706503], [28.066548379575604, 54.002146538619705], [28.067242381398554, 53.99985179617665], [28.06793630671209, 53.997557049736656], [28.068630155530936, 53.99526229930051], [28.06932392786984, 53.992967544868975], [28.07001762374353, 53.990672786442815], [28.070711243166752, 53.988378024022836], [28.07140478615423, 53.98608325760979], [28.072098252720682, 53.98378848720447], [28.07279164288084, 53.98149371280765], [28.07348495664942, 53.9791989344201], [28.074178194041128, 53.97690415204258], [28.074871355070684, 53.974609365675896], [28.0755644397528, 53.9723145753208], [28.076257448102172, 53.970019780978085], [28.0769503801335, 53.96772498264852], [28.07764323586148, 53.96543018033287], [28.078336015300813, 53.96313537403192], [28.079028718466176, 53.960840563746444], [28.079721345372256, 53.958545749477196], [28.080413896033743, 53.95625093122497], [28.081106370465317, 53.95395610899055], [28.081798768681633, 53.95166128277469], [28.082491090697385, 53.94936645257816], [28.083183336527227, 53.94707161840175], [28.08387550618583, 53.94477678024623], [28.084567599687844, 53.94248193811236], [28.085259617047942, 53.94018709200092], [28.08595155828075, 53.937892241912685], [28.086643423400947, 53.93559738784843], [28.08733521242316, 53.933302529808905], [28.088026925362037, 53.93100766779492], [28.088718562232202, 53.928712801807215], [28.089410123048317, 53.92641793184658], [28.09010160782499, 53.924123057913754], [28.090793016576857, 53.92182818000955], [28.091484349318538, 53.919533298134716], [28.09217560606466, 53.91723841229001], [28.092866786829834, 53.91494352247624], [28.09355789162867, 53.912648628694164], [28.094248920475778, 53.91035373094453], [28.09493987338577, 53.90805882922812], [28.09563075037324, 53.905763923545706], [28.09632155145279, 53.90346901389806], [28.097012276639017, 53.90117410028594], [28.09770292594651, 53.89887918271014], [28.09839349938985, 53.89658426117139], [28.09908399698363, 53.89428933567048], [28.09977441874242, 53.89199440620819], [28.100464764680815, 53.88969947278528], [28.101155034813367, 53.88740453540251], [28.10184522915465, 53.885109594060644], [28.102535347719233, 53.88281464876046], [28.103225390521693, 53.88051969950274], [28.103915357576557, 53.87822474628822], [28.1046052488984, 53.87592978911769], [28.10529506450178, 53.87363482799189], [28.10598480440123, 53.87133986291163], [28.10667446861129, 53.86904489387765], [28.10736405714652, 53.86674992089071], [28.108053570021436, 53.864454943951586], [28.108743007250585, 53.862159963061046], [28.109432368848484, 53.85986497821985], [28.110121654829676, 53.85756998942877], [28.11081086520868, 53.85527499668857], [28.111499999999996, 53.85298]]}, "properties": {"fa_flight_id": "RA65733-1634974173-adhoc-0", "registration": "RA-65733", "ident": "RA-65733", "ident_icao": NaN, "origin_code": "L 54.08246 28.04221", "origin_city": "Minsk", "destination_code": "L 53.85298 28.11150", "destination_city": "Minsk", "scheduled_out": NaN, "estimated_out": NaN, "actual_out": NaN, "scheduled_off": "2021-10-23T07:29:33Z", "estimated_off": "2021-10-23T07:29:33Z", "actual_off": "2021-10-23T07:29:33Z", "scheduled_on": NaN, "estimated_on": NaN, "actual_on": "2021-10-23T07:29:33Z", "scheduled_in": NaN, "estimated_in": NaN, "actual_in": NaN, "status": "result unknown", "route_distance": NaN, "diverted": false, "cancelled": false, "simplified_departure_date": "2021-10-23", "origin_coords": [54.08246, 28.04221], "destination_coords": [53.85298, 28.1115], "is_same_city": false}}, {"type": "Feature", "geometry": {"type": "LineString", "coordinates": [[28.31201, 53.85157], [28.308890017225103, 53.85235921461935], [28.305769916790396, 53.85314834831136], [28.302649698700105, 53.85393740107061], [28.29952936295846, 53.854726372891726], [28.296408909569692, 53.85551526376932], [28.29328833853805, 53.85630407369799], [28.290167649867755, 53.857092802672355], [28.28704684356305, 53.857881450686996], [28.28392591962819, 53.85867001773657], [28.280804878067404, 53.859458503815645], [28.277683718884944, 53.860246908918825], [28.27456244208507, 53.861035233040774], [28.271441047672024, 53.861823476176035], [28.26831953565007, 53.86261163831925], [28.265197906023456, 53.863399719465036], [28.262076158796454, 53.864187719607976], [28.258954293973318, 53.8649756387427], [28.255832311558315, 53.86576347686382], [28.252710211555716, 53.86655123396592], [28.249587993969786, 53.86733891004362], [28.246465658804805, 53.868126505091546], [28.243343206065052, 53.868914019104295], [28.240220635754792, 53.86970145207648], [28.237097947878315, 53.870488804002704], [28.233975142439895, 53.87127607487758], [28.23085221944384, 53.872063264695726], [28.227729178894414, 53.87285037345175], [28.224606020795925, 53.87363740114025], [28.221482745152652, 53.87442434775584], [28.2183593519689, 53.87521121329313], [28.215235841248965, 53.875997997746744], [28.212112212997148, 53.87678470111129], [28.208988467217754, 53.87757132338136], [28.205864603915092, 53.87835786455159], [28.202740623093465, 53.879144324616576], [28.199616524757186, 53.87993070357091], [28.19649230891057, 53.88071700140925], [28.193367975557937, 53.88150321812617], [28.190243524703593, 53.882289353716274], [28.187118956351878, 53.88307540817422], [28.183994270507107, 53.88386138149458], [28.180869467173597, 53.88464727367197], [28.177744546355694, 53.88543308470101], [28.17461950805772, 53.88621881457632], [28.171494352284014, 53.88700446329249], [28.168369079038907, 53.88779003084415], [28.165243688326736, 53.888575517225895], [28.162118180151854, 53.889360922432346], [28.158992554518598, 53.89014624645812], [28.155866811431306, 53.89093148929782], [28.15274095089436, 53.89171665094607], [28.149614972912076, 53.89250173139747], [28.146488877488828, 53.893286730646636], [28.143362664628963, 53.8940716486882], [28.140236334336848, 53.894856485516726], [28.137109886616845, 53.895641241126874], [28.13398332147331, 53.89642591551324], [28.130856638910625, 53.89721050867043], [28.127729838933146, 53.89799502059308], [28.12460292154525, 53.898779451275765], [28.121475886751316, 53.89956380071314], [28.11834873455572, 53.90034806889979], [28.115221464962847, 53.90113225583035], [28.11209407797707, 53.9019163614994], [28.10896657360277, 53.90270038590158], [28.105838951844348, 53.90348432903149], [28.102711212706193, 53.90426819088377], [28.099583356192685, 53.905051971453], [28.096455382308243, 53.90583567073381], [28.093327291057232, 53.90661928872081], [28.090199082444087, 53.90740282540863], [28.087070756473192, 53.908186280791874], [28.08394231314895, 53.90896965486514], [28.080813752475777, 53.90975294762306], [28.07768507445809, 53.91053615906024], [28.074556279100282, 53.91131928917132], [28.07142736640679, 53.91210233795086], [28.068298336382018, 53.91288530539354], [28.065169189030396, 53.91366819149392], [28.06203992435634, 53.91445099624664], [28.058910542364284, 53.91523371964632], [28.055781043058655, 53.916016361687575], [28.05265142644388, 53.916798922365004], [28.04952169252439, 53.917581401673225], [28.046391841304636, 53.91836379960687], [28.043261872789046, 53.91914611616055], [28.04013178698205, 53.91992835132887], [28.037001583888124, 53.92071050510644], [28.033871263511685, 53.9214925774879], [28.030740825857194, 53.92227456846784], [28.0276102709291, 53.9230564780409], [28.024479598731862, 53.92383830620168], [28.02134880926993, 53.9246200529448], [28.018217902547768, 53.92540171826489], [28.015086878569836, 53.926183302156545], [28.011955737340603, 53.926964804614386], [28.00882447886453, 53.92774622563304], [28.005693103146086, 53.92852756520711], [28.00256161018976, 53.92930882333123], [27.999430000000004, 53.93009]]}, "properties": {"fa_flight_id": "RA65733-1645783322-adhoc-0", "registration": "RA-65733", "ident": "RA-65733", "ident_icao": NaN, "origin_code": "L 53.85157 28.31201", "origin_city": "Minsk", "destination_code": "L 53.93009 27.99943", "destination_city": "Minsk", "scheduled_out": NaN, "estimated_out": NaN, "actual_out": NaN, "scheduled_off": "2022-02-25T10:02:02Z", "estimated_off": "2022-02-25T10:02:02Z", "actual_off": "2022-02-25T10:02:02Z", "scheduled_on": NaN, "estimated_on": NaN, "actual_on": "2022-02-25T10:02:02Z", "scheduled_in": NaN, "estimated_in": NaN, "actual_in": NaN, "status": "result unknown", "route_distance": NaN, "diverted": false, "cancelled": false, "simplified_departure_date": "2022-02-25", "origin_coords": [53.85157, 28.31201], "destination_coords": [53.93009, 27.99943], "is_same_city": false}}, {"type": "Feature", "geometry": {"type": "LineString", "coordinates": [[28.2768, 54.067229999999995], [28.3708279342131, 54.088730739506794], [28.46495320016802, 54.11015809900982], [28.55917564156393, 54.13151194479349], [28.653495100090225, 54.15279214328472], [28.74791141542165, 54.1739985610561], [28.84242442521354, 54.195131064829056], [28.937033965097076, 54.216189521477055], [29.03173986867464, 54.237173798028785], [29.12654196751523, 54.25808376167136], [29.221440091149976, 54.27891927975354], [29.316434067067654, 54.29968021978903], [29.411523720710388, 54.32036644945959], [29.50670887546931, 54.340977836618414], [29.601989352680377, 54.36151424929332], [29.69736497162021, 54.38197555569005], [29.792835549502044, 54.402361624195564], [29.888400901471798, 54.422672323381285], [29.98406084060409, 54.44290752200653], [30.079815177898446, 54.463067089021635], [30.175663722275576, 54.48315089357147], [30.271606280573717, 54.50315880499869], [30.367642657544973, 54.523090692847035], [30.463772655851947, 54.542946426864795], [30.55999607606423, 54.56272587700809], [30.656312716655084, 54.58242891344428], [30.752722373998232, 54.60205540655536], [30.8492248423647, 54.621605226941334], [30.945819913919696, 54.64107824542361], [31.042507378719673, 54.66047433304845], [31.139287024709446, 54.67979336109034], [31.236158637719306, 54.699035201055466], [31.33312200146242, 54.71819972468513], [31.430176897532107, 54.73728680395919], [31.527323105399358, 54.75629631109953], [31.62456040241038, 54.775228118573516], [31.721888563784265, 54.79408209909744], [31.819307362610697, 54.812858125640055], [31.916816569847846, 54.831556071426014], [32.014415954320256, 54.850175809939344], [32.112105282716925, 54.86871721492702], [32.2098843195894, 54.887180160402416], [32.307752827350015, 54.90556452064878], [32.40571056627025, 54.9238701702229], [32.50375729447909, 54.94209698395843], [32.60189276796163, 54.960244836969586], [32.70011674055765, 54.978313604654595], [32.79842896396036, 54.99630316269928], [32.89682918771525, 55.014213387080595], [32.995317159218985, 55.03204415407018], [33.093892623718475, 55.0497953402379], [33.19255532431004, 55.06746682245551], [33.291305001938596, 55.08505847790005], [33.39014139539706, 55.10257018405759], [33.48906424132581, 55.12000181872673], [33.58807327421221, 55.13735326002216], [33.687168226390355, 55.15462438637835], [33.786348828040786, 55.17181507655302], [33.88561480719045, 55.188925209630824], [33.984965889712676, 55.20595466502691], [34.084401799327246, 55.22290332249054], [34.18392225760072, 55.239771062108666], [34.28352698394671, 55.25655776430961], [34.383215695626326, 55.27326330986661], [34.48298810774877, 55.28988757990145], [34.58284393327201, 55.30643045588809], [34.682782883003576, 55.322891819656256], [34.78280466560145, 55.33927155339514], [34.88290898757511, 55.35556953965691], [34.98309555328665, 55.37178566136043], [35.08336406495208, 55.38791980179484], [35.18371422264266, 55.40397184462317], [35.28414572428638, 55.419941673886015], [35.38465826566964, 55.43582917400514], [35.48525154043893, 55.451634229787096], [35.585925240102675, 55.46735672642686], [35.68667905403322, 55.482996549511455], [35.78751266946893, 55.498553585023615], [35.888425771516374, 55.514027719345364], [35.98941804315273, 55.52941883926166], [36.09048916522812, 55.54472683196405], [36.19163881646831, 55.55995158505424], [36.29286667347733, 55.57509298654781], [36.39417241074032, 55.59015092487769], [36.495555700626525, 55.605125288897945], [36.5970162133923, 55.620015967887255], [36.69855361718436, 55.634822851552656], [36.800167578043045, 55.64954583003301], [36.901857759905816, 55.66418479390276], [37.00362382461084, 55.67873963417543], [37.10546543190067, 55.69321024230728], [37.20738223942603, 55.70759651020089], [37.30937390274984, 55.72189833020876], [37.411440075351265, 55.73611559513692], [37.51358040862993, 55.75024819824847], [37.61579455191024, 55.76429603326723], [37.71808215244587, 55.778258994381225], [37.820442855424346, 55.79213697624637], [37.922876303971776, 55.80592987398996], [38.02538213915768, 55.819637583214245], [38.12796, 55.83326]]}, "properties": {"fa_flight_id": "RA65733-1646230034-adhoc-0", "registration": "RA-65733", "ident": "RA-65733", "ident_icao": NaN, "origin_code": "L 54.06723 28.27680", "origin_city": "Minsk", "destination_code": "L 55.83326 38.12796", "destination_city": "Moscow", "scheduled_out": NaN, "estimated_out": NaN, "actual_out": NaN, "scheduled_off": "2022-03-02T14:07:14Z", "estimated_off": "2022-03-02T14:07:14Z", "actual_off": "2022-03-02T14:07:14Z", "scheduled_on": NaN, "estimated_on": NaN, "actual_on": "2022-03-02T14:07:14Z", "scheduled_in": NaN, "estimated_in": NaN, "actual_in": NaN, "status": "result unknown", "route_distance": NaN, "diverted": false, "cancelled": false, "simplified_departure_date": "2022-03-02", "origin_coords": [54.06723, 28.2768], "destination_coords": [55.83326, 38.12796], "is_same_city": false}}, {"type": "Feature", "geometry": {"type": "LineString", "coordinates": [[38.93963, 56.87853], [38.94390075157608, 56.88021034802605], [38.948171887131856, 56.881890550362264], [38.95244340669314, 56.88357060698625], [38.95671531028577, 56.885250517875534], [38.96098759793556, 56.88693028300771], [38.96526026966831, 56.888609902360294], [38.96953332550983, 56.89028937591087], [38.97380676548588, 56.89196870363697], [38.978080589622266, 56.89364788551616], [38.982354797944744, 56.89532692152598], [38.98662939047909, 56.897005811643965], [38.99090436725105, 56.89868455584766], [38.995179728286374, 56.9003631541146], [38.99945547361079, 56.902041606422344], [39.003731603250024, 56.9037199127484], [39.008008117229814, 56.905398073070295], [39.01228501557587, 56.907076087365574], [39.016562298313865, 56.90875395561174], [39.02083996546953, 56.91043167778635], [39.025118017068515, 56.91210925386689], [39.02939645313653, 56.913786683830885], [39.03367527369922, 56.915463967655874], [39.03795447878225, 56.91714110531934], [39.04223406841127, 56.9188180967988], [39.046514042611925, 56.92049494207177], [39.05079440140984, 56.92217164111577], [39.05507514483066, 56.92384819390825], [39.059356272899976, 56.92552460042675], [39.0636377856434, 56.92720086064875], [39.067919683086544, 56.92887697455177], [39.07220196525498, 56.93055294211327], [39.07648463217431, 56.93222876331076], [39.080767683870086, 56.93390443812172], [39.08505112036787, 56.93557996652361], [39.089334941693245, 56.937255348493956], [39.09361914787172, 56.938930584010215], [39.09790373892886, 56.94060567304986], [39.10218871489018, 56.94228061559037], [39.1064740757812, 56.943955411609195], [39.11075982162743, 56.94563006108383], [39.115045952454395, 56.947304563991736], [39.119332468287546, 56.94897892031038], [39.1236193691524, 56.9506531300172], [39.12790665507442, 56.95232719308968], [39.13219432607908, 56.95400110950526], [39.13648238219182, 56.95567487924139], [39.14077082343812, 56.957348502275536], [39.14505964984341, 56.959021978585156], [39.1493488614331, 56.96069530814764], [39.153638458232635, 56.96236849094049], [39.157928440267426, 56.96404152694112], [39.16221880756286, 56.96571441612697], [39.16650956014437, 56.96738715847548], [39.17080069803732, 56.969059753964075], [39.17509222126707, 56.97073220257019], [39.179384129859024, 56.97240450427124], [39.183676423838534, 56.97407665904467], [39.18796910323095, 56.975748666867894], [39.1922621680616, 56.977420527718316], [39.196555618355845, 56.97909224157338], [39.20084945413899, 56.98076380841047], [39.20514367543636, 56.98243522820704], [39.20943828227326, 56.984106500940456], [39.213733274675, 56.98577762658814], [39.218028652666845, 56.98744860512751], [39.2223244162741, 56.989119436535944], [39.22662056552203, 56.99079012079086], [39.2309171004359, 56.99246065786964], [39.23521402104096, 56.99413104774969], [39.23951132736245, 56.995801290408394], [39.24380901942562, 56.99747138582315], [39.248107097255684, 56.999141333971316], [39.25240556087787, 57.00081113483032], [39.25670441031738, 57.002480788377504], [39.26100364559942, 57.00415029459027], [39.265303266749186, 57.00581965344598], [39.269603273791866, 57.00748886492201], [39.2739036667526, 57.009157928995734], [39.27820444565659, 57.01082684564453], [39.28250561052897, 57.01249561484574], [39.286807161394904, 57.01416423657676], [39.29110909827951, 57.01583271081491], [39.29541142120793, 57.01750103753756], [39.29971413020528, 57.0191692167221], [39.30401722529667, 57.02083724834585], [39.308320706507196, 57.02250513238615], [39.312624573861974, 57.02417286882038], [39.31692882738606, 57.02584045762587], [39.321233467104534, 57.027507898779945], [39.32553849304247, 57.02917519225998], [39.329843905224934, 57.03084233804328], [39.33414970367694, 57.0325093361072], [39.33845588842356, 57.034176186429065], [39.34276245948981, 57.0358428889862], [39.347069416900695, 57.03750944375596], [39.35137676068126, 57.03917585071562], [39.355684490856476, 57.04084210984255], [39.35999260745135, 57.04250822111403], [39.36430111049087, 57.044174184507426], [39.36861000000001, 57.045840000000005]]}, "properties": {"fa_flight_id": "RA65733-1648144098-adhoc-0", "registration": "RA-65733", "ident": "RA-65733", "ident_icao": NaN, "origin_code": "L 56.87853 38.93963", "origin_city": "Yaroslavl Oblast", "destination_code": "L 57.04584 39.36861", "destination_city": "Yaroslavl Oblast", "scheduled_out": NaN, "estimated_out": NaN, "actual_out": NaN, "scheduled_off": "2022-03-24T17:48:18Z", "estimated_off": "2022-03-24T17:48:18Z", "actual_off": "2022-03-24T17:48:18Z", "scheduled_on": NaN, "estimated_on": NaN, "actual_on": "2022-03-24T17:48:18Z", "scheduled_in": NaN, "estimated_in": NaN, "actual_in": NaN, "status": "result unknown", "route_distance": NaN, "diverted": false, "cancelled": false, "simplified_departure_date": "2022-03-24", "origin_coords": [56.87853, 38.93963], "destination_coords": [57.04584, 39.36861], "is_same_city": false}}, {"type": "Feature", "geometry": {"type": "LineString", "coordinates": [[38.12618, 55.8487], [38.02390922862342, 55.8318155842351], [37.92172744091687, 55.81484641450136], [37.81963494719052, 55.797792618649794], [37.71763205533383, 55.78065432491468], [37.61571907081498, 55.763431661909415], [37.51389629668045, 55.74612475862244], [37.412164033554696, 55.728733744413105], [37.31052257963996, 55.71125874900748], [37.20897223071623, 55.693699902494416], [37.10751328014129, 55.676057335321325], [37.00614601885102, 55.65833117829011], [36.904870735359616, 55.6405215625531], [36.80368771576019, 55.622628619608946], [36.70259724372528, 55.60465248129854], [36.601599600507576, 55.586593279800965], [36.50069506494089, 55.568451147629375], [36.39988391344098, 55.550226217627], [36.29916642000677, 55.53191862296303], [36.19854285622153, 55.51352849712857], [36.09801349125422, 55.495055973932665], [35.997578591861014, 55.47650118749815], [35.89723842238685, 55.457864272257716], [35.79699324476716, 55.43914536294984], [35.6968433185297, 55.420344594614775], [35.596788900796554, 55.40146210259054], [35.496830246286095, 55.38249802250894], [35.39696760731529, 55.36345249029154], [35.29720123380195, 55.344325642145705], [35.19753137326714, 55.32511761456059], [35.097958270837744, 55.30582854430325], [34.99848216924908, 55.28645856841459], [34.89910330884768, 55.267007824205436], [34.79982192759415, 55.24747644925265], [34.70063826106614, 55.227864581395146], [34.60155254246145, 55.208172358729996], [34.50256500260121, 55.188399919608464], [34.40367586993319, 55.168547402632186], [34.3048853705352, 55.148614946649225], [34.20619372811862, 55.128602690750185], [34.107601164032005, 55.10851077426438], [34.009107897264805, 55.088339336755936], [33.91071414445119, 55.06808851801994], [33.812420119873984, 55.047758458078654], [33.714226035468656, 55.027349297177615], [33.61613210082751, 55.006861175781864], [33.51813852320381, 54.98629423457215], [33.420245507516185, 54.9656486144411], [33.32245325635301, 54.94492445648945], [33.224761969976875, 54.92412190202232], [33.12717184632928, 54.903241092545365], [33.02968308103523, 54.88228216976113], [32.93229586740809, 54.861245275565274], [32.835010396454436, 54.84013055204281], [32.737826856879025, 54.81893814146449], [32.64074543508987, 54.79766818628306], [32.54376631520334, 54.77632082912953], [32.44688967904947, 54.754896212809605], [32.35011570617717, 54.73339448029994], [32.25344457385974, 54.71181577474461], [32.15687645710025, 54.69016023945135], [32.06041152863722, 54.66842801788806], [31.96404995895013, 54.64661925367914], [31.86779191626531, 54.62473409060188], [31.771637566561633, 54.60277267258298], [31.675587073576402, 54.58073514369492], [31.579640598811412, 54.55862164815244], [31.48379830153889, 54.53643233030903], [31.38806033880768, 54.514167334653365], [31.29242686544938, 54.49182680580586], [31.196898034084647, 54.46941088851517], [31.101473995129528, 54.44691972765471], [31.00615489680186, 54.424353468219216], [30.910940885127726, 54.401712255321286], [30.81583210394805, 54.37899623418799], [30.72082869492519, 54.35620555015739], [30.625930797549604, 54.33334034867529], [30.531138549146625, 54.31040077529169], [30.436452084883264, 54.28738697565754], [30.34187153777508, 54.26429909552134], [30.24739703869315, 54.241137280725845], [30.153028716371036, 54.21790167720472], [30.058766697411865, 54.19459243097927], [29.96461110629547, 54.17120968815513], [29.87056206538556, 54.147753594919024], [29.776619694936937, 54.124224297535484], [29.68278411310284, 54.10062194234369], [29.589055435942278, 54.07694667575416], [29.49543377742742, 54.05319864424556], [29.401919249451115, 54.02937799436166], [29.308511961834345, 54.005484872707946], [29.21521202233383, 53.98151942594863], [29.122019536649656, 53.957481800803485], [29.028934608432913, 53.93337214404468], [28.935957339293456, 53.90919060249375], [28.843087828807626, 53.88493732301844], [28.750326174526126, 53.86061245252968], [28.657672471981815, 53.83621613797856], [28.565126814697663, 53.81174852635321], [28.4726892941947, 53.78720976467592], [28.38036, 53.7626]]}, "properties": {"fa_flight_id": "RA65733-1659507161-adhoc-0", "registration": "RA-65733", "ident": "RA-65733", "ident_icao": NaN, "origin_code": "L 55.84870 38.12618", "origin_city": "Moscow", "destination_code": "L 53.76260 28.38036", "destination_city": "Minsk", "scheduled_out": NaN, "estimated_out": NaN, "actual_out": NaN, "scheduled_off": "2022-08-03T06:12:41Z", "estimated_off": "2022-08-03T06:12:41Z", "actual_off": "2022-08-03T06:12:41Z", "scheduled_on": NaN, "estimated_on": NaN, "actual_on": "2022-08-03T06:12:41Z", "scheduled_in": NaN, "estimated_in": NaN, "actual_in": NaN, "status": "result unknown", "route_distance": NaN, "diverted": false, "cancelled": false, "simplified_departure_date": "2022-08-03", "origin_coords": [55.8487, 38.12618], "destination_coords": [53.7626, 28.38036], "is_same_city": false}}, {"type": "Feature", "geometry": {"type": "LineString", "coordinates": [[28.073109999999993, 54.08001], [28.167529340841238, 54.102323315999335], [28.262050169977545, 54.12456264840983], [28.356672341410704, 54.146727857251825], [28.45139570705871, 54.16881880266839], [28.546220116749968, 54.190835344928594], [28.641145418217604, 54.21277734443083], [28.736171457093707, 54.23464466170605], [28.83129807690381, 54.256437157421125], [28.9265251190613, 54.27815469238211], [29.02185242286201, 54.2997971275377], [29.11727982547879, 54.321364323982465], [29.212807161956192, 54.342856142960244], [29.30843426520525, 54.36427244586755], [29.404160965998305, 54.38561309425693], [29.49998709296392, 54.40687794984046], [29.59591247258182, 54.42806687449299], [29.691936929178024, 54.4491797302557], [29.788060284919915, 54.47021637933953], [29.88428235981152, 54.4911766841286], [29.980602971688775, 54.512060507183676], [30.077021936214894, 54.532867711245665], [30.17353906687588, 54.5535981592391], [30.270154174976007, 54.57425171427563], [30.366867069633493, 54.59482823965758], [30.463677557776215, 54.61532759888134], [30.560585444137477, 54.6357496556411], [30.657590531251923, 54.656094273832224], [30.75469261945151, 54.67636131755491], [30.851891506861545, 54.69655065111767], [30.949186989396868, 54.71666213904103], [31.046578860758085, 54.73669564606097], [31.144066912427885, 54.75665103713269], [31.24165093366746, 54.77652817743405], [31.33933071151309, 54.79632693236933], [31.437106030772654, 54.81604716757275], [31.53497667402242, 54.83568874891221], [31.632942421603797, 54.85525154249286], [31.73100305162027, 54.8747354146608], [31.82915833993438, 54.894140232006734], [31.927408060164794, 54.91346586136963], [32.02575198368355, 54.93271216984047], [32.12418987961332, 54.95187902476586], [32.22272151482481, 54.97096629375179], [32.32134665393428, 54.98997384466732], [32.420065059301095, 55.008901545648314], [32.51887649102548, 55.027749265101164], [32.617780706946306, 55.046516871706515], [32.71677746263899, 55.06520423442304], [32.81586651141356, 55.083811222491136], [32.915047604312726, 55.10233770543674], [33.01432049011017, 55.12078355307504], [33.113684915308845, 55.13914863551432], [33.21314062413945, 55.15743282315965], [33.312687358558996, 55.175635986716756], [33.41232485824948, 55.19375799719574], [33.51205286061664, 55.21179872591492], [33.61187110078892, 55.22975804450464], [33.711779311616446, 55.247635824911036], [33.811777223670106, 55.26543193939991], [33.91186456524091, 55.283146260560486], [34.01204106233923, 55.30077866130929], [34.11230643869435, 55.31832901489394], [34.212660415754016, 55.335797194897026], [34.313102712684206, 55.3531830752399], [34.413633046368886, 55.37048653018654], [34.51425113141001, 55.38770743434742], [34.61495668012758, 55.40484566268334], [34.715749402559815, 55.42190109050926], [34.816629006463515, 55.43887359349818], [34.91759519731446, 55.45576304768503], [35.01864767830795, 55.47256932947049], [35.119786150359545, 55.48929231562486], [35.22101031210583, 55.50593188329195], [35.32231985990536, 55.52248790999296], [35.42371448783973, 55.53896027363032], [35.525193887714764, 55.555348852491576], [35.626757749061774, 55.57165352525328], [35.7284057591391, 55.58787417098487], [35.83013760293357, 55.60401066915252], [35.93195296316231, 55.620062899623036], [36.03385152027446, 55.636030742667764], [36.135832952453214, 55.65191407896643], [36.237896935617904, 55.667712789611016], [36.340043143426165, 55.68342675610966], [36.442271247276366, 55.699055860390565], [36.54458091631001, 55.71459998480583], [36.646971817414446, 55.73005901213533], [36.74944361522552, 55.745432825590605], [36.85199597213056, 55.760721308818766], [36.95462854827134, 55.7759243459063], [37.05734100154723, 55.791041821383], [37.160132987618546, 55.806073620225796], [37.26300415990991, 55.82101962786266], [37.36595416961384, 55.835879730176416], [37.46898266569447, 55.85065381350866], [37.57208929489137, 55.865341764663576], [37.67527370172353, 55.87994347091177], [37.778535528493464, 55.8944588199942], [37.88187441529146, 55.908887700125916], [37.98529, 55.92323]]}, "properties": {"fa_flight_id": "RA65733-1663848553-adhoc-0", "registration": "RA-65733", "ident": "RA-65733", "ident_icao": NaN, "origin_code": "L 54.08001 28.07311", "origin_city": "Minsk", "destination_code": "L 55.92323 37.98529", "destination_city": "Moscow", "scheduled_out": NaN, "estimated_out": NaN, "actual_out": NaN, "scheduled_off": "2022-09-22T12:09:13Z", "estimated_off": "2022-09-22T12:09:13Z", "actual_off": "2022-09-22T12:09:13Z", "scheduled_on": NaN, "estimated_on": NaN, "actual_on": "2022-09-22T12:09:13Z", "scheduled_in": NaN, "estimated_in": NaN, "actual_in": NaN, "status": "result unknown", "route_distance": NaN, "diverted": false, "cancelled": false, "simplified_departure_date": "2022-09-22", "origin_coords": [54.08001, 28.07311], "destination_coords": [55.92323, 37.98529], "is_same_city": false}}]}