{"type": "FeatureCollection", "features": [{"type": "Feature", "geometry": {"type": "LineString", "coordinates": [[49.68794, 56.14168], [49.572229326654494, 56.14403350098832], [49.45650480813945, 56.14627887752699], [49.34076709289004, 56.14841610782177], [49.22501682985313, 56.15044517112276], [49.109254668462434, 56.152366047725444], [48.99348125861335, 56.15417871897152], [48.877697250637986, 56.15588316724991], [48.761903295280014, 56.15747937599754], [48.64610004366949, 56.15896732970014], [48.5302881472977, 56.160347013893016], [48.414468257991906, 56.1616184151617], [48.29864102789013, 56.16278152114259], [48.18280710941579, 56.16383632052365], [48.06696715525248, 56.16478280304479], [47.95112181831854, 56.16562095949846], [47.83527175174175, 56.16635078173006], [47.719417608833936, 56.16697226263836], [47.60356004306555, 56.167485396175834], [47.48769970804027, 56.16789017734887], [47.37183725746956, 56.16818660221816], [47.25597334514726, 56.16837466789873], [47.14010862492408, 56.16845437256022], [47.024243750682224, 56.16842571542686], [46.90837937630984, 56.16828869677756], [46.792516155675656, 56.1680433179459], [46.67665474260348, 56.167689581320055], [46.56079579084673, 56.16722749034269], [46.44493995406307, 56.16665704951076], [46.32908788578883, 56.165978264375326], [46.21324023941376, 56.1651911415413], [46.097397668155494, 56.16429568866712], [45.981560825034194, 56.16329191446432], [45.8657303628472, 56.162179828697205], [45.749906934143674, 56.160959442182346], [45.63409119119919, 56.15963076678805], [45.51828378599059, 56.158193815433805], [45.40248537017056, 56.156648602089625], [45.28669659504248, 56.154995141775444], [45.170918111535165, 56.15323345056036], [45.05515057017774, 56.15136354556185], [44.939394621074456, 56.14938544494499], [44.823650913879646, 56.14729916792156], [44.70792009777263, 56.14510473474911], [44.59220282143276, 56.14280216673006], [44.47649973301437, 56.140391486210575], [44.36081148012204, 56.13787271657958], [44.24513870978554, 56.13524588226765], [44.12948206843521, 56.132511008745766], [44.01384220187706, 56.12966812252417], [43.89821975526823, 56.12671725115109], [43.78261537309228, 56.12365842321139], [43.66702969913469, 56.12049166832525], [43.55146337645829, 56.11721701714673], [43.43591704737894, 56.11383450136235], [43.32039135344113, 56.11034415368951], [43.204886935393695, 56.10674600787504], [43.08940443316564, 56.10304009869349], [42.973944485842, 56.09922646194555], [42.8585077316398, 56.09530513445636], [42.74309480788412, 56.09127615407369], [42.62770635098418, 56.08713955966622], [42.512342996409586, 56.082895391121696], [42.3970053786666, 56.07854368934501], [42.28169413127456, 56.07408449625632], [42.16640988674234, 56.06951785478897], [42.05115327654494, 56.0648438088876], [41.935924931100146, 56.060062403505995], [41.82072547974536, 56.05517368460499], [41.705555550714394, 56.05017769915029], [41.59041577111449, 56.04507449511031], [41.47530676690344, 56.039864121453896], [41.36022916286673, 56.034546628147986], [41.245183582594834, 56.02912206615537], [41.13017064846069, 56.02359048743221], [41.01519098159718, 56.01795194492569], [40.90024520187473, 56.01220649257149], [40.78533392787921, 56.00635418529128], [40.67045777688965, 56.00039507899022], [40.55561736485631, 55.99432923055425], [40.44081330637886, 55.98815669784757], [40.32604621468449, 55.98187753970986], [40.21131670160643, 55.97549181595359], [40.096625377562354, 55.96899958736126], [39.98197285153302, 55.9624009156826], [39.86735973104109, 55.95569586363166], [39.75278662212996, 55.94888449488399], [39.63825412934281, 55.94196687407367], [39.52376285570181, 55.93494306679033], [39.40931340268738, 55.927813139576166], [39.29490637021764, 55.920577159922885], [39.18054235662801, 55.913235196268566], [39.06622195865097, 55.905787317994594], [38.95194577139588, 55.8982335954225], [38.837714388329005, 55.89057409981063], [38.723528401253766, 55.88280890335108], [38.609388400290946, 55.8749380791663], [38.49529497385922, 55.866961701305776], [38.381248708655804, 55.85887984474272], [38.26725018963717, 55.850692585370645], [38.153299999999994, 55.8424]]}, "properties": {"fa_flight_id": "RA65996-1521564011-adhoc-0", "registration": "RA-65996", "ident": "RA-65996", "ident_icao": NaN, "origin_code": "L 56.14168 49.68794", "origin_city": "Kazan", "destination_code": "L 55.84240 38.15330", "destination_city": "Moscow", "scheduled_out": NaN, "estimated_out": NaN, "actual_out": NaN, "scheduled_off": "2018-03-20T16:40:11Z", "estimated_off": "2018-03-20T16:40:11Z", "actual_off": "2018-03-20T16:40:11Z", "scheduled_on": NaN, "estimated_on": NaN, "actual_on": "2018-03-20T16:40:11Z", "scheduled_in": NaN, "estimated_in": NaN, "actual_in": NaN, "status": "result unknown", "route_distance": NaN, "diverted": false, "cancelled": false, "simplified_departure_date": "2018-03-20", "origin_coords": [56.14168, 49.68794], "destination_coords": [55.8424, 38.1533], "is_same_city": false}}, {"type": "Feature", "geometry": {"type": "LineString", "coordinates": [[38.30866, 55.80513], [38.428707321933985, 55.814468888525155], [38.54881191201347, 55.823690813216004], [38.668973094578845, 55.83279567808578], [38.789190191662286, 55.84178338826488], [38.90946252301183, 55.85065385000568], [39.02978940611544, 55.85940697068713], [39.15017015622553, 55.86804265881944], [39.270604086383536, 55.87656082404872], [39.39109050744478, 55.8849613771614], [39.511628728103574, 55.89324423008886], [39.63221805491843, 55.901409295911805], [39.75285779233767, 55.90945648886466], [39.873547242725024, 55.91738572433996], [39.994285706385604, 55.92519691889253], [40.11507248159201, 55.9328899902439], [40.235906864610676, 55.94046485728632], [40.356788149728345, 55.94792144008697], [40.47771562927888, 55.955259659892086], [40.59868859367014, 55.962479439130874], [40.71970633141107, 55.96958070141957], [40.84076812913905, 55.97656337156532], [40.96187327164746, 55.983427375570066], [41.08302104191322, 55.99017264063429], [41.204210721124795, 55.99679909516086], [41.32544158871022, 56.003306668758604], [41.44671292236531, 56.009695292246036], [41.56802399808209, 56.01596489765489], [41.68937409017744, 56.02211541823367], [41.810762471321716, 56.02814678845104], [41.932188412567875, 56.034058943999305], [42.053651183380424, 56.039851821797704], [42.17515005166475, 56.0455253599957], [42.29668428379654, 56.051079497976225], [42.418253144651345, 56.056514176358775], [42.53985589763434, 56.0618293370026], [42.66149180471024, 56.06702492300965], [42.78316012643324, 56.0721008787276], [42.904860121977364, 56.077057149752804], [43.02659104916666, 56.081893682933035], [43.148352164505766, 56.086610426370385], [43.270142723210455, 56.091207329423916], [43.391961979238445, 56.09568434271236], [43.513809185320206, 56.10004141811671], [43.63568359299009, 56.10427850878271], [43.75758445261731, 56.10839556912344], [43.87951101343734, 56.112392554821554], [44.00146252358319, 56.11626942283176], [44.12343823011698, 56.12002613138306], [44.24543737906148, 56.12366263998091], [44.36745921543187, 56.12717890940939], [44.489502983267556, 56.13057490173331], [44.61156792566408, 56.13385058030018], [44.733653284805165, 56.13700590974215], [44.85575830199483, 56.14004085597798], [44.977882217689626, 56.14295538621468], [45.10002427153091, 56.14574946894941], [45.22218370237728, 56.14842307397108], [45.344359748337006, 56.15097617236195], [45.466551646800646, 56.153408736499216], [45.58875863447361, 56.155720740056424], [45.71097994740893, 56.15791215800493], [45.83321482104003, 56.159982966615196], [45.95546249021349, 56.16193314345805], [46.0777221892221, 56.16376266740592], [46.19999315183768, 56.165471518633915], [46.32227461134418, 56.16705967862092], [46.444565800570714, 56.16852713015059], [46.566865951924754, 56.16987385731223], [46.68917429742518, 56.17109984550167], [46.8114900687356, 56.17220508142203], [46.93381249719754, 56.173189553084484], [47.05614081386377, 56.17405324980882], [47.1784742495315, 56.17479616222407], [47.300812034775895, 56.175418282269014], [47.423153399983285, 56.17591960319253], [47.545497575384665, 56.17630011955409], [47.667843791089, 56.176559827223926], [47.790191277116705, 56.17669872338332], [47.91253926343303, 56.17671680652475], [48.03488697998152, 56.17661407645194], [48.15723365671743, 56.17639053427988], [48.279578523641156, 56.17604618243481], [48.401920810831655, 56.17558102465403], [48.524259748479885, 56.17499506598571], [48.64659456692216, 56.174288312788676], [48.76892449667362, 56.17346077273201], [48.89124876846153, 56.17251245479463], [49.01356661325864, 56.17144336926488], [49.13587726231654, 56.17025352773992], [49.25817994719894, 56.16894294312512], [49.38047389981489, 56.16751162963338], [49.502758352452034, 56.16595960278434], [49.62503253780981, 56.16428687940363], [49.74729568903252, 56.162493477621865], [49.8695470397425, 56.16057941687372], [49.99178582407309, 56.158544717896945], [50.11401127670167, 56.156389402731165], [50.23622263288251, 56.15411349471679], [50.35841912847972, 56.1517170184937], [50.48060000000001, 56.1492]]}, "properties": {"fa_flight_id": "RA65996-1521544711-adhoc-0", "registration": "RA-65996", "ident": "RA-65996", "ident_icao": NaN, "origin_code": "L 55.80513 38.30866", "origin_city": "Moscow", "destination_code": "L 56.14920 50.48060", "destination_city": "Kazan", "scheduled_out": NaN, "estimated_out": NaN, "actual_out": NaN, "scheduled_off": "2018-03-20T11:18:31Z", "estimated_off": "2018-03-20T11:18:31Z", "actual_off": "2018-03-20T11:18:31Z", "scheduled_on": NaN, "estimated_on": NaN, "actual_on": "2018-03-20T11:18:31Z", "scheduled_in": NaN, "estimated_in": NaN, "actual_in": NaN, "status": "result unknown", "route_distance": NaN, "diverted": false, "cancelled": false, "simplified_departure_date": "2018-03-20", "origin_coords": [55.80513, 38.30866], "destination_coords": [56.1492, 50.4806], "is_same_city": false}}, {"type": "Feature", "geometry": {"type": "LineString", "coordinates": [[33.98024999999999, 44.87165], [34.01237989655356, 44.98265288188188], [34.04463444889707, 45.093646720032254], [34.07701461709705, 45.204631444053156], [34.10952137036445, 45.3156069828657], [34.14215568716517, 45.42657326470178], [34.174918555332056, 45.53753021709544], [34.20781097217848, 45.648477766874365], [34.24083394461363, 45.75941584015105], [34.27398848925941, 45.87034436231397], [34.30727563256895, 45.98126325801856], [34.340696410947, 46.09217245117808], [34.37425187087177, 46.20307186495432], [34.4079430690189, 46.313961421748225], [34.44177107238683, 46.42484104319029], [34.47573695842437, 46.53571065013093], [34.509841815159774, 46.646570162630574], [34.544086741331974, 46.757419499949755], [34.578472846523546, 46.86825858053888], [34.61300125129574, 46.97908732202807], [34.647673087325416, 47.089905641216596], [34.682489497544005, 47.20071345406231], [34.71745163627857, 47.311510675670974], [34.752560669394875, 47.42229722028525], [34.78781777444263, 47.53307300127359], [34.82322414080285, 47.64383793111908], [34.858780969837426, 47.75459192140793], [34.89448947504093, 47.8653348828179], [34.93035088219463, 47.97606672510652], [34.96636642952294, 48.08678735709913], [35.002537367852035, 48.197496686676715], [35.038864960771, 48.30819462076361], [35.075350484795344, 48.418881065314906], [35.11199522953298, 48.52955592530385], [35.14880049785274, 48.64021910470882], [35.185767606055386, 48.75087050650022], [35.222897884047356, 48.86151003262722], [35.26019267551698, 48.97213758400417], [35.297653338113506, 49.082753060496906], [35.33528124362883, 49.193356360908695], [35.37307777818204, 49.303947382966186], [35.41104434240668, 49.4145260233049], [35.449182351641156, 49.525092177454646], [35.487493236121715, 49.63564573982466], [35.525978441178765, 49.746186603688464], [35.564639427436035, 49.856714661168574], [35.60347767101285, 49.96722980322087], [35.64249466372965, 50.07773191961878], [35.6816919133166, 50.188220898937175], [35.72107094362556, 50.298696628536014], [35.76063329484533, 50.40915899454376], [35.800380523720285, 50.51960788184044], [35.84031420377248, 50.630043174040516], [35.88043592552722, 50.74046475347546], [35.92074729674227, 50.85087250117594], [35.96124994264058, 50.961266296853935], [36.00194550614687, 51.07164601888435], [36.04283564812786, 51.18201154428638], [36.0839220476364, 51.29236274870465], [36.125206402159485, 51.40269950638992], [36.16669042787022, 51.51302169017963], [36.20837585988397, 51.62332917147788], [36.250264452518415, 51.733621820235356], [36.29235797955806, 51.84389950492872], [36.33465823452282, 51.954162092539725], [36.37716703094111, 52.06440944853399], [36.419886202627254, 52.17464143683939], [36.46281760396356, 52.2848579198241], [36.50596311018688, 52.39505875827423], [36.549324617679915, 52.50524381137121], [36.592904044267314, 52.61541293666857], [36.63670332951667, 52.72556599006852], [36.6807244350444, 52.835702825798016], [36.72496934482673, 52.945823296384525], [36.76944006551589, 53.055927252631214], [36.81413862676147, 53.16601454359187], [36.85906708153714, 53.27608501654529], [36.904227506472914, 53.38613851696925], [36.949622002192854, 53.49617488851407], [36.9952526936585, 53.60619397297565], [37.04112173051808, 53.71619561026804], [37.08723128746157, 53.826179638395594], [37.133583564581755, 53.93614589342456], [37.180180787741406, 54.046094209454274], [37.22702520894675, 54.15602441858769], [37.274119106727085, 54.265936350901534], [37.32146478652119, 54.37582983441584], [37.36906458106999, 54.485704695063], [37.41692085081621, 54.595560756656226], [37.465035984310745, 54.70539784085748], [37.51341239862603, 54.81521576714479], [37.56205253977665, 54.925014352779], [37.61095888314703, 55.03479341276992], [37.660133933926716, 55.14455275984189], [37.709580227553076, 55.25429220439869], [37.759300330161835, 55.364011554487774], [37.809296839045324, 55.47371061576397], [37.85957238311883, 55.583389191452405], [37.91012962339512, 55.69304708231076], [37.96097125346727, 55.802684086590965], [38.0121, 55.9123]]}, "properties": {"fa_flight_id": "RA65996-1536252653-adhoc-0", "registration": "RA-65996", "ident": "RA-65996", "ident_icao": NaN, "origin_code": "L 44.87165 33.98025", "origin_city": "Simferopol", "destination_code": "L 55.91230 38.01210", "destination_city": "Moscow", "scheduled_out": NaN, "estimated_out": NaN, "actual_out": NaN, "scheduled_off": "2018-09-06T16:50:53Z", "estimated_off": "2018-09-06T16:50:53Z", "actual_off": "2018-09-06T16:50:53Z", "scheduled_on": NaN, "estimated_on": NaN, "actual_on": "2018-09-06T16:50:53Z", "scheduled_in": NaN, "estimated_in": NaN, "actual_in": NaN, "status": "result unknown", "route_distance": NaN, "diverted": false, "cancelled": false, "simplified_departure_date": "2018-09-06", "origin_coords": [44.87165, 33.98025], "destination_coords": [55.9123, 38.0121], "is_same_city": false}}, {"type": "Feature", "geometry": {"type": "LineString", "coordinates": [[38.44156, 55.78513000000001], [38.38345845832486, 55.67646619509296], [38.32567884902239, 55.56777510511373], [38.268218170781914, 55.459056991187936], [38.21107345774557, 55.35031211124356], [38.154241778999776, 55.24154072005911], [38.097720238075134, 55.132743069310756], [38.0415059724546, 55.023919407618756], [37.985596153089695, 54.91506998059299], [37.929987983924626, 54.806195030877824], [37.87467870142833, 54.69729479819599], [37.81966557413402, 54.58836951939196], [37.76494590218636, 54.47941942847434], [37.71051701689593, 54.37044475665764], [37.656376280300975, 54.26144573240337], [37.60252108473631, 54.15242258146029], [37.54894885240908, 54.04337552690411], [37.49565703498155, 53.93430478917647], [37.44264311316044, 53.82521058612318], [37.38990459629307, 53.716093133031855], [37.33743902196975, 53.60695264266903], [37.28524395563287, 53.49778932531643], [37.233316990191916, 53.38860338880681], [37.18165574564484, 53.27939503855906], [37.13025786870549, 53.1701644776128], [37.079121032436774, 53.06091190666242], [37.02824293588987, 52.95163752409043], [36.97762130374902, 52.842341526000354], [36.92725388598199, 52.73302410624908], [36.87713845749608, 52.62368545647856], [36.827272817799496, 52.51432576614716], [36.77765479066803, 52.40494522256034], [36.72828222381714, 52.2955440109009], [36.67915298857892, 52.18612231425869], [36.63026497958432, 52.076680313659885], [36.58161611445023, 51.96721818809575], [36.533204333471474, 51.85773611455091], [36.48502759931758, 51.74823426803118], [36.43708389673423, 51.63871282159101], [36.389371232249395, 51.52917194636029], [36.34188763388394, 51.419611811571045], [36.29463115086674, 51.310032584583276], [36.247599853354174, 51.200434430910825], [36.200791832153875, 51.090817514246474], [36.154205198452814, 50.981181996486825], [36.10783808354951, 50.87152803775675], [36.0616886385902, 50.761855796433416], [36.01575503430922, 50.65216542916998], [35.97003546077327, 50.542457090918816], [35.92452812712946, 50.43273093495453], [35.87923126135735, 50.322987112896406], [35.834143110024556, 50.21322577473065], [35.7892619380462, 50.103447068832324], [35.74458602844784, 49.993651141986696], [35.70011368213213, 49.88383813941056], [35.655843217648766, 49.77400820477295], [35.61177297096812, 49.664161480215746], [35.567901295258, 49.55429810637383], [35.524226560663955, 49.44441822239498], [35.480747154092725, 49.334521965959404], [35.43746147899892, 49.22460947329909], [35.394367955174936, 49.114680879216685], [35.351465018543834, 49.00473631710425], [35.30875112095544, 48.894775918961635], [35.266224729985346, 48.784799815414544], [35.22388432873681, 48.674808135732476], [35.1817284156458, 48.56480100784614], [35.139755504288566, 48.45477855836494], [35.097964123192284, 48.34474091259381], [35.05635281564834, 48.234688194550145], [35.01492013952835, 48.12462052698026], [34.97366466710285, 48.014538031375636], [34.93258498486267, 47.90444082798904], [34.89167969334276, 47.79432903585021], [34.850947406948706, 47.684202772781475], [34.810386753785636, 47.57406215541304], [34.76999637548968, 47.46390729919812], [34.72977492706176, 47.35373831842775], [34.68972107670377, 47.24355532624547], [34.64983350565719, 47.133358434661744], [34.610110908043886, 47.0231477545682], [34.57055199070925, 46.91292339575157], [34.53115547306751, 46.80268546690757], [34.491920086949314, 46.692434075654454], [34.45284457645136, 46.58216932854642], [34.41392769778827, 46.47189133108683], [34.37516821914644, 46.36160018774119], [34.336564920540035, 46.251296001949996], [34.29811659366892, 46.140978876141375], [34.25982204177872, 46.0306489117435], [34.221680079522585, 45.920306209196916], [34.1836895328252, 45.80995086796659], [34.14584923874845, 45.69958298655389], [34.108158045358984, 45.58920266250824], [34.0706148115978, 45.4788099924388], [34.03321840715132, 45.36840507202584], [33.99596771232459, 45.257987996031964], [33.958861617915936, 45.147558858313296], [33.92189902509352, 45.03711775183033], [33.88507884527352, 44.92666476865873], [33.8484, 44.81619999999999]]}, "properties": {"fa_flight_id": "RA65996-1536237802-adhoc-0", "registration": "RA-65996", "ident": "RA-65996", "ident_icao": NaN, "origin_code": "L 55.78513 38.44156", "origin_city": "Moscow", "destination_code": "L 44.81620 33.84840", "destination_city": "Simferopol", "scheduled_out": NaN, "estimated_out": NaN, "actual_out": NaN, "scheduled_off": "2018-09-06T12:43:22Z", "estimated_off": "2018-09-06T12:43:22Z", "actual_off": "2018-09-06T12:43:22Z", "scheduled_on": NaN, "estimated_on": NaN, "actual_on": "2018-09-06T12:43:22Z", "scheduled_in": NaN, "estimated_in": NaN, "actual_in": NaN, "status": "result unknown", "route_distance": NaN, "diverted": false, "cancelled": false, "simplified_departure_date": "2018-09-06", "origin_coords": [55.78513, 38.44156], "destination_coords": [44.8162, 33.8484], "is_same_city": false}}, {"type": "Feature", "geometry": {"type": "LineString", "coordinates": [[37.97958, 55.96404], [37.875028535728006, 55.94779250842884], [37.77056501024769, 55.931456581215286], [37.666189771752116, 55.9150323472022], [37.561903165898855, 55.89851993568112], [37.457705535807726, 55.88191947638788], [37.3535972220589, 55.86523109949816], [37.249578562691056, 55.848454935623096], [37.14564989319972, 55.83159111580482], [37.04181154653571, 55.81463977151211], [36.93806385310382, 55.79760103463588], [36.83440714076157, 55.780475037484905], [36.730841734818135, 55.76326191278125], [36.62736795803345, 55.745961793656015], [36.5239861306174, 55.72857481364483], [36.42069657022924, 55.71110110668349], [36.317499591977025, 55.69354080710355], [36.21439550841742, 55.67589404962797], [36.11138462955534, 55.65816096936663], [36.00846726284402, 55.64034170181207], [35.90564371318508, 55.622436382834984], [35.802914282928725, 55.60444514867995], [35.70027927187413, 55.58636813596103], [35.59773897726998, 55.568205481657316], [35.49529369381512, 55.54995732310869], [35.39294371365932, 55.531623798011424], [35.2906893264042, 55.513205044413816], [35.18853081910432, 55.49470120071182], [35.086468476268394, 55.476112405644834], [34.98450257986054, 55.4574387982912], [34.88263340930182, 55.43868051806404], [34.780861241471825, 55.41983770470681], [34.67918635071035, 55.400910498289086], [34.57760900881933, 55.38189903920224], [34.47612948506479, 55.36280346815511], [34.3747480461789, 55.34362392616975], [34.27346495636234, 55.3243605545772], [34.17228047728655, 55.3050134950131], [34.07119486809628, 55.28558288941357], [33.97020838541222, 55.26606888001084], [33.86932128333367, 55.246471609329134], [33.76853381344147, 55.22679122018033], [33.667846224800954, 55.20702785565979], [33.567258763965036, 55.18718165914217], [33.466771674977444, 55.167252774277195], [33.36638519937607, 55.14724134498545], [33.266099576196375, 55.12714751545427], [33.16591504197502, 55.10697143013349], [33.065831830753496, 55.08671323373137], [32.96585017408194, 55.06637307121039], [32.86597030102306, 55.04595108778312], [32.76619243815612, 55.025447428908166], [32.66651680958107, 55.004862240285966], [32.56694363692282, 54.984195667854756], [32.46747313933556, 54.96344785778647], [32.36810553350718, 54.94261895648266], [32.268841033663904, 54.92170911057045], [32.169679851574855, 54.900718466898454], [32.0706221965569, 54.87964717253278], [31.971668275479473, 54.858495374753], [31.87281829276956, 54.837263221048126], [31.77407245041675, 54.81595085911263], [31.6754309479784, 54.79455843684248], [31.576893982584938, 54.773086102331106], [31.478461748945165, 54.75153400386553], [31.380134439351746, 54.72990228992234], [31.28191224368674, 54.7081911091639], [31.183795349427267, 54.686400610434255], [31.085783941651197, 54.66453094275538], [30.98787820304306, 54.64258225532326], [30.89007831389983, 54.62055469750401], [30.792384452137064, 54.598448418829996], [30.694796793294906, 54.57626356899606], [30.59731551054426, 54.554000297855666], [30.499940774693126, 54.5316587554171], [30.40267275419288, 54.50923909183966], [30.305511615144724, 54.4867414574299], [30.20845752130617, 54.4641660026379], [30.11151063409771, 54.44151287805346], [30.014671112609367, 54.41878223440243], [29.917939113607545, 54.39597422254295], [29.82131479154182, 54.37308899346177], [29.724798298551825, 54.35012669827066], [29.628389784474226, 54.32708748820257], [29.532089396849827, 54.303971514608165], [29.43589728093064, 54.28077892895205], [29.339813579687082, 54.25750988280931], [29.243838433815274, 54.234164527861736], [29.147971981744323, 54.21074301589443], [29.052214359643813, 54.187245498792116], [28.956565701431177, 54.16367212853563], [28.861026138779277, 54.14002305719842], [28.765595801124054, 54.11629843694304], [28.67027481567208, 54.092498420017606], [28.575063307408413, 54.068623158752374], [28.4799613991043, 54.04467280555626], [28.384969211325046, 54.02064751291343], [28.290086862437956, 53.99654743337985], [28.195314468620268, 53.972372719579866], [28.100652143867194, 53.94812352420292], [28.006099999999996, 53.9238]]}, "properties": {"fa_flight_id": "RA65996-1560259101-adhoc-0", "registration": "RA-65996", "ident": "RA-65996", "ident_icao": NaN, "origin_code": "L 55.96404 37.97958", "origin_city": "Moscow", "destination_code": "L 53.92380 28.00610", "destination_city": "Minsk", "scheduled_out": NaN, "estimated_out": NaN, "actual_out": NaN, "scheduled_off": "2019-06-11T13:18:21Z", "estimated_off": "2019-06-11T13:18:21Z", "actual_off": "2019-06-11T13:18:21Z", "scheduled_on": NaN, "estimated_on": NaN, "actual_on": "2019-06-11T13:18:21Z", "scheduled_in": NaN, "estimated_in": NaN, "actual_in": NaN, "status": "result unknown", "route_distance": NaN, "diverted": false, "cancelled": false, "simplified_departure_date": "2019-06-11", "origin_coords": [55.96404, 37.97958], "destination_coords": [53.9238, 28.0061], "is_same_city": false}}, {"type": "Feature", "geometry": {"type": "LineString", "coordinates": [[28.277730000000002, 53.83483], [28.36938109371767, 53.85945963355427], [28.46113999318119, 53.884019359201005], [28.553006614887703, 53.908509031762875], [28.644980873386583, 53.93292850608529], [28.73706268127149, 53.95727763703919], [28.82925194917241, 53.98155627952403], [28.921548585747697, 54.00576428847066], [29.013952497676332, 54.02990151884429], [29.10646358965, 54.05396782564745], [29.19908176436537, 54.077963063922944], [29.291806922516344, 54.10188708875694], [29.384638962786386, 54.12573975528183], [29.477577781840896, 54.14952091867937], [29.570623274319598, 54.17323043418369], [29.66377533282903, 54.196868157084374], [29.757033847935002, 54.22043394272951], [29.850398708155247, 54.243927646528775], [29.943869799951948, 54.2673491239566], [30.037447007724424, 54.29069823055525], [30.13113021380189, 54.31397482193799], [30.22491929843617, 54.337178753792216], [30.31881413979458, 54.36030988188267], [30.41281461395276, 54.38336806205459], [30.506920594887646, 54.406353150236946], [30.601131954470485, 54.42926500244563], [30.69544856245984, 54.45210347478677], [30.789870286494775, 54.47486842345985], [30.88439699208798, 54.497559704761144], [30.979028542619027, 54.52017717508686], [31.073764799327723, 54.5427206909365], [31.1686056213074, 54.5651901089162], [31.263550865498416, 54.58758528574201], [31.358600386681605, 54.60990607824326], [31.453754037471903, 54.63215234336593], [31.549011668311923, 54.65432393817603], [31.644373127465695, 54.676420719862946], [31.739838261012444, 54.69844254574289], [31.835406912840416, 54.72038927326235], [31.931078924640822, 54.742260760001415], [32.02685413590181, 54.76405686367731], [32.12273238390251, 54.785777442147875], [32.21871350370725, 54.80742235341495], [32.31479732815969, 54.82899145562795], [32.41098368787718, 54.850484607087346], [32.507272411245054, 54.87190166624818], [32.60366332441121, 54.893242491723555], [32.700156251280475, 54.91450694228828], [32.79675101350939, 54.93569487688233], [32.89344743050076, 54.95680615461446], [32.990245319398554, 54.97784063476583], [33.08714449508265, 54.99879817679352], [33.1841447701639, 55.01967864033419], [33.28124595497906, 55.04048188520773], [33.37844785758601, 55.06120777142084], [33.475750283758885, 55.081856159170705], [33.573153036983406, 55.10242690884866], [33.67065591845227, 55.12291988104391], [33.76825872706063, 55.14333493654708], [33.86596125940169, 55.16367193635406], [33.96376330976234, 55.18393074166965], [34.0616646701189, 55.204111213911276], [34.15966513013304, 55.22421321471275], [34.25776447714768, 55.244236605927966], [34.35596249618307, 55.26418124963471], [34.45425896993292, 55.284047008138394], [34.55265367876065, 55.30383374397585], [34.651146400695744, 55.323541319919116], [34.74973691143022, 55.34316959897918], [34.84842498431512, 55.362718444409886], [34.94721039035723, 55.38218771971169], [35.04609289821582, 55.401577288635465], [35.145072274199464, 55.4208870151864], [35.24414828226311, 55.44011676362783], [35.34332068400502, 55.45926639848505], [35.44258923866409, 55.47833578454923], [35.54195370311705, 55.497324786881265], [35.64141383187593, 55.51623327081567], [35.7409693770855, 55.53506110196447], [35.84062008852101, 55.553808146221094], [35.940365713585805, 55.57247426976428], [36.040205997309265, 55.591059339062], [36.14014068234475, 55.6095632208754], [36.240169508967654, 55.62798578226271], [36.34029221507366, 55.646326890583175], [36.44050853617699, 55.66458641350103], [36.54081820540888, 55.68276421898942], [36.641220953516175, 55.7008601753344], [36.74171650885988, 55.71887415113886], [36.8423045974141, 55.73680601532656], [36.94298494276485, 55.75465563714604], [37.043757266109154, 55.772422886174596], [37.14462128625417, 55.7901076323224], [37.24557671961649, 55.80770974583633], [37.346623280221564, 55.82522909730407], [37.44776067970324, 55.84266555765808], [37.548988627303366, 55.860018998179655], [37.65030682987171, 55.87728929050289], [37.751714991865725, 55.894476306618664], [37.85321281535073, 55.91157991887883], [37.954800000000006, 55.92860000000001]]}, "properties": {"fa_flight_id": "RA65996-1573824984-adhoc-0", "registration": "RA-65996", "ident": "RA-65996", "ident_icao": NaN, "origin_code": "L 53.83483 28.27773", "origin_city": "Minsk", "destination_code": "L 55.92860 37.95480", "destination_city": "Moscow", "scheduled_out": NaN, "estimated_out": NaN, "actual_out": NaN, "scheduled_off": "2019-11-15T13:36:24Z", "estimated_off": "2019-11-15T13:36:24Z", "actual_off": "2019-11-15T13:36:24Z", "scheduled_on": NaN, "estimated_on": NaN, "actual_on": "2019-11-15T13:36:24Z", "scheduled_in": NaN, "estimated_in": NaN, "actual_in": NaN, "status": "result unknown", "route_distance": NaN, "diverted": false, "cancelled": false, "simplified_departure_date": "2019-11-15", "origin_coords": [53.83483, 28.27773], "destination_coords": [55.9286, 37.9548], "is_same_city": false}}, {"type": "Feature", "geometry": {"type": "LineString", "coordinates": [[38.245569999999994, 55.77728], [38.24317606238584, 55.77852051088456], [38.2407819723582, 55.77976097525252], [38.23838772990601, 55.78100139309875], [38.23599333501818, 55.78224176441811], [38.23359878768361, 55.78348208920548], [38.23120408789124, 55.784722367455736], [38.228809235629974, 55.785962599163746], [38.22641423088873, 55.787202784324364], [38.22401907365642, 55.78844292293249], [38.22162376392197, 55.789683014982955], [38.219228301674285, 55.79092306047066], [38.2168326869023, 55.79216305939046], [38.2144369195949, 55.793403011737226], [38.21204099974105, 55.79464291750581], [38.20964492732962, 55.795882776691094], [38.20724870234956, 55.797122589287945], [38.20485232478977, 55.798362355291204], [38.20245579463917, 55.79960207469577], [38.200059111886674, 55.80084174749648], [38.19766227652121, 55.8020813736882], [38.1952652885317, 55.80332095326582], [38.19286814790705, 55.80456048622416], [38.190470854636175, 55.80579997255811], [38.188073408708, 55.80703941226253], [38.18567581011145, 55.808278805332264], [38.18327805883541, 55.80951815176219], [38.18088015486885, 55.810757451547154], [38.178482098200654, 55.811996704682024], [38.17608388881975, 55.81323591116166], [38.17368552671506, 55.814475070980905], [38.1712870118755, 55.81571418413464], [38.16888834428998, 55.8169532506177], [38.166489523947426, 55.81819227042494], [38.164090550836754, 55.81943124355122], [38.161691424946895, 55.820670169991416], [38.159292146266765, 55.821909049740356], [38.15689271478527, 55.82314788279291], [38.15449313049134, 55.82438666914393], [38.15209339337389, 55.825625408788255], [38.14969350342185, 55.826864101720744], [38.14729346062411, 55.82810274793625], [38.14489326496964, 55.829341347429626], [38.142492916447324, 55.83057990019572], [38.14009241504609, 55.831818406229395], [38.13769176075486, 55.833056865525485], [38.13529095356255, 55.834295278078834], [38.13288999345809, 55.83553364388431], [38.13048888043039, 55.83677196293675], [38.128087614468384, 55.83801023523099], [38.12568619556097, 55.8392484607619], [38.12328462369709, 55.840486639524315], [38.12088289886566, 55.84172477151308], [38.1184810210556, 55.84296285672303], [38.116078990255836, 55.84420089514904], [38.113676806455274, 55.84543888678592], [38.11127446964285, 55.846676831628535], [38.10887197980749, 55.84791472967171], [38.1064693369381, 55.84915258091029], [38.10406654102361, 55.850390385339146], [38.101663592052944, 55.851628142953096], [38.09926049001502, 55.85286585374697], [38.09685723489877, 55.854103517715636], [38.0944538266931, 55.855341134853916], [38.092050265386945, 55.85657870515664], [38.08964655096922, 55.857816228618674], [38.087242683428855, 55.85905370523483], [38.08483866275477, 55.86029113499997], [38.08243448893588, 55.861528517908894], [38.08003016196112, 55.862765853956475], [38.077625681819406, 55.86400314313754], [38.075221048499664, 55.8652403854469], [38.07281626199083, 55.866477580879426], [38.0704113222818, 55.867714729429935], [38.068006229361515, 55.868951831093256], [38.06560098321891, 55.87018888586422], [38.063195583842884, 55.87142589373767], [38.06079003122237, 55.87266285470844], [38.0583843253463, 55.873899768771345], [38.05597846620359, 55.875136635921244], [38.05357245378317, 55.87637345615294], [38.051166288073965, 55.87761022946126], [38.048759969064896, 55.878846955841055], [38.046353496744885, 55.88008363528716], [38.04394687110286, 55.881320267794365], [38.041540092127754, 55.88255685335753], [38.039133159808486, 55.88379339197146], [38.036726074133966, 55.885029883631], [38.03431883509316, 55.88626632833098], [38.03191144267495, 55.88750272606622], [38.02950389686827, 55.88873907683151], [38.027096197662075, 55.88997538062172], [38.024688345045256, 55.89121163743167], [38.022280339006755, 55.89244784725615], [38.01987217953552, 55.893684010090006], [38.01746386662043, 55.89492012592807], [38.015055400250446, 55.89615619476514], [38.012646780414485, 55.89739221659604], [38.01023800710147, 55.89862819141561], [38.00782908030034, 55.89986411921866], [38.00542, 55.90110000000001]]}, "properties": {"fa_flight_id": "RA65996-1591273893-adhoc-0", "registration": "RA-65996", "ident": "RA-65996", "ident_icao": NaN, "origin_code": "L 55.77728 38.24557", "origin_city": "Moscow", "destination_code": "L 55.90110 38.00542", "destination_city": "Moscow", "scheduled_out": NaN, "estimated_out": NaN, "actual_out": NaN, "scheduled_off": "2020-06-04T12:31:33Z", "estimated_off": "2020-06-04T12:31:33Z", "actual_off": "2020-06-04T12:31:33Z", "scheduled_on": NaN, "estimated_on": NaN, "actual_on": "2020-06-04T12:31:33Z", "scheduled_in": NaN, "estimated_in": NaN, "actual_in": NaN, "status": "result unknown", "route_distance": NaN, "diverted": false, "cancelled": false, "simplified_departure_date": "2020-06-04", "origin_coords": [55.77728, 38.24557], "destination_coords": [55.9011, 38.00542], "is_same_city": false}}, {"type": "Feature", "geometry": {"type": "LineString", "coordinates": [[38.53715, 55.861520000000006], [38.53133699156164, 55.8621887865931], [38.525523783010016, 55.862857299238065], [38.51971037441521, 55.8635255379186], [38.51389676584731, 55.864193502618384], [38.50808295737645, 55.86486119332113], [38.50226894907275, 55.86552861001054], [38.49645474100637, 55.866195752670315], [38.490640333247484, 55.86686262128419], [38.48482572586629, 55.86752921583586], [38.47901091893297, 55.86819553630909], [38.47319591251779, 55.86886158268757], [38.46738070669098, 55.86952735495507], [38.461565301522796, 55.870192853095304], [38.45574969708353, 55.87085807709205], [38.449933893443486, 55.871523026929054], [38.44411789067299, 55.872187702590075], [38.43830168884238, 55.87285210405887], [38.43248528802201, 55.873516231319236], [38.42666868828225, 55.874180084354904], [38.42085188969351, 55.874843663149704], [38.4150348923262, 55.875506967687386], [38.40921769625074, 55.87616999795176], [38.4034003015376, 55.87683275392662], [38.39758270825724, 55.877495235595774], [38.39176491648014, 55.878157442943014], [38.385946926276816, 55.878819375952176], [38.3801287377178, 55.879481034607075], [38.374310350873614, 55.88014241889152], [38.36849176581484, 55.88080352878936], [38.36267298261204, 55.88146436428443], [38.35685400133584, 55.88212492536056], [38.35103482205684, 55.8827852120016], [38.34521544484567, 55.883445224191405], [38.33939586977299, 55.88410496191385], [38.33357609690948, 55.88476442515276], [38.32775612632582, 55.88542361389204], [38.32193595809272, 55.88608252811555], [38.31611559228092, 55.886741167807166], [38.31029502896117, 55.887399532950774], [38.30447426820421, 55.88805762353027], [38.29865331008084, 55.888715439529555], [38.29283215466185, 55.88937298093252], [38.287010802018095, 55.890030247723075], [38.28118925222037, 55.890687239885146], [38.27536750533956, 55.89134395740262], [38.269545561446535, 55.892000400259455], [38.26372342061216, 55.89265656843956], [38.257901082907395, 55.89331246192688], [38.25207854840315, 55.89396808070534], [38.246255817170365, 55.8946234247589], [38.240432889280015, 55.89527849407151], [38.23460976480308, 55.895933288627134], [38.228786443810584, 55.896587808409706], [38.222962926373526, 55.89724205340322], [38.217139212562955, 55.89789602359164], [38.21131530244994, 55.898549718958954], [38.20549119610554, 55.89920313948913], [38.19966689360088, 55.899856285166166], [38.19384239500704, 55.900509155974056], [38.18801770039518, 55.901161751896794], [38.18219280983642, 55.90181407291843], [38.176367723401974, 55.9024661190229], [38.17054244116299, 55.903117890194274], [38.164716963190706, 55.90376938641656], [38.15889128955632, 55.9044206076738], [38.15306542033109, 55.90507155395], [38.14723935558627, 55.90572222522923], [38.14141309539313, 55.906372621495514], [38.135586639823, 55.90702274273291], [38.12975998894717, 55.90767258892548], [38.123933142836975, 55.90832216005726], [38.11810610156379, 55.908971456112354], [38.112278865198945, 55.9096204770748], [38.10645143381387, 55.910269222928726], [38.10062380747994, 55.91091769365815], [38.09479598626861, 55.9115658892472], [38.0889679702513, 55.91221380967997], [38.083139759499495, 55.91286145494055], [38.07731135408466, 55.91350882501306], [38.071482754078296, 55.914155919881594], [38.065653959551916, 55.91480273953027], [38.05982497057706, 55.91544928394324], [38.0539957872253, 55.9160955531046], [38.04816640956818, 55.916741546998495], [38.0423368376773, 55.91738726560905], [38.036507071624264, 55.918032708920435], [38.030677111480706, 55.91867787691678], [38.02484695731828, 55.91932276958226], [38.01901660920862, 55.91996738690102], [38.013186067223444, 55.920611728857224], [38.00735533143441, 55.921255795435066], [38.00152440191327, 55.92189958661871], [37.99569327873176, 55.92254310239234], [37.989861961961594, 55.92318634274014], [37.984030451674585, 55.92382930764632], [37.978198747942514, 55.92447199709507], [37.972366850837176, 55.925114411070595], [37.96653476043041, 55.925756549557114], [37.96070247679407, 55.926398412538845], [37.95487, 55.92704]]}, "properties": {"fa_flight_id": "RA65996-1591808910-adhoc-0", "registration": "RA-65996", "ident": "RA-65996", "ident_icao": NaN, "origin_code": "L 55.86152 38.53715", "origin_city": "Moscow", "destination_code": "L 55.92704 37.95487", "destination_city": "Moscow", "scheduled_out": NaN, "estimated_out": NaN, "actual_out": NaN, "scheduled_off": "2020-06-10T17:08:30Z", "estimated_off": "2020-06-10T17:08:30Z", "actual_off": "2020-06-10T17:08:30Z", "scheduled_on": NaN, "estimated_on": NaN, "actual_on": "2020-06-10T17:08:30Z", "scheduled_in": NaN, "estimated_in": NaN, "actual_in": NaN, "status": "result unknown", "route_distance": NaN, "diverted": false, "cancelled": false, "simplified_departure_date": "2020-06-10", "origin_coords": [55.86152, 38.53715], "destination_coords": [55.92704, 37.95487], "is_same_city": false}}, {"type": "Feature", "geometry": {"type": "LineString", "coordinates": [[33.79039, 44.6839], [33.82497561514803, 44.796172025355254], [33.859696067717955, 44.9084335717721], [33.894552403166486, 45.020684557012856], [33.9295456769426, 45.13292489803988], [33.964676954608585, 45.245154511005666], [33.999947311962686, 45.357373311242874], [34.03535783516356, 45.469581213254045], [34.070909620856476, 45.581778130701366], [34.106603776301355, 45.69396397639614], [34.142441419502646, 45.80613866228815], [34.17842367934104, 45.91830209945487], [34.21455169570705, 46.0304541980905], [34.25082661963666, 46.14259486749486], [34.28724961344876, 46.254724016062106], [34.323821850884656, 46.36684155126923], [34.36054451724966, 46.47894737966458], [34.39741880955662, 46.59104140685586], [34.43444593667168, 46.70312353749831], [34.471627119462006, 46.81519367528252], [34.50896359094588, 46.92725172292202], [34.546456596444806, 47.03929758214085], [34.58410739373795, 47.15133115366079], [34.62191725321891, 47.26335233718849], [34.65988745805466, 47.375361031402335], [34.69801930434697, 47.487357133939135], [34.736314101296166, 47.599340541380656], [34.77477317136732, 47.711311149239855], [34.81339785045901, 47.82326885194703], [34.85218948807445, 47.935213542835605], [34.89114944749528, 48.0471451141278], [34.930279105957986, 48.159063456920066], [34.96957985483287, 48.27096846116824], [35.00905309980586, 48.38286001567255], [35.04870026106289, 48.49473800806234], [35.08852277347727, 48.606602324780525], [35.12852208679971, 48.71845285106785], [35.168699665851385, 48.83028947094694], [35.20905699071981, 48.94211206720595], [35.24959555695783, 49.05392052138214], [35.29031687578559, 49.16571471374508], [35.33122247429559, 49.27749452327961], [35.37231389566092, 49.389259827668525], [35.4135926993467, 49.501010503275], [35.455060461324784, 49.61274642512474], [35.49671877429175, 49.724467466887816], [35.538569247890365, 49.83617350086021], [35.58061350893438, 49.947864397945104], [35.622853201636886, 50.05954002763386], [35.665289987842215, 50.17120025798658], [35.70792554726152, 50.28284495561256], [35.750761577711955, 50.39447398565025], [35.79379979535968, 50.506087211746944], [35.837041934966706, 50.61768449603816], [35.88048975014156, 50.72926569912667], [35.92414501359399, 50.84083068006114], [35.968009517393675, 50.95237929631453], [36.01208507323303, 51.063911403762], [36.056373512694286, 51.175426856658554], [36.10087668752061, 51.28692550761627], [36.145596469891885, 51.398407207581165], [36.19053475270463, 51.50987180580967], [36.23569344985651, 51.621319149844666], [36.28107449653552, 51.73274908549124], [36.32667984951368, 51.844161456791944], [36.372511487445585, 51.955556106001566], [36.41857141117173, 52.066932873561676], [36.46486164402684, 52.17829159807457], [36.51138423215309, 52.289632116276834], [36.55814124481862, 52.40095426301246], [36.60513477474104, 52.512257871205506], [36.652366938416414, 52.62354277183226], [36.69983987645355, 52.734808793893016], [36.747555753913836, 52.846055764383195], [36.79551676065667, 52.95728350826415], [36.84372511169053, 53.06849184843336], [36.89218304753001, 53.1796806056942], [36.94089283455866, 53.29084959872501], [36.9898567653979, 53.40199864404785], [37.03907715928208, 53.51312755599657], [37.0885563624398, 53.624236146684304], [37.13829674848172, 53.735324225970544], [37.18830071879465, 53.846391601427484], [37.23857070294254, 53.9574380783058], [37.28910915907404, 54.06846345949989], [37.33991857433699, 54.17946754551247], [37.39100146530003, 54.290450134418535], [37.44236037838118, 54.40141102182859], [37.49399789028391, 54.51235000085143], [37.545916608440464, 54.623266862056084], [37.5981191714629, 54.734161393433126], [37.650608249601746, 54.845033380355304], [37.70338654521263, 54.955882605537454], [37.75645679323081, 55.06670884899566], [37.80982176165398, 55.17751188800574], [37.86348425203337, 55.288291497060925], [37.917447099973394, 55.39904744782875], [37.97171317563984, 55.50977950910723], [38.02628538427709, 55.62048744678018], [38.08116666673414, 55.731171023771736], [38.136359999999996, 55.84183]]}, "properties": {"fa_flight_id": "RA65996-1595064521-adhoc-0", "registration": "RA-65996", "ident": "RA-65996", "ident_icao": NaN, "origin_code": "L 44.68390 33.79039", "origin_city": "Simferopol", "destination_code": "L 55.84183 38.13636", "destination_city": "Moscow", "scheduled_out": NaN, "estimated_out": NaN, "actual_out": NaN, "scheduled_off": "2020-07-18T09:28:41Z", "estimated_off": "2020-07-18T09:28:41Z", "actual_off": "2020-07-18T09:28:41Z", "scheduled_on": NaN, "estimated_on": NaN, "actual_on": "2020-07-18T09:28:41Z", "scheduled_in": NaN, "estimated_in": NaN, "actual_in": NaN, "status": "result unknown", "route_distance": NaN, "diverted": false, "cancelled": false, "simplified_departure_date": "2020-07-18", "origin_coords": [44.6839, 33.79039], "destination_coords": [55.84183, 38.13636], "is_same_city": false}}, {"type": "Feature", "geometry": {"type": "LineString", "coordinates": [[38.33629, 55.7307], [38.27297098074352, 55.620917070233084], [38.21000567933113, 55.51110171198427], [38.14739078391466, 55.40125423831972], [38.08512302171556, 55.2913749584519], [38.02319915846886, 55.181464177797416], [37.96161599787631, 55.071522198034195], [37.90037038106828, 54.96154931715742], [37.839459186074414, 54.851545829534494], [37.77887932730281, 54.74151202595916], [37.71862775502755, 54.63144819370466], [37.65870145488458, 54.521354616575834], [37.59909744737555, 54.411231574960546], [37.53981278737978, 54.30107934588002], [37.48084456367386, 54.19089820303848], [37.42218989845907, 54.08068841687174], [37.36384594689624, 53.970450254595185], [37.30580989664817, 53.86018398025078], [37.24807896742911, 53.74988985475333], [37.190650410561595, 53.63956813593591], [37.133521508540184, 53.529219078594636], [37.07668957460218, 53.418842934532556], [37.02015195230503, 53.30843995260285], [36.96390601511057, 53.19801037875134], [36.90794916597559, 53.0875544560582], [36.85227883694899, 52.977072424779024], [36.79689248877526, 52.86656452238525], [36.74178761050406, 52.756030983603786], [36.686961719106, 52.6454720404561], [36.632412359094374, 52.53488792229658], [36.578137102152844, 52.42427885585031], [36.52413354676881, 52.313645065250164], [36.4703993178726, 52.20298677207337], [36.41693206648214, 52.092304195377416], [36.363729469353174, 51.98159755173531], [36.310789228634945, 51.87086705527043], [36.25810907153101, 51.760112917690655], [36.20568674996548, 51.64933534832192], [36.153520040254236, 51.53853455414145], [36.101606742781314, 51.42771073981015], [36.04994468168005, 51.31686410770469], [35.99853170451934, 51.20599485794898], [35.94736568199446, 51.09510318844514], [35.896444507622796, 50.98418929490402], [35.845766097444006, 50.8732533708752], [35.79532838972485, 50.762295607776466], [35.745129344668506, 50.65131619492292], [35.6951669441281, 50.540315319555475], [35.645439191324826, 50.42929316686907], [35.5959441105701, 50.31824992004032], [35.54667974699196, 50.20718576025475], [35.49764416626555, 50.09610086673363], [35.44883545434772, 49.9849954167603], [35.40025171721545, 49.87386958570629], [35.351891080608304, 49.76272354705673], [35.30375168977467, 49.651557472435606], [35.25583170922171, 49.54037153163052], [35.208129322469155, 49.4291658926171], [35.1606427318066, 49.31794072158292], [35.113370158054494, 49.20669618295128], [35.0663098403286, 49.09543243940435], [35.01946003580792, 48.98414965190613], [34.972819019506055, 48.87284797972505], [34.92638508404593, 48.76152758045611], [34.88015653943774, 48.65018861004278], [34.83413171286026, 48.538831222798564], [34.78830894844521, 48.42745557142818], [34.742686607064876, 48.316061807048435], [34.69726306612275, 48.2046500792088], [34.65203671934721, 48.09322053591166], [34.60700597658822, 47.981773323632325], [34.56216926361691, 47.87030858733857], [34.517525021928144, 47.75882647051004], [34.473071708545774, 47.64732711515731], [34.42880779583084, 47.53581066184069], [34.384731771292465, 47.424277249688636], [34.34084213740142, 47.31272701641602], [34.297137411406396, 47.201160098342086], [34.253616125152895, 47.0895766304081], [34.21027682490463, 46.977976746194756], [34.16711807116759, 46.866360577939375], [34.124138438516475, 46.75472825655278], [34.08133651542363, 46.643079911635915], [34.03871090409041, 46.53141567149635], [33.99626022028092, 46.41973566316437], [33.95398309315802, 46.3080400124089], [33.91187816512181, 46.19632884375329], [33.86994409165013, 46.0846022804907], [33.82817954114149, 45.972860444699336], [33.78658319476013, 45.861103457257585], [33.74515374628318, 45.74933143785872], [33.70388990195005, 45.63754450502545], [33.662790380313815, 45.52574277612449], [33.62185391209472, 45.41392636738052], [33.58107924003567, 45.302095393890305], [33.54046511875974, 45.19024996963635], [33.50001031462964, 45.0783902075006], [33.45971360560911, 44.966516219277715], [33.41957378112622, 44.85462811568832], [33.3795896419385, 44.742726006391976], [33.33976, 44.63081]]}, "properties": {"fa_flight_id": "RA65996-1595048635-adhoc-0", "registration": "RA-65996", "ident": "RA-65996", "ident_icao": NaN, "origin_code": "L 55.73070 38.33629", "origin_city": "Moscow", "destination_code": "L 44.63081 33.33976", "destination_city": "Simferopol", "scheduled_out": NaN, "estimated_out": NaN, "actual_out": NaN, "scheduled_off": "2020-07-18T05:03:55Z", "estimated_off": "2020-07-18T05:03:55Z", "actual_off": "2020-07-18T05:03:55Z", "scheduled_on": NaN, "estimated_on": NaN, "actual_on": "2020-07-18T05:03:55Z", "scheduled_in": NaN, "estimated_in": NaN, "actual_in": NaN, "status": "result unknown", "route_distance": NaN, "diverted": false, "cancelled": false, "simplified_departure_date": "2020-07-18", "origin_coords": [55.7307, 38.33629], "destination_coords": [44.63081, 33.33976], "is_same_city": false}}, {"type": "Feature", "geometry": {"type": "LineString", "coordinates": [[82.1182, 55.18545], [81.71368711007493, 55.268480916843906], [81.30749323565558, 55.35016906436975], [80.89963399071762, 55.43050478598743], [80.49012567009667, 55.50947849618991], [80.07898525324245, 55.58708068515696], [79.66623040743977, 55.66330192340454], [79.25187949047658, 55.73813286647597], [78.83595155274065, 55.811564259670774], [78.41846633872632, 55.88358694280708], [77.9994442879333, 55.95419185501277], [77.57890653514097, 56.02337003954119], [77.15687491004101, 56.09111264860612], [76.73337193621323, 56.1574109482316], [76.30842082942942, 56.22225632311083], [75.88204549527154, 56.28564028146952], [75.45427052605095, 56.3475544599278], [75.02512119701706, 56.407990628355286], [74.59462346184436, 56.4669406947137], [74.1628039473884, 56.524396709881074], [73.72968994770177, 56.58035087245171], [73.29530941730363, 56.63479553350592], [72.85969096369621, 56.68772320134341], [72.42286383912457, 56.73912654617401], [71.98485793157592, 56.788998404759745], [71.54570375501751, 56.83733178500181], [71.105432438873, 56.88411987046616], [70.66407571673864, 56.929356024841404], [70.22166591434278, 56.97303379632251], [69.77823593675335, 57.01514692191433], [69.33381925483984, 57.055689331648125], [68.88844989099789, 57.09465515270531], [68.44216240414649, 57.132038713441766], [67.99499187400899, 57.16783454730698], [67.54697388469158, 57.20203739665153], [67.0981445075737, 57.2346422164172], [66.64854028352748, 57.265644177703976], [66.19819820448396, 57.2950386712078], [65.74715569436647, 57.32282131052398], [65.2954505894123, 57.34898793531057], [64.84312111790597, 57.37353461430659], [64.39020587934868, 57.396457648200105], [63.93674382309012, 57.41775357234129], [63.48277422644987, 57.43741915929588], [63.02833667235776, 57.45545142123483], [62.573471026542975, 57.47184761215583], [62.11821741430359, 57.4866052299331], [61.66261619688903, 57.4997220181917], [61.20670794752918, 57.51119596800332], [60.75053342714456, 57.521025319400366], [60.29413355977346, 57.529208562705776], [59.83754940775203, 57.53574443967633], [59.38082214668446, 57.54063194445715], [58.92399304024099, 57.543870324346116], [58.46710341482155, 57.545459080366356], [58.01019463412386, 57.545397967646196], [57.55330807365447, 57.543686995605704], [57.09648509522174, 57.54032642794949], [56.63976702144988, 57.53531678246582], [56.18319511035266, 57.52865883063249], [55.726810530005814, 57.52035359702987], [55.27065433335643, 57.51040235856252], [54.814767433207386, 57.49880664349063], [54.359190577414566, 57.48556823027271], [53.9039643243336, 57.47068914622217], [53.44912901855257, 57.45417166597959], [52.994724766946064, 57.4360183098036], [52.54079141508521, 57.416231841683555], [52.087368524037096, 57.3948152672768], [51.63449534758636, 57.3717718316745], [51.18221080991005, 57.34710501699994], [50.73055348373601, 57.32081853984285], [50.27956156901344, 57.29291634853479], [49.82927287212329, 57.26340262026983], [49.37972478565432, 57.232281758075324], [48.93095426876931, 57.19955838763803], [48.48299782818454, 57.16523735399055], [48.03589149978385, 57.129323718063745], [47.589670830887044, 57.09182275311054], [47.144370863190844, 57.05273994100682], [46.700026116398824, 57.01208096843547], [46.256670572555144, 56.9698517229593], [45.81433766109517, 56.926058288989054], [45.37306024462442, 56.880706943652726], [44.93287060543552, 56.83380415257219], [44.49380043277113, 56.78535656555369], [44.05588081083942, 56.735371012198314], [43.61914220758653, 56.68385449743888], [43.18361446422918, 56.63081419700959], [42.74932678554905, 56.57625745285481], [42.31630773094857, 56.52019176848316], [41.884585206266756, 56.462624804273304], [41.45418645635172, 56.40356437273777], [41.02513805838569, 56.343018433750785], [40.59746591595613, 56.28099508974621], [40.17119525386609, 56.21750258089187], [39.746350613675105, 56.152549280245736], [39.32295584996082, 56.08614368890023], [38.90103412729052, 56.018294431119905], [38.48060791789045, 55.94901024947844], [38.061699, 55.8783]]}, "properties": {"fa_flight_id": "RA65996-1596705171-adhoc-0", "registration": "RA-65996", "ident": "RA-65996", "ident_icao": NaN, "origin_code": "L 55.18545 82.11820", "origin_city": "Novosibirsk", "destination_code": "UUMU", "destination_city": NaN, "scheduled_out": NaN, "estimated_out": NaN, "actual_out": NaN, "scheduled_off": "2020-08-06T09:12:51Z", "estimated_off": "2020-08-06T09:12:51Z", "actual_off": "2020-08-06T09:12:51Z", "scheduled_on": NaN, "estimated_on": "2020-08-06T13:08:28Z", "actual_on": "2020-08-06T13:08:28Z", "scheduled_in": NaN, "estimated_in": NaN, "actual_in": NaN, "status": "Arrived", "route_distance": NaN, "diverted": false, "cancelled": false, "simplified_departure_date": "2020-08-06", "origin_coords": [55.18545, 82.1182], "destination_coords": [55.8783, 38.061699], "is_same_city": false}}, {"type": "Feature", "geometry": {"type": "LineString", "coordinates": [[38.202630000000006, 55.81724000000001], [38.62190142850763, 55.89087252175549], [39.04275147719007, 55.963075140188685], [39.46515909026025, 56.033838614762566], [39.88910249442474, 56.10315381306914], [40.3145591993897, 56.17101171585218], [40.74150599905839, 56.23740342204374], [41.16991897343625, 56.30232015380989], [41.59977349125757, 56.365753261599345], [42.03104421334764, 56.42769422918968], [42.46370509673251, 56.488134678725054], [42.89772939950753, 56.54706637573947], [43.333089686474956, 56.604481234159365], [43.76975783555864, 56.66037132127941], [44.20770504500353, 56.714728862704945], [44.64690184136559, 56.7675462472547], [45.087318088296406, 56.81881603181737], [45.528922996125296, 56.8685309461553], [45.971685132239905, 56.9166838976487], [46.41557243226515, 56.963267975973686], [46.86055221203793, 57.0082764577075], [47.30659118037393, 57.051702810854316], [47.75365545262091, 57.09354069928458], [48.201710564991004, 57.133783987081735], [48.65072148966276, 57.172426742789355], [49.10065265064212, 57.20946324355225], [49.55146794036935, 57.24488797914517], [50.00313073705752, 57.278695655882615], [50.455603922745865, 57.310881200403614], [50.90884990205009, 57.341439763325205], [51.36283062158955, 57.37036672275888], [51.81750759006961, 57.39765768768392], [52.272841898995836, 57.42330850117223], [52.728794243995004, 57.44731524345912], [53.18532494671615, 57.4696742348549], [53.64239397728353, 57.49038203849225], [54.09996097727189, 57.509435462904634], [54.557985283172535, 57.526831564431475], [55.01642595031816, 57.5425676494456], [55.47524177723247, 57.556641276399176], [55.934391330369415, 57.569050257684744], [56.39383296920654, 57.57979266130764], [56.85352487165475, 57.58886681236715], [57.313425059747026, 57.596271294343644], [57.77349142556717, 57.602004950189354], [58.23368175737907, 57.6060668832209], [58.693953765916596, 57.60845645781183], [59.154265110793574, 57.609173299884226], [59.614573426993005, 57.60821729719796], [60.07483635139464, 57.60558859943769], [60.535011549299384, 57.60128761809697], [60.995056740909824, 57.59531502615986], [61.454929727725485, 57.58767175758073], [61.9145884188122, 57.578359006562884], [62.37399085690527, 57.56737822663769], [62.83309524430615, 57.55473112954553], [63.29185996853366, 57.54041968392083], [63.75024362769095, 57.524446113783355], [64.2082050555103, 57.506812896838625], [64.66570334603898, 57.487522762590274], [65.12269787793014, 57.46657869026794], [65.57914833830411, 57.44398390657407], [66.03501474614637, 57.41974188325386], [66.49025747520989, 57.39385633449232], [66.944837276391, 57.36633121414308], [67.3987152995493, 57.337170712793856], [67.85185311474338, 57.30637925467322], [68.30421273285623, 57.27396149440421], [68.75575662558535, 57.23992231361022], [69.2064477447744, 57.20426681737864], [69.6562495410651, 57.16700033058807], [70.10512598184938, 57.12812839410551], [70.55304156850434, 57.08765676085896], [70.99996135289328, 57.045591391792456], [71.44585095311896, 57.001938451709215], [71.89067656851624, 56.95670430500996], [72.33440499387353, 56.90989551133259], [72.77700363287403, 56.86151882109998], [73.21844051074955, 56.811581170982414], [73.65868428614174, 56.760089679281634], [74.09770426216693, 56.70705164124284], [74.53547039668257, 56.65247452430163], [74.97195331175521, 56.596365963272234], [75.40712430233134, 56.53873375548412], [75.84095534411392, 56.47958585587301], [76.27341910064929, 56.41893037203342], [76.70448892963039, 56.35677555923858], [77.13413888842376, 56.29312981543448], [77.56234373882899, 56.22800167621425], [77.98907895108086, 56.16139980977879], [78.41432070710563, 56.09333301188989], [78.83804590304361, 56.023810200821586], [79.26023215105218, 55.95284041231558], [79.68085778040346, 55.880432794546095], [80.09990183789273, 55.80659660309999], [80.51734408757359, 55.7313411959768], [80.93316500983791, 55.654676028614304], [81.34734579985782, 55.57661064894429], [81.75986836540959, 55.497154692483136], [82.17071532409774, 55.41631787746185], [82.57987, 55.33411000000002]]}, "properties": {"fa_flight_id": "RA65996-1596683255-adhoc-0", "registration": "RA-65996", "ident": "RA-65996", "ident_icao": NaN, "origin_code": "L 55.81724 38.20263", "origin_city": "Moscow", "destination_code": "L 55.33411 82.57987", "destination_city": "Novosibirsk", "scheduled_out": NaN, "estimated_out": NaN, "actual_out": NaN, "scheduled_off": "2020-08-06T03:07:35Z", "estimated_off": "2020-08-06T03:07:35Z", "actual_off": "2020-08-06T03:07:35Z", "scheduled_on": NaN, "estimated_on": NaN, "actual_on": "2020-08-06T03:07:35Z", "scheduled_in": NaN, "estimated_in": NaN, "actual_in": NaN, "status": "result unknown", "route_distance": NaN, "diverted": false, "cancelled": false, "simplified_departure_date": "2020-08-06", "origin_coords": [55.81724, 38.20263], "destination_coords": [55.33411, 82.57987], "is_same_city": false}}, {"type": "Feature", "geometry": {"type": "LineString", "coordinates": [[41.60045, 48.12857], [41.570308667932665, 48.206783929577014], [41.54007513993235, 48.284989956515986], [41.509748888578216, 48.36318803480319], [41.47932938267814, 48.441378118087485], [41.448816087235016, 48.51956015967728], [41.418208463412874, 48.59773411253736], [41.38750596850257, 48.675899929285734], [41.356708055887076, 48.75405756219041], [41.32581417500648, 48.8322069631662], [41.29482377132262, 48.910348083771375], [41.26373628628326, 48.98848087520444], [41.232551157286004, 49.06660528830071], [41.20126781764174, 49.14472127352901], [41.16988569653777, 49.22282878098815], [41.13840421900049, 49.30092776040359], [41.106822805857675, 49.37901816112384], [41.07514087370048, 49.45709993211698], [41.04335783484489, 49.53517302196712], [41.01147309729284, 49.613237378870636], [40.97948606469289, 49.691292950632764], [40.947396136300505, 49.76933968466367], [40.915202706937954, 49.847377527974864], [40.88290516695364, 49.92540642717537], [40.85050290218118, 50.00342632846788], [40.817995293897916, 50.08143717764498], [40.78538171878299, 50.15943892008517], [40.75266154887508, 50.23743150074896], [40.71983415152957, 50.315414864174834], [40.68689888937521, 50.39338895447528], [40.653855120270556, 50.471353715332626], [40.62070219725965, 50.549309089995], [40.5874394685274, 50.62725502127208], [40.55406627735441, 50.70519145153091], [40.52058196207137, 50.78311832269165], [40.48698585601287, 50.8610355762232], [40.45327728747082, 50.9389431531389], [40.41945557964723, 51.016840993992034], [40.38552005060664, 51.094729038871456], [40.35147001322788, 51.17260722739698], [40.3173047751554, 51.25047549871489], [40.28302363875001, 51.32833379149326], [40.24862590103912, 51.40618204391729], [40.21411085366641, 51.484020193684614], [40.17947778284098, 51.561848178000474], [40.1447259692859, 51.639665933572886], [40.10985468818619, 51.71747339660775], [40.07486320913629, 51.79527050280392], [40.039750796086906, 51.87305718734817], [40.004516707291224, 51.95083338491012], [39.969160195250616, 52.02859902963713], [39.933680506659705, 52.10635405514909], [39.89807688235078, 52.184098394533216], [39.86234855723769, 52.26183198033869], [39.82649476025899, 52.33955474457134], [39.790514714320565, 52.417266618688124], [39.754407636237566, 52.49496753359175], [39.718172736675655, 52.57265741962502], [39.68180922009168, 52.65033620656521], [39.6453162846736, 52.728003823618444], [39.60869312227984, 52.80566019941386], [39.57193891837779, 52.8833052619978], [39.53505285198185, 52.96093893882792], [39.49803409559057, 53.038561156767244], [39.46088181512313, 53.11617184207806], [39.42359516985523, 53.193770920415844], [39.38617331235407, 53.271358316823076], [39.34861538841271, 53.34893395572298], [39.31092053698365, 53.42649776091319], [39.273087890111675, 53.50404965555931], [39.23511657286584, 53.58158956218845], [39.19700570327091, 53.65911740268267], [39.158754392237725, 53.736633098272314], [39.12036174349296, 53.814136569529275], [39.08182685350803, 53.891627736360206], [39.04314881142723, 53.96910651799962], [39.00432669899493, 54.04657283300291], [38.96535959048202, 54.124026599239315], [38.92624655261156, 54.201467733884726], [38.88698664448343, 54.278896153414486], [38.84757891749823, 54.35631177359609], [38.80802241528027, 54.433714509481696], [38.768316173599636, 54.51110427540072], [38.728459220293395, 54.588480984952135], [38.68845057518585, 54.66584455099689], [38.64828925000791, 54.74319488565002], [38.60797424831553, 54.82053190027286], [38.56750456540707, 54.897855505465024], [38.52687918823993, 54.97516561105628], [38.486097095345976, 55.05246212609849], [38.445157256746114, 55.129744958857174], [38.404058633863826, 55.20701401680329], [38.362800179437706, 55.284269206604634], [38.321380837432926, 55.36151043411728], [38.27979954295175, 55.43873760437689], [38.23805522214287, 55.51595062158987], [38.196146792109815, 55.593149389124505], [38.15407316081816, 55.67033380950185], [38.11183322700172, 55.747503784386616], [38.06942588006756, 55.82465921457797], [38.02685, 55.90180000000001]]}, "properties": {"fa_flight_id": "RA65996-1597857904-adhoc-0", "registration": "RA-65996", "ident": "RA-65996", "ident_icao": NaN, "origin_code": "L 48.12857 41.60045", "origin_city": "Volgograd", "destination_code": "L 55.90180 38.02685", "destination_city": "Moscow", "scheduled_out": NaN, "estimated_out": NaN, "actual_out": NaN, "scheduled_off": "2020-08-19T17:25:04Z", "estimated_off": "2020-08-19T17:25:04Z", "actual_off": "2020-08-19T17:25:04Z", "scheduled_on": NaN, "estimated_on": NaN, "actual_on": "2020-08-19T17:25:04Z", "scheduled_in": NaN, "estimated_in": NaN, "actual_in": NaN, "status": "result unknown", "route_distance": NaN, "diverted": false, "cancelled": false, "simplified_departure_date": "2020-08-19", "origin_coords": [48.12857, 41.60045], "destination_coords": [55.9018, 38.02685], "is_same_city": false}}, {"type": "Feature", "geometry": {"type": "LineString", "coordinates": [[33.455310000000004, 44.6676], [33.51372723908732, 44.695046543450886], [33.57219984922926, 44.72246328003352], [33.630727875638236, 44.74985015292909], [33.68931136331738, 44.7772071052457], [33.7479503570589, 44.80453408001856], [33.806644901442624, 44.83183102021005], [33.86539504083443, 44.85909786870999], [33.92420081938476, 44.8863345683357], [33.98306228102695, 44.91354106183221], [34.04197946947582, 44.94071729187238], [34.10095242822604, 44.967863201057106], [34.15998120055059, 44.99497873191548], [34.21906582949919, 45.02206382690488], [34.2782063578967, 45.049118428411276], [34.33740282834165, 45.076142478749226], [34.3966552832045, 45.103135920162245], [34.455963764626205, 45.13009869482278], [34.5153283145165, 45.15703074483255], [34.57474897455242, 45.18393201222263], [34.634225786176614, 45.21080243895364], [34.69375879059579, 45.23764196691602], [34.753348028779065, 45.264450537930074], [34.81299354145639, 45.29122809374622], [34.87269536911692, 45.317974576045216], [34.932453552007374, 45.34468992643831], [34.99226813013043, 45.371374086467455], [35.05213914324305, 45.39802699760546], [35.11206663085495, 45.42464860125625], [35.17205063222679, 45.451238838755025], [35.232091186368685, 45.47779765136848], [35.292188332038464, 45.50432498029499], [35.352342107740036, 45.530820766664846], [35.412552551721745, 45.55728495154044], [35.4728197019747, 45.58371747591648], [35.53314359623106, 45.61011828072023], [35.59352427196245, 45.63648730681168], [35.653961766378195, 45.66282449498381], [35.7144561164237, 45.68912978596276], [35.77500735877871, 45.71540312040813], [35.83561552985569, 45.7416444389131], [35.89628066579801, 45.767853682004784], [35.95700280247841, 45.79403079014431], [36.017781975497144, 45.82017570372721], [36.07861822018034, 45.84628836308352], [36.1395115715783, 45.87236870847811], [36.200462064463764, 45.8984166801109], [36.26146973333015, 45.92443221811702], [36.32253461238991, 45.950415262567205], [36.383656735572714, 45.97636575346792], [36.44483613652378, 46.00228363076166], [36.50607284860213, 46.02816883432719], [36.56736690487881, 46.05402130397978], [36.62871833813514, 46.079840979471534], [36.69012718086103, 46.10562780049152], [36.75159346525316, 46.13138170666618], [36.81311722321326, 46.15710263755948], [36.874698486346325, 46.18279053267322], [36.93633728595887, 46.20844533144731], [36.99803365305712, 46.23406697326003], [37.0597876183453, 46.25965539742829], [37.12159921222378, 46.285210543207945], [37.18346846478737, 46.31073234979401], [37.24539540582349, 46.33622075632101], [37.30738006481039, 46.361675701863255], [37.369422470915346, 46.387097125435034], [37.43152265299291, 46.41248496599104], [37.49368063958303, 46.437839162426584], [37.55589645890935, 46.46315965357787], [37.61817013887732, 46.48844637822236], [37.680501707072374, 46.513699275079006], [37.74289119075823, 46.53891828280859], [37.805338616874934, 46.56410334001403], [37.86784401203717, 46.589254385240686], [37.9304074025323, 46.614371356976626], [37.99302881431867, 46.63945419365301], [38.05570827302366, 46.66450283364433], [38.118445803941945, 46.68951721526878], [38.18124143203362, 46.714497276788585], [38.24409518192234, 46.73944295641028], [38.30700707789352, 46.76435419228503], [38.369977143892456, 46.789230922509056], [38.433005403522486, 46.8140730851238], [38.49609188004315, 46.83888061811642], [38.55923659636831, 46.863653459420036], [38.62243957506433, 46.88839154691411], [38.68570083834815, 46.91309481842472], [38.74902040808551, 46.937763211725006], [38.81239830578901, 46.96239666453545], [38.8758345526163, 46.986995114524234], [38.93932916936814, 47.01155849930761], [39.00288217648659, 47.03608675645022], [39.06649359405308, 47.060579823465496], [39.1301634417866, 47.08503763781602], [39.19389173904177, 47.10946013691387], [39.25767850480692, 47.13384725812096], [39.32152375770229, 47.15819893874944], [39.38542751597808, 47.18251511606211], [39.44938979751259, 47.20679572727274], [39.513410619810294, 47.23104070954641], [39.57748999999998, 47.25524999999999]]}, "properties": {"fa_flight_id": "RA65996-1597846189-adhoc-0", "registration": "RA-65996", "ident": "RA-65996", "ident_icao": NaN, "origin_code": "L 44.66760 33.45531", "origin_city": "Simferopol", "destination_code": "L 47.25525 39.57749", "destination_city": "Krasnodar Krai", "scheduled_out": NaN, "estimated_out": NaN, "actual_out": NaN, "scheduled_off": "2020-08-19T14:09:49Z", "estimated_off": "2020-08-19T14:09:49Z", "actual_off": "2020-08-19T14:09:49Z", "scheduled_on": NaN, "estimated_on": NaN, "actual_on": "2020-08-19T14:09:49Z", "scheduled_in": NaN, "estimated_in": NaN, "actual_in": NaN, "status": "result unknown", "route_distance": NaN, "diverted": false, "cancelled": false, "simplified_departure_date": "2020-08-19", "origin_coords": [44.6676, 33.45531], "destination_coords": [47.25525, 39.57749], "is_same_city": false}}, {"type": "Feature", "geometry": {"type": "LineString", "coordinates": [[38.22412, 55.70804], [38.16672900829506, 55.59915375348918], [38.10965574111421, 55.490240857071576], [38.052897234616424, 55.38130156577497], [37.99645056001304, 55.27233613150349], [37.94031282306387, 55.16334480308461], [37.88448116358171, 55.054327826315316], [37.828952754944964, 54.94528544400738], [37.773724803618386, 54.83621789603203], [37.71879454868166, 54.72712541936365], [37.66415926136571, 54.6180082481228], [37.60981624459674, 54.50886661361853], [37.55576283254757, 54.399700744389875], [37.50199639019644, 54.29051086624672], [37.44851431289289, 54.181297202309835], [37.39531402593086, 54.072059973050365], [37.34239298412857, 53.96279939632859], [37.28974867141532, 53.85351568743193], [37.23737860042492, 53.74420905911248], [37.1852803120957, 53.634879721623705], [37.13345137527699, 53.52552788275668], [37.081889386341906, 53.41615374787565], [37.03059196880634, 53.30675751995291], [36.97955677295411, 53.19733939960328], [36.92878147546808, 53.08789958511781], [36.87826377906709, 52.978438272497], [36.82800141214881, 52.86895565548352], [36.77799212843817, 52.75945192559426], [36.728233706641426, 52.649927272152006], [36.67872395010564, 52.54038188231639], [36.62946068648359, 52.43081594111446], [36.580441767403975, 52.32122963147078], [36.53166506814676, 52.21162313423689], [36.48312848732369, 52.10199662822038], [36.434829946563724, 51.992350290213494], [36.386767390203474, 51.88268429502122], [36.33893878498244, 51.77299881548891], [36.29134211974298, 51.66329402252949], [36.24397540513499, 51.553570085150255], [36.19683667332514, 51.44382717047912], [36.14992397771058, 51.33406544379053], [36.103235392637146, 51.224285068530975], [36.05676901312186, 51.114486206344], [36.01052295457971, 51.00466901709488], [35.964495352554664, 50.89483365889491], [35.91868436245471, 50.78498028812521], [35.87308815929112, 50.675109059460276], [35.827704937421515, 50.56522012589112], [35.78253291029694, 50.45531363874793], [35.737570310212824, 50.34538974772253], [35.69281538806359, 50.2354486008904], [35.648266413101126, 50.12549034473236], [35.603921672696806, 50.01551512415589], [35.55977947210716, 49.9055230825162], [35.51583813424301, 49.79551436163681], [35.4720959994422, 49.68548910183004], [35.42855142524552, 49.575447441916936], [35.38520278617625, 49.465389519247026], [35.34204847352274, 49.355315469717766], [35.29908689512444, 49.24522542779366], [35.25631647516094, 49.13511952652503], [35.2137356539443, 49.024997897566585], [35.17134288771435, 48.91486067119569], [35.12913664843701, 48.804707976330306], [35.08711542360564, 48.694539940546655], [35.045277716045355, 48.584356690096705], [35.003622043720085, 48.474158349925254], [34.96214693954252, 48.363945043686904], [34.92085095118695, 48.25371689376262], [34.87973264090463, 48.14347402127615], [34.838790585342, 48.03321654611017], [34.79802337536151, 47.92294458692217], [34.757429615864986, 47.81265826116012], [34.71700792561965, 47.70235768507784], [34.676756937086544, 47.59204297375028], [34.63667529625154, 47.48171424108839], [34.5967616624587, 47.37137159985389], [34.55701470824609, 47.261015161673846], [34.51743311918394, 47.150645037054865], [34.47801559371501, 47.040261335397304], [34.43876084299743, 46.92986416500904], [34.39966759074963, 46.819453633119245], [34.36073457309753, 46.709029845891806], [34.321960538423895, 46.59859290843862], [34.283344247219816, 46.488142924832694], [34.2448844719383, 46.37767999812101], [34.20657999684993, 46.26720423033726], [34.16842961790053, 46.15671572251435], [34.130432142570875, 46.04621457469672], [34.09258638973833, 45.93570088595259], [34.05489118954041, 45.825174754385806], [34.01734538324036, 45.71463627714777], [33.97994782309439, 45.60408555044905], [33.94269737222102, 45.49352266957081], [33.90559290447205, 45.382947728876175], [33.86863330430535, 45.27236082182136], [33.831817466659494, 45.161762040966664], [33.79514429683003, 45.05115147798728], [33.758612710347485, 44.94052922368402], [33.722221632857064, 44.82989536799378], [33.68597, 44.71925]]}, "properties": {"fa_flight_id": "RA65996-1597821148-adhoc-0", "registration": "RA-65996", "ident": "RA-65996", "ident_icao": NaN, "origin_code": "L 55.70804 38.22412", "origin_city": "Moscow", "destination_code": "L 44.71925 33.68597", "destination_city": "Simferopol", "scheduled_out": NaN, "estimated_out": NaN, "actual_out": NaN, "scheduled_off": "2020-08-19T07:12:28Z", "estimated_off": "2020-08-19T07:12:28Z", "actual_off": "2020-08-19T07:12:28Z", "scheduled_on": NaN, "estimated_on": NaN, "actual_on": "2020-08-19T07:12:28Z", "scheduled_in": NaN, "estimated_in": NaN, "actual_in": NaN, "status": "result unknown", "route_distance": NaN, "diverted": false, "cancelled": false, "simplified_departure_date": "2020-08-19", "origin_coords": [55.70804, 38.22412], "destination_coords": [44.71925, 33.68597], "is_same_city": false}}, {"type": "Feature", "geometry": {"type": "LineString", "coordinates": [[41.53746, 48.05632], [41.50858086401362, 48.134748010278635], [41.47961337451279, 48.21316876388958], [41.45055702463939, 48.291582218526074], [41.42141130389528, 48.369988331570596], [41.39217569810958, 48.44838706009184], [41.36284968940576, 48.5267783608419], [41.33343275616822, 48.60516219025333], [41.30392437300868, 48.68353850443617], [41.2743240107321, 48.76190725917495], [41.24463113630228, 48.84026840992565], [41.21484521280712, 48.91862191181271], [41.18496569942348, 48.996967719625815], [41.15499205138163, 49.07530578781687], [41.124923719929434, 49.153636070496816], [41.09476015229604, 49.23195852143237], [41.06450079165525, 49.310273094042856], [41.03414507708849, 49.388579741396924], [41.00369244354732, 49.46687841620925], [40.973142321815665, 49.54516907083714], [40.942494138471524, 49.62345165727721], [40.91174731584833, 49.701726127161955], [40.88090127199586, 49.7799924317563], [40.849955420640825, 49.85825052195405], [40.8189091711468, 49.93650034827443], [40.787761928474055, 50.01474186085849], [40.75651309313863, 50.09297500946545], [40.725162061171176, 50.1711997434691], [40.69370822407531, 50.24941601185409], [40.66215096878537, 50.32762376321216], [40.630489677624, 50.405822945738414], [40.59872372825895, 50.484013507227445], [40.56685249365965, 50.56219539506952], [40.534875342053205, 50.640368556246614], [40.50279163687988, 50.71853293732849], [40.47060073674817, 50.796688484468724], [40.43830199538934, 50.874835143400595], [40.405894761611506, 50.95297285943308], [40.3733783792531, 51.03110157744656], [40.340752187135934, 51.109221241888875], [40.308015519017765, 51.18733179677081], [40.27516770354416, 51.265433185662076], [40.24220806420007, 51.34352535168677], [40.20913591926065, 51.42160823751911], [40.17595058174171, 51.49968178537896], [40.14265135934944, 51.57774593702735], [40.109237554429775, 51.65580063376193], [40.075708463916975, 51.7338458164124], [40.04206337928183, 51.81188142533586], [40.00830158647916, 51.88990740041207], [39.97442236589479, 51.96792368103875], [39.94042499229186, 52.04593020612676], [39.90630873475665, 52.123926914095236], [39.87207285664362, 52.201913742866616], [39.83771661552005, 52.279890629861725], [39.80323926310987, 52.357857511994695], [39.76864004523692, 52.43581432566787], [39.733918201767615, 52.51376100676669], [39.699072966552855, 52.59169749065439], [39.664103567369416, 52.66962371216676], [39.629009225860536, 52.7475396056068], [39.5937891574759, 52.82544510473934], [39.558442571410936, 52.90334014278546], [39.522968670545396, 52.981224652417076], [39.487366651381244, 53.05909856575123], [39.45163570397988, 53.13696181434449], [39.4157750118985, 53.214814329187135], [39.37978375212595, 53.292656040697416], [39.343661095017616, 53.37048687871562], [39.3074062042297, 53.44830677249814], [39.27101823665269, 53.526115650711425], [39.23449634234414, 53.60391344142589], [39.19783966446049, 53.681700072109784], [39.16104733918832, 53.759475469622856], [39.124118495674644, 53.83723956021013], [39.08705225595643, 53.91499226949539], [39.0498477348894, 53.99273352247478], [39.01250404007582, 54.070463243510225], [38.97502027179162, 54.14818135632277], [38.93739552291257, 54.22588778398588], [38.89962887883956, 54.30358244891861], [38.86171941742316, 54.381265272878714], [38.82366620888712, 54.45893617695572], [38.78546831575099, 54.53659508156375], [38.74712479275203, 54.614241906434536], [38.708634686765905, 54.691876570610034], [38.66999703672666, 54.76949899243511], [38.63121087354569, 54.84710908955025], [38.59227522002969, 54.92470677888388], [38.553189090797716, 55.002291976644855], [38.5139514921972, 55.07986459831472], [38.474561422219054, 55.157424558639896], [38.43501787041162, 55.23497177162383], [38.39531981779377, 55.312506150518956], [38.35546623676677, 55.39002760781858], [38.3154560910253, 55.467536055248715], [38.275288335467245, 55.54503140375977], [38.23496191610246, 55.62251356351807], [38.19447576996053, 55.69998244389746], [38.153828824997234, 55.77743795347053], [38.11302, 55.85488]]}, "properties": {"fa_flight_id": "RA65996-1598454492-adhoc-0", "registration": "RA-65996", "ident": "RA-65996", "ident_icao": NaN, "origin_code": "L 48.05632 41.53746", "origin_city": "Volgograd", "destination_code": "L 55.85488 38.11302", "destination_city": "Moscow", "scheduled_out": NaN, "estimated_out": NaN, "actual_out": NaN, "scheduled_off": "2020-08-26T15:08:12Z", "estimated_off": "2020-08-26T15:08:12Z", "actual_off": "2020-08-26T15:08:12Z", "scheduled_on": NaN, "estimated_on": NaN, "actual_on": "2020-08-26T15:08:12Z", "scheduled_in": NaN, "estimated_in": NaN, "actual_in": NaN, "status": "result unknown", "route_distance": NaN, "diverted": false, "cancelled": false, "simplified_departure_date": "2020-08-26", "origin_coords": [48.05632, 41.53746], "destination_coords": [55.85488, 38.11302], "is_same_city": false}}, {"type": "Feature", "geometry": {"type": "LineString", "coordinates": [[38.26769, 55.781360000000014], [38.28453762342628, 55.69651469621547], [38.301312267610705, 55.611667096093214], [38.3180144768663, 55.526817216821804], [38.33464479022411, 55.441965075422274], [38.35120374149723, 55.35711068875014], [38.36769185934392, 55.27225407349738], [38.38410966732977, 55.18739524619441], [38.400457683989025, 55.102534223212125], [38.416736422885016, 55.01767102076372], [38.43294639266969, 54.93280565490667], [38.44908809714236, 54.84793814154453], [38.46516203530754, 54.763068496428865], [38.481168701432026, 54.67819673516097], [38.4971085851011, 54.59332287319374], [38.512982171274025, 54.50844692583343], [38.52878994033867, 54.42356890824136], [38.544532368165406, 54.338688835435626], [38.5602099261603, 54.253806722292865], [38.575823081317395, 54.16892258354985], [38.591372296270514, 54.084036433805174], [38.60685802934408, 53.999148287520875], [38.62228073460341, 53.91425815902399], [38.637640861904224, 53.82936606250818], [38.65293885694149, 53.74447201203531], [38.66817516129761, 53.65957602153686], [38.68335021248996, 53.57467810481561], [38.698464444017645, 53.48977827554701], [38.71351828540781, 53.40487654728067], [38.72851216226115, 53.31997293344183], [38.74344649629691, 53.235067447332845], [38.75832170539721, 53.150160102134436], [38.77313820365075, 53.065250910907274], [38.787896401396026, 52.980339886593235], [38.80259670526382, 52.89542704201677], [38.817239518219196, 52.81051238988624], [38.83182523960298, 52.725595942795316], [38.8463542651725, 52.64067771322415], [38.860826987142026, 52.55575771354073], [38.875243794222456, 52.47083595600213], [38.88960507166058, 52.38591245275579], [38.90391120127783, 52.30098721584068], [38.91816256150838, 52.216060257188595], [38.93235952743698, 52.13113158862525], [38.94650247083602, 52.04620122187161], [38.960591760202334, 51.961269168544916], [38.974627760793325, 51.87633544015988], [38.98861083466275, 51.79140004812989], [39.002541340696034, 51.706463003768], [39.01641963464498, 51.62152431828818], [39.03024606916221, 51.53658400280631], [39.044020993835, 51.451642068341286], [39.0577447552188, 51.366698525816076], [39.07141769687021, 51.28175338605879], [39.08504015937963, 51.19680665980371], [39.098612480403396, 51.11185835769228], [39.11213499469554, 51.02690849027417], [39.12560803413917, 50.94195706800823], [39.139031927777395, 50.857004101263456], [39.15240700184388, 50.772049600320045], [39.165733579793034, 50.68709357537028], [39.179011982329705, 50.602136036519454], [39.19224252743869, 50.5171769937869], [39.20542553041363, 50.432216457106804], [39.218561303885764, 50.347254436329216], [39.23165015785216, 50.26229094122086], [39.244692399703645, 50.17732598146609], [39.25768833425242, 50.092359566667696], [39.27063826375925, 50.00739170634785], [39.283542487960396, 49.92242240994887], [39.29640130409409, 49.83745168683418], [39.30921500692684, 49.75247954628899], [39.32198388877926, 49.66750599752126], [39.33470823955166, 49.58253104966241], [39.34738834674931, 49.497554711768196], [39.36002449550733, 49.412576992819446], [39.37261696861536, 49.32759790172287], [39.385166046541876, 49.24261744731182], [39.39767200745818, 49.15763563834708], [39.41013512726217, 49.07265248351755], [39.42255567960175, 48.987667991441086], [39.43493393589796, 48.90268217066512], [39.44727016536788, 48.81769502966753], [39.45956463504719, 48.732706576857204], [39.471817609812476, 48.64771682057484], [39.484029352403276, 48.56272576909367], [39.496200123443856, 48.47773343062], [39.50833018146469, 48.3927398132941], [39.52041978292373, 48.307744925190704], [39.53246918222741, 48.222748774319804], [39.5444786317513, 48.13775136862717], [39.55644838186073, 48.052752715995155], [39.56837868093089, 47.96775282424321], [39.58026977536692, 47.88275170112858], [39.59212190962366, 47.79774935434694], [39.603935326225105, 47.71274579153294], [39.61571026578379, 47.627741020260935], [39.627446967019814, 47.542735048045465], [39.639145666779626, 47.45772788234193], [39.650806600054736, 47.37271953054716], [39.66243, 47.28770999999998]]}, "properties": {"fa_flight_id": "RA65996-1598441337-adhoc-0", "registration": "RA-65996", "ident": "RA-65996", "ident_icao": NaN, "origin_code": "L 55.78136 38.26769", "origin_city": "Moscow", "destination_code": "L 47.28771 39.66243", "destination_city": "Krasnodar Krai", "scheduled_out": NaN, "estimated_out": NaN, "actual_out": NaN, "scheduled_off": "2020-08-26T11:28:57Z", "estimated_off": "2020-08-26T11:28:57Z", "actual_off": "2020-08-26T11:28:57Z", "scheduled_on": NaN, "estimated_on": NaN, "actual_on": "2020-08-26T11:28:57Z", "scheduled_in": NaN, "estimated_in": NaN, "actual_in": NaN, "status": "result unknown", "route_distance": NaN, "diverted": false, "cancelled": false, "simplified_departure_date": "2020-08-26", "origin_coords": [55.78136, 38.26769], "destination_coords": [47.28771, 39.66243], "is_same_city": false}}, {"type": "Feature", "geometry": {"type": "LineString", "coordinates": [[37.97662, 59.09738], [37.97605780896691, 59.065845709174205], [37.975496649585835, 59.03431141592058], [37.97493651868072, 59.00277712024657], [37.97437741308839, 58.97124282215966], [37.97381932965846, 58.93970852166722], [37.97326226525329, 58.90817421877668], [37.97270621674795, 58.87663991349536], [37.97215118103008, 58.84510560583059], [37.9715971549999, 58.81357129578968], [37.97104413557012, 58.782036983379875], [37.970492119665856, 58.75050266860843], [37.96994110422461, 58.71896835148255], [37.969391086196175, 58.6874340320094], [37.96884206254258, 58.65589971019614], [37.968294030238006, 58.62436538604988], [37.9677469862688, 58.59283105957773], [37.96720092763332, 58.561296730786744], [37.96665585134196, 58.52976239968395], [37.966111754417, 58.49822806627638], [37.965568633892644, 58.46669373057099], [37.965026486814864, 58.43515939257474], [37.96448531024143, 58.403625052294565], [37.96394510124178, 58.372090709737336], [37.963405856897, 58.34055636490994], [37.962867574299764, 58.30902201781922], [37.96233025055427, 58.277487668472], [37.96179388277616, 58.245953316875045], [37.96125846809254, 58.21441896303512], [37.96072400364181, 58.18288460695898], [37.96019048657367, 58.1513502486533], [37.95965791404913, 58.119815888124805], [37.9591262832403, 58.088281525380104], [37.95859559133047, 58.05674716042586], [37.95806583551399, 58.02521279326867], [37.95753701299624, 57.993678423915085], [37.95700912099356, 57.96214405237169], [37.95648215673319, 57.93060967864499], [37.95595611745324, 57.899075302741494], [37.95543100040265, 57.86754092466768], [37.954906802841066, 57.83600654442997], [37.95438352203889, 57.80447216203483], [37.953861155277096, 57.77293777748862], [37.95333969984732, 57.74140339079774], [37.95281915305173, 57.709869001968535], [37.952299512202956, 57.678334611007315], [37.9517807746241, 57.64680021792039], [37.95126293764862, 57.615265822714036], [37.95074599862038, 57.583731425394504], [37.950229954893445, 57.55219702596803], [37.94971480383219, 57.52066262444079], [37.949200542811134, 57.48912822081898], [37.948687169214985, 57.457593815108766], [37.948174680438484, 57.42605940731625], [37.947663073886474, 57.39452499744757], [37.94715234697374, 57.3629905855088], [37.94664249712503, 57.33145617150598], [37.946133521775025, 57.29992175544517], [37.945625418368195, 57.26838733733239], [37.94511818435885, 57.236852917173614], [37.944611817211076, 57.20531849497481], [37.94410631439859, 57.173784070741924], [37.94360167340486, 57.1422496444809], [37.94309789172292, 57.110715216197605], [37.942594966855374, 57.07918078589795], [37.94209289631438, 57.04764635358776], [37.94159167762154, 57.01611191927288], [37.941091308307904, 56.98457748295911], [37.94059178591391, 56.95304304465227], [37.94009310798933, 56.9215086043581], [37.93959527209325, 56.889974162082346], [37.93909827579401, 56.85843971783073], [37.93860211666914, 56.82690527160896], [37.93810679230535, 56.795370823422715], [37.93761230029848, 56.76383637327765], [37.937118638253445, 56.732301921179406], [37.93662580378417, 56.70076746713359], [37.936133794513616, 56.6692330111458], [37.93564260807368, 56.63769855322162], [37.935152242105154, 56.60616409336657], [37.93466269425772, 56.57462963158622], [37.934173962189845, 56.54309516788606], [37.933686043568855, 56.511560702271574], [37.93319893607073, 56.48002623474825], [37.93271263738021, 56.44849176532153], [37.93222714519067, 56.41695729399683], [37.93174245720412, 56.385422820779574], [37.93125857113114, 56.35388834567515], [37.93077548469085, 56.32235386868891], [37.930293195610865, 56.29081938982622], [37.929811701627266, 56.25928490909238], [37.92933100048456, 56.22775042649273], [37.92885108993562, 56.19621594203256], [37.928371967741654, 56.164681455717094], [37.92789363167221, 56.13314696755164], [37.927416079505065, 56.10161247754139], [37.926939309026224, 56.07007798569155], [37.9264633180299, 56.038543492007335], [37.92598810431843, 56.00700899649389], [37.92551366570229, 55.97547449915641], [37.92504, 55.94394]]}, "properties": {"fa_flight_id": "RA65996-1598286372-adhoc-0", "registration": "RA-65996", "ident": "RA-65996", "ident_icao": NaN, "origin_code": "L 59.09738 37.97662", "origin_city": "Cherepovetsky District", "destination_code": "L 55.94394 37.92504", "destination_city": "Moscow", "scheduled_out": NaN, "estimated_out": NaN, "actual_out": NaN, "scheduled_off": "2020-08-24T16:26:12Z", "estimated_off": "2020-08-24T16:26:12Z", "actual_off": "2020-08-24T16:26:12Z", "scheduled_on": NaN, "estimated_on": NaN, "actual_on": "2020-08-24T16:26:12Z", "scheduled_in": NaN, "estimated_in": NaN, "actual_in": NaN, "status": "result unknown", "route_distance": NaN, "diverted": false, "cancelled": false, "simplified_departure_date": "2020-08-24", "origin_coords": [59.09738, 37.97662], "destination_coords": [55.94394, 37.92504], "is_same_city": false}}, {"type": "Feature", "geometry": {"type": "LineString", "coordinates": [[38.24336, 55.81176], [38.24702060251289, 55.858989248157734], [38.250690115649356, 55.90621838741448], [38.254368576968595, 55.95344741731096], [38.25805602423733, 56.000676337385336], [38.26175249543125, 56.04790514717326], [38.26545802873652, 56.09513384620775], [38.26917266255113, 56.14236243401927], [38.272896435486494, 56.18959091013567], [38.27662938636888, 56.23681927408215], [38.28037155424091, 56.28404752538129], [38.2841229783631, 56.33127566355297], [38.28788369821539, 56.37850368811442], [38.29165375349863, 56.42573159858015], [38.295433184136236, 56.47295939446194], [38.29922203027568, 56.52018707526884], [38.30302033229007, 56.56741464050712], [38.30682813077979, 56.6146420896803], [38.310645466574094, 56.66186942228907], [38.31447238073269, 56.709096637831315], [38.318308914547416, 56.75632373580207], [38.32215510954388, 56.80355071569353], [38.32601100748309, 56.85077757699498], [38.32987665036323, 56.898004319192815], [38.33375208042122, 56.94523094177051], [38.337637340134506, 56.99245744420861], [38.341532472222774, 57.03968382598465], [38.34543751964964, 57.08691008657324], [38.34935252562447, 57.13413622544594], [38.3532775336041, 57.18136224207129], [38.357212587294605, 57.22858813591479], [38.36115773065314, 57.27581390643886], [38.36511300788972, 57.32303955310283], [38.36907846346905, 57.37026507536289], [38.373054142112395, 57.41749047267212], [38.37704008879939, 57.46471574448043], [38.381036348769975, 57.51194089023454], [38.38504296752624, 57.55916590937796], [38.389059990834355, 57.606390801350976], [38.393087464726484, 57.65361556559059], [38.397125435502765, 57.70084020153057], [38.40117394973318, 57.74806470860134], [38.40523305425963, 57.79528908623002], [38.40930279619791, 57.84251333384039], [38.41338322293964, 57.88973745085277], [38.41747438215439, 57.936961436684236], [38.42157632179168, 57.98418529074826], [38.425689090083075, 58.03140901245498], [38.429812735544196, 58.07863260121102], [38.43394730697691, 58.125856056419515], [38.43809285347142, 58.17307937748004], [38.442249424408374, 58.220302563788636], [38.44641706946106, 58.26752561473777], [38.45059583859757, 58.314748529716276], [38.454785782082986, 58.361971308109354], [38.45898695048163, 58.40919394929858], [38.46319939465924, 58.456416452661806], [38.467423165785306, 58.503638817573155], [38.47165831533527, 58.55086104340304], [38.47590489509289, 58.59808312951807], [38.4801629571525, 58.64530507528108], [38.484432553921394, 58.69252688005104], [38.48871373812217, 58.73974854318308], [38.49300656279506, 58.78697006402847], [38.49731108130046, 58.83419144193448], [38.50162734732121, 58.88141267624454], [38.505955414865156, 58.928633766297985], [38.510295338267525, 58.975854711430244], [38.514647172193506, 59.02307551097265], [38.51901097164068, 59.07029616425248], [38.52338679194161, 59.11751667059292], [38.52777468876643, 59.16473702931299], [38.53217471812532, 59.2119572397276], [38.53658693637123, 59.25917730114742], [38.54101140020244, 59.30639721287891], [38.545448166665274, 59.353616974224266], [38.549897293156704, 59.4008365844814], [38.55435883742712, 59.44805604294385], [38.55883285758305, 59.49527534890088], [38.56331941208987, 59.54249450163729], [38.567818559774665, 59.58971350043347], [38.57233035982896, 59.636932344565366], [38.576854871811584, 59.68415103330439], [38.58139215565156, 59.731369565917475], [38.585942271650914, 59.778587941666935], [38.59050528048771, 59.8258061598105], [38.59508124321884, 59.87302421960126], [38.59967022128311, 59.920242120287654], [38.604272276504204, 59.96745986111336], [38.60888747109369, 60.014677441317346], [38.61351586765408, 60.061894860133776], [38.61815752918193, 60.109112116792], [38.62281251907093, 60.156329210516475], [38.62748090111506, 60.20354614052681], [38.63216273951174, 60.25076290603762], [38.636858098865076, 60.29797950625858], [38.64156704418901, 60.34519594039431], [38.6462896409107, 60.392412207644426], [38.651025954873695, 60.43962830720338], [38.6557760523413, 60.4868442382605], [38.66054, 60.53406]]}, "properties": {"fa_flight_id": "RA65996-1598242515-adhoc-0", "registration": "RA-65996", "ident": "RA-65996", "ident_icao": NaN, "origin_code": "L 55.81176 38.24336", "origin_city": "Moscow", "destination_code": "L 60.53406 38.66054", "destination_city": "Cherepovetsky District", "scheduled_out": NaN, "estimated_out": NaN, "actual_out": NaN, "scheduled_off": "2020-08-24T04:15:15Z", "estimated_off": "2020-08-24T04:15:15Z", "actual_off": "2020-08-24T04:15:15Z", "scheduled_on": NaN, "estimated_on": NaN, "actual_on": "2020-08-24T04:15:15Z", "scheduled_in": NaN, "estimated_in": NaN, "actual_in": NaN, "status": "result unknown", "route_distance": NaN, "diverted": false, "cancelled": false, "simplified_departure_date": "2020-08-24", "origin_coords": [55.81176, 38.24336], "destination_coords": [60.53406, 38.66054], "is_same_city": false}}, {"type": "Feature", "geometry": {"type": "LineString", "coordinates": [[38.406490000000005, 55.75262000000001], [38.4703862361265, 55.63268360296394], [38.53389245070429, 55.512714205978234], [38.597012650479755, 55.392712156991614], [38.65975079005465, 55.27267779925981], [38.72211077271009, 55.15261147142332], [38.784096451215675, 55.032513507583516], [38.84571162862378, 54.91238423737743], [38.906960059049595, 54.79222398605097], [38.96784544843698, 54.67203307453075], [39.02837145531056, 54.55181181949468], [39.08854169151422, 54.43156053344105], [39.148359722936476, 54.31127952475636], [39.207829070222566, 54.190969097781846], [39.26695320947417, 54.07062955287885], [39.32573557293631, 53.95026118649274], [39.384179549672275, 53.82986429121586], [39.44228848622631, 53.70943915584918], [39.500065687274805, 53.58898606546274], [39.55751441626573, 53.46850530145508], [39.614637896046936, 53.347997141611515], [39.67143930948329, 53.2274618601613], [39.72792180006305, 53.10689972783377], [39.784088472493494, 52.98631101191345], [39.83994239328617, 52.865695976294106], [39.89548659133199, 52.74505488153182], [39.95072405846614, 52.624387984897155], [40.005657750023396, 52.503695540426214], [40.06029058538348, 52.382977798970956], [40.1146254485073, 52.262235008248446], [40.16866518846371, 52.14146741288926], [40.2224126199473, 52.02067525448512], [40.27587052378717, 51.89985877163543], [40.32904164744707, 51.77901819999322], [40.38192870551692, 51.6581537723101], [40.43453438019597, 51.537265718480505], [40.48686132176763, 51.41635426558508], [40.53891214906633, 51.29541963793336], [40.5906894499364, 51.17446205710561], [40.64219578168312, 51.05348174199405], [40.69343367151629, 50.932478908843166], [40.744405616986135, 50.81145377128948], [40.79511408641207, 50.69040654040051], [40.84556151930403, 50.56933742471316], [40.89575032677701, 50.44824663027131], [40.94568289195843, 50.32713436066282], [40.99536157038885, 50.206000817055845], [41.04478869041597, 50.084846198234644], [41.093966553582106, 49.96367070063459], [41.14289743500517, 49.842474518376655], [41.19158358375347, 49.721257843301395], [41.240027223214234, 49.600020865002186], [41.28823055145608, 49.47876377085799], [41.33619574158557, 49.35748674606552], [41.38392494209791, 49.236189973670875], [41.431420277221875, 49.1148736346007], [41.47868384725914, 48.99353790769265], [41.5257177289181, 48.872182969725486], [41.57252397564221, 48.75080899544865], [41.619104617933075, 48.62941615761123], [41.665461663668275, 48.5080046269906], [41.71159709841404, 48.38657457242042], [41.75751288573293, 48.2651261608183], [41.80321096748658, 48.14365955721292], [41.848693264133566, 48.02217492477074], [41.893961675022446, 47.90067242482219], [41.939018078680334, 47.779152216887596], [41.98386433309654, 47.65761445870249], [42.0285022760021, 47.53605930624259], [42.072933725144495, 47.414486913748405], [42.117160478558354, 47.2928974337493], [42.16118431483162, 47.17129101708741], [42.20500699336774, 47.04966781294086], [42.24863025464352, 46.92802796884686], [42.29205582046314, 46.80637163072429], [42.33528539420806, 46.68469894289598], [42.37832066108314, 46.56301004811055], [42.42116328835875, 46.44130508756407], [42.46381492560935, 46.31958420092107], [42.506277204948105, 46.197847526335636], [42.548551741258194, 46.076095200471705], [42.590640132420205, 45.95432735852342], [42.63254395953625, 45.83254413423494], [42.674264787150655, 45.71074565991999], [42.715804163467034, 45.58893206648117], [42.75716362056233, 45.467103483428815], [42.79834467459738, 45.34526003889971], [42.83934882602438, 45.223401859675434], [42.88017755979115, 45.101529071200375], [42.920832345542316, 44.97964179759958], [42.96131463781746, 44.85774016169625], [43.00162587624621, 44.73582428502888], [43.041767485740564, 44.61389428786841], [43.08174087668405, 44.491950289234694], [43.12154744511833, 44.369992406913155], [43.161188572926825, 44.24802075747086], [43.20066562801567, 44.126035456272454], [43.23997996449194, 44.00403661749594], [43.27913292283931, 43.882024354148044], [43.318125830090935, 43.7599987780795], [43.35696, 43.63795999999999]]}, "properties": {"fa_flight_id": "RA65996-1599194535-adhoc-0", "registration": "RA-65996", "ident": "RA-65996", "ident_icao": NaN, "origin_code": "L 55.75262 38.40649", "origin_city": "Moscow", "destination_code": "L 43.63796 43.35696", "destination_city": "Mineralnye Vody", "scheduled_out": NaN, "estimated_out": NaN, "actual_out": NaN, "scheduled_off": "2020-09-04T04:42:15Z", "estimated_off": "2020-09-04T04:42:15Z", "actual_off": "2020-09-04T04:42:15Z", "scheduled_on": NaN, "estimated_on": NaN, "actual_on": "2020-09-04T04:42:15Z", "scheduled_in": NaN, "estimated_in": NaN, "actual_in": NaN, "status": "result unknown", "route_distance": NaN, "diverted": false, "cancelled": false, "simplified_departure_date": "2020-09-04", "origin_coords": [55.75262, 38.40649], "destination_coords": [43.63796, 43.35696], "is_same_city": false}}, {"type": "Feature", "geometry": {"type": "LineString", "coordinates": [[81.51017, 55.12196], [81.11075673786854, 55.204372121493044], [80.70969978899966, 55.28547407526713], [80.3070140610339, 55.36525652333695], [79.90271510926043, 55.443710194527064], [79.4968191402644, 55.520825888799216], [79.08934301508289, 55.59659448162306], [78.6803042518515, 55.67100692838665], [78.26972102792416, 55.74405426884318], [77.85761218144928, 55.8157276315898], [77.4439972123856, 55.886018238574735], [77.02889628294177, 55.954917409628266], [76.61233021742477, 56.022416567013344], [76.19432050148174, 56.08850723999124], [75.77488928072223, 56.15318106939765], [75.35405935870698, 56.21642981222427], [74.93185419429157, 56.27824534620116], [74.50829789831332, 56.33861967437454], [74.0834152296111, 56.39754492967507], [73.65723159036898, 56.4550133794712], [73.22977302077516, 56.511017430102186], [72.80106619298944, 56.56554963138532], [72.371138404413, 56.61860268109179], [71.94001757025624, 56.67016942938541], [71.50773221540095, 56.720242883218816], [71.07431146555501, 56.76881621068093], [70.6397850376989, 56.81588274529024], [70.20418322982484, 56.861435990227996], [69.76753690997053, 56.905469622505336], [69.32987750455158, 56.94797749705867], [68.89123698599717, 56.98895365076746], [68.45164785969624, 57.028392306388554], [68.01114315026196, 57.066287876401354], [67.5697563871243, 57.102634966758096], [67.12752158946205, 57.13742838053369], [66.68447325048719, 57.17066312146949], [66.24064632109534, 57.20233439740552], [65.79607619289905, 57.23243762359602], [65.35079868066056, 57.26096842590282], [64.90485000414309, 57.28792264386174], [64.4582667694011, 57.31329633361698], [64.01108594953087, 57.337085770718744], [63.563344864904785, 57.35928745277967], [63.115081162913604, 57.3798981019855], [62.666332797242376, 57.398914667456154], [62.217138006706854, 57.41633432745289], [61.7675352936787, 57.432154491428264], [61.317563402128265, 57.44637280191507], [60.86726129531557, 57.45898713625127], [60.41666813316028, 57.46999560813804], [59.965823249322824, 57.47939656902809], [59.51476612802948, 57.4871886093419], [59.063536380674876, 57.49337055950995], [58.612173722235966, 57.49794149083895], [58.16071794753232, 57.5009007162007], [57.70920890736748, 57.502247790542334], [57.25768648458708, 57.50198251121704], [56.80619057008911, 57.50010491813468], [56.35476103882218, 57.49661529373218], [55.903437725807706, 57.491514162763515], [55.45226040222133, 57.484802291909915], [55.001268751569654, 57.476480689210646], [54.55050234599718, 57.46655060331571], [54.10000062275852, 57.45501352256148], [53.649802860890475, 57.44187117387108], [53.199948158117586, 57.42712552148111], [52.75047540802484, 57.410778765497376], [52.30142327752967, 57.39283334028152], [51.85283018468539, 57.37329191267189], [51.40473427684649, 57.35215738004107], [50.95717340922597, 57.32943286819396], [50.510185123873406, 57.30512172910952], [50.063806629101286, 57.279227538529945], [49.61807477938653, 57.2517540934017], [49.173026055771956, 57.222705409171986], [48.72869654679199, 57.192085716945726], [48.28512192994517, 57.159899460507134], [47.84233745373473, 57.12615129321101], [47.40037792029679, 57.09084607474858], [46.95927766863496, 57.05398886779305], [46.51907055847777, 57.01558493452992], [46.079789954774554, 56.975639733077905], [45.641468712843505, 56.93415891380524], [45.20413916418417, 56.89114831554773], [44.767833102965334, 56.84661396173349], [44.332581773197084, 56.800562056420496], [43.898415856595236, 56.75299898025274], [43.46536546114398, 56.70393128634052], [43.03346011036138, 56.65336569607093], [42.60272873327115, 56.60130909485425], [42.173199655082136, 56.547768527812245], [41.744900588575995, 56.492751195413945], [41.317858626201854, 56.43626444906493], [40.892100232875514, 56.37831578665558], [40.46765123947945, 56.318912848074476], [40.04453683705844, 56.25806341069193], [39.62278157170473, 56.19577538481975], [39.202409340125065, 56.1320568091523], [38.783443385881135, 56.066915846194654], [38.36590629629373, 56.0003607776826], [37.94982, 55.9324]]}, "properties": {"fa_flight_id": "RA65996-1599119060-adhoc-0", "registration": "RA-65996", "ident": "RA-65996", "ident_icao": NaN, "origin_code": "L 55.12196 81.51017", "origin_city": "Novosibirsk", "destination_code": "L 55.93240 37.94982", "destination_city": "Moscow", "scheduled_out": NaN, "estimated_out": NaN, "actual_out": NaN, "scheduled_off": "2020-09-03T07:44:20Z", "estimated_off": "2020-09-03T07:44:20Z", "actual_off": "2020-09-03T07:44:20Z", "scheduled_on": NaN, "estimated_on": NaN, "actual_on": "2020-09-03T07:44:20Z", "scheduled_in": NaN, "estimated_in": NaN, "actual_in": NaN, "status": "result unknown", "route_distance": NaN, "diverted": false, "cancelled": false, "simplified_departure_date": "2020-09-03", "origin_coords": [55.12196, 81.51017], "destination_coords": [55.9324, 37.94982], "is_same_city": false}}, {"type": "Feature", "geometry": {"type": "LineString", "coordinates": [[38.29859999999999, 55.7692], [38.721876207159426, 55.8412681907769], [39.14670864056832, 55.911878153681606], [39.57307500844, 55.98102068652881], [40.00095229413951, 56.04868670452485], [40.43031675773257, 56.114867245405804], [40.861143938261144, 56.17955347458215], [41.29340865676005, 56.242736690283714], [41.72708502002787, 56.3044083286993], [42.16214642516412, 56.36455996910472], [42.59856556488351, 56.42318333897301], [43.03631443361694, 56.480270319060494], [43.47536433440702, 56.53581294846218], [43.91568588660515, 56.58980342962997], [44.35724903437503, 56.64223413334704], [44.8000230560064, 56.69309760365152], [45.243976574040936, 56.74238656270296], [45.68907756621054, 56.79009391558444], [46.13529337718694, 56.83621275503368], [46.582590731139256, 56.88073636609634], [47.03093574509463, 56.92365823069436], [47.4802939430956, 56.96497203210284], [47.93063027114527, 57.00467165932847], [48.38190911293024, 57.04275121138281], [48.834094306309105, 57.07920500144374], [49.287149160552346, 57.114027560898606], [49.74103647431793, 57.147213643262425], [50.19571855434476, 57.17875822796503], [50.65115723484459, 57.20865652400062], [51.10731389757104, 57.23690397343427], [51.56414949254259, 57.2634962547588], [52.02162455939486, 57.28842928609698], [52.47969924933574, 57.311699228243356], [52.93833334767516, 57.33330248754052], [53.3974862969, 57.353235718584756], [53.85711722026293, 57.37149582675671], [54.317184945852645, 57.38807997057216], [54.777648031111674, 57.40298556384922], [55.2384647877665, 57.4162102776878], [55.69959330713382, 57.42775204225803], [56.16099148576541, 57.43760904839421], [56.62261705139342, 57.44577974899176], [57.0844275891368, 57.45226286020438], [57.54638056792886, 57.45705736243924], [58.00843336712551, 57.460162501148716], [58.470543303252974, 57.46157778741683], [58.93266765685332, 57.46130299833972], [59.39476369938638, 57.459338177198894], [59.85678872014563, 57.45568363342783], [60.31870005314635, 57.45033994237095], [60.78045510394402, 57.443307944836235], [61.24201137634109, 57.434588746441825], [61.70332649894104, 57.42418371675807], [62.1643582515085, 57.41209448824626], [62.62506459109498, 57.39832295499641], [63.08540367789083, 57.38287127126591], [63.54533390076412, 57.36574184982197], [64.0048139024487, 57.346937360090706], [64.46380260434412, 57.32646072611629], [64.92225923089171, 57.30431512433358], [65.38014333349186, 57.280503981158354], [65.83741481392943, 57.255030970399325], [66.29403394727458, 57.227900010496406], [66.7499614042289, 57.19911526159008], [67.20515827288754, 57.168681122426825], [67.65958607988962, 57.136602227106046], [68.11320681093129, 57.10288344167387], [68.56598293061694, 57.0675298605695], [69.0178774016263, 57.03054680293025], [69.46885370317645, 56.991939808761096], [69.91887584876015, 56.951714634975126], [70.36790840314293, 56.909877251311215], [70.81591649860415, 56.8664338361355], [71.26286585040823, 56.8213907721332], [71.7087227714948, 56.774754641897296], [72.15345418637772, 56.72653222342137], [72.59702764424522, 56.676730485502716], [73.03941133125528, 56.62535658306304], [73.48057408202159, 56.57241785239357], [73.92048539028774, 56.51792180633115], [74.35911541878892, 56.46187612937254], [74.79643500830191, 56.404288672733394], [75.23241568588585, 56.34516744935902], [75.6670296723181, 56.284520628893226], [76.1002498887305, 56.22235653261236], [76.53204996245363, 56.158683628330536], [76.9624042320773, 56.09351052528309], [77.39128775173731, 56.02684596899398], [77.81867629463959, 55.958698836133856], [78.24454635583447, 55.889078129374475], [78.6688751542543, 55.8179929722456], [79.09164063402925, 55.74545260400011], [79.51282146509723, 55.67146637449278], [79.93239704312398, 55.59604373907842], [80.35034748875147, 55.51919425353433], [80.76665364619241, 55.440927569012345], [81.18129708119011, 55.36125342702529], [81.59426007836319, 55.28018165447248], [82.00552563795547, 55.19772215870882], [82.41507747201167, 55.11388492266172], [82.8229, 55.02868000000001]]}, "properties": {"fa_flight_id": "RA65996-1599033475-adhoc-0", "registration": "RA-65996", "ident": "RA-65996", "ident_icao": NaN, "origin_code": "L 55.76920 38.29860", "origin_city": "Moscow", "destination_code": "L 55.02868 82.82290", "destination_city": "Novosibirsk", "scheduled_out": NaN, "estimated_out": NaN, "actual_out": NaN, "scheduled_off": "2020-09-02T07:57:55Z", "estimated_off": "2020-09-02T07:57:55Z", "actual_off": "2020-09-02T07:57:55Z", "scheduled_on": NaN, "estimated_on": NaN, "actual_on": "2020-09-02T07:57:55Z", "scheduled_in": NaN, "estimated_in": NaN, "actual_in": NaN, "status": "result unknown", "route_distance": NaN, "diverted": false, "cancelled": false, "simplified_departure_date": "2020-09-02", "origin_coords": [55.7692, 38.2986], "destination_coords": [55.02868, 82.8229], "is_same_city": false}}, {"type": "Feature", "geometry": {"type": "LineString", "coordinates": [[39.653949999999995, 52.809239999999996], [39.64046207638134, 52.839693405547436], [39.626955223157296, 52.870145280438194], [39.61342939375885, 52.900595620829435], [39.59988454147144, 52.931044422866016], [39.58632061943451, 52.96149168268034], [39.57273758064083, 52.991937396392444], [39.559135377936045, 53.022381560109785], [39.545513964017985, 53.05282416992731], [39.531873291436206, 53.083265221927405], [39.518213312591364, 53.11370471217974], [39.50453397973464, 53.14414263674135], [39.490835244967165, 53.174578991656496], [39.47711706023944, 53.20501377295661], [39.4633793773508, 53.23544697666035], [39.44962214794873, 53.26587859877339], [39.435845323528355, 53.29630863528851], [39.42204885543184, 53.32673708218546], [39.40823269484777, 53.357163935430926], [39.39439679281056, 53.387589190978495], [39.38054110019989, 53.41801284476858], [39.36666556774006, 53.4484348927284], [39.352770145999386, 53.47885533077187], [39.33885478538965, 53.509274154799606], [39.32491943616541, 53.53969136069886], [39.31096404842345, 53.57010694434341], [39.29698857210214, 53.600520901593555], [39.28299295698082, 53.6309332282961], [39.26897715267918, 53.661343920284224], [39.254941108656624, 53.69175297337745], [39.24088477421167, 53.722160383381585], [39.22680809848129, 53.752566146088704], [39.212711030440325, 53.782970257277064], [39.19859351890078, 53.813372712711015], [39.18445551251124, 53.843773508141005], [39.17029695975622, 53.874172639303495], [39.156117808955514, 53.904570101920875], [39.14191800826353, 53.93496589170149], [39.127697505668685, 53.96536000433943], [39.11345624899269, 53.99575243551469], [39.099194185889985, 54.02614318089291], [39.08491126384698, 54.056532236125385], [39.07060743018144, 54.086919596849086], [39.05628263204186, 54.11730525868649], [39.0419368164067, 54.147689217245556], [39.02756993008382, 54.1780714681197], [39.01318191970973, 54.20845200688769], [38.99877273174894, 54.23883082911362], [38.98434231249329, 54.26920793034681], [38.96989060806125, 54.29958330612181], [38.955417564397244, 54.32995695195824], [38.940923127270935, 54.36032886336086], [38.926407242276596, 54.39069903581936], [38.91186985483233, 54.421067464808445], [38.897310910179435, 54.45143414578763], [38.882730353381675, 54.48179907420131], [38.868128129324575, 54.51216224547863], [38.8535041827147, 54.54252365503338], [38.83885845807899, 54.57288329826402], [38.824190899763984, 54.60324117055357], [38.80950145193516, 54.63359726726954], [38.794790058576154, 54.66395158376391], [38.780056663488075, 54.69430411537301], [38.76530121028876, 54.724654857417455], [38.75052364241206, 54.75500380520214], [38.735723903107086, 54.78535095401614], [38.720901935437446, 54.81569629913262], [38.70605768228059, 54.84603983580877], [38.69119108632693, 54.87638155928582], [38.676302090079254, 54.90672146478886], [38.66139063585181, 54.93705954752684], [38.64645666576967, 54.96739580269251], [38.63150012176789, 54.99773022546229], [38.61652094559082, 55.02806281099628], [38.60151907879128, 55.05839355443811], [38.58649446272979, 55.08872245091495], [38.571447038573865, 55.11904949553739], [38.55637674729712, 55.149374683399394], [38.541283529678616, 55.17969800957819], [38.52616732630199, 55.21001946913427], [38.51102807755468, 55.24033905711126], [38.495865723627155, 55.270656768535865], [38.4806802045121, 55.30097259841784], [38.465471460003634, 55.331286541749826], [38.450239429696495, 55.36159859350735], [38.43498405298522, 55.391908748648774], [38.41970526906335, 55.42221700211512], [38.40440301692263, 55.4525233488301], [38.38907723535215, 55.4828277837], [38.37372786293755, 55.5131303016136], [38.358354838060215, 55.54343089744211], [38.342958098896375, 55.5737295660391], [38.32753758341636, 55.60402630224039], [38.312093229383656, 55.63432110086408], [38.29662497435418, 55.664613956710305], [38.281132755675344, 55.694904864561295], [38.26561651048525, 55.725193819181285], [38.25007617571182, 55.75548081531635], [38.23451168807193, 55.78576584769445], [38.21892298407059, 55.816048911025206], [38.203309999999995, 55.84633]]}, "properties": {"fa_flight_id": "RA65996-1598703908-adhoc-0", "registration": "RA-65996", "ident": "RA-65996", "ident_icao": NaN, "origin_code": "L 52.80924 39.65395", "origin_city": "Moscow", "destination_code": "L 55.84633 38.20331", "destination_city": "Moscow", "scheduled_out": NaN, "estimated_out": NaN, "actual_out": NaN, "scheduled_off": "2020-08-29T12:25:08Z", "estimated_off": "2020-08-29T12:25:08Z", "actual_off": "2020-08-29T12:25:08Z", "scheduled_on": NaN, "estimated_on": NaN, "actual_on": "2020-08-29T12:25:08Z", "scheduled_in": NaN, "estimated_in": NaN, "actual_in": NaN, "status": "result unknown", "route_distance": NaN, "diverted": false, "cancelled": false, "simplified_departure_date": "2020-08-29", "origin_coords": [52.80924, 39.65395], "destination_coords": [55.84633, 38.20331], "is_same_city": false}}, {"type": "Feature", "geometry": {"type": "LineString", "coordinates": [[38.33878000000001, 55.73648], [38.362266524882806, 55.69072949166843], [38.38569814598726, 55.64497451136298], [38.40907508006425, 55.59921507717273], [38.432397542776094, 55.55345120709279], [38.45566574870332, 55.50768291902501], [38.47887991135115, 55.461910230778415], [38.50204024315618, 55.416133160070004], [38.52514695549281, 55.37035172452516], [38.548200258679806, 55.32456594167833], [38.57120036198669, 55.27877582897356], [38.594147473640106, 55.2329814037651], [38.61704180083023, 55.18718268331794], [38.63988354971699, 55.14137968480842], [38.66267292543638, 55.09557242532473], [38.68541013210664, 55.04976092186753], [38.70809537283442, 55.00394519135046], [38.73072884972091, 54.958125250600695], [38.75331076386793, 54.91230111635951], [38.775841315383936, 54.86647280528282], [38.79832070339006, 54.820640333941675], [38.820749126026, 54.77480371882286], [38.84312678045601, 54.728962976329356], [38.86545386287471, 54.683118122780925], [38.88773056851292, 54.63726917441455], [38.90995709164348, 54.591416147385075], [38.93213362558697, 54.54555905776559], [38.95426036271745, 54.499697921548034], [38.97633749446806, 54.45383275464366], [38.99836521133675, 54.40796357288353], [39.02034370289177, 54.36209039201903], [39.04227315777731, 54.31621322772236], [39.06415376371891, 54.27033209558704], [39.085985707529076, 54.224447011128376], [39.10776917511256, 54.17855798978397], [39.129504351471866, 54.13266504691414], [39.15119142071259, 54.0867681978025], [39.17283056604872, 54.040867457656326], [39.19442196980795, 53.99496284160709], [39.21596581343691, 53.949054364710925], [39.2374622775064, 53.903142041949074], [39.258911541716586, 53.85722588822833], [39.28031378490209, 53.81130591838156], [39.301669185037134, 53.765382147168026], [39.322977919240635, 53.71945458927405], [39.344240163781194, 53.67352325931321], [39.36545609408217, 53.62758817182699], [39.38662588472655, 53.581649341285114], [39.40774970946199, 53.53570678208598], [39.428827741205644, 53.48976050855718], [39.4498601520491, 53.44381053495582], [39.470847113263126, 53.39785687546904], [39.49178879530257, 53.35189954421437], [39.512685367811066, 53.305938555240196], [39.533536999625795, 53.25997392252617], [39.55434385878219, 53.21400565998364], [39.575106112518625, 53.16803378145601], [39.59582392728101, 53.122058300719196], [39.61649746872747, 53.07607923148205], [39.637126901732856, 53.0300965873867], [39.65771239039335, 52.984110382009014], [39.67825409803095, 52.938120628858975], [39.69875218719799, 52.892127341381034], [39.719206819681546, 52.846130532954604], [39.7396181565079, 52.80013021689439], [39.75998635794695, 52.754126406450695], [39.780311583516536, 52.708119114809975], [39.80059399198683, 52.66210835509512], [39.82083374138459, 52.61609414036582], [39.841030988997474, 52.57007648361896], [39.86118589137831, 52.52405539778905], [39.881298604349276, 52.47803089574851], [39.9013692830061, 52.4320029903081], [39.92139808172228, 52.38597169421725], [39.94138515415316, 52.33993702016445], [39.9613306532401, 52.2938989807776], [39.98123473121445, 52.247857588624356], [40.001097539601794, 52.201812856212506], [40.02091922922581, 52.155764795990336], [40.04069995021232, 52.10971342034693], [40.06043985199333, 52.06365874161257], [40.08013908331091, 52.01760077205905], [40.09979779222112, 51.97153952390005], [40.11941612609798, 51.92547500929146], [40.13899423163724, 51.8794072403317], [40.158532254860305, 51.83333622906209], [40.17803034111805, 51.7872619874672], [40.19748863509454, 51.74118452747509], [40.2169072808109, 51.69510386095777], [40.23628642162901, 51.64901999973142], [40.25562620025525, 51.60293295555678], [40.27492675874413, 51.556842740139444], [40.29418823850208, 51.51074936513016], [40.313410780290994, 51.46465284212523], [40.332594524231915, 51.418553182666734], [40.35173960980859, 51.372450398242904], [40.37084617587111, 51.32634450028841], [40.38991436063938, 51.280235500184666], [40.40894430170675, 51.23412340926018], [40.427936136043414, 51.18800823879077], [40.446889999999996, 51.141890000000004]]}, "properties": {"fa_flight_id": "RA65996-1598677247-adhoc-0", "registration": "RA-65996", "ident": "RA-65996", "ident_icao": NaN, "origin_code": "L 55.73648 38.33878", "origin_city": "Moscow", "destination_code": "L 51.14189 40.44689", "destination_city": "Volgograd", "scheduled_out": NaN, "estimated_out": NaN, "actual_out": NaN, "scheduled_off": "2020-08-29T05:00:47Z", "estimated_off": "2020-08-29T05:00:47Z", "actual_off": "2020-08-29T05:00:47Z", "scheduled_on": NaN, "estimated_on": NaN, "actual_on": "2020-08-29T05:00:47Z", "scheduled_in": NaN, "estimated_in": NaN, "actual_in": NaN, "status": "result unknown", "route_distance": NaN, "diverted": false, "cancelled": false, "simplified_departure_date": "2020-08-29", "origin_coords": [55.73648, 38.33878], "destination_coords": [51.14189, 40.44689], "is_same_city": false}}, {"type": "Feature", "geometry": {"type": "LineString", "coordinates": [[30.01132, 60.14949], [30.101806610582326, 60.10946012608488], [30.192073353847874, 60.069368659627], [30.282120782805865, 60.02921584966758], [30.37194945114669, 59.98900194429833], [30.461559913209374, 59.948727190662595], [30.550952723949425, 59.908391834956795], [30.64012843890714, 59.867996122431755], [30.729087614176127, 59.82754029739407], [30.81783080637239, 59.78702460320768], [30.906358572603654, 59.74644928229521], [30.994671470439144, 59.70581457613958], [31.082770057879653, 59.6651207252855], [31.170654893328066, 59.624367969341144], [31.25832653556018, 59.583556546979665], [31.34578554369593, 59.54268669594093], [31.43303247717094, 59.50175865303317], [31.52006789570843, 59.46077265413469], [31.606892359291543, 59.41972893419569], [31.69350642813593, 59.37862772723991], [31.779910662662726, 59.33746926636659], [31.86610562347188, 59.29625378375219], [31.952091871315854, 59.254981510652335], [32.03786996707357, 59.21365267740365], [32.123440471724805, 59.17226751342577], [32.208803946324835, 59.13082624722318], [32.29396095197949, 59.08932910638728], [32.37891204982044, 59.04777631759833], [32.46365780098093, 59.00616810662749], [32.54819876657175, 58.96450469833893], [32.63253550765752, 58.92278631669182], [32.716668585233414, 58.8810131847425], [32.800598560202005, 58.839185524646524], [32.88432599335066, 58.79730355766089], [32.96785144532899, 58.75536750414616], [33.05117547662689, 58.71337758356866], [33.13429864755262, 58.671334014502705], [33.21722151821135, 58.629237014632785], [33.299944648483994, 58.58708680075584], [33.382468598006255, 58.5448835887836], [33.464793926148104, 58.502627593744734], [33.546921191993384, 58.46031902978726], [33.62885095431987, 58.417958110180855], [33.710583771579536, 58.375545047319214], [33.79212020187906, 58.333080052722316], [33.87346080296072, 58.29056333703891], [33.95460613218351, 58.247995110048905], [34.03555674650455, 58.205375580665674], [34.116313202460724, 58.16270495693863], [34.19687605615071, 58.11998344605553], [34.27724586321712, 58.077211254345016], [34.35742317882905, 58.03438858727905], [34.43740855766481, 57.99151564947542], [34.51720255389496, 57.9485926447002], [34.59680572116557, 57.9056197758703], [34.67621861258183, 57.862597245055966], [34.75544178069169, 57.81952525348331], [34.834475777470125, 57.77640400153689], [34.91332115430325, 57.73323368876221], [34.99197846197295, 57.690014513868384], [35.07044825064168, 57.646746674730565], [35.14873106983749, 57.60343036839273], [35.22682746843928, 57.56006579107007], [35.30473799466238, 57.51665313815181], [35.38246319604421, 57.47319260420366], [35.46000361943037, 57.42968438297052], [35.53735981096079, 57.38612866737913], [35.61453231605622, 57.34252564954066], [35.69152167940487, 57.29887552075341], [35.768328444949354, 57.25517847150546], [35.84495315587378, 57.211434691477315], [35.921396354591096, 57.16764436954463], [35.997658582730665, 57.12380769378085], [36.07374038112606, 57.07992485145988], [36.14964228980299, 57.03599602905885], [36.22536484796758, 56.99202141226077], [36.30090859399471, 56.94800118595723], [36.376274065416695, 56.90393553425111], [36.45146179891205, 56.859824640459344], [36.526472330294546, 56.8156686871156], [36.60130619450242, 56.77146785597297], [36.67596392558782, 56.727222328006796], [36.75044605670638, 56.68293228341732], [36.82475312010703, 56.638597901632465], [36.898885647122086, 56.59421936131054], [36.9728441681573, 56.549796840343035], [37.04662921268233, 56.50533051585731], [37.12024130922133, 56.46082056421939], [37.19368098534357, 56.41626716103668], [37.26694876765448, 56.37167048116077], [37.340045181786735, 56.32703069869011], [37.4129707523915, 56.282347986972844], [37.48572600312989, 56.23762251860954], [37.55831145666463, 56.19285446545596], [37.630727634651855, 56.14804399862578], [37.702975057733056, 56.10319128849339], [37.775054245527244, 56.05829650469667], [37.8469657166232, 56.013359816139726], [37.918709988572054, 55.968381390995646], [37.990287577879755, 55.92336139670928], [38.061699, 55.8783]]}, "properties": {"fa_flight_id": "RA65996-1599845559-adhoc-0", "registration": "RA-65996", "ident": "RA-65996", "ident_icao": NaN, "origin_code": "L 60.14949 30.01132", "origin_city": "Saint Petersburg", "destination_code": "UUMU", "destination_city": NaN, "scheduled_out": NaN, "estimated_out": NaN, "actual_out": NaN, "scheduled_off": "2020-09-11T17:32:39Z", "estimated_off": "2020-09-11T17:32:39Z", "actual_off": "2020-09-11T17:32:39Z", "scheduled_on": NaN, "estimated_on": NaN, "actual_on": "2020-09-11T17:32:39Z", "scheduled_in": NaN, "estimated_in": NaN, "actual_in": NaN, "status": "result unknown", "route_distance": NaN, "diverted": false, "cancelled": false, "simplified_departure_date": "2020-09-11", "origin_coords": [60.14949, 30.01132], "destination_coords": [55.8783, 38.061699], "is_same_city": false}}, {"type": "Feature", "geometry": {"type": "LineString", "coordinates": [[36.51765, 55.68836], [36.531946080632295, 55.690881613548285], [36.546244004823805, 55.69340156610578], [36.5605437717712, 55.695919857301426], [36.57484538067023, 55.69843648676429], [36.58914883071566, 55.70095145412357], [36.60345412110127, 55.70346475900861], [36.6177612510199, 55.70597640104888], [36.63207021966341, 55.708486379874], [36.64638102622273, 55.71099469511375], [36.66069366988775, 55.713501346397955], [36.675008149847464, 55.716006333356695], [36.68932446528987, 55.71850965562011], [36.70364261540202, 55.72101131281851], [36.71796259936997, 55.72351130458236], [36.732284416378846, 55.7260096305422], [36.746608065612755, 55.728506290328774], [36.76093354625492, 55.731001283572944], [36.77526085748751, 55.7334946099057], [36.78958999849181, 55.735986268958165], [36.80392096844807, 55.73847626036165], [36.818253766535605, 55.74096458374754], [36.83258839193276, 55.74345123874741], [36.846924843816936, 55.74593622499296], [36.86126312136453, 55.74841954211602], [36.875603223751014, 55.75090118974859], [36.88994515015085, 55.75338116752277], [36.90428889973757, 55.75585947507082], [36.918634471683724, 55.75833611202517], [36.93298186516088, 55.76081107801835], [36.94733107933969, 55.76328437268306], [36.9616821133898, 55.765755995652114], [36.97603496647989, 55.768225946558495], [36.99038963777768, 55.77069422503532], [37.00474612644994, 55.77316083071587], [37.019104431662456, 55.775625763233506], [37.033464552580064, 55.77808902222181], [37.0478264883666, 55.78055060731446], [37.062190238184975, 55.78301051814529], [37.07655580119712, 55.785468754348294], [37.09092317656397, 55.78792531555756], [37.105292363445564, 55.79038020140739], [37.11966336100089, 55.79283341153219], [37.13403616838805, 55.795284945566515], [37.14841078476411, 55.797734803145076], [37.162787209285206, 55.8001829839027], [37.17716544110653, 55.802629487474405], [37.191545479382256, 55.80507431349532], [37.205927323265634, 55.807517461600746], [37.220310971908916, 55.80995893142611], [37.234696424463415, 55.812398722606986], [37.24908368007947, 55.814836834779115], [37.26347273790646, 55.81727326757836], [37.27786359709276, 55.81970802064075], [37.29225625678584, 55.82214109360247], [37.30665071613216, 55.82457248609982], [37.32104697427723, 55.82700219776927], [37.33544503036559, 55.82943022824744], [37.34984488354081, 55.83185657717109], [37.364246532945515, 55.83428124417712], [37.37864997772134, 55.836704228902626], [37.393055217008964, 55.83912553098479], [37.4074622499481, 55.84154515006098], [37.42187107567749, 55.84396308576871], [37.43628169333492, 55.84637933774564], [37.45069410205722, 55.848793905629584], [37.46510830098022, 55.851206789058494], [37.47952428923881, 55.85361798767049], [37.493942065966934, 55.85602750110384], [37.50836163029749, 55.85843532899695], [37.522782981362525, 55.86084147098837], [37.53720611829303, 55.86324592671685], [37.55163104021907, 55.865648695821235], [37.56605774626975, 55.86804977794057], [37.58048623557317, 55.87044917271399], [37.59491650725651, 55.87284687978086], [37.60934856044596, 55.87524289878064], [37.62378239426675, 55.87763722935298], [37.63821800784315, 55.88002987113764], [37.652655400298464, 55.88242082377457], [37.66709457075501, 55.884810086903855], [37.68153551833418, 55.887197660165754], [37.69597824215637, 55.88958354320067], [37.71042274134103, 55.89196773564916], [37.72486901500662, 55.894350237151905], [37.73931706227064, 55.89673104734981], [37.753766882249664, 55.89911016588387], [37.768218474059275, 55.90148759239526], [37.78267183681407, 55.903863326525325], [37.79712696962769, 55.90623736791554], [37.811583871612854, 55.90860971620755], [37.82604254188126, 55.91098037104317], [37.84050297954368, 55.91334933206433], [37.85496518370989, 55.91571659891316], [37.869429153488745, 55.918082171231916], [37.883894887988085, 55.92044604866303], [37.89836238631483, 55.92280823084909], [37.9128316475749, 55.92516871743285], [37.92730267087327, 55.927527508057175], [37.94177545531395, 55.929884602365156], [37.95625, 55.93224]]}, "properties": {"fa_flight_id": "RA65996-1599309178-adhoc-0", "registration": "RA-65996", "ident": "RA-65996", "ident_icao": NaN, "origin_code": "L 55.68836 36.51765", "origin_city": "Moscow", "destination_code": "L 55.93224 37.95625", "destination_city": "Moscow", "scheduled_out": NaN, "estimated_out": NaN, "actual_out": NaN, "scheduled_off": "2020-09-05T12:32:58Z", "estimated_off": "2020-09-05T12:32:58Z", "actual_off": "2020-09-05T12:32:58Z", "scheduled_on": NaN, "estimated_on": NaN, "actual_on": "2020-09-05T12:32:58Z", "scheduled_in": NaN, "estimated_in": NaN, "actual_in": NaN, "status": "result unknown", "route_distance": NaN, "diverted": false, "cancelled": false, "simplified_departure_date": "2020-09-05", "origin_coords": [55.68836, 36.51765], "destination_coords": [55.93224, 37.95625], "is_same_city": false}}, {"type": "Feature", "geometry": {"type": "LineString", "coordinates": [[43.80031, 49.16815], [43.75149145996631, 49.236218297232234], [43.70253820197758, 49.30426596688569], [43.653449570159, 49.37229290223432], [43.60422490486357, 49.44029899587644], [43.55486354264732, 49.50828413972957], [43.505364816244175, 49.57624822502531], [43.4557280545409, 49.64419114230397], [43.40595258255177, 49.712112781409445], [43.35603772139302, 49.78001303148382], [43.305982788257225, 49.847891780962], [43.2557870963875, 49.91574891756634], [43.20544995505145, 49.98358432830116], [43.154970669515045, 50.051397899447245], [43.10434854101629, 50.119189516556304], [43.05358286673874, 50.186959064445354], [43.00267293978475, 50.25470642719113], [42.951618049148735, 50.3224314881243], [42.900417479690084, 50.390134129823814], [42.849070512105975, 50.45781423411105], [42.797576422904065, 50.52547168204401], [42.74593448437489, 50.593106353911395], [42.69414396456419, 50.660718129226716], [42.64220412724497, 50.728306886722244], [42.590114231889544, 50.795872504343016], [42.53787353364114, 50.86341485924071], [42.4854812832856, 50.930933827767475], [42.43293672722272, 50.99842928546982], [42.38023910743749, 51.06590110708223], [42.32738766147115, 51.133349166520986], [42.274381622391985, 51.20077333687773], [42.22122021876609, 51.26817349041305], [42.16790267462783, 51.33554949855003], [42.114428209450125, 51.40290123186774], [42.06079603811461, 51.470228560094604], [42.00700537088161, 51.53753135210179], [41.953055413359856, 51.60480947589651], [41.89894536647609, 51.67206279861527], [41.84467442644447, 51.739291186517036], [41.79024178473574, 51.8064945049764], [41.73564662804632, 51.87367261847661], [41.68088813826702, 51.940825390602576], [41.62596549245189, 52.00795268403388], [41.57087786278647, 52.07505436053758], [41.51562441655621, 52.14213028096111], [41.46020431611451, 52.20918030522498], [41.4046167188506, 52.27620429231556], [41.3488607771573, 52.3432021002776], [41.29293563839849, 52.410173586206945], [41.23684044487647, 52.47711860624293], [41.1805743337991, 52.54403701556089], [41.12413643724678, 52.61092866836452], [41.067525882139144, 52.6777934178782], [41.01074179020171, 52.74463111633923], [40.95378327793221, 52.81144161499004], [40.89664945656682, 52.87822476407026], [40.83933943204615, 52.944980412808796], [40.781852304981044, 53.011708409415824], [40.72418717061821, 53.078408601074656], [40.66634311880564, 53.145080833933605], [40.608319233957914, 53.211724953097736], [40.550114595021135, 53.27834080262059], [40.4917282754379, 53.344928225495785], [40.43315934311192, 53.41148706364856], [40.37440686037246, 53.478017157927276], [40.31546988393873, 53.5445183480948], [40.25634746488391, 53.61099047281986], [40.197038648599076, 53.677433369668286], [40.13754247475691, 53.743846875094185], [40.07785797727527, 53.810230824431045], [40.01798418428052, 53.876585051882785], [39.957920118070675, 53.94290939051466], [39.897664795078356, 54.00920367224418], [39.837217225833655, 54.07546772783185], [39.77657641492663, 54.14170138687195], [39.71574136096977, 54.20790447778308], [39.654711056560224, 54.27407682779881], [39.59348448824184, 54.34021826295807], [39.532060636467016, 54.40632860809554], [39.470438475558396, 54.47240768683201], [39.40861697367032, 54.53845532156456], [39.346595092750235, 54.6044713334567], [39.28437178849972, 54.67045554242842], [39.221946010335515, 54.73640776714615], [39.159316701350306, 54.802327825012654], [39.096482798273286, 54.86821553215682], [39.0334432314306, 54.93407070342333], [38.970196924705654, 54.99989315236231], [38.90674279549909, 55.06568269121885], [38.84307975468885, 55.131439130922416], [38.779206706589775, 55.1971622810762], [38.71512254891329, 55.26285194994638], [38.65082617272675, 55.32850794445131], [38.58631646241274, 55.39413007015051], [38.52159229562812, 55.459718131233686], [38.456652543262976, 55.525271930509625], [38.3914960693994, 55.590791269394934], [38.326121731270064, 55.656275947902735], [38.26052837921671, 55.72172576463127], [38.194714856648474, 55.78714051675242], [38.128679999999996, 55.85252]]}, "properties": {"fa_flight_id": "RA65996-1600364616-adhoc-0", "registration": "RA-65996", "ident": "RA-65996", "ident_icao": NaN, "origin_code": "L 49.16815 43.80031", "origin_city": "Volgograd", "destination_code": "L 55.85252 38.12868", "destination_city": "Moscow", "scheduled_out": NaN, "estimated_out": NaN, "actual_out": NaN, "scheduled_off": "2020-09-17T17:43:36Z", "estimated_off": "2020-09-17T17:43:36Z", "actual_off": "2020-09-17T17:43:36Z", "scheduled_on": NaN, "estimated_on": NaN, "actual_on": "2020-09-17T19:13:11Z", "scheduled_in": NaN, "estimated_in": NaN, "actual_in": NaN, "status": "Arrived", "route_distance": NaN, "diverted": false, "cancelled": false, "simplified_departure_date": "2020-09-17", "origin_coords": [49.16815, 43.80031], "destination_coords": [55.85252, 38.12868], "is_same_city": false}}, {"type": "Feature", "geometry": {"type": "LineString", "coordinates": [[38.202349999999996, 55.822160000000004], [38.28764990518703, 55.750193432573326], [38.372635543328116, 55.678168005390994], [38.45730866122506, 55.606084093277175], [38.54167099547878, 55.53394206823773], [38.62572427253378, 55.461742299483404], [38.70947020872298, 55.38948515345282], [38.79291051031288, 55.31717099383526], [38.876046873548816, 55.244800181593305], [38.95888098470075, 55.17237307498532], [39.04141452010904, 55.0998900295877], [39.12364914623066, 55.027351398316924], [39.205586519685426, 54.95475753145161], [39.287228287302625, 54.882108776654135], [39.3685760861677, 54.80940547899232], [39.44963154366921, 54.73664798096072], [39.53039627754586, 54.66383662250201], [39.61087189593373, 54.59097174102795], [39.69105999741369, 54.518053671440285], [39.770962171058855, 54.44508274615151], [39.85057999648223, 54.37205929510546], [39.92991504388444, 54.29898364579761], [40.008968874101534, 54.22585612329541], [40.08774303865292, 54.152677050258276], [40.166239079789335, 54.07944674695756], [40.244458530540896, 54.00616553129618], [40.32240291476525, 53.93283371882838], [40.400073747195684, 53.85945162277894], [40.47747253348934, 53.78601955406261], [40.55460077027545, 53.71253782130309], [40.63145994520356, 53.639006730852024], [40.70805153699184, 53.565426586807824], [40.784377015475286, 53.491797691034186], [40.860437841654026, 53.4181203431787], [40.93623546774155, 53.34439484069108], [41.011771337212934, 53.27062147884136], [41.087046884853066, 53.19680055073795], [41.16206353680481, 53.12293234734542], [41.236822710617126, 53.049017157502306], [41.31132581529319, 52.97505526793862], [41.38557425133836, 52.9010469632933], [41.45956941080825, 52.82699252613149], [41.533312677356506, 52.75289223696168], [41.606805426282776, 52.67874637425259], [41.6800490245804, 52.60455521445021], [41.75304483098407, 52.53031903199432], [41.82579419601745, 52.45603809933511], [41.8982984620407, 52.381712686949655], [41.97055896329781, 52.3073430633581], [42.042577025963936, 52.23292949513985], [42.114353968192574, 52.15847224694962], [42.18589110016267, 52.083971581533206], [42.257189724125475, 52.009427759743296], [42.328251134451506, 51.934841040555035], [42.39907661767718, 51.860211681081466], [42.46966745255144, 51.78553993658894], [42.54002491008216, 51.71082606051225], [42.61015025358248, 51.63607030446974], [42.680044738717, 51.561272918278235], [42.749709613547736, 51.486434149967835], [42.819146118580115, 51.411554245796644], [42.88835548680854, 51.33663345026532], [42.95733894376217, 51.261672006131484], [43.02609770755014, 51.18667015442407], [43.09463298890699, 51.11162813445752], [43.16294599123759, 51.036546183845765], [43.23103791066226, 50.961424538516304], [43.29890993606137, 50.88626343272393], [43.36656324912002, 50.81106309906448], [43.43399902437247, 50.73582376848841], [43.50121842924631, 50.66054567031426], [43.56822262410662, 50.58522903224203], [43.635012762299795, 50.509874080366416], [43.7015899901973, 50.43448103918988], [43.76795544723915, 50.35905013163576], [43.834110265977316, 50.283581579061085], [43.900055572118774, 50.208075601269414], [43.96579248456862, 50.13253241652343], [44.03132211547269, 50.05695224155764], [44.09664557026029, 49.9813352915907], [44.161763947686474, 49.905681780337865], [44.226678339874304, 49.82999192002314], [44.29138983235684, 49.75426592139149], [44.35589950411895, 49.678503993720845], [44.420208427638926, 49.602706344834], [44.484317668929855, 49.526873181110474], [44.54822828758089, 49.4510047074982], [44.6119413367982, 49.375101127525156], [44.67545786344586, 49.2991626433109], [44.73877890808633, 49.22318945557795], [44.80190550502102, 49.147181763663134], [44.86483868233033, 49.071139765528756], [44.927579461913766, 48.995063657773805], [44.99012885952967, 48.91895363564486], [45.05248788483478, 48.84280989304717], [45.1146575414237, 48.76663262255531], [45.17663882686797, 48.6904220154241], [45.23843273275509, 48.614178261599065], [45.30004024472723, 48.53790154972718], [45.361462342519864, 48.46159206716718], [45.4227, 48.38525]]}, "properties": {"fa_flight_id": "RA65996-1600327747-adhoc-0", "registration": "RA-65996", "ident": "RA-65996", "ident_icao": NaN, "origin_code": "L 55.82216 38.20235", "origin_city": "Moscow", "destination_code": "L 48.38525 45.42270", "destination_city": "Volgograd", "scheduled_out": NaN, "estimated_out": NaN, "actual_out": NaN, "scheduled_off": "2020-09-17T07:29:07Z", "estimated_off": "2020-09-17T07:29:07Z", "actual_off": "2020-09-17T07:29:07Z", "scheduled_on": NaN, "estimated_on": NaN, "actual_on": "2020-09-17T07:29:07Z", "scheduled_in": NaN, "estimated_in": NaN, "actual_in": NaN, "status": "result unknown", "route_distance": NaN, "diverted": false, "cancelled": false, "simplified_departure_date": "2020-09-17", "origin_coords": [55.82216, 38.20235], "destination_coords": [48.38525, 45.4227], "is_same_city": false}}, {"type": "Feature", "geometry": {"type": "LineString", "coordinates": [[33.630230000000005, 44.88339], [33.66557701792015, 44.99406008723835], [33.70106081465787, 45.10471922911158], [33.7366824382231, 45.21536734066027], [33.7724429465273, 45.32600433610702], [33.808343407501695, 45.43663012884649], [33.844384899217296, 45.54724463143522], [33.88056851000647, 45.65784775558146], [33.91689533858632, 45.768439412134555], [33.953366494183804, 45.8790195110745], [33.98998309666253, 45.98958796150114], [34.02674627665142, 46.10014467162328], [34.063657175675274, 46.21068954874763], [34.10071694628696, 46.32122249926756], [34.13792675220175, 46.431743428651764], [34.175287768433414, 46.54225224143265], [34.2128011814323, 46.65274884119467], [34.25046818922544, 46.76323313056238], [34.28829000155854, 46.87370501118839], [34.32626784004022, 46.984164383741145], [34.36440293828812, 47.09461114789239], [34.402696542077294, 47.20504520230466], [34.44114990949062, 47.315466444618394], [34.47976431107148, 47.42587477143898], [34.51854102997864, 47.53627007832353], [34.5574813621434, 47.64665225976752], [34.59658661642896, 47.757021209191144], [34.63585811479226, 47.867376818925514], [34.67529719244808, 47.97771898019874], [34.71490519803559, 48.08804758312155], [34.7546834937874, 48.19836251667295], [34.794633455700996, 48.30866366868561], [34.83475647371284, 48.418950925830806], [34.875053951874975, 48.52922417360344], [34.91552730853427, 48.639483296306686], [34.956177976514354, 48.749728177036324], [34.99700740330021, 48.859958697665], [35.03801705122563, 48.97017473882609], [35.07920839766337, 49.080376179897414], [35.12058293521823, 49.19056289898465], [35.162142171923044, 49.300734772904526], [35.203887631437546, 49.41089167716767], [35.24582085325037, 49.52103348596128], [35.287943392883975, 49.6311600721315], [35.33025682210279, 49.74127130716544], [35.372762729124474, 49.851367061173086], [35.41546271883439, 49.961447202868705], [35.45835841300337, 50.07151159955214], [35.50145145050882, 50.18156011708968], [35.544743487559224, 50.2915926198947], [35.58823619792204, 50.401608970908], [35.631931273155246, 50.511609031577756], [35.675830422842225, 50.62159266183919], [35.71993537483058, 50.73155972009392], [35.76424787547437, 50.84151006318905], [35.80876968988033, 50.95144354639569], [35.85350260215781, 51.061360023387394], [35.898448415672604, 51.17125934621814], [35.943608953304825, 51.28114136529988], [35.98898605771076, 51.39100592937984], [36.03458159158885, 51.50085288551735], [36.08039743794986, 51.61068207906042], [36.12643550039136, 51.72049335362179], [36.172697703376414, 51.83028655105464], [36.21918599251682, 51.940061511428006], [36.265902334860776, 52.04981807300151], [36.31284871918514, 52.159556072200076], [36.36002715629231, 52.2692753435878], [36.407439679311935, 52.3789757198417], [36.45508834400735, 52.48865703172486], [36.502975229087006, 52.59831910805922], [36.55110243652083, 52.70796177569781], [36.59947209186179, 52.8175848594966], [36.64808634457254, 52.927188182285825], [36.69694736835741, 53.036771564840905], [36.74605736149974, 53.1463348258527], [36.79541854720476, 53.25587778189746], [36.84503317394799, 53.365400247406136], [36.89490351582928, 53.474902034633196], [36.945031872932816, 53.58438295362494], [36.995420571692826, 53.69384281218721], [37.04607196526535, 53.803281415852574], [37.09698843390621, 53.91269856784697], [37.1481723853551, 54.022094069055775], [37.199626255226114, 54.13146771798915], [37.251352507404604, 54.24081931074699], [37.303353634450794, 54.350148640983164], [37.35563215800997, 54.45945549986901], [37.408190629229566, 54.56873967605648], [37.461031629183196, 54.67800095564032], [37.51415776930177, 54.7872391221198], [37.56757169181185, 54.8964539563597], [37.62127607018134, 55.00564523655053], [37.67527360957275, 55.11481273816822], [37.729567047304, 55.2239562339329], [37.78415915331709, 55.333075493767105], [37.839052730654686, 55.44217028475308], [37.89425061594479, 55.55124037108947], [37.94975567989361, 55.6602855140471], [38.00557082778696, 55.76930547192408], [38.061699, 55.8783]]}, "properties": {"fa_flight_id": "RA65996-1600182004-adhoc-0", "registration": "RA-65996", "ident": "RA-65996", "ident_icao": NaN, "origin_code": "L 44.88339 33.63023", "origin_city": "Simferopol", "destination_code": "UUMU", "destination_city": NaN, "scheduled_out": NaN, "estimated_out": NaN, "actual_out": NaN, "scheduled_off": "2020-09-15T15:00:04Z", "estimated_off": "2020-09-15T15:00:04Z", "actual_off": "2020-09-15T15:00:04Z", "scheduled_on": NaN, "estimated_on": NaN, "actual_on": "2020-09-15T15:00:04Z", "scheduled_in": NaN, "estimated_in": NaN, "actual_in": NaN, "status": "result unknown", "route_distance": NaN, "diverted": false, "cancelled": false, "simplified_departure_date": "2020-09-15", "origin_coords": [44.88339, 33.63023], "destination_coords": [55.8783, 38.061699], "is_same_city": false}}, {"type": "Feature", "geometry": {"type": "LineString", "coordinates": [[38.391600000000004, 55.73478], [38.32775311769905, 55.62500582256134], [38.26426292902196, 55.51519867554626], [38.20112609587259, 55.405358877256354], [38.13833931948977, 55.29548674207636], [38.07589933988875, 55.18558258053312], [38.01380293531149, 55.075646699353356], [37.95204692168604, 54.9656794015206], [37.890628152094415, 54.855680986331116], [37.82954351624927, 54.74565174944874], [37.76878993997874, 54.63559198295887], [37.708364384719744, 54.52550197542153], [37.64826384701928, 54.41538201192339], [37.58848535804378, 54.30523237412911], [37.52902598309622, 54.19505334033157], [37.469882821140985, 54.08484518550138], [37.41105300433629, 53.97460818133553], [37.352533697573996, 53.864342596305185], [37.29432209802676, 53.75404869570265], [37.23641543470239, 53.64372674168755], [37.178810968005095, 53.53337699333232], [37.121505989303905, 53.42299970666673], [37.064497820507654, 53.31259513472183], [37.00778381364679, 53.20216352757315], [36.951361350461724, 53.09170513238302], [36.89522784199762, 52.98122019344238], [36.83938072820551, 52.87070895221173], [36.7838174775497, 52.7601716473615], [36.72853558662124, 52.64960851481172], [36.673532579757456, 52.539019787770975], [36.61880600866734, 52.42840569677486], [36.56435345206287, 52.31776646972362], [36.51017251529585, 52.20710233191928], [36.456260830000595, 52.09641350610215], [36.402616053741944, 51.98570021248672], [36.349235869668775, 51.87496266879698], [36.29611798617288, 51.76420109030112], [36.24326013655299, 51.65341568984572], [36.19066007868407, 51.54260667788937], [36.138315594691534, 51.431774262535676], [36.086224490630514, 51.320918649565904], [36.03438459617012, 51.210040042470865], [35.98279376428223, 51.099138642482494], [35.93144987093528, 50.98821464860478], [35.88035081479263, 50.877268257644296], [35.8294945169153, 50.76629966424014], [35.778878920469516, 50.6553090608935], [35.728501990438424, 50.544296637996716], [35.678361713338234, 50.433262583861826], [35.62845609693866, 50.32220708474874], [35.57878316998745, 50.211130324892885], [35.52934098193915, 50.10003248653252], [35.48012760268783, 49.98891374993549], [35.43114112230391, 49.87777429342569], [35.38237965077477, 49.76661429340902], [35.333841317749325, 49.655433924398956], [35.28552427228629, 49.544233359041776], [35.237426682606284, 49.43301276814131], [35.18954673584752, 49.321772320683365], [35.141882637825084, 49.21051218385973], [35.094432612793845, 49.09923252309185], [35.047194903214766, 48.98793350205413], [35.00016776952468, 48.87661528269684], [34.95334948990944, 48.76527802526869], [34.90673836008034, 48.653921888339084], [34.86033269305389, 48.542547028819996], [34.81413081893468, 48.43115360198754], [34.76813108470149, 48.31974176150319], [34.72233185399646, 48.20831165943468], [34.67673150691734, 48.09686344627663], [34.63132843981272, 47.985397270970765], [34.58612106508017, 47.87391328092596], [34.54110781096741, 47.76241162203784], [34.496287121376234, 47.65089243870822], [34.45165745566921, 47.53935587386411], [34.40721728847932, 47.427802068976625], [34.362965109522115, 47.31623116407938], [34.3188994234107, 47.204643297786845], [34.27501874947326, 47.09303860731223], [34.23132162157324, 46.98141722848525], [34.18780658793203, 46.86977929576955], [34.144472210954184, 46.75812494227984], [34.101317067055106, 46.64645429979893], [34.05833974649116, 46.53476749879432], [34.01553885319211, 46.42306466843468], [33.97291300459613, 46.31134593660607], [33.9304608314868, 46.19961142992779], [33.888180977832604, 46.0878612737683], [33.846072100628724, 45.97609559226054], [33.804132869740755, 45.864314508317285], [33.762361967750955, 45.752518143646206], [33.720758089806296, 45.64070661876468], [33.67931994346887, 45.52888005301441], [33.638046248568216, 45.41703856457588], [33.59693573705577, 45.30518227048249], [33.55598715286127, 45.193311286634604], [33.515199251751135, 45.08142572781334], [33.47457080118886, 44.96952570769421], [33.4341005801972, 44.85761133886044], [33.39378737922238, 44.745682732816284], [33.35363, 44.63374]]}, "properties": {"fa_flight_id": "RA65996-1600144782-adhoc-0", "registration": "RA-65996", "ident": "RA-65996", "ident_icao": NaN, "origin_code": "L 55.73478 38.39160", "origin_city": "Moscow", "destination_code": "L 44.63374 33.35363", "destination_city": "Simferopol", "scheduled_out": NaN, "estimated_out": NaN, "actual_out": NaN, "scheduled_off": "2020-09-15T04:39:42Z", "estimated_off": "2020-09-15T04:39:42Z", "actual_off": "2020-09-15T04:39:42Z", "scheduled_on": NaN, "estimated_on": NaN, "actual_on": "2020-09-15T04:39:42Z", "scheduled_in": NaN, "estimated_in": NaN, "actual_in": NaN, "status": "result unknown", "route_distance": NaN, "diverted": false, "cancelled": false, "simplified_departure_date": "2020-09-15", "origin_coords": [55.73478, 38.3916], "destination_coords": [44.63374, 33.35363], "is_same_city": false}}, {"type": "Feature", "geometry": {"type": "LineString", "coordinates": [[41.11892000000001, 48.250800000000005], [41.09362646407809, 48.32711595656118], [41.06825711946679, 48.40342635112635], [41.04281154001078, 48.47973115202017], [41.01728929654097, 48.556030327339116], [40.991689956847765, 48.63232384494951], [40.96601308565408, 48.70861167248535], [40.9402582445881, 48.7848937773463], [40.9144249921557, 48.86117012669546], [40.88851288371258, 48.93744068745725], [40.86252147143618, 49.01370542631521], [40.836450304297195, 49.08996430970982], [40.810298928030896, 49.166217303836284], [40.78406688510801, 49.2424643746422], [40.75775371470548, 49.31870548782539], [40.73135895267675, 49.39494060883151], [40.70488213152179, 49.471169702851775], [40.67832278035688, 49.547392734820555], [40.6516804248839, 49.62360966941309], [40.624954587359504, 49.69982047104297], [40.59814478656377, 49.776025103859794], [40.5712505377687, 49.852223531746645], [40.544271352706154, 49.92841571831768], [40.517206739535716, 50.00460162691556], [40.49005620281198, 50.08078122060892], [40.462819243451605, 50.156954462189816], [40.4354953587, 50.23312131417109], [40.40808404209761, 50.309281738783866], [40.380584783445904, 50.385435697974685], [40.352997068772936, 50.46158315340304], [40.32532038029852, 50.53772406643849], [40.297554196399155, 50.613858398158065], [40.2696979915724, 50.68998610934335], [40.24175123640093, 50.76610716047776], [40.213713397516266, 50.84222151174371], [40.18558393756202, 50.9183291230197], [40.157362315156774, 50.99442995387742], [40.12904798485652, 51.07052396357887], [40.100640397116784, 51.146611111073334], [40.0721389982542, 51.22269135499435], [40.043543230407764, 51.29876465365679], [40.01485253149961, 51.374830965053675], [39.98606633519541, 51.4508902468531], [39.957184070864194, 51.526942456395155], [39.92820516353796, 51.60298755068867], [39.89912903387062, 51.67902548640801], [39.86995509809656, 51.755056219889866], [39.84068276798884, 51.83107970712995], [39.81131145081672, 51.907095903779656], [39.78184054930295, 51.983104765142706], [39.75226946158041, 52.059106246171744], [39.72259758114829, 52.135100301464924], [39.6928242968279, 52.21108688526235], [39.66294899271781, 52.28706595144262], [39.632971048148576, 52.36303745351929], [39.60288983763705, 52.43900134463714], [39.57270473083993, 52.5149575775687], [39.542415092507035, 52.590906104710406], [39.5120202824339, 52.66684687807896], [39.48151965541392, 52.74277984930752], [39.450912561189845, 52.818704969641864], [39.42019834440485, 52.89462218993658], [39.389376344552986, 52.970531460651074], [39.35844589592903, 53.04643273184569], [39.32740632757783, 53.12232595317763], [39.296256963243025, 53.19821107389696], [39.26499712131521, 53.27408804284249], [39.23362611477948, 53.349956808437604], [39.2021432511624, 53.4258173186861], [39.17054783247828, 53.50166952116789], [39.138839155175, 53.577513363034754], [39.10701651007903, 53.653348791005925], [39.07507918233987, 53.729175751363755], [39.04302645137398, 53.804994189949184], [39.01085759080783, 53.88080405215731], [38.97857186842044, 53.95660528293276], [38.94616854608525, 54.03239782676505], [38.91364687971121, 54.108181627684004], [38.88100611918332, 54.183956629254936], [38.84824550830236, 54.25972277457387], [38.81536428472396, 54.33548000626271], [38.78236167989701, 54.411228266464356], [38.749236919001156, 54.48696749683763], [38.715989220883884, 54.5626976385524], [38.682617797996485, 54.63841863228434], [38.6491218563296, 54.71413041820986], [38.61550059534773, 54.7898329360009], [38.581753207923214, 54.865526124819574], [38.547878880269224, 54.94120992331286], [38.51387679187206, 55.016884269607225], [38.47974611542262, 55.092549101303064], [38.44548601674709, 55.168204355469214], [38.411095654736755, 55.24384996863733], [38.376574181276965, 55.31948587679613], [38.341920741175294, 55.395112015385706], [38.30713447208883, 55.4707283192917], [38.27221450445058, 55.54633472283932], [38.237159961394944, 55.62193115978744], [38.20196995868239, 55.69751756332245], [38.16664360462316, 55.77309386605227], [38.13117999999999, 55.848659999999995]]}, "properties": {"fa_flight_id": "RA65996-1599922758-adhoc-0", "registration": "RA-65996", "ident": "RA-65996", "ident_icao": NaN, "origin_code": "L 48.25080 41.11892", "origin_city": "Volgograd", "destination_code": "L 55.84866 38.13118", "destination_city": "Moscow", "scheduled_out": NaN, "estimated_out": NaN, "actual_out": NaN, "scheduled_off": "2020-09-12T14:59:18Z", "estimated_off": "2020-09-12T14:59:18Z", "actual_off": "2020-09-12T14:59:18Z", "scheduled_on": NaN, "estimated_on": NaN, "actual_on": "2020-09-12T14:59:18Z", "scheduled_in": NaN, "estimated_in": NaN, "actual_in": NaN, "status": "result unknown", "route_distance": NaN, "diverted": false, "cancelled": false, "simplified_departure_date": "2020-09-12", "origin_coords": [48.2508, 41.11892], "destination_coords": [55.84866, 38.13118], "is_same_city": false}}, {"type": "Feature", "geometry": {"type": "LineString", "coordinates": [[38.334160000000004, 55.74623], [38.34934288877372, 55.661439125015335], [38.36446013790378, 55.57664638417127], [38.379512236504134, 55.491851791411854], [38.39449966894388, 55.40705536054536], [38.40942291490476, 55.32225710524593], [38.424282449437904, 55.23745703905522], [38.43907874301967, 55.15265517538398], [38.4538122616068, 55.06785152751362], [38.46848346669068, 54.983046108597875], [38.48309281535086, 54.898238931664224], [38.49764076030781, 54.813430009615416], [38.51212774997496, 54.728619355231075], [38.5265542285099, 54.64380698116904], [38.540920635864985, 54.55899289996688], [38.555227407837094, 54.47417712404336], [38.56947497611681, 54.38935966569976], [38.58366376833676, 54.30454053712133], [38.59779420811948, 54.21971975037868], [38.61186671512437, 54.13489731742905], [38.625881705094194, 54.05007325011771], [38.63983958990078, 53.96524756017928], [38.65374077759024, 53.88042025923896], [38.66758567242736, 53.79559135881389], [38.6813746749396, 53.710760870314324], [38.69510818196029, 53.625928805044964], [38.708786586671344, 53.54109517420611], [38.72241027864536, 53.456259988894914], [38.73597964388712, 53.37142326010652], [38.74949506487455, 53.28658499873531], [38.76295692059908, 53.20174521557601], [38.77636558660551, 53.11690392132484], [38.78972143503126, 53.03206112658069], [38.803024834645214, 52.94721684184614], [38.81627615088585, 52.862371077528636], [38.829475745898975, 52.77752384394153], [38.842623978575034, 52.69267515130518], [38.855721204585656, 52.60782500974798], [38.868767776419986, 52.52297342930739], [38.88176404342038, 52.43812041993099], [38.8947103518176, 52.35326599147746], [38.907607044765676, 52.26841015371758], [38.92045446237618, 52.18355291633529], [38.93325294175203, 52.09869428892851], [38.946002817021025, 52.01383428101025], [38.958704419368686, 51.92897290200945], [38.97135807707085, 51.84411016127196], [38.98396411552579, 51.75924606806147], [38.99652285728582, 51.67438063156038], [39.009034622088656, 51.589513860870724], [39.02149972688819, 51.50464576501505], [39.03391848588498, 51.41977635293728], [39.04629121055632, 51.33490563350359], [39.05861820968586, 51.25003361550324], [39.07089978939292, 51.165160307649415], [39.08313625316139, 51.080285718580114], [39.09532790186825, 50.99540985685884], [39.107475033811696, 50.91053273097553], [39.119577944738985, 50.82565434934729], [39.13163692787387, 50.74077472031919], [39.143652273943644, 50.65589385216504], [39.15562427120592, 50.571011753088186], [39.16755320547503, 50.4861284312222], [39.17943936014807, 50.40124389463169], [39.191283016230656, 50.31635815131302], [39.20308445236227, 50.231471209195], [39.21484394484144, 50.14658307613967], [39.22656176765044, 50.061693759942955], [39.23823819247974, 49.97680326833536], [39.24987348875222, 49.891911608982745], [39.26146792364693, 49.80701878948691], [39.27302176212272, 49.722124817386295], [39.2845352669414, 49.63722970015669], [39.29600869869078, 49.55233344521183], [39.30744231580732, 49.467436059904095], [39.31883637459851, 49.38253755152514], [39.33019112926501, 49.297637927306475], [39.34150683192245, 49.212737194420164], [39.35278373262309, 49.12783535997943], [39.364022079377, 49.042932431039205], [39.37522211817325, 48.95802841459679], [39.38638409300058, 48.873123317592444], [39.397508245867975, 48.78821714690996], [39.40859481682499, 48.70330990937721], [39.4196440439817, 48.6184016117668], [39.43065616352855, 48.53349226079658], [39.4416314097559, 48.44858186313018], [39.45257001507332, 48.36367042537766], [39.46347221002867, 48.27875795409594], [39.47433822332696, 48.19384445578939], [39.48516828184897, 48.10892993691039], [39.49596261066966, 48.02401440385983], [39.50672143307631, 47.9390978629876], [39.51744497058651, 47.85418032059316], [39.5281334429659, 47.76926178292602], [39.53878706824571, 47.684342256186234], [39.54940606274007, 47.59942174652488], [39.559990641063095, 47.514500260044635], [39.57054101614592, 47.42957780280013], [39.58105739925325, 47.344654380798545], [39.59154, 47.25972999999999]]}, "properties": {"fa_flight_id": "RA65996-1599890596-adhoc-0", "registration": "RA-65996", "ident": "RA-65996", "ident_icao": NaN, "origin_code": "L 55.74623 38.33416", "origin_city": "Moscow", "destination_code": "L 47.25973 39.59154", "destination_city": "Krasnodar Krai", "scheduled_out": NaN, "estimated_out": NaN, "actual_out": NaN, "scheduled_off": "2020-09-12T06:03:16Z", "estimated_off": "2020-09-12T06:03:16Z", "actual_off": "2020-09-12T06:03:16Z", "scheduled_on": NaN, "estimated_on": NaN, "actual_on": "2020-09-12T06:03:16Z", "scheduled_in": NaN, "estimated_in": NaN, "actual_in": NaN, "status": "result unknown", "route_distance": NaN, "diverted": false, "cancelled": false, "simplified_departure_date": "2020-09-12", "origin_coords": [55.74623, 38.33416], "destination_coords": [47.25973, 39.59154], "is_same_city": false}}, {"type": "Feature", "geometry": {"type": "LineString", "coordinates": [[44.41729, 49.22289], [44.36305915217829, 49.29068946204395], [44.30867896079848, 49.358463476583424], [44.25414871188447, 49.42621191233274], [44.1994676875293, 49.49393463718702], [44.144635165871485, 49.561631518216124], [44.089650421071305, 49.62930242165857], [44.03451272328691, 49.69694721291544], [43.97922133865034, 49.7645657565441], [43.92377552924338, 49.83215791625199], [43.86817455307334, 49.899723554890386], [43.81241766404866, 49.96726253444796], [43.75650411195445, 50.03477471604446], [43.70043314242788, 50.10225995992423], [43.64420399693346, 50.169718125449734], [43.587815912738094, 50.23714907109497], [43.53126812288626, 50.30455265443888], [43.474559856174764, 50.37192873215875], [43.41769033712764, 50.43927716002341], [43.36065878597072, 50.50659779288653], [43.303464418606225, 50.57389048467979], [43.24610644658716, 50.641155088405995], [43.188584077091654, 50.70839145613216], [43.13089651289708, 50.77559943898252], [43.07304295235414, 50.84277888713154], [43.01502258936083, 50.909929649796666], [42.956834613336206, 50.977051575231414], [42.89847820919417, 51.04414451071795], [42.83995255731695, 51.11120830255987], [42.781256833528644, 51.17824279607499], [42.722390209068585, 51.245247835587804], [42.66335185056448, 51.312223264422165], [42.60414092000565, 51.37916892489366], [42.54475657471595, 51.446084658302176], [42.48519796732664, 51.51297030492416], [42.425464245749296, 51.57982570400503], [42.36555455314832, 51.64665069375135], [42.30546802791356, 51.71344511132307], [42.24520380363279, 51.78020879282565], [42.18476100906395, 51.846941573302075], [42.12413876810741, 51.91364328672494], [42.06333619977811, 51.980313765988335], [42.00235241817754, 52.04695284289969], [41.941186532465615, 52.11356034817167], [41.879837646832485, 52.180136111413866], [41.81830486047028, 52.246679961124435], [41.75658726754456, 52.31319172468181], [41.694683957165935, 52.379671228336136], [41.63259401336136, 52.44611829720083], [41.57031651504547, 52.512532755243974], [41.507850535991714, 52.57891442527959], [41.44519514480348, 52.645263128959], [41.382349404885076, 52.711578686762], [41.319312374412604, 52.777860917987965], [41.25608310630483, 52.844109640746915], [41.192660648193815, 52.91032467195056], [41.12904404239558, 52.97650582730316], [41.06523232588067, 53.04265292129239], [41.00122453024457, 53.10876576718014], [40.93701968167807, 53.17484417699319], [40.872616800937564, 53.24088796151384], [40.80801490331528, 53.30689693027049], [40.743212998609344, 53.37287089152809], [40.67821009109394, 53.438809652278564], [40.61300517948914, 53.504713018231136], [40.54759725693098, 53.5705807938026], [40.481985310941134, 53.636412782107456], [40.41616832339682, 53.70220878494805], [40.35014527050042, 53.76796860280458], [40.28391512274919, 53.833692034825056], [40.21747684490479, 53.89937887881512], [40.15082939596281, 53.965028931227906], [40.083971729122325, 54.03064198715368], [40.016902791755236, 54.09621784030951], [39.949621525375676, 54.16175628302877], [39.88212686560933, 54.22725710625067], [39.81441774216278, 54.29272009950953], [39.74649307879266, 54.35814505092422], [39.67835179327491, 54.423531747187255], [39.60999279737404, 54.48887997355401], [39.54141499681212, 54.5541895138317], [39.472617291238066, 54.619460150368404], [39.40359857419662, 54.684691664041914], [39.33435773309755, 54.74988383424855], [39.2648936491846, 54.81503643889183], [39.19520519750468, 54.880149254371126], [39.12529124687682, 54.94522205557019], [39.05515065986129, 55.01025461584562], [38.98478229272861, 55.07524670701513], [38.914184995428656, 55.14019809934594], [38.84335761155969, 55.20510856154287], [38.772298978337496, 55.26997786073649], [38.701007926564436, 55.334805762471056], [38.62948328059863, 55.39959203069247], [38.557723858323094, 55.46433642773607], [38.48572847111495, 55.52903871431438], [38.41349592381468, 55.59369864950469], [38.34102501469536, 55.65831599073666], [38.26831453543206, 55.722890493779744], [38.19536327107119, 55.78742191273054], [38.12216999999999, 55.85191]]}, "properties": {"fa_flight_id": "RA65996-1600515338-adhoc-0", "registration": "RA-65996", "ident": "RA-65996", "ident_icao": NaN, "origin_code": "L 49.22289 44.41729", "origin_city": "Volgograd", "destination_code": "L 55.85191 38.12217", "destination_city": "Moscow", "scheduled_out": NaN, "estimated_out": NaN, "actual_out": NaN, "scheduled_off": "2020-09-19T11:35:38Z", "estimated_off": "2020-09-19T11:35:38Z", "actual_off": "2020-09-19T11:35:38Z", "scheduled_on": NaN, "estimated_on": NaN, "actual_on": "2020-09-19T11:35:38Z", "scheduled_in": NaN, "estimated_in": NaN, "actual_in": NaN, "status": "result unknown", "route_distance": NaN, "diverted": false, "cancelled": false, "simplified_departure_date": "2020-09-19", "origin_coords": [49.22289, 44.41729], "destination_coords": [55.85191, 38.12217], "is_same_city": false}}, {"type": "Feature", "geometry": {"type": "LineString", "coordinates": [[38.30815, 55.762409999999996], [38.39750867359908, 55.68999852860851], [38.486536828302754, 55.61752241044647], [38.57523628639699, 55.54498205907475], [38.66360885993604, 55.472377884959805], [38.75165635077844, 55.399710295498465], [38.839380550623574, 55.326979695042766], [38.926783241048696, 55.25418648492431], [39.01386619354645, 55.181331063478765], [39.100631169562874, 55.10841382606992], [39.18707992053584, 55.03543516511376], [39.27321418793391, 54.9623954701022], [39.359035703295625, 54.889295127626816], [39.44454618826923, 54.816134521402184], [39.52974735465264, 54.74291403228931], [39.61464090443398, 54.66963403831861], [39.69922852983223, 54.59629491471295], [39.783511913338394, 54.52289703391034], [39.867492727756925, 54.44944076558657], [39.951172636247364, 54.37592647667759], [40.0345532923664, 54.302354531401804], [40.117636340110096, 54.22872529128212], [40.20042341395646, 54.155039115167824], [40.28291613890813, 54.08129635925642], [40.36511613053545, 54.007497377115094], [40.44702499501962, 53.93364251970218], [40.52864432919613, 53.85973213538836], [40.60997572059842, 53.78576656997777], [40.69102074750153, 53.711746166728865], [40.77178097896621, 53.637671266375214], [40.85225797488288, 53.56354220714602], [40.932453286016006, 53.48935932478658], [41.0123684540484, 53.41512295257848], [41.09200501162578, 53.340833421359775], [41.17136448240136, 53.266491059544855], [41.25044838108056, 53.19209619314422], [41.32925821346588, 53.117649145784135], [41.40779547650175, 53.043150238726064], [41.48606165831951, 52.968599790885946], [41.56405823828245, 52.893998118853375], [41.64178668703093, 52.81934553691064], [41.719248466527475, 52.74464235705142], [41.79644503010199, 52.66988888899962], [41.87337782249693, 52.59508544022782], [41.95004827991259, 52.52023231597567], [42.02645783005231, 52.44532981926814], [42.102607892167704, 52.370378250933584], [42.17849987710397, 52.295377909621735], [42.25413518734515, 52.220329091821384], [42.32951521705927, 52.14523209187812], [42.40464135214362, 52.0700872020118], [42.47951497026995, 51.99489471233385], [42.5541374409296, 51.91965491086458], [42.62851012547857, 51.844368083550165], [42.70263437718264, 51.76903451427961], [42.77651154126241, 51.69365448490151], [42.85014295493813, 51.61822827524073], [42.92352994747474, 51.5427561631149], [42.9966738402266, 51.46723842435081], [43.06957594668227, 51.39167533280056], [43.142237572509224, 51.31606716035776], [43.21466001559834, 51.240414176973495], [43.28684456610851, 51.16471665067204], [43.35879250651097, 51.08897484756669], [43.43050511163365, 51.01318903187527], [43.5019836487054, 50.93735946593555], [43.57322937740006, 50.86148641022062], [43.644243549880464, 50.78557012335402], [43.715027410842374, 50.70961086212479], [43.78558219755813, 50.63360888150238], [43.85590913992044, 50.55756443465153], [43.926009460485815, 50.48147777294684], [43.99588437451796, 50.40534914598738], [44.0655350900311, 50.329178801611114], [44.13496280783301, 50.252966985909154], [44.20416872156814, 50.17671394324003], [44.27315401776034, 50.10041991624367], [44.34191987585566, 50.024085145855395], [44.410467468264855, 49.947709871319724], [44.478797960405856, 49.87129433020406], [44.54691251074599, 49.79483875841235], [44.614812270844126, 49.71834339019847], [44.682498385392606, 49.641808458179675], [44.74997199225909, 49.565234193349774], [44.817234222528114, 49.48862082509231], [44.884286200542675, 49.41196858119355], [44.95112904394545, 49.33527768785545], [45.01776386372001, 49.258548369708365], [45.0841917642318, 49.181780849823824], [45.15041384326886, 49.10497534972709], [45.21643119208261, 49.02813208940963], [45.28224489542822, 48.951251287341464], [45.34785603160491, 48.874333160483474], [45.41326567249614, 48.797377924299504], [45.47847488360944, 48.72038579276849], [45.54348472411628, 48.643356978396326], [45.6082962468916, 48.5662916922278], [45.67291049855325, 48.48919014385826], [45.73732851950113, 48.4120525414453], [45.801551343956355, 48.334879091720346], [45.86558, 48.257670000000005]]}, "properties": {"fa_flight_id": "RA65996-1600491889-adhoc-0", "registration": "RA-65996", "ident": "RA-65996", "ident_icao": NaN, "origin_code": "L 55.76241 38.30815", "origin_city": "Moscow", "destination_code": "L 48.25767 45.86558", "destination_city": "Volgograd", "scheduled_out": NaN, "estimated_out": NaN, "actual_out": NaN, "scheduled_off": "2020-09-19T05:04:49Z", "estimated_off": "2020-09-19T05:04:49Z", "actual_off": "2020-09-19T05:04:49Z", "scheduled_on": NaN, "estimated_on": NaN, "actual_on": "2020-09-19T05:04:49Z", "scheduled_in": NaN, "estimated_in": NaN, "actual_in": NaN, "status": "result unknown", "route_distance": NaN, "diverted": false, "cancelled": false, "simplified_departure_date": "2020-09-19", "origin_coords": [55.76241, 38.30815], "destination_coords": [48.25767, 45.86558], "is_same_city": false}}, {"type": "Feature", "geometry": {"type": "LineString", "coordinates": [[39.52116000000001, 45.88488000000001], [39.508484904729784, 45.9853823075987], [39.49576370294571, 46.085883208923875], [39.48299606456021, 46.18638269388784], [39.47018165651189, 46.2868807523117], [39.457320142731284, 46.3873773739244], [39.44441118410625, 46.487872548361636], [39.43145443844675, 46.58836626516479], [39.41844956044927, 46.68885851377974], [39.4053962016607, 46.789349283555936], [39.39229401044169, 46.889838563745094], [39.37914263192951, 46.990326343500136], [39.365941708000456, 47.09081261187402], [39.35269087723161, 47.19129735781858], [39.33938977486219, 47.29178057018331], [39.32603803275428, 47.39226223771417], [39.31263527935301, 47.49274234905238], [39.299181139646265, 47.5932208927331], [39.28567523512368, 47.693697857184326], [39.27211718373519, 47.79417323072543], [39.258506599848914, 47.89464700156597], [39.24484309420845, 47.9951191578044], [39.23112627388961, 48.09558968742667], [39.21735574225648, 48.19605857830486], [39.203531098916876, 48.29652581819591], [39.18965193967717, 48.39699139474015], [39.175717856496426, 48.4974552954599], [39.161728437439976, 48.59791750775805], [39.147683266632164, 48.69837801891659], [39.13358192420856, 48.79883681609518], [39.11942398626743, 48.89929388632962], [39.10520902482039, 48.99974921653033], [39.09093660774257, 49.10020279348081], [39.07660629872182, 49.20065460383612], [39.062217657207356, 49.30110463412126], [39.047770238357444, 49.40155287072955], [39.033263592986565, 49.50199929992105], [39.0186972675116, 49.60244390782086], [39.00407080389729, 49.70288668041745], [38.989383739600925, 49.80332760356095], [38.974635607516134, 49.903766662961445], [38.95982593591591, 50.004203844187195], [38.944954248394694, 50.104639132662854], [38.93002006380975, 50.20507251366768], [38.91502289622143, 50.30550397233366], [38.89996225483278, 50.40593349364369], [38.88483764392804, 50.50636106242966], [38.869648562810355, 50.60678666337052], [38.85439450573845, 50.707210280990346], [38.83907496186238, 50.80763189965638], [38.8236894151583, 50.90805150357695], [38.80823734436226, 51.0084690767995], [38.792718222902906, 51.10888460320851], [38.77713151883322, 51.20929806652331], [38.761476694761264, 51.30970945029609], [38.74575320777965, 51.41011873790954], [38.72996050939416, 51.51052591257483], [38.714098045451124, 51.610930957329245], [38.69816525606367, 51.71133385503398], [38.68216157553684, 51.81173458837175], [38.66608643229163, 51.91213313984458], [38.64993924878765, 52.012529491771254], [38.63371944144473, 52.11292362628503], [38.61742642056321, 52.21331552533114], [38.60105959024304, 52.31370517066424], [38.58461834830148, 52.41409254384596], [38.56810208618966, 52.51447762624225], [38.551510188907635, 52.614860399020785], [38.53484203491822, 52.71524084314834], [38.518096996059406, 52.81561893938803], [38.50127443745531, 52.91599466829662], [38.48437371742579, 53.016368010221655], [38.46739418739455, 53.1167389452987], [38.450335191795716, 53.217107453448406], [38.43319606797907, 53.31747351437363], [38.415976146113465, 53.417837107556366], [38.398674749088926, 53.518198212254816], [38.38129119241704, 53.61855680750027], [38.36382478412966, 53.718912872093966], [38.346274824676094, 53.81926638460393], [38.32864060681843, 53.919617323361734], [38.31092141552527, 54.01996566645922], [38.293116527863624, 54.12031139174515], [38.27522521288904, 54.22065447682181], [38.257246731533876, 54.32099489904155], [38.23918033649378, 54.42133263550332], [38.221025272112165, 54.521667663049], [38.202780774262834, 54.62199995825988], [38.184446070230564, 54.72232949745291], [38.166020378589685, 54.82265625667692], [38.14750290908072, 54.922980211708875], [38.12889286248468, 55.023301338049926], [38.1101894304955, 55.123619610921494], [38.09139179559011, 55.22393500526122], [38.07249913089633, 55.324247495718936], [38.05351060005855, 55.42455705665243], [38.03442535710101, 55.52486366212326], [38.01524254628879, 55.62516728589247], [37.99596130198638, 55.72546790141617], [37.97658074851376, 55.82576548184107], [37.957100000000004, 55.92606000000001]]}, "properties": {"fa_flight_id": "RA65996-1602084964-adhoc-0", "registration": "RA-65996", "ident": "RA-65996", "ident_icao": NaN, "origin_code": "L 45.88488 39.52116", "origin_city": "Krasnodar Krai", "destination_code": "L 55.92606 37.95710", "destination_city": "Moscow", "scheduled_out": NaN, "estimated_out": NaN, "actual_out": NaN, "scheduled_off": "2020-10-07T15:36:04Z", "estimated_off": "2020-10-07T15:36:04Z", "actual_off": "2020-10-07T15:36:04Z", "scheduled_on": NaN, "estimated_on": NaN, "actual_on": "2020-10-07T15:36:04Z", "scheduled_in": NaN, "estimated_in": NaN, "actual_in": NaN, "status": "result unknown", "route_distance": NaN, "diverted": false, "cancelled": false, "simplified_departure_date": "2020-10-07", "origin_coords": [45.88488, 39.52116], "destination_coords": [55.92606, 37.9571], "is_same_city": false}}, {"type": "Feature", "geometry": {"type": "LineString", "coordinates": [[39.58031, 46.78902000000001], [39.571954816628356, 46.772128424940135], [39.563604872725755, 46.75523624222751], [39.55526016210313, 46.73834345260175], [39.54692067858036, 46.72145005680132], [39.538586415986174, 46.70455605556359], [39.53025736815817, 46.68766144962488], [39.52193352894278, 46.67076623972032], [39.5136148921953, 46.65387042658398], [39.505301451779836, 46.63697401094882], [39.49699320156924, 46.62007699354671], [39.488690135445225, 46.60317937510842], [39.48039224729823, 46.58628115636362], [39.472099531027446, 46.56938233804089], [39.46381198054085, 46.55248292086772], [39.45552958975507, 46.5355829055705], [39.44725235259552, 46.51868229287457], [39.43898026299624, 46.50178108350414], [39.430713314899975, 46.48487927818237], [39.42245150225815, 46.467976877631315], [39.4141948190308, 46.451073882571976], [39.40594325918662, 46.43417029372425], [39.39769681670294, 46.417266111806995], [39.38945548556562, 46.40036133753797], [39.38121925976918, 46.38345597163386], [39.37298813331668, 46.36655001481029], [39.36476210021974, 46.34964346778184], [39.35654115449853, 46.332736331261984], [39.34832529018173, 46.315828605963155], [39.34011450130653, 46.298920292596726], [39.33190878191865, 46.282011391873034], [39.323708126072255, 46.2651019045013], [39.31551252783001, 46.24819183118976], [39.30732198126298, 46.23128117264554], [39.29913648045075, 46.21436992957474], [39.290956019481236, 46.197458102682425], [39.28278059245082, 46.180545692672574], [39.27461019346426, 46.163632700248165], [39.2664448166347, 46.146719126111094], [39.25828445608365, 46.12980497096225], [39.250129105940935, 46.11289023550145], [39.24197876034478, 46.095974920427516], [39.233833413441666, 46.07905902643819], [39.22569305938641, 46.0621425542302], [39.21755769234212, 46.04522550449925], [39.20942730648017, 46.028307877939994], [39.201301895980215, 46.011389675246086], [39.19318145503014, 45.994470897110126], [39.18506597782606, 45.97755154422371], [39.176955458572344, 45.960631617277414], [39.16884989148151, 45.94371111696076], [39.16074927077431, 45.92679004396229], [39.152653590679655, 45.90986839896951], [39.144562845434635, 45.89294618266893], [39.13647702928446, 45.876023395746024], [39.12839613648249, 45.85910003888525], [39.1203201612902, 45.842176112770105], [39.11224909797719, 45.82525161808303], [39.10418294082111, 45.808326555505474], [39.096121684107736, 45.79140092571789], [39.08806532213086, 45.77447472939971], [39.080013849192355, 45.75754796722941], [39.071967259602125, 45.740620639884405], [39.06392554767806, 45.72369274804118], [39.05588870774613, 45.706764292375176], [39.04785673414022, 45.68983527356086], [39.03982962120223, 45.672905692271705], [39.031807363282056, 45.6559755491802], [39.02378995473749, 45.639044844957844], [39.01577738993427, 45.622113580275155], [39.007769663246094, 45.60518175580166], [38.99976676905456, 45.588249372205915], [38.99176870174913, 45.57131643015548], [38.983775455727184, 45.554382930316955], [38.975787025393956, 45.53744887335595], [38.96780340516253, 45.5205142599371], [38.95982458945385, 45.50357909072408], [38.95185057269668, 45.48664336637958], [38.943881349327604, 45.46970708756535], [38.93591691379098, 45.45277025494213], [38.92795726053899, 45.43583286916972], [38.92000238403157, 45.418894930906944], [38.91205227873642, 45.40195644081168], [38.90410693912899, 45.385017399540835], [38.896166359692465, 45.368077807750375], [38.88823053491777, 45.35113766609526], [38.88029945930347, 45.33419697522956], [38.872373127355914, 45.31725573580634], [38.86445153358907, 45.30031394847773], [38.85653467252458, 45.28337161389494], [38.84862253869178, 45.26642873270817], [38.84071512662759, 45.24948530556674], [38.83281243087661, 45.232541333118974], [38.82491444599102, 45.21559681601229], [38.817021166530616, 45.19865175489313], [38.809132587062784, 45.18170615040704], [38.801248702162475, 45.16476000319857], [38.7933695064122, 45.147813313911385], [38.785494994402036, 45.1308660831882], [38.777625160729585, 45.11391831167079], [38.76976, 45.096970000000006]]}, "properties": {"fa_flight_id": "RA65996-1602061916-adhoc-0", "registration": "RA-65996", "ident": "RA-65996", "ident_icao": NaN, "origin_code": "L 46.78902 39.58031", "origin_city": "Krasnodar Krai", "destination_code": "L 45.09697 38.76976", "destination_city": "Krasnodar Krai", "scheduled_out": NaN, "estimated_out": NaN, "actual_out": NaN, "scheduled_off": "2020-10-07T09:11:56Z", "estimated_off": "2020-10-07T09:11:56Z", "actual_off": "2020-10-07T09:11:56Z", "scheduled_on": NaN, "estimated_on": NaN, "actual_on": "2020-10-07T09:11:56Z", "scheduled_in": NaN, "estimated_in": NaN, "actual_in": NaN, "status": "result unknown", "route_distance": NaN, "diverted": false, "cancelled": false, "simplified_departure_date": "2020-10-07", "origin_coords": [46.78902, 39.58031], "destination_coords": [45.09697, 38.76976], "is_same_city": false}}, {"type": "Feature", "geometry": {"type": "LineString", "coordinates": [[38.14995, 55.72428000000001], [38.14874787790241, 55.633695658629335], [38.14755130136224, 55.54311130556088], [38.146360226154286, 55.45252694088787], [38.14517460851377, 55.36194256470267], [38.14399440513038, 55.27135817709663], [38.14281957314235, 55.18077377816015], [38.14165007013061, 55.09018936798272], [38.14048585411305, 54.9996049466529], [38.13932688353893, 54.90902051425834], [38.13817311728323, 54.818436070885774], [38.1370245146413, 54.727851616621095], [38.13588103532334, 54.63726715154927], [38.134742639449186, 54.54668267575442], [38.13360928754305, 54.45609818931983], [38.13248094052841, 54.36551369232793], [38.13135755972287, 54.274929184860305], [38.130239106833244, 54.18434466699775], [38.12912554395062, 54.09376013882022], [38.12801683354549, 54.00317560040687], [38.12691293846301, 53.9125910518361], [38.125813821918335, 53.82200649318548], [38.124719447491934, 53.73142192453186], [38.123629779125054, 53.640837345951276], [38.12254478111525, 53.550252757519054], [38.12146441811197, 53.459668159309764], [38.12038865511212, 53.369083551397246], [38.11931745745592, 53.2784989338546], [38.118250790822515, 53.18791430675424], [38.117188621225935, 53.097329670167845], [38.116130915010906, 53.006745024166406], [38.11507763884885, 52.91616036882024], [38.114028759733905, 52.825575704198954], [38.112984244978946, 52.73499103037151], [38.111944062211776, 52.64440634740619], [38.110908179371286, 52.55382165537064], [38.109876564703676, 52.46323695433182], [38.1088491867588, 52.372652244356075], [38.10782601438645, 52.28206752550912], [38.10680701673282, 52.19148279785604], [38.10579216323693, 52.100898061461315], [38.10478142362711, 52.01031331638877], [38.10377476791759, 51.91972856270167], [38.1027721664051, 51.829143800462674], [38.10177358966548, 51.73855902973386], [38.10077900855041, 51.64797425057669], [38.099788394184166, 51.55738946305209], [38.0988017179604, 51.46680466722042], [38.097818951538926, 51.37621986314142], [38.09684006684272, 51.285635050874355], [38.09586503605468, 51.19505023047789], [38.094893831614776, 51.10446540201015], [38.09392642621688, 51.013880565528744], [38.09296279280595, 50.92329572109074], [38.09200290457507, 50.83271086875269], [38.091046734962575, 50.74212600857062], [38.09009425764923, 50.651541140600045], [38.089145446555456, 50.560956264895985], [38.088200275838545, 50.47037138151295], [38.08725871989, 50.379786490504955], [38.08632075333281, 50.28920159192553], [38.08538635101879, 50.19861668582773], [38.08445548802607, 50.10803177226412], [38.08352813965645, 50.017446851286806], [38.08260428143285, 49.9268619229474], [38.0816838890969, 49.836276987297104], [38.08076693860638, 49.74569204438662], [38.079853406132855, 49.65510709426619], [38.078943268059234, 49.564522136985666], [38.07803650097739, 49.473937172594404], [38.07713308168591, 49.38335220114136], [38.07623298718768, 49.292767222675025], [38.07533619468767, 49.20218223724351], [38.07444268159068, 49.111597244894455], [38.07355242549916, 49.0210122456751], [38.07266540421092, 48.930427239632316], [38.07178159571712, 48.839842226812486], [38.07090097820001, 48.74925720726164], [38.070023530030916, 48.65867218102544], [38.06914922976812, 48.56808714814907], [38.06827805615486, 48.47750210867739], [38.067409988117255, 48.38691706265486], [38.06654500476235, 48.296332010125525], [38.06568308537616, 48.20574695113311], [38.064824209421694, 48.115161885720916], [38.063968356537046, 48.0245768139319], [38.06311550653353, 47.93399173580865], [38.06226563939379, 47.84340665139339], [38.061418735269974, 47.75282156072799], [38.06057477448188, 47.66223646385396], [38.05973373751521, 47.57165136081245], [38.058895605019764, 47.48106625164431], [38.0580603578077, 47.39048113638998], [38.05722797685179, 47.29989601508962], [38.05639844328375, 47.20931088778303], [38.055571738392516, 47.11872575450968], [38.05474784362259, 47.02814061530868], [38.05392674057242, 46.93755547021888], [38.05310841099278, 46.84697031927877], [38.0522928367851, 46.75638516252653], [38.05147999999999, 46.6658]]}, "properties": {"fa_flight_id": "RA65996-1602045712-adhoc-0", "registration": "RA-65996", "ident": "RA-65996", "ident_icao": NaN, "origin_code": "L 55.72428 38.14995", "origin_city": "Moscow", "destination_code": "L 46.66580 38.05148", "destination_city": "Krasnodar Krai", "scheduled_out": NaN, "estimated_out": NaN, "actual_out": NaN, "scheduled_off": "2020-10-07T04:41:52Z", "estimated_off": "2020-10-07T04:41:52Z", "actual_off": "2020-10-07T04:41:52Z", "scheduled_on": NaN, "estimated_on": NaN, "actual_on": "2020-10-07T04:41:52Z", "scheduled_in": NaN, "estimated_in": NaN, "actual_in": NaN, "status": "result unknown", "route_distance": NaN, "diverted": false, "cancelled": false, "simplified_departure_date": "2020-10-07", "origin_coords": [55.72428, 38.14995], "destination_coords": [46.6658, 38.05148], "is_same_city": false}}, {"type": "Feature", "geometry": {"type": "LineString", "coordinates": [[30.384140000000002, 60.07908], [30.47107427406839, 60.03931356002343], [30.55779930467161, 59.999490186380534], [30.644315632753177, 59.95961010722305], [30.730623799584293, 59.91967354981977], [30.81672434673697, 59.87968074055805], [30.90261781605738, 59.83963190494545], [30.98830474963964, 59.79952726761133], [31.073785689799838, 59.75936705230859], [31.159061179050436, 59.7191514819153], [31.244131760075003, 59.678880778436415], [31.3289979757032, 59.63855516300559], [31.413660368886205, 59.59817485588694], [31.498119482672305, 59.55774007647672], [31.582375860182992, 59.51725104330532], [31.66643004458917, 59.476707974039044], [31.750282579087788, 59.43611108548192], [31.83393400687881, 59.3954605935777], [31.917384871142346, 59.354756713411724], [32.00063571501629, 59.31399965921286], [32.083687081574034, 59.27318964435545], [32.16653951380269, 59.232326881361374], [32.24919355458144, 59.191411581902], [32.33164974666028, 59.15044395680015], [32.41390863263903, 59.10942421603228], [32.49597075494661, 59.068352568730454], [32.57783665582061, 59.02722922318442], [32.659506877287185, 58.98605438684379], [32.740981961141145, 58.9448282663201], [32.82226244892643, 58.90355106738893], [32.90334888191674, 58.86222299499218], [32.984241801096594, 58.82084425324005], [33.064941747142505, 58.77941504541343], [33.14544926040446, 58.737935573965984], [33.22576488088779, 58.69640604052641], [33.305889148235146, 58.65482664590068], [33.385822601708796, 58.613197590074215], [33.465565780173236, 58.571519072214336], [33.54511922207795, 58.529791290672364], [33.62448346544052, 58.488014442985985], [33.703659047829944, 58.44618872588154], [33.78264650635019, 58.404314335276396], [33.86144637762406, 58.36239146628121], [33.9400591977772, 58.32042031320232], [34.01848550242248, 58.27840106954407], [34.0967258266445, 58.23633392801122], [34.174780704984364, 58.194219080511296], [34.25265067142475, 58.15205671815696], [34.33033625937517, 58.1098470312685], [34.40783800165741, 58.06759020937609], [34.4851564304913, 58.025286441222384], [34.56229207748065, 57.98293591476479], [34.63924547359942, 57.94053881717804], [34.7160171491781, 57.89809533485653], [34.79260763389036, 57.85560565341687], [34.86901745673986, 57.81306995770026], [34.9452471460473, 57.770488431775036], [35.02129722943769, 57.727861258939086], [35.09716823382783, 57.685188621722425], [35.17286068541402, 57.64247070188961], [35.24837510965988, 57.59970768044222], [35.32371203128452, 57.55689973762149], [35.39887197425082, 57.5140470529107], [35.47385546175391, 57.471149805037726], [35.54866301620992, 57.42820817197762], [35.62329515924483, 57.385222330955045], [35.697752411683595, 57.342192458446924], [35.77203529353942, 57.299118730184844], [35.84614432400322, 57.256001321157754], [35.920080021433336, 57.21284040561437], [35.993842903345325, 57.16963615706584], [36.06743348640208, 57.1263887482882], [36.14085228640394, 57.08309835132504], [36.2140998182792, 57.03976513748999], [36.28717659607461, 56.99638927736929], [36.36008313294619, 56.952970940824414], [36.432819941150115, 56.90951029699459], [36.50538753203385, 56.86600751429939], [36.57778641602744, 56.82246276044131], [36.650017102634905, 56.77887620240833], [36.72208010042589, 56.73524800647653], [36.79397591702744, 56.69157833821266], [36.86570505911592, 56.64786736247665], [36.93726803240915, 56.60411524342434], [37.008665341658656, 56.56032214450993], [37.07989749064208, 56.51648822848861], [37.15096498215577, 56.4726136574192], [37.22186831800749, 56.428698592666635], [37.29260799900935, 56.38474319490464], [37.363184524970805, 56.34074762411826], [37.43359839469186, 56.29671203960649], [37.503850105956374, 56.252636599984804], [37.573940155525555, 56.20852146318782], [37.64386903913162, 56.1643667864718], [37.71363725147152, 56.12017272641727], [37.783245286200795, 56.07593943893164], [37.852693635927764, 56.03166707925171], [37.92198279220755, 55.98735580194635], [37.99111324553648, 55.94300576091892], [38.060085485346576, 55.89861710941004], [38.1289, 55.85419]]}, "properties": {"fa_flight_id": "RA65996-1602859266-adhoc-0", "registration": "RA-65996", "ident": "RA-65996", "ident_icao": NaN, "origin_code": "L 60.07908 30.38414", "origin_city": "Saint Petersburg", "destination_code": "L 55.85419 38.12890", "destination_city": "Moscow", "scheduled_out": NaN, "estimated_out": NaN, "actual_out": NaN, "scheduled_off": "2020-10-16T14:41:06Z", "estimated_off": "2020-10-16T14:41:06Z", "actual_off": "2020-10-16T14:41:06Z", "scheduled_on": NaN, "estimated_on": NaN, "actual_on": "2020-10-16T14:41:06Z", "scheduled_in": NaN, "estimated_in": NaN, "actual_in": NaN, "status": "result unknown", "route_distance": NaN, "diverted": false, "cancelled": false, "simplified_departure_date": "2020-10-16", "origin_coords": [60.07908, 30.38414], "destination_coords": [55.85419, 38.1289], "is_same_city": false}}, {"type": "Feature", "geometry": {"type": "LineString", "coordinates": [[37.94681, 56.054379999999995], [37.87731752752458, 56.09734547768012], [37.80766986745763, 56.14027184799662], [37.73786656326856, 56.18315896008516], [37.6679071575954, 56.22600666245687], [37.59779119225152, 56.268814802995905], [37.527518208232436, 56.311583228957396], [37.457087745722795, 56.354311786965134], [37.38649934410342, 56.39700032300945], [37.315752541958666, 56.43964868244494], [37.24484687708363, 56.4822567099883], [37.17378188649185, 56.5248242497161], [37.102557106422786, 56.5673511450626], [37.03117207234972, 56.609837238817605], [36.95962631898767, 56.65228237312411], [36.88791938030149, 56.6946863894763], [36.81605078951407, 56.7370491287172], [36.74402007911477, 56.77937043103665], [36.67182678086789, 56.82165013596893], [36.599470425821394, 56.86388808239073], [36.52695054431575, 56.906084108518925], [36.45426666599292, 56.948238051908376], [36.38141831980546, 56.990349749449784], [36.30840503402591, 57.03241903736754], [36.2352263362562, 57.0744457512175], [36.161881753437285, 57.11642972588495], [36.08837081185896, 57.15837079558231], [36.0146930371698, 57.20026879384706], [35.940847954387266, 57.24212355353962], [35.86683508790803, 57.28393490684116], [35.792653961518425, 57.325702685251535], [35.71830409840502, 57.36742671958707], [35.64378502116552, 57.40910683997852], [35.569096251819666, 57.45074287586892], [35.494237311820434, 57.49233465601148], [35.41920772206533, 57.533882008467515], [35.34400700290793, 57.5753847606043], [35.26863467416956, 57.61684273909307], [35.193090255151226, 57.65825576990684], [35.11737326464557, 57.69962367831838], [35.04148322094922, 57.74094628889823], [34.965419641875165, 57.78222342551249], [34.889182044765434, 57.82345491132092], [34.812769946503856, 57.86464056877484], [34.73618286352915, 57.905780219615096], [34.65942031184806, 57.94687368487007], [34.58248180704881, 57.987920784853685], [34.50536686431468, 58.028921339163375], [34.42807499843787, 58.06987516667808], [34.35060572383346, 58.110782085556366], [34.272958554553604, 58.15164191323434], [34.195133004302036, 58.19245446642378], [34.11712858644862, 58.23321956111017], [34.03894481404428, 58.27393701255077], [33.960581199835914, 58.31460663527272], [33.882037256281826, 58.355228243071025], [33.80331249556711, 58.39580164900686], [33.724406429619364, 58.4363266654055], [33.64531857012464, 58.476803103854614], [33.56604842854353, 58.51723077520226], [33.486595516127636, 58.55760948955514], [33.406959343936066, 58.59793905627681], [33.32713942285226, 58.63821928398579], [33.24713526360112, 58.678449980553765], [33.16694637676621, 58.71863095310391], [33.08657227280727, 58.75876200800904], [33.00601246207801, 58.7988429508899], [32.92526645484409, 58.8388735866134], [32.844333761301286, 58.878853719290966], [32.76321389159401, 58.9187831522768], [32.68190635583399, 58.958661688166195], [32.60041066411923, 58.998489128793935], [32.51872632655321, 59.03826527523258], [32.4368528532643, 59.07798992779093], [32.35478975442551, 59.117662886012354], [32.27253654027438, 59.157283948673204], [32.19009272113321, 59.196852913781385], [32.10745780742953, 59.23636957857456], [32.024631309716774, 59.27583373951894], [31.941612738695287, 59.31524519230752], [31.85840160523355, 59.35460373185877], [31.774997420389667, 59.39390915231513], [31.691399695433155, 59.43316124704155], [31.60760794186696, 59.47235980862411], [31.523621671449757, 59.51150462886866], [31.43944039621852, 59.550595498799396], [31.35506362851136, 59.58963220865757], [31.270490880990682, 59.628614547900234], [31.18572166666652, 59.66754230519879], [31.10075549892029, 59.70641526843794], [31.015591891528643, 59.74523322471426], [30.9302303586878, 59.78399596033511], [30.84467041503803, 59.82270326081747], [30.758911575688433, 59.86135491088672], [30.672953356242086, 59.8999506944755], [30.586795272821384, 59.93849039472274], [30.500436842093745, 59.976973793972434], [30.413877581297562, 60.01540067377279], [30.327117008268466, 60.05377081487502], [30.240154641465914, 60.09208399723256], [30.15299, 60.130340000000004]]}, "properties": {"fa_flight_id": "RA65996-1602832586-adhoc-0", "registration": "RA-65996", "ident": "RA-65996", "ident_icao": NaN, "origin_code": "L 56.05438 37.94681", "origin_city": "Moscow", "destination_code": "L 60.13034 30.15299", "destination_city": "Saint Petersburg", "scheduled_out": NaN, "estimated_out": NaN, "actual_out": NaN, "scheduled_off": "2020-10-16T07:16:26Z", "estimated_off": "2020-10-16T07:16:26Z", "actual_off": "2020-10-16T07:16:26Z", "scheduled_on": NaN, "estimated_on": NaN, "actual_on": "2020-10-16T07:16:26Z", "scheduled_in": NaN, "estimated_in": NaN, "actual_in": NaN, "status": "result unknown", "route_distance": NaN, "diverted": false, "cancelled": false, "simplified_departure_date": "2020-10-16", "origin_coords": [56.05438, 37.94681], "destination_coords": [60.13034, 30.15299], "is_same_city": false}}, {"type": "Feature", "geometry": {"type": "LineString", "coordinates": [[38.22542, 55.9722], [38.22366726878076, 55.97432073865118], [38.221914345374586, 55.9764414524339], [38.2201612297473, 55.97856214134348], [38.218407921864745, 55.9806828053752], [38.216654421692745, 55.982803444524336], [38.21490072919712, 55.98492405878616], [38.21314684434367, 55.98704464815599], [38.2113927670982, 55.989165212629075], [38.20963849742651, 55.991285752200724], [38.20788403529439, 55.99340626686619], [38.20612938066761, 55.99552675662076], [38.20437453351195, 55.99764722145974], [38.20261949379318, 55.99976766137837], [38.20086426147705, 56.00188807637194], [38.19910883652931, 56.004008466435735], [38.19735321891571, 56.006128831565], [38.19559740860198, 56.00824917175504], [38.193841405553854, 56.01036948700111], [38.192085209737044, 56.01248977729848], [38.190328821117284, 56.01461004264242], [38.18857223966026, 56.01673028302819], [38.186815465331684, 56.018850498451066], [38.18505849809724, 56.02097068890633], [38.183301337922614, 56.02309085438922], [38.1815439847735, 56.025210994895005], [38.17978643861554, 56.027331110418956], [38.178028699414405, 56.02945120095632], [38.17627076713576, 56.03157126650238], [38.17451264174526, 56.03369130705237], [38.17275432320852, 56.035811322601575], [38.170995811491196, 56.037931313145215], [38.169237106558896, 56.040051278678575], [38.167478208377254, 56.04217121919691], [38.16571911691187, 56.044291134695456], [38.16395983212835, 56.04641102516946], [38.16220035399229, 56.048530890614195], [38.160440682469286, 56.05065073102491], [38.15868081752491, 56.05277054639684], [38.15692075912473, 56.05489033672524], [38.15516050723433, 56.05701010200534], [38.15340006181926, 56.059129842232416], [38.15163942284508, 56.061249557401695], [38.14987859027731, 56.06336924750841], [38.14811756408152, 56.06548891254783], [38.146356344223214, 56.06760855251517], [38.14459493066792, 56.06972816740567], [38.14283332338117, 56.071847757214606], [38.14107152232844, 56.07396732193716], [38.13930952747526, 56.076086861568626], [38.137547338787115, 56.078206376104184], [38.13578495622947, 56.08032586553911], [38.13402237976782, 56.082445329868605], [38.132259609367644, 56.08456476908795], [38.13049664499438, 56.086684183192304], [38.12873348661351, 56.08880357217695], [38.126970134190465, 56.090922936037096], [38.125206587690684, 56.09304227476799], [38.12344284707961, 56.09516158836483], [38.121678912322665, 56.09728087682286], [38.11991478338526, 56.09940014013729], [38.11815046023281, 56.10151937830336], [38.11638594283074, 56.10363859131627], [38.11462123114441, 56.10575777917128], [38.112856325139234, 56.10787694186355], [38.11109122478059, 56.10999607938835], [38.10932593003382, 56.11211519174087], [38.10756044086434, 56.114234278916335], [38.10579475723748, 56.11635334090996], [38.10402887911859, 56.11847237771696], [38.10226280647303, 56.120591389332546], [38.10049653926612, 56.12271037575193], [38.098730077463195, 56.12482933697031], [38.096963421029585, 56.126948272982915], [38.09519656993058, 56.12906718378494], [38.093429524131516, 56.131186069371594], [38.09166228359767, 56.133304929738095], [38.08989484829434, 56.135423764879626], [38.08812721818683, 56.137542574791404], [38.086359393240386, 56.13966135946863], [38.08459137342029, 56.14178011890652], [38.082823158691795, 56.14389885310023], [38.08105474902019, 56.14601756204502], [38.07928614437067, 56.148136245736026], [38.077517344708525, 56.150254904168484], [38.075748349998946, 56.15237353733758], [38.07397916020718, 56.154492145238514], [38.07220977529843, 56.15661072786646], [38.07044019523792, 56.15872928521664], [38.068670419990845, 56.16084781728422], [38.0669004495224, 56.16296632406439], [38.06513028379778, 56.165084805552354], [38.06335992278213, 56.167203261743296], [38.06158936644067, 56.1693216926324], [38.05981861473853, 56.17144009821484], [38.0580476676409, 56.173558478485816], [38.05627652511289, 56.17567683344051], [38.05450518711968, 56.17779516307409], [38.05273365362636, 56.17991346738175], [38.0509619245981, 56.18203174635866], [38.049189999999996, 56.18415]]}, "properties": {"fa_flight_id": "RA65996-1602574368-adhoc-0", "registration": "RA-65996", "ident": "RA-65996", "ident_icao": NaN, "origin_code": "L 55.97220 38.22542", "origin_city": "Moscow", "destination_code": "L 56.18415 38.04919", "destination_city": "Moscow", "scheduled_out": NaN, "estimated_out": NaN, "actual_out": NaN, "scheduled_off": "2020-10-13T07:32:48Z", "estimated_off": "2020-10-13T07:32:48Z", "actual_off": "2020-10-13T07:32:48Z", "scheduled_on": NaN, "estimated_on": NaN, "actual_on": "2020-10-13T07:32:48Z", "scheduled_in": NaN, "estimated_in": NaN, "actual_in": NaN, "status": "result unknown", "route_distance": NaN, "diverted": false, "cancelled": false, "simplified_departure_date": "2020-10-13", "origin_coords": [55.9722, 38.22542], "destination_coords": [56.18415, 38.04919], "is_same_city": false}}, {"type": "Feature", "geometry": {"type": "LineString", "coordinates": [[48.25603, 55.80444], [48.15349361060591, 55.81008519521827], [48.050927699344705, 55.815645071233526], [47.9483327015273, 55.82111958584644], [47.84570905333876, 55.82650869747887], [47.74305719182609, 55.83181236517542], [47.6403775548858, 55.83703054860488], [47.537670581251575, 55.84216320806178], [47.434936710481765, 55.84721030446783], [47.33217638294685, 55.85217179937339], [47.22939003981692, 55.857047654958876], [47.12657812304895, 55.86183783403618], [47.023741075374126, 55.866542300050064], [46.92087934028509, 55.87116101707948], [46.817993362023145, 55.87569394983894], [46.71508358556529, 55.88014106367984], [46.6121504566114, 55.88450232459173], [46.5091944215712, 55.888777699203565], [46.40621592755121, 55.89296715478503], [46.30321542234167, 55.89707065924772], [46.20019335440342, 55.90108818114627], [46.09715017285468, 55.905019689679676], [45.99408632745786, 55.90886515469232], [45.89100226860621, 55.912624546675204], [45.78789844731051, 55.916297836767], [45.684775315185775, 55.91988499675514], [45.58163332443766, 55.923385999076885], [45.47847292784917, 55.926800816820375], [45.375294578767004, 55.93012942372562], [45.27209873108808, 55.93337179418553], [45.16888583924592, 55.93652790324683], [45.06565635819699, 55.93959772661102], [44.962410743407084, 55.942581240635334], [44.85914945083751, 55.94547842233358], [44.75587293693145, 55.94828924937699], [44.652581658600084, 55.9510137000952], [44.549276073208794, 55.95365175347689], [44.44595663856332, 55.956203389170696], [44.34262381289583, 55.95866858748595], [44.23927805485106, 55.96104732939342], [44.13591982347228, 55.963339596526076], [44.03254957818734, 55.96554537117969], [43.92916777879469, 55.96766463631363], [43.825774885449285, 55.96969737555139], [43.72237135864851, 55.971643573181325], [43.61895765921813, 55.97350321415718], [43.515534248298174, 55.975276284098655], [43.412101587328664, 55.976962769291994], [43.30866013803562, 55.97856265669045], [43.20521036241674, 55.9800759339149], [43.101752722727284, 55.98150258925415], [42.99828768146571, 55.982842611665504], [42.8948157013596, 55.98409599077517], [42.791337245351244, 55.985262716878594], [42.687852776583384, 55.9863427809409], [42.58436275838502, 55.98733617459717], [42.48086765425695, 55.98824289015285], [42.37736792785753, 55.98906292058393], [42.273864042988336, 55.989796259537336], [42.17035646357974, 55.99044290133107], [42.06684565367667, 55.99100284095447], [41.96333207742412, 55.99147607406844], [41.85981619905286, 55.9918625970055], [41.75629848286497, 55.992162406770085], [41.652779393219575, 55.99237550103851], [41.54925939451834, 55.99250187815916], [41.44573895119109, 55.99254153715251], [41.34221852768148, 55.99249447771114], [41.23869858843253, 55.992360700199846], [41.13517959787224, 55.99214020565549], [41.03166202039921, 55.99183299578704], [40.92814632036823, 55.991439072975524], [40.82463296207589, 55.99095844027387], [40.72112240974617, 55.990391101406864], [40.61761512751613, 55.98973706077092], [40.51411157942143, 55.988996323434016], [40.41061222938205, 55.988168895135374], [40.307117541187885, 55.98725478228542], [40.2036279784844, 55.98625399196532], [40.10014400475832, 55.9851665319269], [39.99666608332326, 55.983992410592236], [39.89319467730545, 55.982731637053384], [39.78973024962942, 55.981384221071984], [39.68627326300373, 55.979950173079], [39.58282417990665, 55.97842950417414], [39.479383462572024, 55.9768222261256], [39.37595157297491, 55.97512835136957], [39.27252897281746, 55.97334789300969], [39.16911612351469, 55.9714808648166], [39.06571348618033, 55.96952728122748], [38.962321521612665, 55.967487157345374], [38.85894069028043, 55.96536050893873], [38.75557145230869, 55.96314735244072], [38.65221426746482, 55.96084770494865], [38.5488695951444, 55.9584615842233], [38.445537894357244, 55.955989008688285], [38.342219623713405, 55.953429997429296], [38.23891524140922, 55.950784570193406], [38.13562520521337, 55.948052747388346], [38.03234997245304, 55.94523455008165], [37.92909, 55.94233]]}, "properties": {"fa_flight_id": "RA65996-1604070031-adhoc-0", "registration": "RA-65996", "ident": "RA-65996", "ident_icao": NaN, "origin_code": "L 55.80444 48.25603", "origin_city": "Kazan", "destination_code": "L 55.94233 37.92909", "destination_city": "Moscow", "scheduled_out": NaN, "estimated_out": NaN, "actual_out": NaN, "scheduled_off": "2020-10-30T15:00:31Z", "estimated_off": "2020-10-30T15:00:31Z", "actual_off": "2020-10-30T15:00:31Z", "scheduled_on": NaN, "estimated_on": NaN, "actual_on": "2020-10-30T15:00:31Z", "scheduled_in": NaN, "estimated_in": NaN, "actual_in": NaN, "status": "result unknown", "route_distance": NaN, "diverted": false, "cancelled": false, "simplified_departure_date": "2020-10-30", "origin_coords": [55.80444, 48.25603], "destination_coords": [55.94233, 37.92909], "is_same_city": false}}, {"type": "Feature", "geometry": {"type": "LineString", "coordinates": [[38.29002, 55.7783], [38.396282077951774, 55.785274347347716], [38.502581957459135, 55.79215702501594], [38.60891916104968, 55.798947976911066], [38.715293210051826, 55.80564714764299], [38.821703624608794, 55.8122544825273], [38.92814992369257, 55.81876992758741], [39.034631625118166, 55.82519342955672], [39.141148245557766, 55.831524935880694], [39.24769930055509, 55.83776439471898], [39.35428430453983, 55.843911754947406], [39.46090277084206, 55.84996696616012], [39.56755421170695, 55.855929978671455], [39.674238138309335, 55.861800743518025], [39.78095406076852, 55.867579212460605], [39.887701488163124, 55.8732653379861], [39.99447992854598, 55.87885907330939], [40.10128888895915, 55.8843603723753], [40.20812787544902, 55.88976918986032], [40.314996393081465, 55.895085481174505], [40.42189394595707, 55.90030920246325], [40.52882003722648, 55.905440310609045], [40.63577416910575, 55.91047876323319], [40.742755842891896, 55.91542451869756], [40.84976455897833, 55.92027753610619], [40.956799816870586, 55.92503777530705], [41.063861115201945, 55.92970519689351], [41.17094795174918, 55.93427976220609], [41.27805982344845, 55.93876143333394], [41.38519622641114, 55.94315017311634], [41.492356655939815, 55.94744594514431], [41.59954060654432, 55.951648713762005], [41.7067475719578, 55.955758444068216], [41.813977045152846, 55.95977510191769], [41.92122851835781, 55.96369865392269], [42.02850148307296, 55.96752906745418], [42.13579543008687, 55.97126631064326], [42.24310984949286, 55.97491035238243], [42.35044423070538, 55.978461162326845], [42.4577980624765, 55.981918710895584], [42.565170832912564, 55.98528296927286], [42.67256202949069, 55.98855390940918], [42.77997113907557, 55.99173150402246], [42.887397647936, 55.994815726599235], [42.99484104176182, 55.99780655139565], [43.102300805680635, 56.00070395343856], [43.20977642427468, 56.003507908526544], [43.31726738159774, 56.006218393230945], [43.42477316119206, 56.00883538489675], [43.53229324610539, 56.01135886164352], [43.63982711890799, 56.013788802366456], [43.74737426170961, 56.01612518673701], [43.85493415617676, 56.0183679952039], [43.9625062835497, 56.02051720899391], [44.070090124659735, 56.022572810112564], [44.177685159946314, 56.02453478134493], [44.28529086947436, 56.026403106256346], [44.39290673295151, 56.02817776919308], [44.50053222974541, 56.029858755282916], [44.608166838901056, 56.031446050435925], [44.715810039158164, 56.032939641344825], [44.82346130896856, 56.03433951548574], [44.931120126513534, 56.03564566111858], [45.03878596972131, 56.03685806728758], [45.1464583162845, 56.03797672382179], [45.25413664367758, 56.03900162133537], [45.361820429174344, 56.039932751228136], [45.46950914986543, 56.0407701056858], [45.577202282675856, 56.04151367768034], [45.68489930438251, 56.042163460970286], [45.79259969163176, 56.04271945010097], [45.90030292095693, 56.04318164040477], [46.00800846879595, 56.04355002800127], [46.11571581150887, 56.04382460979745], [46.22342442539545, 56.04400538348785], [46.3311337867128, 56.044092347554525], [46.438843371692876, 56.044085501267276], [46.546552656560145, 56.04398484468361], [46.654261117549176, 56.043790378648694], [46.76196823092215, 56.04350210479539], [46.869673472986584, 56.04312002554416], [46.97737632011277, 56.04264414410292], [47.085076248751456, 56.04207446446704], [47.192772735451406, 56.04141099141901], [47.300465256876926, 56.04065373052837], [47.408153289825435, 56.03980268815138], [47.515836311245025, 56.038857871430864], [47.62351379825198, 56.03781928829583], [47.73118522814829, 56.03668694746119], [47.838850078439194, 56.03546085842736], [47.94650782685059, 56.034141031479905], [48.05415795134657, 56.03272747768909], [48.16179993014683, 56.031220208909424], [48.26943324174411, 56.02961923777919], [48.37705736492158, 56.02792457771989], [48.484671778770306, 56.02613624293572], [48.592275962706445, 56.02425424841298], [48.69986939648871, 56.02227860991943], [48.80745156023561, 56.02020934400368], [48.91502193444275, 56.018046467994495], [49.02257999999999, 56.01579000000001]]}, "properties": {"fa_flight_id": "RA65996-1604038920-adhoc-0", "registration": "RA-65996", "ident": "RA-65996", "ident_icao": NaN, "origin_code": "L 55.77830 38.29002", "origin_city": "Moscow", "destination_code": "L 56.01579 49.02258", "destination_city": "Kazan", "scheduled_out": NaN, "estimated_out": NaN, "actual_out": NaN, "scheduled_off": "2020-10-30T06:22:00Z", "estimated_off": "2020-10-30T06:22:00Z", "actual_off": "2020-10-30T06:22:00Z", "scheduled_on": NaN, "estimated_on": NaN, "actual_on": "2020-10-30T06:22:00Z", "scheduled_in": NaN, "estimated_in": NaN, "actual_in": NaN, "status": "result unknown", "route_distance": NaN, "diverted": false, "cancelled": false, "simplified_departure_date": "2020-10-30", "origin_coords": [55.7783, 38.29002], "destination_coords": [56.01579, 49.02258], "is_same_city": false}}, {"type": "Feature", "geometry": {"type": "LineString", "coordinates": [[38.21450999999999, 55.81987], [38.211018341173926, 55.82200302614554], [38.20752629947466, 55.824135953389124], [38.20403387484729, 55.82626878171196], [38.20054106723691, 55.82840151109528], [38.19704787658862, 55.830534141520324], [38.193554302847495, 55.832666672968294], [38.190060345958635, 55.834799105420416], [38.1865660058671, 55.8369314388579], [38.183071282517965, 55.839063673261954], [38.179576175856305, 55.84119580861378], [38.17608068582719, 55.843327844894596], [38.17258481237565, 55.84545978208557], [38.169088555446784, 55.847591620167925], [38.165591914985605, 55.84972335912283], [38.162094890937176, 55.85185499893148], [38.15859748324654, 55.85398653957504], [38.15509969185873, 55.85611798103472], [38.15160151671876, 55.85824932329169], [38.14810295777169, 55.86038056632707], [38.144604014962525, 55.86251171012211], [38.14110468823628, 55.8646427546579], [38.137604977537976, 55.86677369991563], [38.13410488281262, 55.86890454587645], [38.130604404005226, 55.871035292521526], [38.12710354106077, 55.87316593983199], [38.12360229392428, 55.875296487788994], [38.120100662540715, 55.87742693637366], [38.11659864685508, 55.879557285567145], [38.11309624681236, 55.881687535350586], [38.10959346235754, 55.883817685705075], [38.10609029343555, 55.88594773661179], [38.102586739991416, 55.888077688051816], [38.09908280197006, 55.89020754000629], [38.09557847931646, 55.892337292456304], [38.09207377197557, 55.89446694538298], [38.08856867989233, 55.896596498767416], [38.08506320301171, 55.89872595259073], [38.08155734127861, 55.900855306833996], [38.07805109463802, 55.902984561478334], [38.07454446303483, 55.90511371650482], [38.07103744641399, 55.907242771894545], [38.067530044720414, 55.909371727628596], [38.06402225789901, 55.91150058368806], [38.060514085894724, 55.91362934005398], [38.05700552865244, 55.91575799670745], [38.053496586117085, 55.91788655362954], [38.049987258233536, 55.92001501080131], [38.046477544946704, 55.92214336820382], [38.04296744620149, 55.924271625818115], [38.03945696194275, 55.92639978362527], [38.03594609211539, 55.92852784160632], [38.032434836664294, 55.930655799742304], [38.02892319553432, 55.93278365801427], [38.02541116867035, 55.93491141640326], [38.02189875601725, 55.9370390748903], [38.01838595751987, 55.93916663345642], [38.014872773123074, 55.941294092082664], [38.01135920277171, 55.94342145075002], [38.00784524641063, 55.94554870943952], [38.00433090398468, 55.947675868132194], [38.000816175438686, 55.94980292680903], [37.9973010607175, 55.95192988545105], [37.993785559765925, 55.95405674403925], [37.99026967252881, 55.95618350255462], [37.986753398950974, 55.95831016097818], [37.983236738977226, 55.9604367192909], [37.97971969255238, 55.96256317747377], [37.97620225962124, 55.96468953550777], [37.97268444012861, 55.966815793373904], [37.96916623401929, 55.968941951053125], [37.96564764123809, 55.9710680085264], [37.962128661729764, 55.973193965774705], [37.95860929543914, 55.97531982277902], [37.95508954231096, 55.97744557952027], [37.951569402290026, 55.97957123597945], [37.94804887532109, 55.98169679213749], [37.944527961348946, 55.983822247975354], [37.941006660318344, 55.98594760347397], [37.93748497217403, 55.98807285861429], [37.93396289686078, 55.990198013377245], [37.93044043432333, 55.992323067743776], [37.92691758450643, 55.99444802169481], [37.92339434735482, 55.996572875211264], [37.91987072281324, 55.998697628274066], [37.916346710826424, 56.000822280864135], [37.91282231133909, 56.0029468329624], [37.90929752429597, 56.00507128454975], [37.90577234964178, 56.007195635607104], [37.90224678732123, 56.00931988611535], [37.89872083727904, 56.01144403605541], [37.895194499459926, 56.01356808540815], [37.89166777380857, 56.01569203415448], [37.88814066026968, 56.01781588227531], [37.884613158787936, 56.01993962975147], [37.88108526930804, 56.02206327656388], [37.87755699177466, 56.02418682269339], [37.8740283261325, 56.026310268120895], [37.87049927232622, 56.02843361282726], [37.866969830300505, 56.03055685679334], [37.86344, 56.03267999999999]]}, "properties": {"fa_flight_id": "RA65996-1607066876-adhoc-0", "registration": "RA-65996", "ident": "RA-65996", "ident_icao": NaN, "origin_code": "L 55.81987 38.21451", "origin_city": "Moscow", "destination_code": "L 56.03268 37.86344", "destination_city": "Moscow", "scheduled_out": NaN, "estimated_out": NaN, "actual_out": NaN, "scheduled_off": "2020-12-04T07:27:56Z", "estimated_off": "2020-12-04T07:27:56Z", "actual_off": "2020-12-04T07:27:56Z", "scheduled_on": NaN, "estimated_on": NaN, "actual_on": "2020-12-04T09:05:14Z", "scheduled_in": NaN, "estimated_in": NaN, "actual_in": NaN, "status": "Arrived", "route_distance": NaN, "diverted": false, "cancelled": false, "simplified_departure_date": "2020-12-04", "origin_coords": [55.81987, 38.21451], "destination_coords": [56.03268, 37.86344], "is_same_city": false}}, {"type": "Feature", "geometry": {"type": "LineString", "coordinates": [[37.95166, 59.540259999999996], [37.95169325271594, 59.50412060037314], [37.95172643428211, 59.467981200737846], [37.95175954495293, 59.43184180109418], [37.951792584981625, 59.395702401442136], [37.95182555462024, 59.35956300178177], [37.95185845411964, 59.323423602113095], [37.951891283729495, 59.28728420243616], [37.9519240436983, 59.25114480275098], [37.9519567342734, 59.21500540305758], [37.951989355700995, 59.17886600335599], [37.95202190822612, 59.14272660364627], [37.952054392092656, 59.106587203928406], [37.952086807543346, 59.07044780420245], [37.95211915481984, 59.03430840446843], [37.95215143416263, 58.99816900472636], [37.952183645811104, 58.96202960497627], [37.952215790003514, 58.925890205218224], [37.95224786697706, 58.8897508054522], [37.9522798769678, 58.85361140567825], [37.95231182021072, 58.81747200589641], [37.9523436969397, 58.781332606106695], [37.95237550738758, 58.745193206309125], [37.95240725178609, 58.70905380650375], [37.95243893036591, 58.672914406690595], [37.95247054335666, 58.636775006869655], [37.95250209098691, 58.600635607040985], [37.952533573484175, 58.56449620720461], [37.95256499107493, 58.52835680736055], [37.952596343984595, 58.49221740750883], [37.952627632437604, 58.456078007649495], [37.95265885665734, 58.41993860778255], [37.95269001686615, 58.38379920790803], [37.95272111328539, 58.34765980802596], [37.95275214613544, 58.31152040813637], [37.952783115635604, 58.27538100823927], [37.952814022004254, 58.239241608334716], [37.952844865458744, 58.2031022084227], [37.95287564621546, 58.16696280850328], [37.9529063644898, 58.130823408576454], [37.95293702049618, 58.09468400864225], [37.95296761444807, 58.05854460870072], [37.952998146557974, 58.02240520875186], [37.95302861703741, 57.9862658087957], [37.95305902609698, 57.950126408832276], [37.95308937394633, 57.91398700886162], [37.95311966079415, 57.877847608883734], [37.95314988684824, 57.84170820889865], [37.9531800523154, 57.8055688089064], [37.95321015740157, 57.769429408906994], [37.95324020231173, 57.733290008900475], [37.95327018724998, 57.697150608886865], [37.95330011241947, 57.661011208866164], [37.953329978022474, 57.62487180883842], [37.95335978426037, 57.58873240880365], [37.95338953133361, 57.55259300876189], [37.95341921944181, 57.51645360871315], [37.953448848783644, 57.48031420865744], [37.95347841955695, 57.4441748085948], [37.95350793195867, 57.408035408525265], [37.95353738618488, 57.37189600844883], [37.95356678243079, 57.33575660836552], [37.953596120890765, 57.29961720827541], [37.95362540175829, 57.26347780817846], [37.95365462522602, 57.22733840807472], [37.95368379148576, 57.19119900796421], [37.95371290072847, 57.15505960784695], [37.95374195314427, 57.118920207722965], [37.953770948922454, 57.08278080759227], [37.953799888251496, 57.0466414074549], [37.95382877131902, 57.010502007310876], [37.95385759831186, 56.97436260716021], [37.95388636941604, 56.93822320700293], [37.95391508481675, 56.90208380683905], [37.95394374469838, 56.86594440666862], [37.95397234924453, 56.82980500649162], [37.954000898638014, 56.793665606308096], [37.95402939306081, 56.75752620611807], [37.95405783269417, 56.72138680592156], [37.95408621771852, 56.685247405718584], [37.954114548313505, 56.64910800550916], [37.95414282465803, 56.61296860529333], [37.954171046930185, 56.57682920507109], [37.95419921530734, 56.540689804842486], [37.95422732996606, 56.504550404607514], [37.95425539108218, 56.4684110043662], [37.95428339883077, 56.432271604118576], [37.95431135338616, 56.39613220386465], [37.9543392549219, 56.359992803604456], [37.95436710361085, 56.323853403338], [37.95439489962509, 56.287714003065325], [37.954422643136, 56.25157460278641], [37.95445033431419, 56.21543520250133], [37.95447797332957, 56.179295802210056], [37.95450556035133, 56.14315640191264], [37.95453309554794, 56.10701700160909], [37.95456057908712, 56.07087760129942], [37.95458801113595, 56.03473820098366], [37.954615391860735, 55.998598800661824], [37.954642721427106, 55.96245940033392], [37.95467, 55.92632]]}, "properties": {"fa_flight_id": "RA65996-1607012690-adhoc-0", "registration": "RA-65996", "ident": "RA-65996", "ident_icao": NaN, "origin_code": "L 59.54026 37.95166", "origin_city": "Cherepovetsky District", "destination_code": "L 55.92632 37.95467", "destination_city": "Moscow", "scheduled_out": NaN, "estimated_out": NaN, "actual_out": NaN, "scheduled_off": "2020-12-03T16:24:50Z", "estimated_off": "2020-12-03T16:24:50Z", "actual_off": "2020-12-03T16:24:50Z", "scheduled_on": NaN, "estimated_on": NaN, "actual_on": "2020-12-03T16:24:50Z", "scheduled_in": NaN, "estimated_in": NaN, "actual_in": NaN, "status": "result unknown", "route_distance": NaN, "diverted": false, "cancelled": false, "simplified_departure_date": "2020-12-03", "origin_coords": [59.54026, 37.95166], "destination_coords": [55.92632, 37.95467], "is_same_city": false}}, {"type": "Feature", "geometry": {"type": "LineString", "coordinates": [[38.28014000000001, 55.91705], [38.2827323047674, 55.9677510679329], [38.28533141198314, 56.0184520813251], [38.287937352536886, 56.06915303992888], [38.29055015750236, 56.11985394349502], [38.293169858138626, 56.17055479177285], [38.29579648589153, 56.22125558451018], [38.2984300723951, 56.27195632145331], [38.301070649472955, 56.32265700234701], [38.30371824913973, 56.37335762693454], [38.30637290360254, 56.4240581949576], [38.30903464526242, 56.47475870615635], [38.311703506715766, 56.525459160269364], [38.314379520755885, 56.576159557033634], [38.317062720374416, 56.62685989618458], [38.31975313876289, 56.67756017745601], [38.32245080931423, 56.72826040058011], [38.325155765624295, 56.77896056528746], [38.327868041493446, 56.829660671306975], [38.330587670928054, 56.880360718365914], [38.33331468814215, 56.93106070618989], [38.336049127559, 56.98176063450282], [38.338791023812675, 57.032460503026954], [38.3415404117497, 57.08316031148282], [38.344297326430706, 57.13386005958923], [38.34706180313207, 57.18455974706325], [38.349833877347606, 57.235259373620224], [38.352613584790184, 57.28595893897374], [38.35540096139352, 57.3366584428356], [38.35819604331382, 57.38735788491583], [38.36099886693153, 57.438057264922655], [38.363809468853134, 57.48875658256249], [38.36662788591284, 57.53945583753988], [38.3694541551744, 57.59015502955763], [38.372288313932955, 57.64085415831658], [38.37513039971674, 57.69155322351577], [38.377980450288995, 57.7422522248523], [38.38083850364982, 57.79295116202143], [38.383704598037994, 57.84365003471646], [38.38657877193289, 57.89434884262877], [38.389461064056356, 57.945047585447824], [38.3923515133747, 57.99574626286106], [38.3952501591005, 58.04644487455401], [38.39815704069469, 58.097143420210195], [38.401072197868494, 58.147841899511064], [38.40399567058537, 58.198540312136146], [38.40692749906308, 58.249238657762845], [38.40986772377571, 58.299936936066565], [38.41281638545572, 58.35063514672059], [38.415773525096014, 58.40133328939616], [38.41873918395203, 58.45203136376238], [38.42171340354385, 58.50272936948623], [38.42469622565834, 58.553427306232585], [38.427687692351306, 58.60412517366409], [38.43068784594966, 58.654822971441284], [38.433696729053615, 58.70552069922248], [38.43671438453891, 58.75621835666381], [38.43974085555903, 58.80691594341914], [38.44277618554748, 58.85761345914011], [38.445820418220094, 58.90831090347609], [38.448873597577276, 58.959008276074165], [38.45193576790634, 59.00970557657913], [38.455006973783966, 59.06040280463343], [38.458087260078386, 59.11109995987721], [38.46117667195197, 59.16179704194822], [38.4642752548635, 59.212494050481844], [38.46738305457069, 59.26319098511107], [38.47050011713263, 59.313887845466496], [38.47362648891231, 59.36458463117621], [38.47676221657907, 59.415281341865914], [38.47990734711123, 59.465977977158786], [38.48306192779856, 59.516674536675524], [38.486226006244976, 59.567371020034294], [38.48939963037107, 59.618067426850764], [38.49258284841679, 59.66876375673795], [38.49577570894416, 59.71946000930638], [38.4989782608399, 59.7701561841639], [38.50219055331818, 59.820852280915815], [38.50541263592339, 59.871548299164665], [38.508644558532936, 59.92224423851042], [38.51188637135997, 59.97294009855032], [38.51513812495631, 60.02363587887886], [38.5183998702153, 60.07433157908785], [38.52167165837464, 60.12502719876627], [38.52495354101941, 60.17572273750035], [38.528245570084906, 60.226418194873546], [38.53154779785973, 60.27711357046641], [38.534860276988766, 60.32780886385668], [38.53818306047622, 60.37850407461918], [38.5415162016887, 60.42919920232586], [38.54485975435834, 60.4798942465457], [38.54821377258593, 60.53058920684475], [38.551578310844086, 60.5812840827861], [38.55495342398046, 60.63197887392973], [38.55833916722101, 60.68267357983271], [38.561735596173214, 60.73336820004898], [38.56514276682943, 60.784062734129364], [38.56856073557024, 60.83475718162165], [38.57198955916776, 60.88545154207043], [38.57542929478916, 60.93614581501713], [38.57888, 60.98684]]}, "properties": {"fa_flight_id": "RA65996-1606990030-adhoc-0", "registration": "RA-65996", "ident": "RA-65996", "ident_icao": NaN, "origin_code": "L 55.91705 38.28014", "origin_city": "Moscow", "destination_code": "L 60.98684 38.57888", "destination_city": "Cherepovetsky District", "scheduled_out": NaN, "estimated_out": NaN, "actual_out": NaN, "scheduled_off": "2020-12-03T10:07:10Z", "estimated_off": "2020-12-03T10:07:10Z", "actual_off": "2020-12-03T10:07:10Z", "scheduled_on": NaN, "estimated_on": NaN, "actual_on": "2020-12-03T10:07:10Z", "scheduled_in": NaN, "estimated_in": NaN, "actual_in": NaN, "status": "result unknown", "route_distance": NaN, "diverted": false, "cancelled": false, "simplified_departure_date": "2020-12-03", "origin_coords": [55.91705, 38.28014], "destination_coords": [60.98684, 38.57888], "is_same_city": false}}, {"type": "Feature", "geometry": {"type": "LineString", "coordinates": [[34.42888, 53.149180000000015], [34.46287883683416, 53.176989618049845], [34.49692177499766, 53.204789544358924], [34.531008900977014, 53.232579756530995], [34.56514030142238, 53.260360232110315], [34.59931606314767, 53.28813094858149], [34.63353627313068, 53.315891883369325], [34.667801018513266, 53.34364301383859], [34.70211038660138, 53.37138431729395], [34.736464464865264, 53.399115770979755], [34.77086334093955, 53.426837352079815], [34.80530710262333, 53.4545490377173], [34.839795837880345, 53.48225080495462], [34.87432963483907, 53.509942630793056], [34.90890858179282, 53.53762449217285], [34.94353276719982, 53.565296365972856], [34.97820227968343, 53.59295822901041], [35.01291720803211, 53.62061005804121], [35.047677641199606, 53.64825182975906], [35.08248366830505, 53.675883520795786], [35.117335378633044, 53.70350510772101], [35.152232861633735, 53.73111656704197], [35.18717620692296, 53.75871787520342], [35.2221655042823, 53.78630900858736], [35.257200843659184, 53.81388994351292], [35.292282315166965, 53.84146065623619], [35.32741000908506, 53.869021122950016], [35.36258401585893, 53.896571319783845], [35.39780442610029, 53.92411122280354], [35.4330713305871, 53.951640808011234], [35.468384820263644, 53.979160051345104], [35.50374498624066, 54.00666892867923], [35.539151919795366, 54.03416741582343], [35.57460571237155, 54.061655488523044], [35.61010645557964, 54.08913312245877], [35.64565424119675, 54.11660029324653], [35.68124916116677, 54.14405697643722], [35.71689130760039, 54.171503147516596], [35.75258077277522, 54.198938781905035], [35.78831764913578, 54.22636385495742], [35.824102029293584, 54.25377834196293], [35.859934006027196, 54.28118221814485], [35.89581367228226, 54.308575458660385], [35.93174112117156, 54.33595803860054], [35.96771644597505, 54.363329932989835], [36.00373974013992, 54.39069111678626], [36.03981109728057, 54.418041564880944], [36.075930611178755, 54.4453812520981], [36.11209837578351, 54.472710153194775], [36.148314485211216, 54.50002824286067], [36.184579033745635, 54.527335495718006], [36.220892115837955, 54.55463188632126], [36.257253826106755, 54.58191738915705], [36.29366425933806, 54.609191978643935], [36.33012351048533, 54.63645562913222], [36.36663167466954, 54.66370831490375], [36.40318884717911, 54.69095001017181], [36.43979512346991, 54.71818068908079], [36.47645059916532, 54.7454003257062], [36.51315537005622, 54.7726088940543], [36.549909532100926, 54.79980636806198], [36.586713181425274, 54.82699272159663], [36.62356641432253, 54.85416792845587], [36.6604693272534, 54.881331962367426], [36.69742201684607, 54.908484796988866], [36.734424579896086, 54.9356264059075], [36.77147711336644, 54.96275676264014], [36.80857971438743, 54.98987584063291], [36.84573248025676, 55.01698361326111], [36.88293550843938, 55.04408005382893], [36.92018889656754, 55.071165135569345], [36.95749274244072, 55.09823883164389], [36.99484714402558, 55.1253011151425], [37.03225219945593, 55.15235195908327], [37.069708007032645, 55.17939133641227], [37.10721466522369, 55.20641922000345], [37.14477227266395, 55.23343558265826], [37.18238092815529, 55.26044039710566], [37.22004073066641, 55.28743363600182], [37.25775177933278, 55.3144152719299], [37.29551417345661, 55.34138527739996], [37.33332801250677, 55.368343624848684], [37.37119339611866, 55.3952902866392], [37.40911042409421, 55.42222523506089], [37.44707919640169, 55.44914844232926], [37.4850998131757, 55.476059880585616], [37.523172374717085, 55.502959521897004], [37.561296981492774, 55.52984733825588], [37.5994737341357, 55.5567233015801], [37.63770273344472, 55.58358738371248], [37.67598408038449, 55.61043955642084], [37.71431787608534, 55.63727979139762], [37.75270422184315, 55.66410806025984], [37.791143219119284, 55.69092433454875], [37.829634969540386, 55.717728585729766], [37.8681795748983, 55.744520785192194], [37.90677713714991, 55.77130090424903], [37.94542775841701, 55.79806891413685], [37.984131540986205, 55.824824786015476], [38.02288858730864, 55.85156849096789], [38.061699, 55.8783]]}, "properties": {"fa_flight_id": "RA65996-1607444923-adhoc-0", "registration": "RA-65996", "ident": "RA-65996", "ident_icao": NaN, "origin_code": "L 53.14918 34.42888", "origin_city": "Gomel", "destination_code": "UUMU", "destination_city": NaN, "scheduled_out": NaN, "estimated_out": NaN, "actual_out": NaN, "scheduled_off": "2020-12-08T16:28:43Z", "estimated_off": "2020-12-08T16:28:43Z", "actual_off": "2020-12-08T16:28:43Z", "scheduled_on": NaN, "estimated_on": "2020-12-08T17:23:09Z", "actual_on": "2020-12-08T17:23:09Z", "scheduled_in": NaN, "estimated_in": NaN, "actual_in": NaN, "status": "Arrived", "route_distance": NaN, "diverted": false, "cancelled": false, "simplified_departure_date": "2020-12-08", "origin_coords": [53.14918, 34.42888], "destination_coords": [55.8783, 38.061699], "is_same_city": false}}, {"type": "Feature", "geometry": {"type": "LineString", "coordinates": [[39.24513, 51.17967000000001], [39.18903463488462, 51.20282681884784], [39.132882872727954, 51.22595679183888], [39.07667467574536, 51.2490598697607], [39.0204100063887, 51.272136003341764], [38.96408882734797, 51.29518514325154], [38.907711101552884, 51.31820724010065], [38.85127679217439, 51.3412022444411], [38.794785862626355, 51.364170106766394], [38.73823827656713, 51.38711077751174], [38.681633997901194, 51.41002420705417], [38.62497299078066, 51.43291034571282], [38.56825521960702, 51.455769143748974], [38.51148064903266, 51.47860055136636], [38.45464924396258, 51.501404518711254], [38.3977609695559, 51.524180995872726], [38.340815791227605, 51.54692993288274], [38.28381367465011, 51.56965127971643], [38.22675458575495, 51.592344986292275], [38.16963849073438, 51.61501100247219], [38.11246535604303, 51.637649278061865], [38.05523514839959, 51.66025976281085], [37.99794783478844, 51.68284240641283], [37.940603382461305, 51.705397158505725], [37.88320175893895, 51.72792396867201], [37.825742932012815, 51.75042278643884], [37.7682268697467, 51.77289356127827], [37.71065354047845, 51.795336242607455], [37.653022912821655, 51.81775077978889], [37.59533495566725, 51.84013712213057], [37.53758963818532, 51.86249521888628], [37.479786929826716, 51.88482501925572], [37.42192680032477, 51.907126472384775], [37.36400921969698, 51.92939952736574], [37.30603415824677, 51.951644133237494], [37.24800158656513, 51.97386023898578], [37.18991147553236, 51.99604779354339], [37.13176379631978, 52.018206745790415], [37.073558520391465, 52.04033704455444], [37.01529561950594, 52.062438638610836], [36.95697506571794, 52.08451147668292], [36.898596831380075, 52.10655550744226], [36.84016088914465, 52.12857067950887], [36.78166721196534, 52.150556941451434], [36.72311577309897, 52.17251424178761], [36.66450654610719, 52.19444252898422], [36.60583950485836, 52.21634175145751], [36.547114623529104, 52.23821185757343], [36.48833187660626, 52.260052795647816], [36.4294912388885, 52.28186451394671], [36.37059268548818, 52.303646960686585], [36.31163619183302, 52.325400084034605], [36.25262173366794, 52.34712383210887], [36.1935492870568, 52.368818152978704], [36.134418828384185, 52.39048299466491], [36.07523033435718, 52.41211830514002], [36.01598378200713, 52.433724032328584], [35.95667914869144, 52.45530012410743], [35.89731641209538, 52.47684652830594], [35.837895550233824, 52.49836319270629], [35.77841654145308, 52.519850065043826], [35.71887936443269, 52.541307093007205], [35.65928399818719, 52.56273422423878], [35.59963042206794, 52.58413140633487], [35.53991861576491, 52.60549858684598], [35.4801485593085, 52.62683571327718], [35.420320233071365, 52.64814273308833], [35.360433617770134, 52.66941959369438], [35.300488694467376, 52.69066624246571], [35.24048544457326, 52.71188262672839], [35.180423849847486, 52.73306869376445], [35.12030389240104, 52.75422439081229], [35.06012555469806, 52.77534966506683], [34.999888819557626, 52.79644446367994], [34.93959367015561, 52.817508733760725], [34.8792400900265, 52.838542422375774], [34.81882806306522, 52.85954547654957], [34.75835757352899, 52.8805178432647], [34.69782860603913, 52.901459469462274], [34.63724114558294, 52.92237030204218], [34.5765951775155, 52.94325028786341], [34.51589068756152, 52.96409937374442], [34.45512766181721, 52.98491750646345], [34.3943060867521, 53.005704632758814], [34.3334259492109, 53.02646069932929], [34.27248723641533, 53.04718565283442], [34.21148993596601, 53.06787943989484], [34.150434035844256, 53.08854200709264], [34.089319524414016, 53.1091733009717], [34.028146390423636, 53.12977326803806], [33.966914623007796, 53.150341854760185], [33.905624211689265, 53.17087900756942], [33.84427514638091, 53.19138467286027], [33.78286741738743, 53.21185879699081], [33.72140101540726, 53.23230132628295], [33.65987593153446, 53.252712207022896], [33.59829215726054, 53.27309138546146], [33.53664968447635, 53.29343880781444], [33.47494850547396, 53.31375442026294], [33.413188612948495, 53.33403816895381], [33.35137, 53.35429]]}, "properties": {"fa_flight_id": "RA65996-1607426383-adhoc-0", "registration": "RA-65996", "ident": "RA-65996", "ident_icao": NaN, "origin_code": "L 51.17967 39.24513", "origin_city": "Moscow", "destination_code": "L 53.35429 33.35137", "destination_city": "Gomel", "scheduled_out": NaN, "estimated_out": NaN, "actual_out": NaN, "scheduled_off": "2020-12-08T11:19:43Z", "estimated_off": "2020-12-08T11:19:43Z", "actual_off": "2020-12-08T11:19:43Z", "scheduled_on": NaN, "estimated_on": NaN, "actual_on": "2020-12-08T11:19:43Z", "scheduled_in": NaN, "estimated_in": NaN, "actual_in": NaN, "status": "result unknown", "route_distance": NaN, "diverted": false, "cancelled": false, "simplified_departure_date": "2020-12-08", "origin_coords": [51.17967, 39.24513], "destination_coords": [53.35429, 33.35137], "is_same_city": false}}, {"type": "Feature", "geometry": {"type": "LineString", "coordinates": [[38.49049, 55.86059000000001], [38.514917719559605, 55.810550585752715], [38.539282707763945, 55.76050634301115], [38.56358523697804, 55.71045729320231], [38.58782557805782, 55.66040345763089], [38.61200400036034, 55.61034485748016], [38.63612077175401, 55.5602815138128], [38.660176158628566, 55.51021344757174], [38.684170425905094, 55.46014067958106], [38.70810383704598, 55.410063230546676], [38.73197665406468, 55.35998112105738], [38.75578913753551, 55.30989437158545], [38.77954154660327, 55.25980300248761], [38.80323413899298, 55.209707034005746], [38.826867171019224, 55.159606486267776], [38.85044089759576, 55.109501379288375], [38.873955572244824, 55.059391732969836], [38.897411447106435, 55.009277567102764], [38.920808772947645, 54.959158901366905], [38.94414779917172, 54.90903575533193], [38.967428773827194, 54.85890814845811], [38.99065194361691, 54.808776100097205], [39.013817553906975, 54.75863962949307], [39.03692584873564, 54.708498755782486], [39.05997707082208, 54.65835349799588], [39.0829714615752, 54.60820387505806], [39.10590926110225, 54.5580499057889], [39.12879070821748, 54.50789160890409], [39.15161604045067, 54.45772900301587], [39.17438549405559, 54.407562106633705], [39.197099304018465, 54.35739093816501], [39.21975770406624, 54.30721551591579], [39.24236092667495, 54.25703585809141], [39.26490920307788, 54.20685198279723], [39.28740276327377, 54.1566639080393], [39.30984183603485, 54.10647165172502], [39.33222664891497, 54.05627523166385], [39.354557428257436, 54.00607466556789], [39.376834399203084, 53.955869971052635], [39.399057785697984, 53.90566116563756], [39.421227810501314, 53.855448266746805], [39.443344695193076, 53.80523129170981], [39.46540866018178, 53.7550102577619], [39.487419924712, 53.70478518204502], [39.50937870687202, 53.65455608160826], [39.531285223601294, 53.60432297340856], [39.553139690697854, 53.55408587431127], [39.57494232282576, 53.503844801090764], [39.5966933335224, 53.45359977043108], [39.618392935205776, 53.40335079892654], [39.64004133918167, 53.35309790308227], [39.661638755650934, 53.302841099314854], [39.68318539371647, 53.25258040395293], [39.7046814613904, 53.20231583323774], [39.72612716560098, 53.15204740332371], [39.747522712199604, 53.10177513027904], [39.76886830596775, 53.05149903008628], [39.7901641506237, 53.00121911864292], [39.8114104488295, 52.950935411761854], [39.83260740219755, 52.90064792517205], [39.853755211297454, 52.85035667451906], [39.87485407566256, 52.800061675365555], [39.89590419379659, 52.749762943191854], [39.916905763180196, 52.699460493396536], [39.93785898027748, 52.649154341296914], [39.95876404054243, 52.59884450212956], [39.97962113842527, 52.54853099105089], [40.00043046737894, 52.49821382313764], [40.02119221986529, 52.44789301338739], [40.0419065873614, 52.397568576719124], [40.062573760365815, 52.34724052797366], [40.08319392840465, 52.296908881914256], [40.10376728003777, 52.24657365322704], [40.124294002864886, 52.19623485652151], [40.14477428353153, 52.14589250633111], [40.165208307735114, 52.095546617113605], [40.185596260230795, 52.04519720325169], [40.20593832483749, 51.99484427905337], [40.22623468444363, 51.94448785875252], [40.24648552101307, 51.89412795650931], [40.26669101559076, 51.84376458641073], [40.28685134830861, 51.79339776247099], [40.30696669839107, 51.74302749863206], [40.32703724416083, 51.692653808764085], [40.347063163044425, 51.64227670666587], [40.3670446315778, 51.59189620606531], [40.386981825411844, 51.5415123206199], [40.40687491931786, 51.491125063917096], [40.426724087193044, 51.44073444947484], [40.44652950206586, 51.39034049074198], [40.46629133610142, 51.339943201098656], [40.48600976060684, 51.28954259385684], [40.5056849460365, 51.239138682260695], [40.52531706199733, 51.188731479487], [40.54490627725396, 51.13832099864561], [40.564452759733996, 51.08790725277989], [40.58395667653306, 51.037490254867066], [40.603418193920014, 50.987070017818745], [40.62283747734188, 50.936646554481214], [40.64221469142901, 50.886219877635966], [40.66155, 50.835789999999996]]}, "properties": {"fa_flight_id": "RA65996-1607400704-adhoc-0", "registration": "RA-65996", "ident": "RA-65996", "ident_icao": NaN, "origin_code": "L 55.86059 38.49049", "origin_city": "Moscow", "destination_code": "L 50.83579 40.66155", "destination_city": "Volgograd", "scheduled_out": NaN, "estimated_out": NaN, "actual_out": NaN, "scheduled_off": "2020-12-08T04:11:44Z", "estimated_off": "2020-12-08T04:11:44Z", "actual_off": "2020-12-08T04:11:44Z", "scheduled_on": NaN, "estimated_on": NaN, "actual_on": "2020-12-08T04:11:44Z", "scheduled_in": NaN, "estimated_in": NaN, "actual_in": NaN, "status": "result unknown", "route_distance": NaN, "diverted": false, "cancelled": false, "simplified_departure_date": "2020-12-08", "origin_coords": [55.86059, 38.49049], "destination_coords": [50.83579, 40.66155], "is_same_city": false}}, {"type": "Feature", "geometry": {"type": "LineString", "coordinates": [[46.66955999999999, 54.78512], [46.58600320813262, 54.798997963809875], [46.50238913685423, 54.812818490648674], [46.418717955589514, 54.82658151177093], [46.334989834793994, 54.84028695861036], [46.25120494595352, 54.85393476278133], [46.167363461583705, 54.8675248560803], [46.083465555229395, 54.88105717048739], [45.99951140146398, 54.894531638167756], [45.91550117588875, 54.907948191473096], [45.8314350551322, 54.921306762943125], [45.74731321684925, 54.93460728530707], [45.663135839720546, 54.94784969148507], [45.57890310345152, 54.96103391458974], [45.494615188771625, 54.974159887927605], [45.41027227743338, 54.987227545000536], [45.32587455221138, 55.00023681950726], [45.24142219690143, 55.01318764534484], [45.15691539631942, 55.02607995661015], [45.072354336300286, 55.03891368760125], [44.987739203696876, 55.05168877281902], [44.90307018637888, 55.0644051469685], [44.81834747323153, 55.077062744960394], [44.73357125415445, 55.089661501912566], [44.64874172006033, 55.10220135315149], [44.56385906287364, 55.114682234213674], [44.47892347552927, 55.127104080847204], [44.39393515197111, 55.13946682901315], [44.30889428715064, 55.151770414887054], [44.2238010770254, 55.164014774860384], [44.13865571855752, 55.17619984554198], [44.05345840971212, 55.188325563759555], [43.968209349455705, 55.200391866561105], [43.88290873775448, 55.21239869121642], [43.79755677557272, 55.22434597521848], [43.71215366487101, 55.236233656284945], [43.626699608604426, 55.24806167235959], [43.54119481072074, 55.2598299616138], [43.455639476158595, 55.27153846244792], [43.37003381084549, 55.283187113492836], [43.28437802169595, 55.2947758536113], [43.19867231660943, 55.30630462189944], [43.112916904468385, 55.31777335768818], [43.027111995136075, 55.32918200054468], [42.941257799454476, 55.340530490273764], [42.855354529242184, 55.35181876691939], [42.76940239729212, 55.363046770766026], [42.68340161736931, 55.37421444234013], [42.59735240420858, 55.38532172241153], [42.511254973512216, 55.39636855199491], [42.42510954194759, 55.40735487235118], [42.33891632714472, 55.418280624988896], [42.2526755476938, 55.42914575166569], [42.16638742314268, 55.43995019438972], [42.08005217399433, 55.45069389542102], [41.993670021704226, 55.46137679727294], [41.90724118867768, 55.47199884271351], [41.82076589826719, 55.48255997476692], [41.73424437476968, 55.49306013671487], [41.64767684342374, 55.503499272097905], [41.561063530406784, 55.513877324716944], [41.47440466283219, 55.52419423863454], [41.387700468746445, 55.534449958176346], [41.30095117712609, 55.54464442793246], [41.21415701787484, 55.55477759275878], [41.127318221820445, 55.564849397778445], [41.040435020711676, 55.57485978838314], [40.95350764721517, 55.58480871023447], [40.86653633491224, 55.5946961092654], [40.77952131829575, 55.60452193168148], [40.69246283276672, 55.61428612396231], [40.60536111463114, 55.62398863286281], [40.51821640109658, 55.63362940541467], [40.43102893026881, 55.64320838892753], [40.34379894114835, 55.65272553099052], [40.25652667362705, 55.66218077947338], [40.169212368484494, 55.67157408252795], [40.081856267384524, 55.68090538858941], [39.99445861287153, 55.69017464637762], [39.90701964836695, 55.699381804898444], [39.819539618165436, 55.70852681344503], [39.73201876743119, 55.71760962159916], [39.64445734219421, 55.72663017923247], [39.55685558934641, 55.73558843650786], [39.4692137566378, 55.744484343880636], [39.381532092672565, 55.753317852099904], [39.293810846905124, 55.76208891220986], [39.20605026963617, 55.77079747555095], [39.118250612008566, 55.77944349376123], [39.03041212600333, 55.78802691877762], [38.9425350644355, 55.7965477028371], [38.85461968095, 55.80500579847804], [38.7666662300174, 55.81340115854136], [38.678674966929684, 55.8217337361719], [38.59064614779598, 55.83000348481944], [38.50258002953823, 55.838210358240154], [38.41447686988684, 55.8463543104977], [38.32633692737621, 55.85443529596445], [38.23816046134037, 55.86245326932272], [38.14994773190841, 55.87040818556598], [38.061699, 55.8783]]}, "properties": {"fa_flight_id": "RA65996-1608199590-adhoc-0", "registration": "RA-65996", "ident": "RA-65996", "ident_icao": NaN, "origin_code": "L 54.78512 46.66956", "origin_city": "Cheboksary", "destination_code": "UUMU", "destination_city": NaN, "scheduled_out": NaN, "estimated_out": NaN, "actual_out": NaN, "scheduled_off": "2020-12-17T10:06:30Z", "estimated_off": "2020-12-17T10:06:30Z", "actual_off": "2020-12-17T10:06:30Z", "scheduled_on": NaN, "estimated_on": NaN, "actual_on": "2020-12-17T10:06:30Z", "scheduled_in": NaN, "estimated_in": NaN, "actual_in": NaN, "status": "result unknown", "route_distance": NaN, "diverted": false, "cancelled": false, "simplified_departure_date": "2020-12-17", "origin_coords": [54.78512, 46.66956], "destination_coords": [55.8783, 38.061699], "is_same_city": false}}, {"type": "Feature", "geometry": {"type": "LineString", "coordinates": [[60.478880000000004, 56.76024999999999], [60.354727866709865, 56.74205435014695], [60.23069631942077, 56.72373545101031], [60.10678596870829, 56.70529350846427], [59.982997420153005, 56.6867287293102], [59.859331274333314, 56.668041321266465], [59.735788126818385, 56.64923149295831], [59.61236856816171, 56.630299453907575], [59.489073183895094, 56.61124541452257], [59.36590255452298, 56.592069586087845], [59.24285725551732, 56.572772180754015], [59.11993785731282, 56.55335341152755], [58.997144925302585, 56.53381349226065], [58.87447901983427, 56.514152637640954], [58.75194069620659, 56.494371063181454], [58.6295305046662, 56.47446898521025], [58.5072489904052, 56.45444662086044], [58.385096693558744, 56.434304188059905], [58.26307414920336, 56.41404190552117], [58.14118188735549, 56.393659992731244], [58.01942043297051, 56.37315866994153], [57.89779030594212, 56.35253815815764], [57.776292021102186, 56.3317986791293], [57.65492608822087, 56.31094045534024], [57.53369301200736, 56.289963709998105], [57.41259329211075, 56.268868667024414], [57.29162742312145, 56.24765555104441], [57.17079589457299, 56.22632458737711], [57.05009919094416, 56.20487600202521], [56.929537791661474, 56.183310021665086], [56.809112171102164, 56.16162687363682], [56.68882279859741, 56.1398267859342], [56.568670138436005, 56.11790998719475], [56.44865464986837, 56.09587670668985], [56.32877678711092, 56.073727174314755], [56.20903699935081, 56.05146162057876], [56.08943573075105, 56.029080276595266], [55.9699734204559, 56.006583374071965], [55.85065050259676, 55.98397114530107], [55.731467406298215, 55.96124382314942], [55.61242455568457, 55.938401641048756], [55.4935223698867, 55.915444832986], [55.37476126304917, 55.89237363349348], [55.256141644337745, 55.86918827763928], [55.13766391794723, 55.845889001017596], [55.01932848310961, 55.822476039739016], [54.9011357341025, 55.79894963042103], [54.78308606025798, 55.77531001017836], [54.66517984597166, 55.751557416613466], [54.547417470712084, 55.72769208780705], [54.42979930903053, 55.703714262308544], [54.312325730570954, 55.67962417912669], [54.194997100080336, 55.655422077720075], [54.07781377741934, 55.63110819798787], [53.960776117573154, 55.60668278026033], [53.84388447066279, 55.58214606528964], [53.72713918195649, 55.557498294240524], [53.61054059188156, 55.532739708681106], [53.49408903603634, 55.50787055057364], [53.377784845202584, 55.482891062265395], [53.26162834535809, 55.45780148647949], [53.145619857689425, 55.432602066305854], [53.029759698605226, 55.40729304519217], [52.91404817974937, 55.38187466693485], [52.798485608014815, 55.356347175670074], [52.68307228555734, 55.330710815864926], [52.567808509809765, 55.3049658323084], [52.452694573496274, 55.279112470102646], [52.33773076464707, 55.25315097465415], [52.22291736661321, 55.22708159166494], [52.1082546580817, 55.20090456712395], [51.9937429130908, 55.17462014729824], [51.87938240104557, 55.14822857872447], [51.765173386733686, 55.12173010820025], [51.651116130341336, 55.09512498277562], [51.53721088746944, 55.06841344974458], [51.42345790915009, 55.04159575663658], [51.309857441863116, 55.01467215120821], [51.196409727552975, 54.98764288143469], [51.08311500364564, 54.96050819550174], [50.96997350306593, 54.933268341797174], [50.856985454254854, 54.90592356890277], [50.74415108118721, 54.878474125586], [50.63147060338934, 54.85092026079205], [50.518944235957115, 54.82326222363557], [50.40657218957405, 54.795500263392775], [50.29435467052963, 54.7676346294934], [50.182291880737715, 54.739665571512816], [50.070384017755295, 54.711593339164125], [49.958631274801185, 54.683418182290275], [49.847033840775076, 54.65514035085635], [49.73559190027658, 54.62676009494181], [49.62430563362454, 54.59827766473278], [49.51317521687648, 54.569693310514445], [49.40220082184808, 54.54100728266346], [49.291382616132985, 54.51221983164038], [49.180720763122594, 54.48333120798224], [49.07021542202601, 54.454341662295064], [48.95986674789026, 54.42525144524648], [48.84967489162041, 54.39606080755848], [48.73964, 54.36677]]}, "properties": {"fa_flight_id": "RA65996-1608182716-adhoc-0", "registration": "RA-65996", "ident": "RA-65996", "ident_icao": NaN, "origin_code": "L 56.76025 60.47888", "origin_city": "Yekaterinburg", "destination_code": "L 54.36677 48.73964", "destination_city": "Ulyanovsk", "scheduled_out": NaN, "estimated_out": NaN, "actual_out": NaN, "scheduled_off": "2020-12-17T05:25:16Z", "estimated_off": "2020-12-17T05:25:16Z", "actual_off": "2020-12-17T05:25:16Z", "scheduled_on": NaN, "estimated_on": NaN, "actual_on": "2020-12-17T05:25:16Z", "scheduled_in": NaN, "estimated_in": NaN, "actual_in": NaN, "status": "result unknown", "route_distance": NaN, "diverted": false, "cancelled": false, "simplified_departure_date": "2020-12-17", "origin_coords": [56.76025, 60.47888], "destination_coords": [54.36677, 48.73964], "is_same_city": false}}, {"type": "Feature", "geometry": {"type": "LineString", "coordinates": [[38.35573, 55.84759], [38.573549003209095, 55.87672274305398], [38.79169296338933, 55.90547035888813], [39.01015837314018, 55.93383185944522], [39.22894168352463, 55.96180626668248], [39.44803930431406, 55.989392612724224], [39.66744760424535, 56.016589940014114], [39.88716291128996, 56.04339730146628], [40.10718151293514, 56.06981376061601], [40.32749965647725, 56.09583839176937], [40.54811354932727, 56.12147028015196], [40.769019359328304, 56.14670852205679], [40.99021321508538, 56.17155222499111], [41.21169120630724, 56.196000507822106], [41.433449384160184, 56.22005250092165], [41.65548376163422, 56.24370734630978], [41.87779031392096, 56.266964197796966], [42.10036497880373, 56.28982222112517], [42.32320365705963, 56.31228059410756], [42.54630221287333, 56.334338506766855], [42.76965647426298, 56.35599516147231], [42.99326223351776, 56.37724977307512], [43.217115247647136, 56.39810156904242], [43.44121123884191, 56.41854978958966], [43.66554589494667, 56.438593687811355], [43.890114869943844, 56.45823252981021], [44.11491378444908, 56.47746559482446], [44.33993822621791, 56.49629217535351], [44.56518375066356, 56.51471157728167], [44.790645881385885, 56.53272312000016], [45.01632011071114, 56.55032613652703], [45.24220190024255, 56.567519973625274], [45.46828668142168, 56.584303991918794], [45.69456985610013, 56.600677566006404], [45.921046797121676, 56.61664008457374], [46.14771284891466, 56.6321909505029], [46.37456332809438, 56.64732958098005], [46.60159352407535, 56.66205540760069], [46.82879869969324, 56.67636787647262], [47.05617409183638, 56.69026644831672], [47.28371491208657, 56.70375059856516], [47.511416347369014, 56.716819817457406], [47.73927356061118, 56.72947361013364], [47.967281691410356, 56.74171149672574], [48.195435856709835, 56.75353301244577], [48.42373115148321, 56.76493770767183], [48.65216264942687, 56.77592514803137], [48.88072540366032, 56.78649491448184], [49.10941444743404, 56.79664660338873], [49.33822479484478, 56.806379826600754], [49.5671514415579, 56.81569421152251], [49.796189365536655, 56.82458940118419], [50.025333527778024, 56.833065054308605], [50.25457887305499, 56.84112084537533], [50.48392033066476, 56.848756464682026], [50.71335281518294, 56.855971618402855], [50.942871227223236, 56.86276602864397], [51.17247045420239, 56.86913943349617], [51.402145371110116, 56.87509158708449], [51.63189084128377, 56.88062225961484], [51.86170171718751, 56.885731237417716], [52.0915728411954, 56.89041832298878], [52.32149904637859, 56.89468333502658], [52.55147515729592, 56.898526108466925], [52.78149599078774, 56.90194649451456], [53.01155635677278, 56.90494436067149], [53.24165105904763, 56.9075195907623], [53.471774896088576, 56.909672084956384], [53.701922661855384, 56.911401759787005], [53.93208914659701, 56.91270854816738], [54.16226913765854, 56.91359239940338], [54.39245742028935, 56.91405327920332], [54.62264877845206, 56.91409116968455], [54.85283799563194, 56.91370606937683], [55.08301985564656, 56.91289799322263], [55.313189143455276, 56.91166697257428], [55.543340645968264, 56.910013055187925], [55.77346915285486, 56.90793630521442], [56.00356945735074, 56.905436803187065], [56.233636357063894, 56.902514646006104], [56.46366465477871, 56.89916994692023], [56.69364915925828, 56.89540283550499], [56.92358468604424, 56.8912134576379], [57.15346605825416, 56.88660197547071], [57.38328810737593, 56.881568567398375], [57.613045674059016, 56.876113428025086], [57.842733608902165, 56.8702367681272], [58.072346773237335, 56.86393881461312], [58.301880039909584, 56.85721981048021], [58.53132829405256, 56.85008001476866], [58.76068643385925, 56.842519702512334], [58.98994937134793, 56.83453916468681], [59.21911203312277, 56.82613870815429], [59.44816936112901, 56.81731865560575], [59.67711631340223, 56.80807934550013], [59.90594786481185, 56.79842113200066], [60.13465900779803, 56.78834438490845], [60.363244753102094, 56.777849489593066], [60.59170013049026, 56.76693684692065], [60.82002018947016, 56.75560687317896], [61.048199999999994, 56.74386]]}, "properties": {"fa_flight_id": "RA65996-1608109596-adhoc-0", "registration": "RA-65996", "ident": "RA-65996", "ident_icao": NaN, "origin_code": "L 55.84759 38.35573", "origin_city": "Moscow", "destination_code": "L 56.74386 61.04820", "destination_city": "Yekaterinburg", "scheduled_out": NaN, "estimated_out": NaN, "actual_out": NaN, "scheduled_off": "2020-12-16T09:06:36Z", "estimated_off": "2020-12-16T09:06:36Z", "actual_off": "2020-12-16T09:06:36Z", "scheduled_on": NaN, "estimated_on": NaN, "actual_on": "2020-12-16T09:06:36Z", "scheduled_in": NaN, "estimated_in": NaN, "actual_in": NaN, "status": "result unknown", "route_distance": NaN, "diverted": false, "cancelled": false, "simplified_departure_date": "2020-12-16", "origin_coords": [55.84759, 38.35573], "destination_coords": [56.74386, 61.0482], "is_same_city": false}}, {"type": "Feature", "geometry": {"type": "LineString", "coordinates": [[37.90026999999999, 58.670300000000005], [37.901290513062335, 58.64257566707632], [37.902309406732634, 58.614851326088285], [37.90332668533792, 58.58712697705751], [37.90434235319007, 58.55940262000544], [37.905356414585725, 58.53167825495347], [37.906368873806514, 58.50395388192293], [37.90737973511904, 58.476229500935084], [37.908389002774925, 58.44850511201109], [37.90939668101096, 58.42078071517204], [37.91040277404907, 58.393056310438986], [37.911407286096455, 58.36533189783286], [37.912410221345645, 58.33760747737454], [37.913411583974494, 58.309883049084846], [37.914411378146355, 58.282158612984524], [37.91540960801004, 58.25443416909421], [37.91640627769996, 58.22670971743452], [37.91740139133614, 58.19898525802595], [37.91839495302431, 58.17126079088895], [37.919386966855946, 58.14353631604393], [37.920377436908346, 58.11581183351115], [37.921366367244666, 58.08808734331089], [37.922353761914046, 58.06036284546326], [37.9233396249516, 58.03263833998841], [37.924323960378516, 58.004913826906346], [37.92530677220208, 57.97718930623704], [37.926288064415765, 57.949464778000355], [37.92726784099933, 57.92174024221611], [37.92824610591878, 57.89401569890409], [37.92922286312651, 57.86629114808396], [37.93019811656134, 57.838566589775326], [37.93117187014855, 57.81084202399776], [37.93214412779996, 57.78311745077072], [37.93311489341399, 57.75539287011363], [37.934084170875714, 57.72766828204585], [37.935051964056896, 57.699943686586664], [37.936018276816085, 57.67221908375526], [37.93698311299866, 57.64449447357083], [37.93794647643686, 57.61676985605242], [37.93890837094986, 57.58904523121909], [37.93986880034385, 57.56132059908974], [37.94082776841202, 57.53359595968332], [37.941785278934724, 57.50587131301862], [37.94274133567942, 57.47814665911444], [37.94369594240081, 57.45042199798944], [37.94464910284084, 57.42269732966228], [37.94560082072879, 57.394972654151516], [37.9465510997813, 57.367247971475656], [37.94749994370247, 57.33952328165317], [37.94844735618385, 57.311798584702444], [37.94939334090452, 57.28407388064176], [37.95033790153117, 57.25634916948943], [37.95128104171813, 57.22862445126362], [37.9522227651074, 57.20089972598248], [37.953163075328746, 57.17317499366409], [37.9541019759997, 57.14545025432646], [37.955039470725666, 57.117725507987544], [37.955975563099955, 57.09000075466525], [37.9569102567038, 57.06227599437739], [37.95784355510644, 57.03455122714177], [37.95877546186517, 57.00682645297608], [37.9597059805254, 56.979101671897986], [37.96063511462066, 56.95137688392509], [37.961562867672704, 56.92365208907495], [37.962489243191534, 56.895927287365005], [37.96341424467542, 56.8682024788127], [37.96433787561102, 56.84047766343541], [37.965260139473365, 56.812752841250415], [37.96618103972594, 56.78502801227497], [37.967100579820716, 56.75730317652629], [37.96801876319822, 56.7295783340215], [37.96893559328753, 56.701853484777644], [37.96985107350641, 56.6741286288118], [37.97076520726128, 56.646403766140885], [37.971677997947296, 56.61867889678184], [37.97258944894837, 56.59095402075148], [37.97349956363726, 56.56322913806666], [37.974408345375615, 56.53550424874406], [37.97531579751394, 56.5077793528004], [37.97622192339176, 56.48005445025232], [37.977126726337595, 56.45232954111636], [37.97803020966897, 56.42460462540908], [37.97893237669258, 56.39687970314694], [37.97983323070421, 56.36915477434633], [37.98073277498885, 56.341429839023625], [37.98163101282075, 56.313704897195144], [37.982527947463375, 56.28597994887712], [37.983423582169564, 56.25825499408576], [37.9843179201815, 56.230530032837216], [37.98521096473078, 56.20280506514757], [37.986102719038456, 56.17508009103289], [37.98699318631504, 56.147355110509125], [37.987882369760634, 56.11963012359224], [37.98877027256489, 56.0919051302981], [37.98965689790708, 56.06418013064258], [37.990542248956174, 56.036455124641414], [37.9914263288708, 56.00873011231036], [37.992309140799385, 55.9810050936651], [37.993190687880116, 55.95328006872122], [37.99407097324102, 55.925555037494355], [37.99495, 55.89783]]}, "properties": {"fa_flight_id": "RA65996-1607943936-adhoc-0", "registration": "RA-65996", "ident": "RA-65996", "ident_icao": NaN, "origin_code": "L 58.67030 37.90027", "origin_city": "Cherepovetsky District", "destination_code": "L 55.89783 37.99495", "destination_city": "Moscow", "scheduled_out": NaN, "estimated_out": NaN, "actual_out": NaN, "scheduled_off": "2020-12-14T11:05:36Z", "estimated_off": "2020-12-14T11:05:36Z", "actual_off": "2020-12-14T11:05:36Z", "scheduled_on": NaN, "estimated_on": NaN, "actual_on": "2020-12-14T11:45:43Z", "scheduled_in": NaN, "estimated_in": NaN, "actual_in": NaN, "status": "Arrived", "route_distance": NaN, "diverted": false, "cancelled": false, "simplified_departure_date": "2020-12-14", "origin_coords": [58.6703, 37.90027], "destination_coords": [55.89783, 37.99495], "is_same_city": false}}, {"type": "Feature", "geometry": {"type": "LineString", "coordinates": [[38.1832, 55.83738000000001], [38.192220438407944, 55.88385223156256], [38.20126250205254, 55.930323802103445], [38.21032628042193, 55.97679470887782], [38.21941186348819, 56.0232649491259], [38.22851934171062, 56.06973452007293], [38.2376488060391, 56.11620341892898], [38.2468003479173, 56.16267164288896], [38.25597405928619, 56.20913918913243], [38.26517003258732, 56.2556060548235], [38.27438836076629, 56.30207223711081], [38.28362913727619, 56.34853773312731], [38.29289245608104, 56.39500253999019], [38.30217841165935, 56.441466654800834], [38.31148709900757, 56.487930074644616], [38.320818613643716, 56.534392796590865], [38.33017305161097, 56.580854817692696], [38.339550509481214, 56.627316134986955], [38.34895108435875, 56.67377674549405], [38.358374873883946, 56.72023664621786], [38.367821976236975, 56.76669583414565], [38.37729249014152, 56.81315430624789], [38.38678651486853, 56.85961205947822], [38.3963041502401, 56.906069090773265], [38.4058454966332, 56.952525397052526], [38.41541065498363, 56.998980975218274], [38.424999726789835, 57.04543582215547], [38.43461281411693, 57.09188993473154], [38.44425001960054, 57.13834330979637], [38.45391144645093, 57.1847959441821], [38.4635971984569, 57.23124783470299], [38.47330737998997, 57.27769897815541], [38.48304209600839, 57.32414937131756], [38.49280145206131, 57.37059901094945], [38.502585554292914, 57.41704789379271], [38.512394509446665, 57.46349601657051], [38.52222842486954, 57.50994337598739], [38.53208740851622, 57.55638996872913], [38.54197156895351, 57.60283579146263], [38.55188101536461, 57.64928084083578], [38.56181585755351, 57.69572511347733], [38.57177620594945, 57.74216860599672], [38.5817621716113, 57.7886113149839], [38.59177386623215, 57.83505323700938], [38.60181140214376, 57.88149436862387], [38.61187489232114, 57.927934706358236], [38.62196445038721, 57.974374246723364], [38.632080190617444, 58.02081298620999], [38.6422222279445, 58.06725092128857], [38.652390677963005, 58.11368804840914], [38.662585656934304, 58.16012436400113], [38.6728072817913, 58.206559864473235], [38.68305567014326, 58.25299454621332], [38.693330940280745, 58.299428405588145], [38.70363321118054, 58.34586143894337], [38.71396260251064, 58.392293642603214], [38.724319234635274, 58.438725012870485], [38.73470322861994, 58.485155546026284], [38.74511470623657, 58.53158523832991], [38.75555378996865, 58.578014086018705], [38.76602060301644, 58.62444208530787], [38.77651526930221, 58.670869232390274], [38.78703791347551, 58.71729552343637], [38.79758866091857, 58.76372095459396], [38.808167637751644, 58.81014552198805], [38.818774970838426, 58.856569221720676], [38.829410787791595, 58.902992049870754], [38.840075216978256, 58.949414002493874], [38.850768387525605, 58.995835075622146], [38.861490429326494, 59.04225526526404], [38.872241473045165, 59.08867456740418], [38.88302165012291, 59.13509297800319], [38.8938310927839, 59.18151049299749], [38.90466993404101, 59.22792710829914], [38.915538307701674, 59.27434281979563], [38.926436348373855, 59.320757623349714], [38.937364191471985, 59.36717151479924], [38.948321973223074, 59.41358448995692], [38.95930983067272, 59.45999654461017], [38.97032790169137, 59.50640767452091], [38.98137632498039, 59.55281787542537], [38.992455240078435, 59.5992271430339], [39.00356478736771, 59.645635473030794], [39.014705108080385, 59.69204286107399], [39.025876344304955, 59.73844930279505], [39.03707863899284, 59.784854793798814], [39.048312135964814, 59.831259329663176], [39.0595769799177, 59.87766290593906], [39.07087331643101, 59.924065518149995], [39.082201291973654, 59.970467161792016], [39.093561053910754, 60.01686783233351], [39.10495275051049, 60.06326752521485], [39.116376530951044, 60.109666235848294], [39.127832545327486, 60.15606395961774], [39.13932094465894, 60.20246069187849], [39.15084188089559, 60.24885642795708], [39.16239550692591, 60.295251163150915], [39.17398197658388, 60.34164489272829], [39.1856014446563, 60.388037611927906], [39.19725406689014, 60.43442931595877], [39.20894, 60.48082]]}, "properties": {"fa_flight_id": "RA65996-1607878574-adhoc-0", "registration": "RA-65996", "ident": "RA-65996", "ident_icao": NaN, "origin_code": "L 55.83738 38.18320", "origin_city": "Moscow", "destination_code": "L 60.48082 39.20894", "destination_city": "Cherepovetsky District", "scheduled_out": NaN, "estimated_out": NaN, "actual_out": NaN, "scheduled_off": "2020-12-13T16:56:14Z", "estimated_off": "2020-12-13T16:56:14Z", "actual_off": "2020-12-13T16:56:14Z", "scheduled_on": NaN, "estimated_on": NaN, "actual_on": "2020-12-13T16:56:14Z", "scheduled_in": NaN, "estimated_in": NaN, "actual_in": NaN, "status": "result unknown", "route_distance": NaN, "diverted": false, "cancelled": false, "simplified_departure_date": "2020-12-13", "origin_coords": [55.83738, 38.1832], "destination_coords": [60.48082, 39.20894], "is_same_city": false}}, {"type": "Feature", "geometry": {"type": "LineString", "coordinates": [[50.42316999999999, 53.441509999999994], [50.306784133606584, 53.4722789752735], [50.19022969475669, 53.50293471013569], [50.073506874567876, 53.533476913830135], [49.956615869119524, 53.563905295710185], [49.83955687947671, 53.59421956524844], [49.7223301117138, 53.62441943204634], [49.604935776938, 53.654504605843805], [49.48737409131258, 53.684474796528974], [49.36964527607995, 53.71432971414792], [49.2517495575846, 53.74406906891456], [49.13368716729569, 53.77369257122048], [49.01545834182957, 53.80319993164496], [48.897063322972, 53.83259086096498], [48.778502357700205, 53.86186507016529], [48.659775698204626, 53.89102227044859], [48.54088360191054, 53.92006217324576], [48.42182633149934, 53.9489844902261], [48.30260415492969, 53.97778893330772], [48.183217345458324, 54.00647521466785], [48.06366618166068, 54.03504304675343], [47.94395094745124, 54.06349214229147], [47.824071932103585, 54.09182221429983], [47.70402943027027, 54.120032976097676], [47.58382374200233, 54.148124141316245], [47.463455172768604, 54.17609542390966], [47.342924033474695, 54.20394653816565], [47.22223064048172, 54.231677198716504], [47.1013753156247, 54.25928712054991], [46.98035838623076, 54.28677601902], [46.85918018513688, 54.31414360985842], [46.73784105070751, 54.34138960918532], [46.61634132685174, 54.36851373352059], [46.49468136304022, 54.395515699795], [46.37286151432178, 54.42239522536153], [46.25088214133968, 54.449152028006594], [46.128743610347556, 54.47578582596147], [46.006446293225, 54.50229633791361], [45.88399056749289, 54.528683283018275], [45.76137681632825, 54.55494638090981], [45.63860542857889, 54.581085351713384], [45.5156767987776, 54.60709991605652], [45.392591327156005, 54.63298979508079], [45.269349419658106, 54.65875471045346], [45.145951487953404, 54.68439438437927], [45.02239794944963, 54.70990853961221], [44.89868922730522, 54.73529689946736], [44.77482575044123, 54.76055918783279], [44.65080795355301, 54.78569512918143], [44.52663627712142, 54.810704448583124], [44.40231116742362, 54.83558687171648], [44.2778330765436, 54.860342124881086], [44.15320246238208, 54.88496993500948], [44.02841978866624, 54.9094700296793], [43.90348552495881, 54.93384213712545], [43.77840014666694, 54.958085986252314], [43.65316413505048, 54.98220130664591], [43.52777797722996, 55.00618782858628], [43.40224216619405, 55.03004528305967], [43.27655720080659, 55.05377340177089], [43.15072358581327, 55.077371917155745], [43.02474183184768, 55.10084056239335], [42.898612455437124, 55.124179071418595], [42.77233597900782, 55.14738717893456], [42.64591293088969, 55.17046462042504], [42.519343845320684, 55.193411132167], [42.39262926245068, 55.216226451243166], [42.2657697283448, 55.23891031555452], [42.13876579498634, 55.26146246383292], [42.01161802027922, 55.28388263565369], [41.88432696804989, 55.30617057144823], [41.756893208048766, 55.32832601251664], [41.629317315951226, 55.35034870104045], [41.50159987335802, 55.372238380095254], [41.37374146779523, 55.39399479366337], [41.24574269271374, 55.415617686646556], [41.11760414748814, 55.43710680487885], [40.98932643741516, 55.45846189513913], [40.86091017371158, 55.479682705163974], [40.7323559735116, 55.50076898366043], [40.60366445986374, 55.52172048031869], [40.4748362617271, 55.54253694582492], [40.34587201396721, 55.56321813187407], [40.21677235735128, 55.58376379118261], [40.08753793854297, 55.60417367750134], [39.9581694100965, 55.6244475456282], [39.82866743045032, 55.64458515142102], [39.69903266392026, 55.66458625181038], [39.56926578069201, 55.6844506048123], [39.4393674568131, 55.70417796954116], [39.30933837418442, 55.723768106222415], [39.179179220551006, 55.743220776205355], [39.04889068949238, 55.762535741975924], [38.91847348041234, 55.78171276716946], [38.78792829852808, 55.80075161658347], [38.65725585485887, 55.8196520561904], [38.52645686621401, 55.83841385315028], [38.39553205518043, 55.857036775823545], [38.26448215010942, 55.87552059378369], [38.133307885103086, 55.89386507782996], [38.002010000000006, 55.91207]]}, "properties": {"fa_flight_id": "RA65996-1610534452-adhoc-0", "registration": "RA-65996", "ident": "RA-65996", "ident_icao": NaN, "origin_code": "L 53.44151 50.42317", "origin_city": "Samara", "destination_code": "L 55.91207 38.00201", "destination_city": "Moscow", "scheduled_out": NaN, "estimated_out": NaN, "actual_out": NaN, "scheduled_off": "2021-01-13T10:40:52Z", "estimated_off": "2021-01-13T10:40:52Z", "actual_off": "2021-01-13T10:40:52Z", "scheduled_on": NaN, "estimated_on": NaN, "actual_on": "2021-01-13T10:40:52Z", "scheduled_in": NaN, "estimated_in": NaN, "actual_in": NaN, "status": "result unknown", "route_distance": NaN, "diverted": false, "cancelled": false, "simplified_departure_date": "2021-01-13", "origin_coords": [53.44151, 50.42317], "destination_coords": [55.91207, 38.00201], "is_same_city": false}}, {"type": "Feature", "geometry": {"type": "LineString", "coordinates": [[38.25275, 55.80985], [38.37848539520339, 55.79264111369179], [38.50410931829562, 55.77530405320979], [38.6296211156183, 55.757839015878815], [38.755020138261635, 55.74024620007828], [38.880305742076594, 55.72252580523207], [39.00547728768679, 55.70467803179843], [39.130534140499734, 55.686703081259935], [39.25547567071777, 55.66860115611329], [39.380301253348534, 55.65037245985925], [39.505010268214974, 55.63201719699246], [39.62960209996493, 55.61353557299126], [39.754076138080315, 55.594927794307594], [39.87843177688579, 55.576194068356735], [40.0026684155571, 55.55733460350726], [40.12678545812893, 55.53834960907066], [40.250782313502306, 55.51923929529133], [40.37465839545162, 55.50000387333623], [40.49841312263126, 55.4806435552848], [40.622045918581705, 55.46115855411869], [40.74555621173533, 55.44154908371153], [40.86894343542167, 55.4218153588188], [40.99220702787244, 55.40195759506756], [41.11534643222593, 55.38197600894627], [41.23836109653116, 55.361870817794596], [41.36125047375153, 55.341642239793224], [41.484014021768175, 55.321290493953576], [41.6066512033827, 55.300815800107756], [41.72916148631982, 55.28021837889823], [41.851544343229314, 55.2594984517678], [41.97379925168778, 55.23865624094925], [42.095925694199906, 55.21769196945537], [42.21792315819934, 55.19660586106869], [42.33979113604926, 55.17539814033136], [42.461529125042475, 55.154069032535055], [42.58313662740113, 55.1326187637108], [42.704613150276195, 55.11104756061895], [42.82595820574629, 55.08935565073902], [42.94717131081645, 55.06754326225964], [43.068251987416325, 55.04561062406852], [43.189199762398005, 55.023557965742384], [43.31001416753362, 55.00138551753692], [43.430694739512475, 54.97909351037682], [43.55124101993779, 54.95668217584578], [43.671652555323256, 54.9341517461765], [43.79192889708899, 54.91150245424076], [43.91206960155739, 54.88873453353951], [44.03207422994847, 54.86584821819292], [44.15194234837494, 54.84284374293055], [44.27167352783692, 54.819721343081426], [44.39126734421627, 54.79648125456426], [44.51072337827073, 54.77312371387764], [44.63004121562756, 54.74964895809019], [44.749220446776945, 54.72605722483087], [44.8682606670651, 54.70234875227922], [44.987161476686964, 54.67852377915567], [45.105922480678686, 54.654582544711815], [45.224543288909686, 54.630525288720854], [45.343023516074524, 54.60635225146789], [45.46136278168441, 54.58206367374042], [45.57956071005831, 54.557659796818676], [45.69761693031397, 54.533140862466254], [45.81553107635845, 54.508507112920434], [45.933302786878464, 54.48375879088289], [46.05093170533044, 54.45889613951017], [46.168417479930184, 54.43391940240436], [46.28575976364245, 54.408828823603606], [46.40295821417002, 54.383624647572994], [46.52001249394267, 54.35830711919507], [46.63692227010584, 54.33287648376073], [46.753687214508915, 54.30733298695989], [46.87030700369343, 54.28167687487241], [46.986781318880865, 54.2559083939589], [47.10310984596025, 54.23002779105162], [47.219292275475496, 54.20403531334545], [47.335328302612545, 54.177931208388856], [47.451217627186125, 54.15171572407488], [47.56695995362638, 54.12538910863225], [47.682554990965336, 54.09895161061641], [47.798002452822836, 54.072403478900725], [47.91330205739265, 54.045744962667655], [48.028453527428006, 54.0189763113999], [48.14345659022704, 53.9920977748718], [48.25831097761815, 53.965109603140505], [48.37301642594483, 53.93801204653745], [48.487572676050604, 53.91080535565966], [48.60197947326356, 53.883489781361206], [48.71623656738068, 53.856065574744754], [48.83034371265214, 53.82853298715302], [48.944300667765155, 53.800892270160375], [49.058107195827866, 53.773143675564455], [49.17176306435286, 53.74528745537785], [49.28526804524062, 53.71732386181978], [49.398621914762714, 53.68925314730788], [49.51182445354482, 53.66107556445001], [49.6248754465496, 53.63279136603606], [49.73777468305941, 53.60440080502992], [49.85052195665878, 53.57590413456136], [49.963117065216714, 53.54730160791809], [50.075559810868974, 53.518593478537746], [50.18785, 53.48978]]}, "properties": {"fa_flight_id": "RA65996-1610525842-adhoc-0", "registration": "RA-65996", "ident": "RA-65996", "ident_icao": NaN, "origin_code": "L 55.80985 38.25275", "origin_city": "Moscow", "destination_code": "L 53.48978 50.18785", "destination_city": "Samara", "scheduled_out": NaN, "estimated_out": NaN, "actual_out": NaN, "scheduled_off": "2021-01-13T08:17:22Z", "estimated_off": "2021-01-13T08:17:22Z", "actual_off": "2021-01-13T08:17:22Z", "scheduled_on": NaN, "estimated_on": NaN, "actual_on": "2021-01-13T08:17:22Z", "scheduled_in": NaN, "estimated_in": NaN, "actual_in": NaN, "status": "result unknown", "route_distance": NaN, "diverted": false, "cancelled": false, "simplified_departure_date": "2021-01-13", "origin_coords": [55.80985, 38.25275], "destination_coords": [53.48978, 50.18785], "is_same_city": false}}, {"type": "Feature", "geometry": {"type": "LineString", "coordinates": [[38.1122, 55.98504999999999], [38.11448121101301, 55.982982172011155], [38.11676217807491, 55.9809143019107], [38.11904290122582, 55.97884638970642], [38.12132338050582, 55.976778435406075], [38.123603615955005, 55.974710439017464], [38.12588360761349, 55.97264240054835], [38.12816335552131, 55.97057432000652], [38.13044285971856, 55.96850619739973], [38.13272212024528, 55.966438032735766], [38.13500113714156, 55.96436982602236], [38.13727991044739, 55.962301577267326], [38.139558440202855, 55.960233286478406], [38.14183672644798, 55.95816495366336], [38.14411476922278, 55.95609657882995], [38.14639256856728, 55.95402816198595], [38.14867012452149, 55.9519597031391], [38.1509474371254, 55.94989120229718], [38.153224506419036, 55.94782265946792], [38.15550133244236, 55.94575407465908], [38.15777791523536, 55.943685447878416], [38.16005425483802, 55.94161677913366], [38.1623303512903, 55.93954806843259], [38.164606204632165, 55.93747931578292], [38.16688181490357, 55.93541052119242], [38.169157182144446, 55.93334168466883], [38.171432306394735, 55.93127280621987], [38.17370718769439, 55.929203885853305], [38.17598182608331, 55.92713492357685], [38.17825622160142, 55.92506591939827], [38.18053037428864, 55.92299687332526], [38.182804284184854, 55.92092778536557], [38.18507795132998, 55.91885865552695], [38.18735137576388, 55.9167894838171], [38.18962455752646, 55.914720270243755], [38.191897496657575, 55.91265101481466], [38.1941701931971, 55.91058171753749], [38.196442647184895, 55.90851237842003], [38.1987148586608, 55.90644299746995], [38.200986827664686, 55.90437357469499], [38.203258554236356, 55.90230411010288], [38.205530038415674, 55.900234603701314], [38.20780128024246, 55.89816505549801], [38.210072279756496, 55.89609546550068], [38.212343036997616, 55.89402583371704], [38.21461355200562, 55.89195616015479], [38.216883824820314, 55.88988644482164], [38.219153855481466, 55.8878166877253], [38.22142364402886, 55.88574688887346], [38.22369319050227, 55.88367704827384], [38.22596249494147, 55.88160716593412], [38.228231557386216, 55.87953724186202], [38.23050037787625, 55.8774672760652], [38.23276895645132, 55.8753972685514], [38.23503729315118, 55.87332721932828], [38.23730538801553, 55.871257128403556], [38.239573241084116, 55.869186995784894], [38.24184085239664, 55.867116821479996], [38.24410822199282, 55.86504660549655], [38.246375349912356, 55.86297634784222], [38.24864223619494, 55.86090604852471], [38.250908880880246, 55.8588357075517], [38.25317528400799, 55.85676532493086], [38.2554414456178, 55.85469490066987], [38.25770736574935, 55.85262443477641], [38.25997304444234, 55.85055392725815], [38.262238481736375, 55.848483378122765], [38.264503677671115, 55.84641278737793], [38.2667686322862, 55.844342155031306], [38.269033345621246, 55.84227148109057], [38.2712978177159, 55.84020076556337], [38.27356204860975, 55.83813000845739], [38.275826038342416, 55.836059209780274], [38.27808978695351, 55.8339883695397], [38.2803532944826, 55.831917487743326], [38.28261656096931, 55.8298465643988], [38.28487958645317, 55.82777559951377], [38.28714237097378, 55.82570459309591], [38.289404914570724, 55.82363354515285], [38.29166721728354, 55.821562455692266], [38.29392927915176, 55.81949132472179], [38.29619110021496, 55.81742015224908], [38.29845268051265, 55.81534893828176], [38.300714020084385, 55.81327768282751], [38.30297511896968, 55.811206385893925], [38.30523597720803, 55.80913504748869], [38.30749659483896, 55.80706366761942], [38.30975697190197, 55.80499224629375], [38.31201710843654, 55.80292078351932], [38.314277004482186, 55.80084927930377], [38.316536660078356, 55.79877773365473], [38.318796075264544, 55.79670614657982], [38.3210552500802, 55.79463451808668], [38.32331418456479, 55.79256284818293], [38.32557287875777, 55.790491136876206], [38.32783133269857, 55.78841938417411], [38.330089546426635, 55.7863475900843], [38.33234751998139, 55.784275754614356], [38.33460525340226, 55.782203877771906], [38.33686274672866, 55.78013195956458], [38.33912, 55.77806]]}, "properties": {"fa_flight_id": "RA65996-1613753911-adhoc-0", "registration": "RA-65996", "ident": "RA-65996", "ident_icao": NaN, "origin_code": "L 55.98505 38.11220", "origin_city": "Moscow", "destination_code": "L 55.77806 38.33912", "destination_city": "Moscow", "scheduled_out": NaN, "estimated_out": NaN, "actual_out": NaN, "scheduled_off": "2021-02-19T16:58:31Z", "estimated_off": "2021-02-19T16:58:31Z", "actual_off": "2021-02-19T16:58:31Z", "scheduled_on": NaN, "estimated_on": NaN, "actual_on": "2021-02-19T18:17:09Z", "scheduled_in": NaN, "estimated_in": NaN, "actual_in": NaN, "status": "Arrived", "route_distance": NaN, "diverted": false, "cancelled": false, "simplified_departure_date": "2021-02-19", "origin_coords": [55.98505, 38.1122], "destination_coords": [55.77806, 38.33912], "is_same_city": false}}, {"type": "Feature", "geometry": {"type": "LineString", "coordinates": [[37.9682, 55.935449999999996], [37.97153634231224, 55.93498995616528], [37.9748726053808, 55.934529822185695], [37.97820878919338, 55.93406959806496], [37.98154489373774, 55.933609283806746], [37.98488091900161, 55.933148879414766], [37.988216864972706, 55.932688384892735], [37.991552731638784, 55.93222780024434], [37.99488851898759, 55.9317671254733], [37.998224227006844, 55.93130636058332], [38.00155985568432, 55.93084550557809], [38.00489540500773, 55.93038456046133], [38.00823087496486, 55.929923525236724], [38.011566265543436, 55.92946239990801], [38.01490157673122, 55.92900118447887], [38.01823680851598, 55.92853987895302], [38.02157196088547, 55.92807848333418], [38.02490703382743, 55.92761699762604], [38.02824202732966, 55.92715542183233], [38.0315769413799, 55.92669375595673], [38.034911775965945, 55.926232000002976], [38.038246531075536, 55.92577015397477], [38.04158120669647, 55.92530821787582], [38.04491580281651, 55.92484619170985], [38.048250319423445, 55.92438407548055], [38.05158475650504, 55.92392186919165], [38.05491911404909, 55.92345957284687], [38.058253392043376, 55.92299718644991], [38.06158759047569, 55.92253471000449], [38.064921709333824, 55.922072143514335], [38.068255748605566, 55.92160948698314], [38.071589708278715, 55.92114674041461], [38.07492358834106, 55.92068390381251], [38.07825738878041, 55.92022097718051], [38.081591109584565, 55.91975796052237], [38.08492475074133, 55.91929485384176], [38.08825831223851, 55.91883165714244], [38.091591794063916, 55.91836837042811], [38.09492519620536, 55.917904993702486], [38.09825851865065, 55.917441526969306], [38.10159176138761, 55.916977970232274], [38.10492492440407, 55.916514323495115], [38.10825800768782, 55.916050586761564], [38.11159101122671, 55.91558676003532], [38.114923935008555, 55.91512284332011], [38.118256779021195, 55.91465883661968], [38.12158954325244, 55.91419473993773], [38.12492222769014, 55.913730553278], [38.128254832322135, 55.91326627664421], [38.13158735713624, 55.91280191004007], [38.13491980212033, 55.912337453469334], [38.138252167262216, 55.911872906935706], [38.14158445254976, 55.91140827044293], [38.14491665797079, 55.91094354399472], [38.148248783513175, 55.91047872759481], [38.15158082916477, 55.91001382124692], [38.15491279491342, 55.9095488249548], [38.15824468074698, 55.90908373872216], [38.16157648665332, 55.908618562552725], [38.1649082126203, 55.90815329645026], [38.168239858635765, 55.90768794041846], [38.17157142468759, 55.90722249446108], [38.17490291076366, 55.90675695858182], [38.17823431685185, 55.90629133278445], [38.18156564294, 55.905825617072686], [38.184896889016024, 55.90535981145026], [38.188228055067775, 55.904893915920916], [38.19155914108315, 55.904427930488374], [38.19489014705001, 55.90396185515638], [38.19822107295626, 55.90349568992868], [38.2015519187898, 55.903029434808985], [38.204882684538475, 55.90256308980105], [38.208213370190215, 55.902096654908604], [38.211543975732916, 55.90163013013539], [38.21487450115446, 55.901163515485145], [38.218204946442754, 55.9006968109616], [38.221535311585704, 55.900230016568514], [38.224865596571206, 55.89976313230961], [38.22819580138717, 55.89929615818863], [38.23152592602151, 55.898829094209326], [38.234855970462135, 55.89836194037543], [38.23818593469696, 55.897894696690685], [38.2415158187139, 55.89742736315883], [38.24484562250087, 55.89695993978362], [38.248175346045805, 55.896492426568784], [38.25150498933662, 55.89602482351808], [38.25483455236123, 55.89555713063525], [38.25816403510759, 55.895089347924014], [38.26149343756361, 55.894621475388156], [38.26482275971723, 55.89415351303139], [38.26815200155639, 55.89368546085749], [38.27148116306901, 55.893217318870185], [38.274810244243056, 55.89274908707323], [38.27813924506646, 55.89228076547038], [38.28146816552716, 55.89181235406536], [38.284797005613115, 55.891343852861944], [38.28812576531227, 55.89087526186386], [38.29145444461258, 55.89040658107488], [38.294783043502, 55.88993781049874], [38.29811156196849, 55.88946895013921], [38.30144, 55.88900000000001]]}, "properties": {"fa_flight_id": "RA65996-1613740820-adhoc-0", "registration": "RA-65996", "ident": "RA-65996", "ident_icao": NaN, "origin_code": "L 55.93545 37.96820", "origin_city": "Moscow", "destination_code": "L 55.88900 38.30144", "destination_city": "Moscow", "scheduled_out": NaN, "estimated_out": NaN, "actual_out": NaN, "scheduled_off": "2021-02-19T13:20:20Z", "estimated_off": "2021-02-19T13:20:20Z", "actual_off": "2021-02-19T13:20:20Z", "scheduled_on": NaN, "estimated_on": NaN, "actual_on": "2021-02-19T13:20:20Z", "scheduled_in": NaN, "estimated_in": NaN, "actual_in": NaN, "status": "result unknown", "route_distance": NaN, "diverted": false, "cancelled": false, "simplified_departure_date": "2021-02-19", "origin_coords": [55.93545, 37.9682], "destination_coords": [55.889, 38.30144], "is_same_city": false}}, {"type": "Feature", "geometry": {"type": "LineString", "coordinates": [[38.28352000000001, 56.53427000000001], [38.281824808066474, 56.52745461917053], [38.28013022596229, 56.52063921527475], [38.27843625331256, 56.513823788326924], [38.27674288974272, 56.50700833834129], [38.275050134878484, 56.500192865332096], [38.27335798834588, 56.49337736931355], [38.27166644977121, 56.486561850299864], [38.26997551878112, 56.479746308305266], [38.26828519500253, 56.47293074334391], [38.26659547806262, 56.46611515542999], [38.26490636758895, 56.45929954457767], [38.26321786320933, 56.4524839108011], [38.26152996455184, 56.44566825411443], [38.25984267124492, 56.43885257453177], [38.25815598291727, 56.432036872067286], [38.256469899197896, 56.42522114673503], [38.25478441971609, 56.41840539854913], [38.25309954410147, 56.41158962752369], [38.251415271983895, 56.40477383367275], [38.24973160299359, 56.39795801701038], [38.24804853676101, 56.39114217755064], [38.24636607291695, 56.38432631530759], [38.244684211092476, 56.37751043029523], [38.24300295091897, 56.370694522527586], [38.24132229202809, 56.363878592018665], [38.23964223405177, 56.357062638782466], [38.23796277662229, 56.35024666283297], [38.236283919372184, 56.343430664184154], [38.23460566193428, 56.33661464284997], [38.232928003941716, 56.3297985988444], [38.231250945027924, 56.32298253218134], [38.2295744848266, 56.31616644287473], [38.22789862297176, 56.30935033093853], [38.22622335909769, 56.30253419638659], [38.224548692838994, 56.29571803923282], [38.22287462383055, 56.288901859491105], [38.22120115170752, 56.28208565717535], [38.21952827610538, 56.27526943229937], [38.21785599665986, 56.26845318487705], [38.21618431300701, 56.2616369149222], [38.214513224783175, 56.254820622448676], [38.21284273162496, 56.24800430747027], [38.21117283316927, 56.2411879700008], [38.20950352905332, 56.23437161005406], [38.207834818914584, 56.22755522764383], [38.20616670239085, 56.2207388227839], [38.204499179120155, 56.21392239548802], [38.20283224874087, 56.20710594576993], [38.201165910891625, 56.20028947364339], [38.19950016521135, 56.1934729791221], [38.197835011339244, 56.18665646221982], [38.19617044891481, 56.179839922950215], [38.19450647757783, 56.173023361327004], [38.19284309696838, 56.166206777363875], [38.191180306726814, 56.159390171074484], [38.189518106493765, 56.15257354247251], [38.18785649591017, 56.145756891571594], [38.18619547461722, 56.13894021838539], [38.18453504225642, 56.13212352292753], [38.18287519846955, 56.12530680521161], [38.181215942898675, 56.11849006525126], [38.179557275186134, 56.11167330306007], [38.177899194974565, 56.10485651865164], [38.176241701906875, 56.09803971203951], [38.17458479562625, 56.091222883237286], [38.172928475776175, 56.08440603225851], [38.171272742000426, 56.07758915911671], [38.16961759394302, 56.07077226382544], [38.16796303124829, 56.06395534639822], [38.166309053560845, 56.05713840684854], [38.164655660525575, 56.05032144518994], [38.16300285178763, 56.04350446143586], [38.16135062699247, 56.03668745559982], [38.15969898578581, 56.02987042769526], [38.15804792781368, 56.02305337773566], [38.156397452722345, 56.016236305734445], [38.154747560158384, 56.00941921170508], [38.15309824976864, 56.00260209566096], [38.151449521200234, 55.99578495761553], [38.14980137410057, 55.98896779758217], [38.148153808117335, 55.982150615574284], [38.14650682289849, 55.97533341160525], [38.14486041809225, 55.96851618568845], [38.14321459334717, 55.96169893783723], [38.141569348312, 55.95488166806496], [38.13992468263584, 55.948064376384956], [38.13828059596802, 55.941247062810575], [38.13663708795817, 55.93442972735512], [38.13499415825619, 55.927612370031895], [38.13335180651224, 55.92079499085422], [38.13171003237678, 55.91397758983536], [38.13006883550054, 55.90716016698861], [38.12842821553452, 55.900342722327224], [38.126788172129984, 55.89352525586446], [38.12514870493848, 55.886707767613565], [38.12350981361184, 55.87989025758778], [38.12187149780216, 55.87307272580033], [38.120233757161834, 55.8662551722644], [38.11859659134346, 55.85943759699323], [38.11696, 55.85262]]}, "properties": {"fa_flight_id": "RA65996-1613654867-adhoc-0", "registration": "RA-65996", "ident": "RA-65996", "ident_icao": NaN, "origin_code": "L 56.53427 38.28352", "origin_city": "Moscow", "destination_code": "L 55.85262 38.11696", "destination_city": "Moscow", "scheduled_out": NaN, "estimated_out": NaN, "actual_out": NaN, "scheduled_off": "2021-02-18T13:27:47Z", "estimated_off": "2021-02-18T13:27:47Z", "actual_off": "2021-02-18T13:27:47Z", "scheduled_on": NaN, "estimated_on": NaN, "actual_on": "2021-02-18T13:27:47Z", "scheduled_in": NaN, "estimated_in": NaN, "actual_in": NaN, "status": "result unknown", "route_distance": NaN, "diverted": false, "cancelled": false, "simplified_departure_date": "2021-02-18", "origin_coords": [56.53427, 38.28352], "destination_coords": [55.85262, 38.11696], "is_same_city": false}}, {"type": "Feature", "geometry": {"type": "LineString", "coordinates": [[38.28071, 55.92229], [38.28082473497485, 55.81293590398627], [38.28093882699818, 55.703581807866364], [38.28105228228361, 55.59422771164129], [38.28116510696635, 55.484873615312054], [38.28127730710448, 55.37551951887966], [38.28138888868016, 55.26616542234511], [38.281499857600764, 55.15681132570937], [38.28161021970013, 55.0474572289734], [38.28171998073963, 54.93810313213815], [38.28182914640943, 54.828749035204574], [38.28193772232941, 54.719394938173586], [38.282045714050376, 54.610040841046114], [38.28215312705512, 54.50068674382306], [38.282259966759405, 54.3913326465053], [38.28236623851306, 54.28197854909374], [38.28247194760092, 54.17262445158926], [38.28257709924387, 54.0632703539927], [38.28268169859981, 53.953916256304915], [38.28278575076455, 53.84456215852676], [38.282889260772855, 53.735208060659055], [38.28299223359923, 53.625853962702635], [38.28309467415896, 53.51649986465829], [38.283196587308886, 53.40714576652683], [38.283297977848335, 53.29779166830906], [38.28339885051997, 53.188437570005775], [38.28349921001063, 53.07908347161771], [38.28359906095213, 52.96972937314565], [38.28369840792206, 52.86037527459035], [38.28379725544469, 52.751021175952566], [38.283895607991596, 52.64166707723302], [38.283993469982555, 52.53231297843245], [38.28409084578624, 52.422958879551594], [38.28418773972095, 52.31360478059113], [38.28428415605539, 52.204250681551805], [38.284380099009375, 52.09489658243427], [38.28447557275449, 51.98554248323925], [38.28457058141482, 51.87618838396741], [38.28466512906764, 51.76683428461943], [38.28475921974405, 51.65748018519598], [38.284852857429655, 51.548126085697696], [38.28494604606522, 51.438771986125246], [38.285038789547286, 51.32941788647928], [38.28513109172877, 51.22006378676043], [38.28522295641966, 51.11070968696931], [38.28531438738753, 51.00135558710656], [38.28540538835819, 50.89200148717278], [38.28549596301625, 50.78264738716861], [38.285586115005685, 50.673293287094594], [38.28567584793042, 50.56393918695139], [38.28576516535486, 50.45458508673954], [38.28585407080448, 50.34523098645967], [38.2859425677663, 50.235876886112315], [38.28603065968946, 50.126522785698064], [38.28611834998573, 50.017168685217484], [38.286205642030005, 49.90781458467112], [38.28629253916082, 49.79846048405953], [38.28637904468084, 49.689106383383276], [38.28646516185737, 49.57975228264284], [38.28655089392278, 49.470398181838846], [38.28663624407501, 49.36104408097173], [38.28672121547808, 49.25168998004208], [38.28680581126244, 49.142335879050385], [38.2868900345255, 49.032981777997165], [38.28697388833204, 48.92362767688292], [38.287057375714646, 48.814273575708164], [38.28714049967417, 48.70491947447337], [38.28722326318009, 48.59556537317905], [38.28730566917097, 48.486211271825674], [38.28738772055486, 48.37685717041373], [38.28746942020967, 48.2675030689437], [38.28755077098362, 48.15814896741603], [38.287631775695566, 48.04879486583121], [38.28771243713542, 47.939440764189705], [38.28779275806452, 47.83008666249195], [38.28787274121599, 47.72073256073841], [38.287952389295135, 47.611378458929536], [38.288031704979765, 47.502024357065736], [38.28811069092054, 47.39267025514748], [38.28818934974139, 47.2833161531752], [38.288267684039766, 47.17396205114933], [38.28834569638705, 47.064607949070265], [38.288423389328834, 46.95525384693846], [38.28850076538529, 46.84589974475432], [38.288577827051476, 46.73654564251824], [38.28865457679764, 46.62719154023064], [38.28873101706956, 46.517837437891934], [38.288807150288825, 46.40848333550252], [38.28888297885318, 46.29912923306278], [38.288958505136755, 46.1897751305731], [38.28903373149043, 46.080421028033896], [38.2891086602421, 45.971066925445534], [38.28918329369693, 45.8617128228084], [38.28925763413771, 45.75235872012287], [38.289331683825054, 45.64300461738933], [38.28940544499771, 45.53365051460813], [38.28947891987285, 45.42429641177963], [38.28955211064628, 45.31494230890422], [38.289625019492746, 45.20558820598224], [38.2896976485662, 45.09623410301404], [38.28977, 44.98688]]}, "properties": {"fa_flight_id": "RA65996-1614676068-adhoc-0", "registration": "RA-65996", "ident": "RA-65996", "ident_icao": NaN, "origin_code": "L 55.92229 38.28071", "origin_city": "Moscow", "destination_code": "L 44.98688 38.28977", "destination_city": "Krasnodar Krai", "scheduled_out": NaN, "estimated_out": NaN, "actual_out": NaN, "scheduled_off": "2021-03-02T09:07:48Z", "estimated_off": "2021-03-02T09:07:48Z", "actual_off": "2021-03-02T09:07:48Z", "scheduled_on": NaN, "estimated_on": NaN, "actual_on": "2021-03-02T09:07:48Z", "scheduled_in": NaN, "estimated_in": NaN, "actual_in": NaN, "status": "result unknown", "route_distance": NaN, "diverted": false, "cancelled": false, "simplified_departure_date": "2021-03-02", "origin_coords": [55.92229, 38.28071], "destination_coords": [44.98688, 38.28977], "is_same_city": false}}, {"type": "Feature", "geometry": {"type": "LineString", "coordinates": [[43.33146, 55.33677999999999], [43.27827666517048, 55.3440564843176], [43.225073817060185, 55.3513098687533], [43.17185150534048, 55.3585401385887], [43.11860977983053, 55.365747279140116], [43.06534869049703, 55.37293127575866], [43.01206828745405, 55.380092113830415], [42.958768620962864, 55.38722977877657], [42.90544974143169, 55.394344256053515], [42.85211169941559, 55.40143553115302], [42.798754545616184, 55.40850358960235], [42.74537833088149, 55.4155484169644], [42.69198310620573, 55.422569998837794], [42.638568922729114, 55.42956832085712], [42.585135831737595, 55.43654336869292], [42.531683884662726, 55.443495128051914], [42.47821313308137, 55.45042358467715], [42.42472362871559, 55.457328724348066], [42.3712154234323, 55.46421053288067], [42.31768856924315, 55.47106899612766], [42.26414311830425, 55.47790409997855], [42.210579122915945, 55.48471583035981], [42.15699663552262, 55.491504173235015], [42.10339570871242, 55.49826911460491], [42.04977639521708, 55.50501064050763], [41.99613874791161, 55.51172873701879], [41.94248281981414, 55.518423390251584], [41.8888086640856, 55.525094586356964], [41.83511633402956, 55.53174231152378], [41.781405883091864, 55.538366551978854], [41.72767736486052, 55.54496729398713], [41.67393083306538, 55.551544523851845], [41.62016634157785, 55.55809822791463], [41.566383944410696, 55.564628392555626], [41.51258369571778, 55.57113500419363], [41.45876564979374, 55.577618049286194], [41.404929861073825, 55.58407751432985], [41.351076384133485, 55.59051338586009], [41.29720527368828, 55.59692565045165], [41.24331658459346, 55.60331429471852], [41.18941037184375, 55.60967930531411], [41.13548669057311, 55.616020668931405], [41.081545596054355, 55.62233837230306], [41.02758714369899, 55.62863240220157], [40.973611389056856, 55.63490274543933], [40.919618387815824, 55.64114938886882], [40.865608195801585, 55.647372319382704], [40.81158086897729, 55.65357152391399], [40.75753646344328, 55.65974698943608], [40.703475035436796, 55.66589870296301], [40.64939664133165, 55.67202665154947], [40.595301337637984, 55.678130822290996], [40.54118918100188, 55.68421120232406], [40.48706022820514, 55.69026777882622], [40.4329145361649, 55.69630053901624], [40.378752161933384, 55.7023094701542], [40.32457316269753, 55.70829455954162], [40.27037759577874, 55.714255794521634], [40.21616551863248, 55.72019316247903], [40.16193698884803, 55.72610665084045], [40.10769206414813, 55.731996247074456], [40.05343080238865, 55.73786193869171], [39.999153261558234, 55.74370371324507], [39.94485949977804, 55.749521558329654], [39.890549575301335, 55.755315461583095], [39.83622354651321, 55.76108541068554], [39.7818814719302, 55.76683139335984], [39.72752341019996, 55.77255339737164], [39.67314942010091, 55.7782514105295], [39.61875956054193, 55.783925420685065], [39.56435389056194, 55.789575415733104], [39.5099324693296, 55.79520138361175], [39.45549535614294, 55.800803312302435], [39.40104261042901, 55.80638118983021], [39.34657429174351, 55.81193500426376], [39.29209045977043, 55.817464743715504], [39.23759117432167, 55.82297039634178], [39.183076495336735, 55.82845195034294], [39.1285464828823, 55.83390939396344], [39.07400119715185, 55.83934271549197], [39.01944069846531, 55.844751903261624], [38.96486504726869, 55.85013694564994], [38.91027430413371, 55.85549783107909], [38.85566852975736, 55.8608345480159], [38.80104778496157, 55.86614708497209], [38.74641213069281, 55.87143543050428], [38.691761628021695, 55.87669957321419], [38.63709633814259, 55.88193950174868], [38.58241632237325, 55.887155204799946], [38.52772164215436, 55.89234667110556], [38.473012359049214, 55.89751388944862], [38.41828853474325, 55.902656848657884], [38.36355023104367, 55.90777553760784], [38.30879750987903, 55.912869945218866], [38.25403043329884, 55.9179400604573], [38.199249063473175, 55.92298587233555], [38.14445346269221, 55.92800736991228], [38.08964369336583, 55.933004542292416], [38.034819818023216, 55.93797737862737], [37.979981899312435, 55.94292586811505], [37.925129999999996, 55.94785]]}, "properties": {"fa_flight_id": "RA65996-1615903952-adhoc-0", "registration": "RA-65996", "ident": "RA-65996", "ident_icao": NaN, "origin_code": "L 55.33678 43.33146", "origin_city": "Nizhny Novgorod", "destination_code": "L 55.94785 37.92513", "destination_city": "Moscow", "scheduled_out": NaN, "estimated_out": NaN, "actual_out": NaN, "scheduled_off": "2021-03-16T14:12:32Z", "estimated_off": "2021-03-16T14:12:32Z", "actual_off": "2021-03-16T14:12:32Z", "scheduled_on": NaN, "estimated_on": NaN, "actual_on": "2021-03-16T14:12:32Z", "scheduled_in": NaN, "estimated_in": NaN, "actual_in": NaN, "status": "result unknown", "route_distance": NaN, "diverted": false, "cancelled": false, "simplified_departure_date": "2021-03-16", "origin_coords": [55.33678, 43.33146], "destination_coords": [55.94785, 37.92513], "is_same_city": false}}, {"type": "Feature", "geometry": {"type": "LineString", "coordinates": [[38.27684, 55.82801], [38.33033450576335, 55.82460239017083], [38.383819608822066, 55.821171573278086], [38.43729524825622, 55.817717556403814], [38.49076136322287, 55.81424034667505], [38.54421789295647, 55.81073995126384], [38.597664776769314, 55.80721637738713], [38.65110195405202, 55.80366963230661], [38.70452936427393, 55.800099723328785], [38.7579469469836, 55.796506657804805], [38.81135464180919, 55.79289044313042], [38.864752388458925, 55.78925108674591], [38.91814012672155, 55.78558859613601], [38.971517796466706, 55.7819029788298], [39.02488533764543, 55.77819424240074], [39.07824269029057, 55.774462394466404], [39.13158979451719, 55.770707442688646], [39.18492659052301, 55.76692939477331], [39.23825301858886, 55.76312825847026], [39.29156901907905, 55.759304041573316], [39.34487453244185, 55.755456751920086], [39.39816949920991, 55.75158639739201], [39.4514538600006, 55.747692985914185], [39.504727555516546, 55.74377652545535], [39.557990526545964, 55.73983702402775], [39.61124271396312, 55.73587448968709], [39.6644840587287, 55.7318889305325], [39.717714501890285, 55.72788035470634], [39.77093398458269, 55.72384877039424], [39.82414244802845, 55.71979418582498], [39.87733983353813, 55.715716609270345], [39.93052608251084, 55.71161604904513], [39.98370113643456, 55.70749251350705], [40.03686493688658, 55.70334601105658], [40.09001742553388, 55.69917655013698], [40.143158544133556, 55.69498413923414], [40.196288234533164, 55.690768786876504], [40.24940643867119, 55.68653050163503], [40.30251309857738, 55.682269292123074], [40.35560815637317, 55.6779851669963], [40.40869155427205, 55.673678134952596], [40.46176323457999, 55.669348204732024], [40.514823139695764, 55.664995385116704], [40.56787121211139, 55.66061968493073], [40.62090739441253, 55.65622111304011], [40.67393162927878, 55.651799678352646], [40.726943859484145, 55.64735538981785], [40.77994402789737, 55.6428882564269], [40.832932077482326, 55.638398287212524], [40.885907951298385, 55.633885491248904], [40.93887159250079, 55.62934987765158], [40.99182294434102, 55.624791455577416], [41.044761950167164, 55.62021023422446], [41.09768855342433, 55.61560622283188], [41.15060269765489, 55.61097943067983], [41.20350432649902, 55.606329867089485], [41.2563933836949, 55.60165754142278], [41.309269813079155, 55.59696246308246], [41.36213355858721, 55.5922446415119], [41.4149845642536, 55.58750408619508], [41.467822774212415, 55.58274080665647], [41.52064813269755, 55.57795481246091], [41.573460584043104, 55.57314611321356], [41.62626007268375, 55.568314718559805], [41.67904654315503, 55.563460638185134], [41.73181994009376, 55.558583881815075], [41.78458020823831, 55.55368445921509], [41.83732729242898, 55.54876238019051], [41.89006113760837, 55.54381765458636], [41.94278168882165, 55.5388502922874], [41.99548889121693, 55.5338603032179], [42.048182690045614, 55.52884769734165], [42.10086303066268, 55.52381248466175], [42.15352985852709, 55.51875467522067], [42.206183119202, 55.51367427910002], [42.25882275835525, 55.508571306420514], [42.31144872175949, 55.50344576734187], [42.36406095529269, 55.49829767206272], [42.41665940493832, 55.49312703082048], [42.469244016785765, 55.48793385389132], [42.52181473703059, 55.48271815159], [42.574371511974846, 55.47747993426982], [42.62691428802743, 55.4722192123225], [42.679443011704386, 55.466935996178066], [42.731957629629136, 55.46163029630482], [42.78445808853293, 55.456302123209156], [42.836944335255005, 55.450951487435546], [42.88941631674299, 55.44557839956638], [42.94187398005316, 55.44018287022187], [42.994317272350735, 55.434764910060025], [43.04674614091023, 55.42932452977644], [43.09916053311567, 55.42386174010429], [43.151560396460916, 55.41837655181419], [43.20394567855002, 55.412868975714126], [43.2563163270974, 55.40733902264928], [43.30867228992821, 55.401786703502026], [43.361013514978616, 55.39621202919177], [43.41333995029606, 55.39061501067487], [43.46565154403951, 55.38499565894453], [43.51794824447984, 55.37935398503071], [43.57023, 55.37369]]}, "properties": {"fa_flight_id": "RA65996-1615870948-adhoc-0", "registration": "RA-65996", "ident": "RA-65996", "ident_icao": NaN, "origin_code": "L 55.82801 38.27684", "origin_city": "Moscow", "destination_code": "L 55.37369 43.57023", "destination_city": "Nizhny Novgorod", "scheduled_out": NaN, "estimated_out": NaN, "actual_out": NaN, "scheduled_off": "2021-03-16T05:02:28Z", "estimated_off": "2021-03-16T05:02:28Z", "actual_off": "2021-03-16T05:02:28Z", "scheduled_on": NaN, "estimated_on": NaN, "actual_on": "2021-03-16T05:02:28Z", "scheduled_in": NaN, "estimated_in": NaN, "actual_in": NaN, "status": "result unknown", "route_distance": NaN, "diverted": false, "cancelled": false, "simplified_departure_date": "2021-03-16", "origin_coords": [55.82801, 38.27684], "destination_coords": [55.37369, 43.57023], "is_same_city": false}}, {"type": "Feature", "geometry": {"type": "LineString", "coordinates": [[37.95573, 55.94806], [37.95891161217817, 55.947802854131616], [37.962093182093376, 55.94754562629969], [37.96527470973312, 55.94728831650608], [37.96845619508492, 55.94703092475268], [37.971637638136265, 55.946773451041366], [37.974819038874664, 55.946515895374034], [37.978000397287616, 55.94625825775254], [37.98118171336265, 55.946000538178794], [37.98436298708726, 55.94574273665468], [37.98754421844896, 55.945484853182066], [37.99072540743526, 55.94522688776286], [37.993906554033664, 55.94496884039894], [37.99708765823171, 55.94471071109219], [38.0002687200169, 55.94445249984451], [38.003449739376734, 55.94419420665777], [38.006630716298766, 55.94393583153388], [38.00981165077049, 55.94367737447471], [38.01299254277942, 55.94341883548214], [38.01617339231309, 55.94316021455811], [38.019354199359036, 55.94290151170447], [38.02253496390476, 55.94264272692313], [38.0257156859378, 55.94238386021596], [38.02889636544566, 55.94212491158488], [38.0320770024159, 55.941865881031774], [38.03525759683602, 55.94160676855853], [38.038438148693565, 55.94134757416704], [38.041618657976066, 55.9410882978592], [38.04479912467105, 55.94082893963693], [38.04797954876606, 55.9405694995021], [38.05115993024862, 55.9403099774566], [38.05434026910627, 55.94005037350236], [38.05752056532655, 55.93979068764126], [38.06070081889699, 55.939530919875175], [38.06388102980513, 55.93927107020605], [38.06706119803852, 55.93901113863575], [38.0702413235847, 55.93875112516618], [38.07342140643122, 55.93849102979926], [38.07660144656561, 55.93823085253686], [38.07978144397541, 55.93797059338091], [38.082961398648195, 55.9377102523333], [38.08614131057149, 55.93744982939592], [38.08932117973285, 55.937189324570696], [38.092501006119825, 55.93692873785953], [38.095680789719964, 55.936668069264314], [38.09886053052084, 55.936407318786955], [38.10204022850998, 55.936146486429365], [38.105219883674955, 55.93588557219344], [38.10839949600331, 55.935624576081096], [38.111579065482616, 55.93536349809424], [38.11475859210043, 55.93510233823476], [38.11793807584431, 55.934841096504584], [38.12111751670181, 55.934579772905636], [38.124296914660505, 55.934318367439786], [38.12747626970795, 55.93405688010897], [38.13065558183171, 55.933795310915094], [38.133834851019365, 55.93353365986007], [38.137014077258456, 55.933271926945785], [38.140193260536584, 55.93301011217419], [38.1433724008413, 55.93274821554717], [38.14655149816018, 55.93248623706665], [38.1497305524808, 55.93222417673455], [38.15290956379073, 55.931962034552754], [38.15608853207754, 55.93169981052321], [38.1592674573288, 55.93143750464783], [38.16244633953211, 55.931175116928486], [38.16562517867504, 55.930912647367165], [38.16880397474517, 55.930650095965724], [38.17198272773006, 55.93038746272611], [38.17516143761733, 55.930124747650225], [38.178340104394536, 55.929861950740005], [38.18151872804928, 55.92959907199736], [38.18469730856913, 55.92933611142419], [38.187875845941676, 55.92907306902246], [38.19105434015452, 55.928809944794054], [38.19423279119525, 55.9285467387409], [38.19741119905145, 55.928283450864924], [38.20058956371071, 55.92802008116804], [38.20376788516064, 55.92775662965219], [38.2069461633888, 55.927493096319274], [38.21012439838283, 55.927229481171246], [38.21330259013029, 55.92696578420999], [38.216480738618806, 55.926702005437456], [38.21965884383596, 55.926438144855574], [38.22283690576935, 55.92617420246625], [38.2260149244066, 55.925910178271415], [38.22919289973529, 55.92564607227301], [38.23237083174303, 55.92538188447296], [38.23554872041744, 55.92511761487319], [38.23872656574611, 55.924853263475605], [38.241904367716664, 55.924588830282175], [38.2450821263167, 55.9243243152948], [38.24825984153382, 55.92405971851542], [38.25143751335567, 55.92379503994597], [38.254615141769825, 55.92353027958838], [38.257792726763924, 55.92326543744456], [38.260970268325565, 55.923000513516484], [38.26414776644237, 55.922735507806046], [38.26732522110197, 55.9224704203152], [38.27050263229197, 55.922205251045874], [38.27368, 55.92194]]}, "properties": {"fa_flight_id": "RA65996-1617373418-adhoc-0", "registration": "RA-65996", "ident": "RA-65996", "ident_icao": NaN, "origin_code": "L 55.94806 37.95573", "origin_city": "Moscow", "destination_code": "L 55.92194 38.27368", "destination_city": "Moscow", "scheduled_out": NaN, "estimated_out": NaN, "actual_out": NaN, "scheduled_off": "2021-04-02T14:23:38Z", "estimated_off": "2021-04-02T14:23:38Z", "actual_off": "2021-04-02T14:23:38Z", "scheduled_on": NaN, "estimated_on": NaN, "actual_on": "2021-04-02T14:23:38Z", "scheduled_in": NaN, "estimated_in": NaN, "actual_in": NaN, "status": "result unknown", "route_distance": NaN, "diverted": false, "cancelled": false, "simplified_departure_date": "2021-04-02", "origin_coords": [55.94806, 37.95573], "destination_coords": [55.92194, 38.27368], "is_same_city": false}}, {"type": "Feature", "geometry": {"type": "LineString", "coordinates": [[43.95244, 49.49346], [43.90144990847212, 49.558632240749276], [43.85032355890124, 49.62378201909453], [43.7990603190408, 49.68890922300738], [43.74765955323712, 49.754013739780724], [43.69612062240909, 49.819095456023895], [43.64444288402779, 49.884154257657755], [43.59262569209591, 49.94919002990967], [43.5406683971271, 50.01420265730861], [43.48857034612531, 50.07919202368], [43.436330882563794, 50.144158012140736], [43.38394934636422, 50.209100505094014], [43.33142507387558, 50.27401938422417], [43.27875739785298, 50.33891453049154], [43.22594564743632, 50.403785824127134], [43.1729891481289, 50.468633144627425], [43.119887221775905, 50.53345637074896], [43.0666391865427, 50.5982553805031], [43.01324435689319, 50.66303005115044], [42.959702043567844, 50.72778025919558], [42.90601155356179, 50.79250588038145], [42.852172190102735, 50.85720678968383], [42.79818325262871, 50.9218828613058], [42.744044036765835, 50.986533968672084], [42.689753834305876, 51.05115998442337], [42.635311933183715, 51.11576078041065], [42.580717617454674, 51.18033622768942], [42.52597016727186, 51.244886196513846], [42.47106885886319, 51.30941055633097], [42.41601296450852, 51.373909175774784], [42.3608017525165, 51.43838192266029], [42.30543448720144, 51.50282866397753], [42.24991042885993, 51.567249265885515], [42.19422883374748, 51.63164359370613], [42.13838895405504, 51.69601151191807], [42.08239003788526, 51.76035288415059], [42.02623132922887, 51.8246675731773], [41.96991206794074, 51.88895544090986], [41.913431489716, 51.95321634839169], [41.856788826065895, 52.01745015579159], [41.7999833042937, 52.081656722397256], [41.743014147470376, 52.14583590660882], [41.68588057441024, 52.20998756593239], [41.62858179964641, 52.27411155697336], [41.57111703340628, 52.33820773542983], [41.51348548158675, 52.40227595608594], [41.45568634572945, 52.46631607280502], [41.397718822995856, 52.53032793852299], [41.33958210614222, 52.59431140524129], [41.281275383494524, 52.65826632402016], [41.22279783892319, 52.722192544971556], [41.164148651817776, 52.786089917252234], [41.105326997061596, 52.84995828905663], [41.04633204500615, 52.913797507609736], [40.98716296144555, 52.977607419159966], [40.927818907590726, 53.04138786897186], [40.86829904004369, 53.10513870131888], [40.80860251077159, 53.16885975947594], [40.748728467080696, 53.23255088571215], [40.688676051590306, 53.296211921283195], [40.62844440220652, 53.35984270642396], [40.568032652095994, 53.423443080340824], [40.50743992965954, 53.48701288120411], [40.446665358505655, 53.550551946140324], [40.38570805742396, 53.614060111224425], [40.324567140358546, 53.67753721147201], [40.26324171638124, 53.740983080831406], [40.20173088966479, 53.80439755217575], [40.14003375945597, 53.86778045729494], [40.07814942004859, 53.93113162688763], [40.01607696075639, 53.99445089055303], [39.95381546588599, 54.05773807678279], [39.89136401470951, 54.120993012952674], [39.828721681437436, 54.18421552531423], [39.76588753519113, 54.247405438986476], [39.70286063997545, 54.31056257794735], [39.63964005465115, 54.373686765025305], [39.57622483290742, 54.43677782189062], [39.51261402323409, 54.49983556904679], [39.44880666889398, 54.56285982582183], [39.384801807895144, 54.625850410359426], [39.320598472962935, 54.68880713961016], [39.256195691512204, 54.75172982932254], [39.19159248561925, 54.81461829403401], [39.12678787199388, 54.87747234706189], [39.06178086195126, 54.94029180049427], [38.99657046138387, 55.00307646518079], [38.93115567073331, 55.06582615072336], [38.86553548496206, 55.128540665466836], [38.79970889352529, 55.19121981648962], [38.73367488034254, 55.253863409594125], [38.66743242376936, 55.31647124929726], [38.600980496569, 55.379043138820784], [38.534318065883966, 55.44157888008161], [38.46744409320767, 55.50407827368197], [38.40035753435591, 55.5665411188997], [38.33305733943847, 55.628967213678166], [38.265542452830566, 55.69135635461631], [38.197811813144426, 55.7537083369586], [38.129864353200695, 55.81602295458485], [38.061699, 55.8783]]}, "properties": {"fa_flight_id": "RA65996-1618308840-adhoc-0", "registration": "RA-65996", "ident": "RA-65996", "ident_icao": NaN, "origin_code": "L 49.49346 43.95244", "origin_city": "Volgograd", "destination_code": "UUMU", "destination_city": NaN, "scheduled_out": NaN, "estimated_out": NaN, "actual_out": NaN, "scheduled_off": "2021-04-13T10:14:00Z", "estimated_off": "2021-04-13T10:14:00Z", "actual_off": "2021-04-13T10:14:00Z", "scheduled_on": NaN, "estimated_on": NaN, "actual_on": "2021-04-13T10:14:00Z", "scheduled_in": NaN, "estimated_in": NaN, "actual_in": NaN, "status": "result unknown", "route_distance": NaN, "diverted": false, "cancelled": false, "simplified_departure_date": "2021-04-13", "origin_coords": [49.49346, 43.95244], "destination_coords": [55.8783, 38.061699], "is_same_city": false}}, {"type": "Feature", "geometry": {"type": "LineString", "coordinates": [[38.16977, 55.83431], [38.26599065707818, 55.74990602070295], [38.36179566892604, 55.66542719297551], [38.45718777348422, 55.58087407546441], [38.5521696892657, 55.496247221854375], [38.646744115470966, 55.411547180916905], [38.740913732103444, 55.32677449655874], [38.83468120008538, 55.24192970786978], [38.92804916137374, 55.157013349170526], [39.02102023907667, 55.07202595005915], [39.113597037569825, 54.98696803545798], [39.2057821426131, 54.90184012565964], [39.2975781214674, 54.8166427363727], [39.38898752301151, 54.731376378766825], [39.48001287785898, 54.646041559517606], [39.57065669847526, 54.56063878085079], [39.660921479294565, 54.47516854058621], [39.750809696836924, 54.3896313321812], [39.840323809825136, 54.304027644773655], [39.92946625930164, 54.21835796322449], [40.01823946874533, 54.132622768159955], [40.106645844188144, 54.046822536013266], [40.19468777433176, 53.96095773906596], [40.28236763066382, 53.87502884548877], [40.36968776757423, 53.78903631938219], [40.456650522471136, 53.70298062081649], [40.54325821589665, 53.61686220587143], [40.629513151642456, 53.53068152667556], [40.71541761686506, 53.44443903144508], [40.800973882200765, 53.35813516452236], [40.886184201880404, 53.271770366414025], [40.971050813843725, 53.1853450738287], [41.05557593985345, 53.0988597197143], [41.139761785609025, 53.01231473329505], [41.223610540859966, 52.92571054010801], [41.30712437951885, 52.839047562039305], [41.39030545977398, 52.75232621735998], [41.47315592420152, 52.66554692076143], [41.555677899877395, 52.578710083390575], [41.637873498488624, 52.491816112884536], [41.71974481644426, 52.40486541340505], [41.80129393498595, 52.31785838567259], [41.88252292029796, 52.23079542699995], [41.963433823616775, 52.14367693132564], [42.04402868134024, 52.05650328924691], [42.12430951513613, 51.96927488805239], [42.2042783320504, 51.88199211175438], [42.283937124614724, 51.79465534112094], [42.36328787095373, 51.70726495370747], [42.44233253489155, 51.619821323888104], [42.52107306605794, 51.5323248228867], [42.59951139999391, 51.44477581880753], [42.67764945825669, 51.35717467666568], [42.755489148524276, 51.26952175841707], [42.833032364699335, 51.181817422988324], [42.91028098701266, 51.094062026306034], [42.987236882126, 51.006255921326066], [43.0639019032343, 50.91839945806229], [43.14027789016747, 50.83049298361522], [43.21636666949151, 50.74253684220013], [43.29217005460905, 50.654531375175154], [43.36768984585944, 50.566476921068805], [43.44292783061801, 50.47837381560746], [43.51788578339508, 50.39022239174244], [43.59256546593402, 50.302022979676686], [43.66696862730908, 50.2137759068915], [43.7410970040223, 50.12548149817264], [43.81495232010008, 50.0371400756364], [43.888536287189, 49.94875195875527], [43.96185060465111, 49.860317464383364], [44.0348969596586, 49.77183690678171], [44.1076770272879, 49.683310597643015], [44.18019247061313, 49.594738846116506], [44.25244494079896, 49.50612195883217], [44.3244360771929, 49.417460239925035], [44.39616750741698, 49.32875399105896], [44.467640847458775, 49.24000351145043], [44.53885770176186, 49.15120909789179], [44.60981966331574, 49.06237104477458], [44.68052831374497, 48.97348964411235], [44.750985223397905, 48.88456518556338], [44.82119195143472, 48.795597956453136], [44.89115004591479, 48.706588241796524], [44.96086104388361, 48.61753632431977], [45.030326471458935, 48.528442484482305], [45.09954784391651, 48.43930700049824], [45.168526665775026, 48.35013014835764], [45.23726443088057, 48.260912201847724], [45.305762622490484, 48.17165343257361], [45.37402271335659, 48.08235410997908], [45.44204616580782, 47.99301450136692], [45.50983443183229, 47.90363487191925], [45.57738895315872, 47.81421548471748], [45.644711161337334, 47.72475660076211], [45.711802477820136, 47.63525847899242], [45.778664314040604, 47.545721376305806], [45.84529807149275, 47.45614554757699], [45.911705141809726, 47.366531245677024], [45.97788690684167, 47.276878721492174], [46.043844738733185, 47.18718822394243], [46.10958000000001, 47.09746]]}, "properties": {"fa_flight_id": "RA65996-1618294675-adhoc-0", "registration": "RA-65996", "ident": "RA-65996", "ident_icao": NaN, "origin_code": "L 55.83431 38.16977", "origin_city": "Moscow", "destination_code": "L 47.09746 46.10958", "destination_city": "Elista", "scheduled_out": NaN, "estimated_out": NaN, "actual_out": NaN, "scheduled_off": "2021-04-13T06:17:55Z", "estimated_off": "2021-04-13T06:17:55Z", "actual_off": "2021-04-13T06:17:55Z", "scheduled_on": NaN, "estimated_on": NaN, "actual_on": "2021-04-13T06:17:55Z", "scheduled_in": NaN, "estimated_in": NaN, "actual_in": NaN, "status": "result unknown", "route_distance": NaN, "diverted": false, "cancelled": false, "simplified_departure_date": "2021-04-13", "origin_coords": [55.83431, 38.16977], "destination_coords": [47.09746, 46.10958], "is_same_city": false}}, {"type": "Feature", "geometry": {"type": "LineString", "coordinates": [[40.47163, 51.7924], [40.45072787962215, 51.83292146434354], [40.429788111792405, 51.8734392172903], [40.40881057717596, 51.91395324673427], [40.38779515596426, 51.954463540519434], [40.3667417278727, 51.994970086439444], [40.34565017213837, 52.03547287223738], [40.324520367517664, 52.075971885605504], [40.303352192284, 52.116467114185], [40.2821455242255, 52.1569585455657], [40.26090024064254, 52.19744616728586], [40.239616218345496, 52.23792996683181], [40.21829333365228, 52.278409931637796], [40.19693146238597, 52.318886049085606], [40.17553047987243, 52.3593583065044], [40.15409026093783, 52.39982669117037], [40.132610679906286, 52.44029119030648], [40.11109161059732, 52.48075179108222], [40.08953292632347, 52.521208480613325], [40.06793449988781, 52.56166124596142], [40.0462962035814, 52.60211007413386], [40.02461790918086, 52.6425549520834], [40.00289948794577, 52.682995866707856], [39.98114081061623, 52.72343280484992], [39.95934174741024, 52.76386575329679], [39.93750216802117, 52.80429469877995], [39.91562194161517, 52.844719627974776], [39.893700936828616, 52.885140527500404], [39.87173902176546, 52.925557383919305], [39.84973606399464, 52.96597018373705], [39.827691930547445, 53.00637891340196], [39.805606487914865, 53.04678355930488], [39.78347960204491, 53.08718410777883], [39.76131113833996, 53.12758054509872], [39.739100961654074, 53.16797285748104], [39.71684893629024, 53.20836103108356], [39.6945549259977, 53.248745052005034], [39.672218793969186, 53.28912490628484], [39.64984040283819, 53.329500579902735], [39.62741961467615, 53.36987205877848], [39.60495629098969, 53.410239328771596], [39.58245029271787, 53.45060237568097], [39.55990148022928, 53.4909611852446], [39.53730971331923, 53.53131574313922], [39.514674851206976, 53.57166603498002], [39.49199675253276, 53.61201204632032], [39.469275275354974, 53.65235376265119], [39.44651027714728, 53.69269116940117], [39.423701614795654, 53.733024251935966], [39.40084914459548, 53.773352995558014], [39.3779527222486, 53.81367738550628], [39.35501220286035, 53.853997406955784], [39.3320274409366, 53.89431304501736], [39.30899829038069, 53.93462428473731], [39.28592460449053, 53.974931111096986], [39.262806235955466, 54.01523350901251], [39.23964303685324, 54.05553146333442], [39.216434858647, 54.095824958847295], [39.19318155218215, 54.136113980269435], [39.16988296768329, 54.17639851225246], [39.14653895475103, 54.21667853938102], [39.123149362358944, 54.25695404617235], [39.09971403885035, 54.297225017075995], [39.07623283193515, 54.33749143647339], [39.05270558868669, 54.37775328867754], [39.02913215553848, 54.41801055793259], [39.00551237828099, 54.458263228413514], [38.981846102058434, 54.498511284225714], [38.958133171365496, 54.53875470940464], [38.934373430044, 54.57899348791546], [38.910566721279686, 54.61922760365261], [38.88671288759882, 54.65945704043945], [38.8628117708649, 54.69968178202788], [38.83886321227529, 54.739901812097955], [38.814867052357826, 54.78011711425751], [38.79082313096742, 54.820327672041714], [38.766731287282674, 54.860533468912735], [38.742591359802404, 54.90073448825932], [38.718403186342194, 54.94093071339637], [38.69416660403098, 54.98112212756463], [38.669881449307454, 55.021308713930146], [38.64554755791661, 55.06149045558395], [38.6211647649062, 55.1016673355417], [38.59673290462319, 55.14183933674311], [38.57225181071013, 55.18200644205168], [38.54772131610162, 55.22216863425424], [38.52314125302069, 55.26232589606047], [38.49851145297508, 55.30247821010256], [38.473831746753696, 55.34262555893475], [38.44910196442282, 55.382767925032894], [38.424321935322496, 55.422905290794056], [38.399491488062765, 55.463037638536015], [38.374610450519896, 55.503164950496945], [38.34967864983268, 55.54328720883483], [38.324695912398596, 55.58340439562716], [38.29966206387, 55.6235164928704], [38.274576929150335, 55.66362348247956], [38.24944033239022, 55.703725346287776], [38.224252096983626, 55.74382206604582], [38.199012045563926, 55.78391362342166], [38.17372, 55.824000000000005]]}, "properties": {"fa_flight_id": "RA65996-1619266525-adhoc-0", "registration": "RA-65996", "ident": "RA-65996", "ident_icao": NaN, "origin_code": "L 51.79240 40.47163", "origin_city": "Moscow", "destination_code": "L 55.82400 38.17372", "destination_city": "Moscow", "scheduled_out": NaN, "estimated_out": NaN, "actual_out": NaN, "scheduled_off": "2021-04-24T12:15:25Z", "estimated_off": "2021-04-24T12:15:25Z", "actual_off": "2021-04-24T12:15:25Z", "scheduled_on": NaN, "estimated_on": NaN, "actual_on": "2021-04-24T12:15:25Z", "scheduled_in": NaN, "estimated_in": NaN, "actual_in": NaN, "status": "result unknown", "route_distance": NaN, "diverted": false, "cancelled": false, "simplified_departure_date": "2021-04-24", "origin_coords": [51.7924, 40.47163], "destination_coords": [55.824, 38.17372], "is_same_city": false}}, {"type": "Feature", "geometry": {"type": "LineString", "coordinates": [[37.89487, 55.96433000000001], [37.910307175197076, 55.92499792831619], [37.925713047890305, 55.88566393032745], [37.94108772614727, 55.84632801277797], [37.95643131755486, 55.806990182381305], [37.97174392922184, 55.76765044582066], [37.98702566778148, 55.728308809748974], [38.002276639394246, 55.68896528078916], [38.01749694975025, 55.64961986553424], [38.03268670407198, 55.610272570547515], [38.04784600711673, 55.57092340236273], [38.06297496317922, 55.53157236748422], [38.0780736760941, 55.492219472387156], [38.09314224923843, 55.452864723517585], [38.10818078553425, 55.41350812729271], [38.12318938745096, 55.37414969010096], [38.13816815700786, 55.33478941830217], [38.15311719577655, 55.29542731822782], [38.168036604883405, 55.25606339618108], [38.182926485011926, 55.21669765843702], [38.19778693640519, 55.177330111242775], [38.212618058868216, 55.13796076081768], [38.22741995177035, 55.09858961335343], [38.24219271404759, 55.05921667501425], [38.256936444204946, 55.01984195193698], [38.27165124031876, 54.980465450231335], [38.286337200039, 54.94108717597996], [38.300994420591586, 54.90170713523862], [38.31562299878064, 54.86232533403634], [38.33022303099078, 54.822941778375565], [38.344794613189315, 54.78355647423228], [38.35933784092856, 54.74416942755615], [38.37385280934801, 54.704780644270734], [38.38833961317654, 54.66539013027354], [38.402798346734656, 54.625997891436214], [38.4172291039366, 54.58660393360467], [38.43163197829257, 54.54720826259921], [38.44600706291087, 54.507810884214734], [38.46035445050001, 54.468411804220786], [38.47467423337092, 54.429011028361735], [38.48896650343893, 54.38960856235695], [38.503231352226, 54.350204411900854], [38.51746887086274, 54.310798582663125], [38.53167915009049, 54.271391080288794], [38.54586228026338, 54.23198191039842], [38.560018351350415, 54.19257107858815], [38.57414745293745, 54.15315859042992], [38.58824967422926, 54.11374445147157], [38.60232510405154, 54.074328667236934], [38.616373830852865, 54.03491124322601], [38.63039594270675, 53.99549218491511], [38.64439152731355, 53.95607149775691], [38.65836067200245, 53.91664918718061], [38.67230346373345, 53.877225258592134], [38.68621998909921, 53.83779971737413], [38.70011033432707, 53.7983725688862], [38.713974585280916, 53.758943818464935], [38.727812827463055, 53.71951347142412], [38.74162514601618, 53.680081533054796], [38.75541162572519, 53.64064800862541], [38.76917235101905, 53.60121290338193], [38.78290740597269, 53.56177622254795], [38.7966168743088, 53.52233797132482], [38.81030083939971, 53.48289815489179], [38.82395938426916, 53.443456778406095], [38.83759259159414, 53.40401384700304], [38.8512005437067, 53.3645693657962], [38.8647833225957, 53.32512333987748], [38.8783410099086, 53.28567577431722], [38.89187368695326, 53.24622667416433], [38.905381434699635, 53.20677604444646], [38.91886433378158, 53.16732389016994], [38.932322464498505, 53.12787021632011], [38.94575590681721, 53.088415027861274], [38.95916474037348, 53.04895832973685], [38.972549044473865, 53.009500126869554], [38.98590889809735, 52.97004042416135], [38.999244379897014, 52.93057922649375], [39.01255556820174, 52.89111653872776], [39.02584254101785, 52.85165236570406], [39.039105376030754, 52.81218671224316], [39.05234415060661, 52.77271958314536], [39.065558941793924, 52.733250983191006], [39.07874982632524, 52.6937809171405], [39.091916880618655, 52.65430938973443], [39.10506018077949, 52.61483640569373], [39.11817980260186, 52.575361969719644], [39.131275821570256, 52.53588608649398], [39.14434831286111, 52.49640876067913], [39.157397351344414, 52.456929996918156], [39.17042301158517, 52.41744979983494], [39.183425367845025, 52.377968174034265], [39.196404494083794, 52.338485124101894], [39.20936046396091, 52.299000654604704], [39.22229335083708, 52.25951477009074], [39.23520322777565, 52.22002747508934], [39.248090167544206, 52.18053877411122], [39.260954242616, 52.141048671648605], [39.27379552517149, 52.10155717217528], [39.28661408709976, 52.06206428014668], [39.29941, 52.022569999999995]]}, "properties": {"fa_flight_id": "RA65996-1619247867-adhoc-0", "registration": "RA-65996", "ident": "RA-65996", "ident_icao": NaN, "origin_code": "L 55.96433 37.89487", "origin_city": "Moscow", "destination_code": "L 52.02257 39.29941", "destination_city": "Moscow", "scheduled_out": NaN, "estimated_out": NaN, "actual_out": NaN, "scheduled_off": "2021-04-24T07:04:27Z", "estimated_off": "2021-04-24T07:04:27Z", "actual_off": "2021-04-24T07:04:27Z", "scheduled_on": NaN, "estimated_on": NaN, "actual_on": "2021-04-24T07:04:27Z", "scheduled_in": NaN, "estimated_in": NaN, "actual_in": NaN, "status": "result unknown", "route_distance": NaN, "diverted": false, "cancelled": false, "simplified_departure_date": "2021-04-24", "origin_coords": [55.96433, 37.89487], "destination_coords": [52.02257, 39.29941], "is_same_city": false}}, {"type": "Feature", "geometry": {"type": "LineString", "coordinates": [[38.03574, 56.03365], [38.0360006236834, 56.03209652706741], [38.036261226389726, 56.03054305358552], [38.03652180812187, 56.028989579554406], [38.036782368882754, 56.02743610497414], [38.03704290867529, 56.025882629844816], [38.03730342750237, 56.02432915416649], [38.03756392536692, 56.022775677939244], [38.037824402271816, 56.02122220116316], [38.038084858219996, 56.019668723838315], [38.03834529321434, 56.01811524596478], [38.03860570725776, 56.01656176754262], [38.03886610035316, 56.01500828857194], [38.03912647250344, 56.01345480905278], [38.03938682371151, 56.01190132898525], [38.03964715398027, 56.01034784836942], [38.039907463312616, 56.00879436720534], [38.040167751711444, 56.00724088549311], [38.040428019179664, 56.005687403232805], [38.040688265720185, 56.0041339204245], [38.040948491335875, 56.002580437068254], [38.04120869602967, 56.00102695316418], [38.04146887980444, 55.99947346871231], [38.04172904266311, 55.99791998371275], [38.04198918460854, 55.99636649816555], [38.04224930564366, 55.994813012070814], [38.04250940577134, 55.99325952542861], [38.0427694849945, 55.99170603823902], [38.043029543316024, 55.9901525505021], [38.043289580738794, 55.98859906221794], [38.04354959726573, 55.98704557338662], [38.043809592899706, 55.98549208400819], [38.04406956764361, 55.98393859408275], [38.044329521500366, 55.98238510361039], [38.044589454472835, 55.98083161259115], [38.044849366563916, 55.97927812102513], [38.04510925777652, 55.97772462891239], [38.04536912811349, 55.97617113625302], [38.04562897757776, 55.9746176430471], [38.04588880617221, 55.973064149294686], [38.046148613899724, 55.97151065499586], [38.046408400763184, 55.969957160150706], [38.04666816676548, 55.96840366475929], [38.04692791190951, 55.9668501688217], [38.04718763619815, 55.96529667233801], [38.04744733963429, 55.963743175308295], [38.04770702222082, 55.9621896777326], [38.04796668396061, 55.96063617961106], [38.04822632485657, 55.959082680943695], [38.048485944911555, 55.957529181730614], [38.04874554412847, 55.955975681971886], [38.0490051225102, 55.95442218166758], [38.0492646800596, 55.95286868081777], [38.04952421677958, 55.95131517942254], [38.04978373267301, 55.94976167748197], [38.05004322774277, 55.94820817499612], [38.05030270199175, 55.94665467196507], [38.05056215542281, 55.9451011683889], [38.05082158803886, 55.9435476642677], [38.05108099984275, 55.941994159601514], [38.051340390837375, 55.94044065439044], [38.05159976102561, 55.93888714863454], [38.05185911041031, 55.93733364233391], [38.05211843899439, 55.935780135488606], [38.0523777467807, 55.9342266280987], [38.05263703377213, 55.93267312016429], [38.05289629997154, 55.93111961168543], [38.05315554538182, 55.929566102662214], [38.053414770005844, 55.92801259309471], [38.05367397384648, 55.92645908298298], [38.05393315690659, 55.92490557232713], [38.05419231918906, 55.92335206112719], [38.05445146069676, 55.92179854938327], [38.05471058143256, 55.92024503709544], [38.054969681399335, 55.91869152426378], [38.05522876059995, 55.917138010888344], [38.05548781903728, 55.91558449696923], [38.05574685671419, 55.9140309825065], [38.05600587363356, 55.91247746750024], [38.056264869798234, 55.91092395195051], [38.05652384521111, 55.909370435857404], [38.05678279987503, 55.907816919220984], [38.05704173379287, 55.90626340204133], [38.057300646967505, 55.90470988431851], [38.0575595394018, 55.90315636605261], [38.0578184110986, 55.9016028472437], [38.0580772620608, 55.90004932789186], [38.05833609229125, 55.89849580799714], [38.0585949017928, 55.89694228755965], [38.058853690568334, 55.895388766579465], [38.0591124586207, 55.893835245056636], [38.05937120595277, 55.89228172299125], [38.05962993256741, 55.89072820038338], [38.05988863846747, 55.88917467723309], [38.060147323655805, 55.88762115354047], [38.0604059881353, 55.886067629305614], [38.060664631908786, 55.884514104528556], [38.06092325497916, 55.88296057920938], [38.06118185734924, 55.88140705334819], [38.061440439021894, 55.879853526945034], [38.061699, 55.8783]]}, "properties": {"fa_flight_id": "RA65996-1621535634-adhoc-0", "registration": "RA-65996", "ident": "RA-65996", "ident_icao": NaN, "origin_code": "L 56.03365 38.03574", "origin_city": "Moscow", "destination_code": "UUMU", "destination_city": NaN, "scheduled_out": NaN, "estimated_out": NaN, "actual_out": NaN, "scheduled_off": "2021-05-20T18:33:54Z", "estimated_off": "2021-05-20T18:33:54Z", "actual_off": "2021-05-20T18:33:54Z", "scheduled_on": NaN, "estimated_on": NaN, "actual_on": "2021-05-20T18:33:54Z", "scheduled_in": NaN, "estimated_in": NaN, "actual_in": NaN, "status": "result unknown", "route_distance": NaN, "diverted": false, "cancelled": false, "simplified_departure_date": "2021-05-20", "origin_coords": [56.03365, 38.03574], "destination_coords": [55.8783, 38.061699], "is_same_city": false}}, {"type": "Feature", "geometry": {"type": "LineString", "coordinates": [[39.40622, 43.77959000000001], [39.39567510964604, 43.900642844154014], [39.3850872520798, 44.02169471471449], [39.374456069395265, 44.14274560356373], [39.363781199983435, 44.263795502499896], [39.35306227848309, 44.38484440323596], [39.34229893573062, 44.505892297398496], [39.331490798709254, 44.62693917652657], [39.32063749049739, 44.74798503207056], [39.30973863021602, 44.86902985539093], [39.29879383297548, 44.99007363775704], [39.28780270982119, 45.111116370345954], [39.27676486767865, 45.232158044241075], [39.2656799092974, 45.353198650431004], [39.25454743319423, 45.47423817980814], [39.24336703359532, 45.5952766231674], [39.232138300377585, 45.71631397120497], [39.22086081900891, 45.83735021451678], [39.20953417048753, 45.95838534359723], [39.19815793128033, 46.07941934883778], [39.186731673260184, 46.20045222052551], [39.17525496364224, 46.321483948841674], [39.16372736491911, 46.442514523860204], [39.152148434795066, 46.56354393554624], [39.14051772611907, 46.684572173754596], [39.128834786816704, 46.80559922822819], [39.11709915982097, 46.92662508859651], [39.105310383001914, 47.047649744373985], [39.093467989095096, 47.16867318495835], [39.0815715056288, 47.28969539962899], [39.06962045485003, 47.41071637754532], [39.0576143536493, 47.53173610774494], [39.045552713484035, 47.65275457914205], [39.0334350403008, 47.7737717805255], [39.02126083445607, 47.89478770055718], [39.0090295906357, 48.01580232777003], [38.996740797773, 48.13681565056625], [38.9843939389654, 48.25782765721538], [38.97198849138965, 48.3788383358524], [38.95952392621559, 48.4998476744757], [38.94699970851832, 48.62085566094514], [38.93441529718894, 48.74186228298001], [38.92177014484373, 48.862867528156926], [38.909063697731554, 48.98387138390776], [38.89629539563991, 49.104873837517474], [38.883464671799054, 49.225874876121935], [38.87057095278461, 49.34687448670572], [38.85761365841832, 49.46787265609986], [38.84459220166714, 49.58886937097945], [38.83150598854041, 49.70986461786147], [38.81835441798523, 49.830858383102246], [38.805136881780015, 49.95185065289511], [38.79185276442601, 50.07284141326788], [38.77850144303692, 50.19383065008042], [38.7650822872265, 50.314818349022], [38.751594658994094, 50.43580449560867], [38.73803791260815, 50.55678907518073], [38.72441139448745, 50.67777207289989], [38.71071444308033, 50.79875347374659], [38.696946388741544, 50.91973326251717], [38.683106553606876, 51.040711423821], [38.66919425146552, 51.16168794207761], [38.65520878762988, 51.28266280151367], [38.64114945880316, 51.40363598616005], [38.627015552944364, 51.524607479848605], [38.6128063491307, 51.64557726620918], [38.598521117417526, 51.766545328666346], [38.58415911869553, 51.88751165043618], [38.5697196045453, 52.00847621452288], [38.55520181708903, 52.12943900371545], [38.540604988839426, 52.25040000058422], [38.525928342545775, 52.37135918747736], [38.511171091036985, 52.49231654651728], [38.496332437061604, 52.613272059596994], [38.48141157312481, 52.73422570837637], [38.46640768132214, 52.85517747427836], [38.45131993317008, 52.97612733848518], [38.43614748943327, 53.09707528193426], [38.420889499948395, 53.21802128531434], [38.40554510344449, 53.33896532906128], [38.39011342735992, 53.45990739335396], [38.374593587655475, 53.58084745810991], [38.35898468862396, 53.7017855029811], [38.34328582269592, 53.8227215073494], [38.32749607024143, 53.94365545032208], [38.31161449936804, 54.06458731072725], [38.295640165714495, 54.18551706710905], [38.27957211224047, 54.30644469772298], [38.26340936901191, 54.42737018053085], [38.24715095298201, 54.548293493195935], [38.23079586776788, 54.66921461307773], [38.21434310342246, 54.790133517226835], [38.19779163620185, 54.91105018237965], [38.18114042832787, 55.03196458495286], [38.16438842774564, 55.15287670103798], [38.14753456787617, 55.27378650639567], [38.130577767363846, 55.39469397645002], [38.113516929818545, 55.51559908628254], [38.096350943552466, 55.6365018106263], [38.079078681311344, 55.75740212385964], [38.061699, 55.8783]]}, "properties": {"fa_flight_id": "RA65996-1622033132-adhoc-0", "registration": "RA-65996", "ident": "RA-65996", "ident_icao": NaN, "origin_code": "L 43.77959 39.40622", "origin_city": NaN, "destination_code": "UUMU", "destination_city": NaN, "scheduled_out": NaN, "estimated_out": NaN, "actual_out": NaN, "scheduled_off": "2021-05-26T12:45:32Z", "estimated_off": "2021-05-26T12:45:32Z", "actual_off": "2021-05-26T12:45:32Z", "scheduled_on": NaN, "estimated_on": NaN, "actual_on": "2021-05-26T12:45:32Z", "scheduled_in": NaN, "estimated_in": NaN, "actual_in": NaN, "status": "result unknown", "route_distance": NaN, "diverted": false, "cancelled": false, "simplified_departure_date": "2021-05-26", "origin_coords": [43.77959, 39.40622], "destination_coords": [55.8783, 38.061699], "is_same_city": false}}, {"type": "Feature", "geometry": {"type": "LineString", "coordinates": [[38.09462, 55.96521], [38.11313668271149, 55.83903083468392], [38.13153357002016, 55.71284890689039], [38.1498119948821, 55.58666424741682], [38.167973270939534, 55.46047688661325], [38.18601869287051, 55.33428685439046], [38.20394953673119, 55.20809418022801], [38.22176706029055, 55.0818988931819], [38.2394725033582, 54.955701021892274], [38.257067088104854, 54.82950059459081], [38.274552019376316, 54.703297639108065], [38.29192848500056, 54.5770921828805], [38.309197656088486, 54.450884252957614], [38.32636068732819, 54.32467387600863], [38.34341871727322, 54.19846107832931], [38.36037286862465, 54.0722458858484], [38.37722424850738, 53.94602832413412], [38.39397394874068, 53.81980841840038], [38.410623046103055, 53.69358619351298], [38.427172602591774, 53.567361673995634], [38.44362366567692, 53.44113488403583], [38.45997726855039, 53.314905847490586], [38.47623443036962, 53.1886745878922], [38.492396156496596, 53.062441128453685], [38.5084634387317, 52.93620549207429], [38.52443725554319, 52.80996770134478], [38.540318572291746, 52.6837277785526], [38.556108341450624, 52.55748574568706], [38.57180750282153, 52.43124162444432], [38.5874169837459, 52.30499543623224], [38.60293769931227, 52.17874720217529], [38.61837055255937, 52.052496943119124], [38.63371643467522, 51.926244679635325], [38.648976225192364, 51.79999043202586], [38.66415079217923, 51.67373422032753], [38.67924099242774, 51.54747606431635], [38.69424767163728, 51.42121598351175], [38.70917166459511, 51.29495399718082], [38.72401379535326, 51.1686901243424], [38.73877487740194, 51.04242438377104], [38.75345571383976, 50.91615679400106], [38.76805709754058, 50.78988737333029], [38.78257981131715, 50.66361613982396], [38.79702462808174, 50.53734311131836], [38.81139231100355, 50.41106830542451], [38.82568361366335, 50.284791739531755], [38.83989928020496, 50.15851343081128], [38.85404004548409, 50.03223339621954], [38.86810663521425, 49.90595165250162], [38.88209976610998, 49.77966821619462], [38.89602014602741, 49.6533831036308], [38.9098684741022, 49.52709633094092], [38.9236454408849, 49.400807914057275], [38.93735172847382, 49.274517868716764], [38.95098801064552, 49.14822621046401], [38.96455495298275, 49.0219329546542], [38.97805321300021, 48.895638116456105], [38.99148344026791, 48.76934171085486], [39.004846276532305, 48.6430437526548], [39.01814235583528, 48.51674425648222], [39.031372304630885, 48.390443236788094], [39.0445367419001, 48.26414070785068], [39.057636279263384, 48.137836683778154], [39.07067152109131, 48.01153117851122], [39.08364306461319, 47.885224205825516], [39.09655150002376, 47.7589157793342], [39.109397410587995, 47.632605912490284], [39.12218137274402, 47.50629461858909], [39.13490395620422, 47.379981910770525], [39.1475657240546, 47.25366780202144], [39.16016723285237, 47.12735230517785], [39.172709032721826, 47.00103543292715], [39.18519166744854, 46.87471719781033], [39.197615674571935, 46.748397612224075], [39.20998158547628, 46.62207668842292], [39.22228992548, 46.49575443852128], [39.234541213923606, 46.36943087449548], [39.24673596425595, 46.24310600818576], [39.258874684119114, 46.11677985129829], [39.270957875431804, 45.990452415407006], [39.28298603447129, 45.86412371195555], [39.294959651954045, 45.73779375225919], [39.30687921311489, 45.61146254750658], [39.31874519778489, 45.48513010876152], [39.33055808046796, 45.35879644696489], [39.34231833041603, 45.23246157293622], [39.354026411703146, 45.1061254973755], [39.36568278329818, 44.979788230864855], [39.37728789913644, 44.85344978387014], [39.38884220818996, 44.72711016674261], [39.400346154536756, 44.60076938972057], [39.411800177428844, 44.474427462930855], [39.423204711359205, 44.34808439639041], [39.434560186127555, 44.22174020000786], [39.445867026905155, 44.095394883584966], [39.45712565429848, 43.96904845681808], [39.468336484411815, 43.84270092929962], [39.479499928908986, 43.71635231051951], [39.490616395073864, 43.59000260986656], [39.50168628587017, 43.463651836629815], [39.512710000000006, 43.33729999999999]]}, "properties": {"fa_flight_id": "RA65996-1621996617-adhoc-0", "registration": "RA-65996", "ident": "RA-65996", "ident_icao": NaN, "origin_code": "L 55.96521 38.09462", "origin_city": "Moscow", "destination_code": "L 43.33730 39.51271", "destination_city": NaN, "scheduled_out": NaN, "estimated_out": NaN, "actual_out": NaN, "scheduled_off": "2021-05-26T02:36:57Z", "estimated_off": "2021-05-26T02:36:57Z", "actual_off": "2021-05-26T02:36:57Z", "scheduled_on": NaN, "estimated_on": NaN, "actual_on": "2021-05-26T02:36:57Z", "scheduled_in": NaN, "estimated_in": NaN, "actual_in": NaN, "status": "result unknown", "route_distance": NaN, "diverted": false, "cancelled": false, "simplified_departure_date": "2021-05-26", "origin_coords": [55.96521, 38.09462], "destination_coords": [43.3373, 39.51271], "is_same_city": false}}, {"type": "Feature", "geometry": {"type": "LineString", "coordinates": [[39.048880000000004, 45.22936], [39.03988362570127, 45.336542161343836], [39.03085313044025, 45.443723613768874], [39.02178825639482, 45.55090435191371], [39.012688743298206, 45.658084370366005], [39.00355432840931, 45.765263663661926], [38.99438474648257, 45.872442226285514], [38.98517972973745, 45.97962005266797], [38.97593900782745, 46.08679713718711], [38.966662307808605, 46.19397347416666], [38.95734935410763, 46.301149057875584], [38.94799986848956, 46.408323882527434], [38.93861357002487, 46.51549794227961], [38.92919017505615, 46.622671231232765], [38.91972939716428, 46.72984374343002], [38.91023094713412, 46.83701547285624], [38.90069453291965, 46.944186413437365], [38.89111985960864, 47.05135655903964], [38.88150662938672, 47.15852590346888], [38.87185454150105, 47.265694440469666], [38.862163292223265, 47.37286216372467], [38.852432574811985, 47.48002906685373], [38.84266207947473, 47.587195143413204], [38.83285149332927, 47.69436038689508], [38.82300050036437, 47.801524790726134], [38.8131087813999, 47.9086883482672], [38.80317601404646, 48.01585105281221], [38.79320187266424, 48.12301289758744], [38.783186028321374, 48.23017387575053], [38.77312814875155, 48.33733398038974], [38.76302789831107, 48.44449320452289], [38.75288493793515, 48.551651541096625], [38.742698925093634, 48.65880898298531], [38.73246951374595, 48.76596552299024], [38.722196354295384, 48.873121153838596], [38.7118790935427, 48.980275868182545], [38.70151737463891, 49.08742965859815], [38.69111083703744, 49.1945825175845], [38.68065911644549, 49.30173443756261], [38.670161844774555, 49.40888541087439], [38.6596186500903, 49.51603542978166], [38.64902915656155, 49.62318448646502], [38.63839298440845, 49.730332573022785], [38.62770974984992, 49.83747968146994], [38.61697906505014, 49.94462580373692], [38.60620053806425, 50.05177093166857], [38.59537377278314, 50.15891505702296], [38.584498368877405, 50.26605817147021], [38.57357392174036, 50.37320026659128], [38.5626000224301, 50.48034133387684], [38.55157625761068, 50.587481364725946], [38.540502209492324, 50.69462035044479], [38.52937745577063, 50.80175828224557], [38.51820156956484, 50.908895151245034], [38.50697411935498, 51.01603094846325], [38.49569466891814, 51.12316566482228], [38.48436277726354, 51.230299291144796], [38.47297799856662, 51.33743181815271], [38.46153988210199, 51.444563236465754], [38.45004797217529, 51.55169353660014], [38.438501808053935, 51.658822708967], [38.426900923896646, 51.765950743871024], [38.415244848681816, 51.87307763150882], [38.4035331061347, 51.98020336196758], [38.391765214653404, 52.08732792522337], [38.379940687233486, 52.194451311139645], [38.36805903139148, 52.30157350946563], [38.356119749086936, 52.408694509834675], [38.34412233664323, 52.515814301762596], [38.332066284667036, 52.62293287464607], [38.31995107796633, 52.730050217760805], [38.307776195467056, 52.83716632025988], [38.29554111012833, 52.94428117117195], [38.283245288856214, 53.05139475939944], [38.27088819241589, 53.1585070737167], [38.258469275342456, 53.26561810276817], [38.245987985850064, 53.37272783506647], [38.23344376573945, 53.47983625899045], [38.220836050303966, 53.586943362783224], [38.20816426823381, 53.69404913455022], [38.19542784151867, 53.80115356225707], [38.1826261853486, 53.908256633727596], [38.169758708013184, 54.01535833664168], [38.15682481079874, 54.122458658533134], [38.14382388788403, 54.22955758678744], [38.130755326233675, 54.33665510863967], [38.11761850549003, 54.44375121117208], [38.10441279786283, 54.55084588131187], [38.091137568017054, 54.657939105828845], [38.07779217295864, 54.765030871333], [38.064375961918095, 54.87212116427212], [38.05088827623216, 54.979209970929254], [38.03732844922304, 55.086297277420236], [38.02369580607569, 55.19338306969108], [38.00998966371267, 55.300467333515414], [37.996209330666716, 55.40755005449174], [37.98235410695104, 55.51463121804082], [37.96842328392713, 55.621710809402806], [37.9544161441701, 55.7287888136345], [37.94033196133158, 55.83586521560644], [37.92617, 55.94294]]}, "properties": {"fa_flight_id": "RA65996-1623252007-adhoc-0", "registration": "RA-65996", "ident": "RA-65996", "ident_icao": NaN, "origin_code": "L 45.22936 39.04888", "origin_city": "Krasnodar Krai", "destination_code": "L 55.94294 37.92617", "destination_city": "Moscow", "scheduled_out": NaN, "estimated_out": NaN, "actual_out": NaN, "scheduled_off": "2021-06-09T15:20:07Z", "estimated_off": "2021-06-09T15:20:07Z", "actual_off": "2021-06-09T15:20:07Z", "scheduled_on": NaN, "estimated_on": NaN, "actual_on": "2021-06-09T15:20:07Z", "scheduled_in": NaN, "estimated_in": NaN, "actual_in": NaN, "status": "result unknown", "route_distance": NaN, "diverted": false, "cancelled": false, "simplified_departure_date": "2021-06-09", "origin_coords": [45.22936, 39.04888], "destination_coords": [55.94294, 37.92617], "is_same_city": false}}, {"type": "Feature", "geometry": {"type": "LineString", "coordinates": [[38.17349, 55.807990000000004], [38.18660502221814, 55.70194959479939], [38.19964906642951, 55.59590779966916], [38.212622795000385, 55.48986462759812], [38.22552686224099, 55.38382009141678], [38.238361914528156, 55.2777742037998], [38.25112859042572, 55.1717269772684], [38.263827520802664, 55.065678424192605], [38.276459328949194, 54.959628556793646], [38.28902463069073, 54.853577387146046], [38.30152403449985, 54.74752492717999], [38.31395814160616, 54.64147118868336], [38.3263275461043, 54.53541618330392], [38.338632835059975, 54.42935992255142], [38.35087458861411, 54.32330241779957], [38.363053380085184, 54.21724368028814], [38.375169776069754, 54.11118372112488], [38.387224336541166, 54.005122551287485], [38.39921761494661, 53.89906018162549], [38.41115015830244, 53.7929966228622], [38.42302250728782, 53.68693188559643], [38.43483519633675, 53.58086598030441], [38.446588753728534, 53.47479891734151], [38.45828370167664, 53.36873070694403], [38.46992055641604, 53.26266135923088], [38.481499828289074, 53.156590884205286], [38.49302202182976, 53.05051929175644], [38.50448763584682, 52.94444659166115], [38.51589716350516, 52.83837279358542], [38.52725109240595, 52.73229790708604], [38.538549904665494, 52.62622194161215], [38.549794076992605, 52.52014490650672], [38.56098408076478, 52.41406681100809], [38.572120382103066, 52.30798766425141], [38.58320344194563, 52.20190747527012], [38.59423371612021, 52.09582625299734], [38.60521165541518, 51.9897440062673], [38.61613770564968, 51.8836607438167], [38.62701230774232, 51.77757647428604], [38.637835897778935, 51.671491206221006], [38.648608907079165, 51.56540494807373], [38.65933176226194, 51.45931770820409], [38.67000488530986, 51.35322949488101], [38.680628693632585, 51.247140316283655], [38.69120360012916, 51.14105018050266], [38.70173001324931, 51.03495909554141], [38.71220833705378, 50.92886706931711], [38.72263897127365, 50.822774109662035], [38.73302231136878, 50.71668022432466], [38.74335874858518, 50.610585420970764], [38.753648670011614, 50.5044897071846], [38.76389245863516, 50.39839309046987], [38.77409049339599, 50.29229557825095], [38.784243149241206, 50.18619717787384], [38.794350797177884, 50.08009789660727], [38.80441380432521, 49.973997741643636], [38.81443253396583, 49.86789672010016], [38.82440734559643, 49.761794839019714], [38.83433859497743, 49.65569210537192], [38.84422663418198, 49.54958852605405], [38.85407181164418, 49.44348410789199], [38.86387447220647, 49.337378857641184], [38.8736349571664, 49.23127278198754], [38.88335360432259, 49.12516588754834], [38.89303074802004, 49.019058180873095], [38.90266671919468, 48.9129496684445], [38.912261845417255, 48.80684035667918], [38.921816450936596, 48.70073025192866], [38.931330856722134, 48.594619360480145], [38.940805380505815, 48.488507688557306], [38.95024033682342, 48.38239524232115], [38.95963603705512, 48.27628202787082], [38.968992789465624, 48.17016805124431], [38.97831089924348, 48.06405331841933], [38.98759066854, 47.95793783531402], [38.99683239650748, 47.85182160778768], [39.00603637933684, 47.745704641641545], [39.01520291029479, 47.63958694261955], [39.02433227976032, 47.53346851640896], [39.033424775260805, 47.42734936864112], [39.042480681507385, 47.32122950489216], [39.05150028042998, 47.21510893068371], [39.06048385121171, 47.10898765148349], [39.069431670322814, 47.00286567270606], [39.078344011554066, 46.896742999713396], [39.087221146049785, 46.79061963781565], [39.0960633423402, 46.684495592271674], [39.10487086637352, 46.578370868289724], [39.11364398154735, 46.47224547102801], [39.122382948739876, 46.366119405595384], [39.13108802634037, 46.25999267705188], [39.13975947027942, 46.153865290409364], [39.14839753405864, 46.04773725063201], [39.157002468779986, 45.94160856263704], [39.165574523174634, 45.835479231295125], [39.17411394363143, 45.729349261431054], [39.18262097422503, 45.62321865782423], [39.191095856743495, 45.51708742520924], [39.19953883071556, 45.41095556827639], [39.207950133437585, 45.30482309167221], [39.21633, 45.19869]]}, "properties": {"fa_flight_id": "RA65996-1623229957-adhoc-0", "registration": "RA-65996", "ident": "RA-65996", "ident_icao": NaN, "origin_code": "L 55.80799 38.17349", "origin_city": "Moscow", "destination_code": "L 45.19869 39.21633", "destination_city": "Krasnodar Krai", "scheduled_out": NaN, "estimated_out": NaN, "actual_out": NaN, "scheduled_off": "2021-06-09T09:12:37Z", "estimated_off": "2021-06-09T09:12:37Z", "actual_off": "2021-06-09T09:12:37Z", "scheduled_on": NaN, "estimated_on": NaN, "actual_on": "2021-06-09T09:12:37Z", "scheduled_in": NaN, "estimated_in": NaN, "actual_in": NaN, "status": "result unknown", "route_distance": NaN, "diverted": false, "cancelled": false, "simplified_departure_date": "2021-06-09", "origin_coords": [55.80799, 38.17349], "destination_coords": [45.19869, 39.21633], "is_same_city": false}}, {"type": "Feature", "geometry": {"type": "LineString", "coordinates": [[58.63465000000001, 56.86763], [58.42727458162628, 56.87423220676995], [58.21982781660579, 56.880490786868165], [58.012313479904215, 56.886405543161985], [57.80473535497612, 56.89197628921204], [57.597097233298186, 56.89720284930113], [57.38940291389995, 56.90208505846155], [57.18165620289238, 56.90662276250063], [56.973860912993906, 56.910815818024815], [56.76602086305479, 56.914664092461926], [56.55813987757924, 56.918167464081804], [56.35022178624599, 56.92132582201539], [56.142270423427156, 56.924139066271906], [55.934289627705596, 56.92660710775453], [55.72628324139107, 56.92872986827433], [55.51825511003516, 56.93050728056245], [55.310209081945096, 56.93193928828066], [55.10214900769688, 56.933025846030155], [54.8940787396476, 56.933766919358675], [54.686002131447154, 56.93416248476591], [54.477923037549644, 56.93421252970713], [54.269845312724534, 56.9339170525952], [54.06177281156758, 56.933276062800815], [53.85370938801192, 56.932289580651016], [53.645658894839414, 56.93095763742604], [53.43762518319217, 56.92928027535437], [53.229612102084786, 56.92725754760618], [53.02162349791714, 56.924889518285], [52.813663213988, 56.92217626241764], [52.605735090009674, 56.91911786594254], [52.39784296162375, 56.91571442569626], [52.18999065991808, 56.911966049398416], [51.98218201094524, 56.907872855634835], [51.77442083524247, 56.903434973839055], [51.56671094735358, 56.89865254427218], [51.35905615535234, 56.89352571800101], [51.15146026036824, 56.88805465687454], [50.94392705611422, 56.88223953349883], [50.73646032841681, 56.8760805312102], [50.52906385474857, 56.86957784404679], [50.3217414037633, 56.86273167671848], [50.11449673483387, 56.85554224457531], [49.90733359759291, 56.84800977357414], [49.70025573147655, 56.84013450024377], [49.493266865271316, 56.83191667164861], [49.28637071666422, 56.8233565453506], [49.07957099179629, 56.814454389369715], [48.87287138481965, 56.805210482142826], [48.666275577458265, 56.79562511248118], [48.45978723857241, 56.78569857952623], [48.25341002372705, 56.775431192704055], [48.04714757476441, 56.76482327167832], [47.84100351938038, 56.75387514630167], [47.63498147070549, 56.742587156565854], [47.4290850268901, 56.730959652550276], [47.22331777069407, 56.71899299436924], [47.01768326908108, 56.706687552117664], [46.812185072817655, 56.69404370581567], [46.606826716076945, 56.681061845351614], [46.401611716047455, 56.6677423704238], [46.19654357254678, 56.65408569048103], [45.99162576764038, 56.640092224661764], [45.786861765265634, 56.62576240173194], [45.582255010861154, 56.61109666002175], [45.37780893100142, 56.596095447360966], [45.173526933036925, 56.58075922101323], [44.96941240473988, 56.56508844760907], [44.76546871395541, 56.54908360307778], [44.561699208258666, 56.53274517257818], [44.35810721461746, 56.51607365042825], [44.15469603906089, 56.49906954003365], [43.95146896635386, 56.481733353815216], [43.74842925967747, 56.46406561313536], [43.54558016031557, 56.44606684822351], [43.342924887347316, 56.427737598100485], [43.14046663734587, 56.409078410501984], [42.93820858408331, 56.39008984180098], [42.736153878241815, 56.370772456929416], [42.534305647131106, 56.351126829298764], [42.33266699441222, 56.33115354071989], [42.13124099982764, 56.31085318132197], [41.93003071893791, 56.29022634947058], [41.72903918286461, 56.26927365168507], [41.52826939803982, 56.2479957025551], [41.32772434596218, 56.22639312465642], [41.12740698295931, 56.204466548465966], [40.92732023995697, 56.18221661227624], [40.727467022254565, 56.159643962109], [40.527850209307516, 56.13674925162836], [40.328472654515956, 56.113533142053186], [40.12933718502023, 56.089996302068975], [39.93044660150287, 56.06613940773911], [39.73180367799732, 56.04196314241563], [39.53341116170318, 56.017468196649396], [39.335271772808106, 55.9926552680998], [39.13738820431637, 55.967525061444135], [38.93976312188398, 55.9420782882862], [38.742399163660394, 55.9163156670649], [38.545298940136874, 55.89023792296211], [38.348465034001364, 55.86384578781033], [38.1519, 55.83714]]}, "properties": {"fa_flight_id": "RA65996-1623869005-adhoc-0", "registration": "RA-65996", "ident": "RA-65996", "ident_icao": NaN, "origin_code": "L 56.86763 58.63465", "origin_city": "Yekaterinburg", "destination_code": "L 55.83714 38.15190", "destination_city": "Moscow", "scheduled_out": NaN, "estimated_out": NaN, "actual_out": NaN, "scheduled_off": "2021-06-16T18:43:25Z", "estimated_off": "2021-06-16T18:43:25Z", "actual_off": "2021-06-16T18:43:25Z", "scheduled_on": NaN, "estimated_on": NaN, "actual_on": "2021-06-16T18:43:25Z", "scheduled_in": NaN, "estimated_in": NaN, "actual_in": NaN, "status": "result unknown", "route_distance": NaN, "diverted": false, "cancelled": false, "simplified_departure_date": "2021-06-16", "origin_coords": [56.86763, 58.63465], "destination_coords": [55.83714, 38.1519], "is_same_city": false}}, {"type": "Feature", "geometry": {"type": "LineString", "coordinates": [[37.969789999999996, 55.95654], [38.19134848543156, 55.98264903424971], [38.41320405825597, 56.0083602547081], [38.63535282491968, 56.03367274604912], [38.85779085205544, 56.0585856044441], [39.08051416683538, 56.08309793771097], [39.30351875733658, 56.10720886546221], [39.526800572919, 56.130917519251575], [39.75035552461566, 56.154223042719636], [39.97417948553533, 56.177124591737986], [40.19826829127731, 56.19962133455198], [40.422617740358476, 56.22171245192218], [40.64722359465245, 56.24339713726429], [40.872081579840966, 56.264674596787465], [41.09718738587703, 56.28554404963121], [41.32253666746024, 56.306004728000474], [41.548125044523765, 56.32605587729914], [41.77394810273315, 56.34569675626185], [42.00000139399679, 56.36492663708382], [42.22628043698782, 56.38374480554909], [42.452780717677555, 56.402150561156645], [42.67949768988014, 56.42014321724478], [42.90642677580837, 56.43772210111331], [43.13356336664056, 56.454886554143876], [43.36090282309828, 56.471635931918065], [43.58844047603485, 56.487969604333465], [43.816171627034336, 56.50388695571746], [44.04409154902101, 56.519387384938874], [44.27219548687903, 56.53447030551728], [44.50047865808218, 56.549135145730006], [44.728936253333515, 56.56338134871675], [44.957563437214645, 56.57720837258188], [45.18635534884444, 56.590615690494054], [45.415307102547196, 56.603602790783675], [45.64441378852974, 56.6161691770375], [45.87367047356738, 56.62831436819084], [46.103072201698566, 56.64003789861709], [46.332613994927904, 56.65133931821462], [46.56229085393739, 56.662218192490954], [46.79209775880549, 56.672674102644265], [47.022029669734025, 56.68270664564202], [47.25208152778239, 56.692315434296894], [47.48224825560903, 56.701500097339846], [47.712524758219814, 56.71026027949031], [47.94290592372307, 56.718595641523486], [48.173386624090966, 56.72650586033476], [48.40396171592715, 56.733990629001035], [48.63462604124003, 56.74104965683934], [48.865374428221784, 56.747682669462066], [49.09620169203254, 56.75388940882954], [49.32710263558951, 56.75966963329928], [49.55807205036101, 56.76502311767236], [49.78910471716459, 56.76994965323647], [50.02019540696945, 56.774449047806094], [50.25133888170258, 56.77852112575938], [50.48252989505839, 56.782165728071945], [50.71376319331149, 56.78538271234746], [50.9450335161324, 56.78817195284513], [51.17633559740568, 56.79053334050387], [51.40766416605053, 56.7924667829634], [51.63901394684301, 56.793972204582076], [51.87037966124011, 56.79504954645143], [52.10175602820498, 56.79569876640761], [52.333137765033186, 56.79591983903952], [52.564519588179586, 56.795712755693714], [52.79589621408548, 56.79507752447606], [53.02726236000591, 56.79401417025019], [53.25861274483648, 56.792522734632705], [53.48994208993965, 56.790603275985106], [53.72124511997003, 56.788255869402526], [53.952516563698396, 56.78548060669928], [54.18375115483413, 56.78227759639106], [54.414943632845734, 56.778646963674056], [54.646088743779174, 56.77458885040083], [54.87718124107354, 56.770103415052915], [55.10821588637402, 56.76519083271041], [55.339187450341626, 56.75985129501819], [55.57009071345944, 56.754085010149176], [55.8009204668351, 56.74789220276432], [56.03167151299921, 56.74127311396953], [56.26233866669939, 56.73422800126952], [56.49291675568957, 56.726757138518494], [56.7234006215144, 56.71886081586794], [56.953785120288394, 56.71053933971119], [57.18406512346943, 56.70179303262513], [57.41423551862655, 56.69262223330885], [57.64429121020153, 56.68302729651938], [57.87422712026419, 56.67300859300442], [58.10403818926097, 56.662566509432374], [58.333719376756555, 56.6517014483192], [58.56326566216849, 56.640413827952756], [58.79267204549415, 56.628704082314094], [59.02193354803017, 56.61657266099617], [59.251045213083934, 56.60402002911968], [59.48000210667686, 56.59104666724632], [59.70879931823925, 56.577653071289255], [59.93743196129667, 56.563839752421124], [60.16589517414729, 56.54960723697936], [60.39418412053026, 56.534956066369006], [60.62229399028485, 56.51988679696298], [60.85022, 56.5044]]}, "properties": {"fa_flight_id": "RA65996-1623836038-adhoc-0", "registration": "RA-65996", "ident": "RA-65996", "ident_icao": NaN, "origin_code": "L 55.95654 37.96979", "origin_city": "Moscow", "destination_code": "L 56.50440 60.85022", "destination_city": "Yekaterinburg", "scheduled_out": NaN, "estimated_out": NaN, "actual_out": NaN, "scheduled_off": "2021-06-16T09:33:58Z", "estimated_off": "2021-06-16T09:33:58Z", "actual_off": "2021-06-16T09:33:58Z", "scheduled_on": NaN, "estimated_on": NaN, "actual_on": "2021-06-16T09:33:58Z", "scheduled_in": NaN, "estimated_in": NaN, "actual_in": NaN, "status": "result unknown", "route_distance": NaN, "diverted": false, "cancelled": false, "simplified_departure_date": "2021-06-16", "origin_coords": [55.95654, 37.96979], "destination_coords": [56.5044, 60.85022], "is_same_city": false}}, {"type": "Feature", "geometry": {"type": "LineString", "coordinates": [[41.02879999999999, 53.68756], [40.99956508486305, 53.710481118518764], [40.97029830239504, 53.73339511290223], [40.940999601026824, 53.75630196940081], [40.91166892911141, 53.77920167423459], [40.88230623492381, 53.80209421359335], [40.8529114666612, 53.8249795736364], [40.82348457244269, 53.84785774049256], [40.79402550030943, 53.870728700260145], [40.76453419822455, 53.893592439006774], [40.73501061407311, 53.91644894276941], [40.705454695662134, 53.93929819755423], [40.67586639072054, 53.96214018933659], [40.64624564689913, 53.984974904060905], [40.61659241177057, 54.00780232764064], [40.5869066328294, 54.03062244595821], [40.55718825749198, 54.053435244864886], [40.527437233096464, 54.07624071018079], [40.49765350690283, 54.09903882769476], [40.46783702609282, 54.12182958316433], [40.43798773776996, 54.14461296231559], [40.4081055889595, 54.16738895084318], [40.37819052660844, 54.19015753441025], [40.3482424975855, 54.212918698648245], [40.31826144868114, 54.235672429156985], [40.2882473266075, 54.25841871150455], [40.258200077998396, 54.28115753122715], [40.228119649409365, 54.30388887382912], [40.198005987317586, 54.32661272478284], [40.16785903812194, 54.34932906952863], [40.13767874814296, 54.372037893474705], [40.10746506362281, 54.39473918199709], [40.07721793072534, 54.417432920439566], [40.04693729553605, 54.440119094113584], [40.016623104062056, 54.462797688298195], [39.98627530223215, 54.48546868823998], [39.955893835896774, 54.50813207915298], [39.925478650828, 54.53078784621858], [39.895029692719525, 54.55343597458554], [39.86454690718676, 54.57607644936982], [39.83403023976671, 54.59870925565454], [39.80347963591807, 54.62133437848994], [39.77289504102121, 54.643951802893255], [39.74227640037813, 54.66656151384868], [39.71162365921254, 54.68916349630727], [39.68093676266984, 54.7117577351869], [39.65021565581711, 54.73434421537213], [39.61946028364313, 54.75692292171424], [39.58867059105845, 54.779493839031026], [39.5578465228953, 54.80205695210682], [39.52698802390766, 54.824612245692364], [39.49609503877132, 54.84715970450478], [39.465167512083795, 54.86969931322747], [39.434205388364425, 54.89223105651003], [39.40320861205435, 54.91475491896819], [39.37217712751657, 54.937270885183764], [39.341110879035895, 54.959778939704535], [39.310009810819054, 54.98227906704416], [39.27887386699464, 55.00477125168222], [39.247702991613195, 55.02725547806398], [39.21649712864721, 55.04973173060042], [39.185256221991146, 55.072199993668136], [39.15398021546146, 55.09466025160923], [39.122669052796624, 55.1171124887313], [39.09132267765723, 55.13955668930733], [39.05994103362592, 55.16199283757556], [39.02852406420745, 55.18442091773955], [38.99707171282877, 55.206840913967945], [38.965583922839, 55.229252810394485], [38.934060637509525, 55.25165659111797], [38.902501800033946, 55.27405224020206], [38.87090735352821, 55.29643974167532], [38.83927724103061, 55.31881907953107], [38.8076114055018, 55.34119023772733], [38.775909789824894, 55.36355320018676], [38.74417233680548, 55.385907950796565], [38.71239898917164, 55.40825447340842], [38.680589689574035, 55.4305927518384], [38.64874438058596, 55.45292276986689], [38.61686300470336, 55.47524451123853], [38.58494550434487, 55.49755795966213], [38.55299182185194, 55.51986309881056], [38.5210018994888, 55.54215991232074], [38.48897567944257, 55.564448383793504], [38.45691310382329, 55.586728496793526], [38.42481411466399, 55.6090002348493], [38.39267865392076, 55.63126358145299], [38.36050666347279, 55.65351852006041], [38.32829808512242, 55.67576503409089], [38.29605286059525, 55.698003106927246], [38.263770931540165, 55.72023272191571], [38.231452239529375, 55.74245386236578], [38.19909672605859, 55.764666511550224], [38.16670433254696, 55.78687065270496], [38.13427500033723, 55.809066269028975], [38.101808670695775, 55.83125334368428], [38.06930528481268, 55.85343185979577], [38.03676478380183, 55.87560180045122], [38.004187108700975, 55.89776314870117], [37.9715722004718, 55.91991588755882], [37.93892, 55.94205999999999]]}, "properties": {"fa_flight_id": "RA65996-1624367942-adhoc-0", "registration": "RA-65996", "ident": "RA-65996", "ident_icao": NaN, "origin_code": "L 53.68756 41.02880", "origin_city": "Moscow", "destination_code": "L 55.94206 37.93892", "destination_city": "Moscow", "scheduled_out": NaN, "estimated_out": NaN, "actual_out": NaN, "scheduled_off": "2021-06-22T13:19:02Z", "estimated_off": "2021-06-22T13:19:02Z", "actual_off": "2021-06-22T13:19:02Z", "scheduled_on": NaN, "estimated_on": NaN, "actual_on": "2021-06-22T13:19:02Z", "scheduled_in": NaN, "estimated_in": NaN, "actual_in": NaN, "status": "result unknown", "route_distance": NaN, "diverted": false, "cancelled": false, "simplified_departure_date": "2021-06-22", "origin_coords": [53.68756, 41.0288], "destination_coords": [55.94206, 37.93892], "is_same_city": false}}, {"type": "Feature", "geometry": {"type": "LineString", "coordinates": [[38.27598999999999, 55.76840000000001], [38.3043892463336, 55.74637091673584], [38.33275643714152, 55.72433529208061], [38.36109162556186, 55.70229313881436], [38.38939486464669, 55.68024446968823], [38.41766620736208, 55.658189297424556], [38.44590570658814, 55.63612763471684], [38.47411341511913, 55.61405949422996], [38.50228938566348, 55.59198488860015], [38.53043367084388, 55.56990383043506], [38.5585463231973, 55.54781633231386], [38.58662739517514, 55.52572240678732], [38.614676939143195, 55.50362206637781], [38.642695007381796, 55.48151532357943], [38.670681652085825, 55.45940219085809], [38.698636925364816, 55.437282680651506], [38.72656087924304, 55.41515680536933], [38.75445356565949, 55.39302457739316], [38.78231503646803, 55.370886009076706], [38.81014534343743, 55.34874111274572], [38.83794453825149, 55.32658990069819], [38.865712672508984, 55.30443238520432], [38.89344979772387, 55.282268578506645], [38.921155965325276, 55.26009849282007], [38.9488312266576, 55.23792214033193], [38.97647563298061, 55.215739533202125], [39.004089235469436, 55.19355068356306], [39.03167208521475, 55.17135560351984], [39.059224233222736, 55.149154305150276], [39.08674573041524, 55.12694680050492], [39.11423662762982, 55.104733101607174], [39.141696975619816, 55.082513220453365], [39.16912682505443, 55.06028716901278], [39.196526226518806, 55.03805495922771], [39.2238952305141, 55.01581660301361], [39.25123388745757, 54.993572112259045], [39.27854224768264, 54.971321498825816], [39.30582036143898, 54.94906477454904], [39.333068278892604, 54.92680195123718], [39.360286050125936, 54.9045330406721], [39.387473725137866, 54.882258054609174], [39.41463135384388, 54.85997700477733], [39.441758986076096, 54.837689902879085], [39.46885667158339, 54.81539676059062], [39.49592446003143, 54.79309758956192], [39.522962401002786, 54.77079240141669], [39.549970543997006, 54.74848120775258], [39.576948938430704, 54.7261640201411], [39.603897633637644, 54.70384085012778], [39.630816678868804, 54.68151170923223], [39.65770612329249, 54.65917660894814], [39.68456601599442, 54.63683556074337], [39.71139640597776, 54.61448857606008], [39.73819734216327, 54.59213566631467], [39.76496887338937, 54.56977684289795], [39.79171104841221, 54.54741211717512], [39.81842391590578, 54.52504150048592], [39.84510752446199, 54.50266500414458], [39.87176192259071, 54.48028263944], [39.898387158719956, 54.457894417635714], [39.92498328119592, 54.43550034997], [39.95155033828302, 54.41310044765597], [39.978088378164074, 54.390694721881495], [40.004597448940345, 54.36828318380952], [40.031077598631605, 54.345865844577794], [40.057528875176274, 54.32344271529925], [40.08395132643148, 54.30101380706184], [40.110345000173176, 54.2785791309287], [40.136709944096204, 54.256138697938205], [40.16304620581438, 54.23369251910395], [40.18935383286064, 54.211240605414936], [40.215632872687074, 54.18878296783556], [40.24188337266502, 54.16631961730561], [40.268105380085224, 54.14385056474048], [40.29429894215785, 54.12137582103111], [40.32046410601261, 54.09889539704404], [40.34660091869887, 54.07640930362157], [40.37270942718572, 54.0539175515817], [40.39878967836211, 54.0314201517183], [40.42484171903685, 54.00891711480107], [40.45086559593882, 53.98640845157566], [40.47686135571702, 53.963894172763716], [40.502829044940626, 53.94137428906293], [40.52876871009912, 53.91884881114709], [40.55468039760242, 53.89631774966616], [40.580564153780905, 53.873781115246324], [40.60642002488556, 53.85123891849006], [40.63224805708808, 53.82869116997616], [40.65804829648091, 53.80613788025985], [40.6838207890774, 53.78357905987274], [40.709565580811905, 53.76101471932306], [40.735282717539825, 53.7384448690955], [40.76097224503776, 53.71586951965145], [40.78663420900358, 53.69328868142893], [40.81226865505652, 53.670702364842754], [40.83787562873731, 53.64811058028449], [40.86345517550825, 53.62551333812256], [40.88900734075329, 53.60291064870233], [40.9145321697782, 53.580302522346095], [40.940029707810574, 53.55768896935318], [40.96549999999999, 53.53507]]}, "properties": {"fa_flight_id": "RA65996-1624349659-adhoc-0", "registration": "RA-65996", "ident": "RA-65996", "ident_icao": NaN, "origin_code": "L 55.76840 38.27599", "origin_city": "Moscow", "destination_code": "L 53.53507 40.96550", "destination_city": "Moscow", "scheduled_out": NaN, "estimated_out": NaN, "actual_out": NaN, "scheduled_off": "2021-06-22T08:14:19Z", "estimated_off": "2021-06-22T08:14:19Z", "actual_off": "2021-06-22T08:14:19Z", "scheduled_on": NaN, "estimated_on": NaN, "actual_on": "2021-06-22T08:14:19Z", "scheduled_in": NaN, "estimated_in": NaN, "actual_in": NaN, "status": "result unknown", "route_distance": NaN, "diverted": false, "cancelled": false, "simplified_departure_date": "2021-06-22", "origin_coords": [55.7684, 38.27599], "destination_coords": [53.53507, 40.9655], "is_same_city": false}}, {"type": "Feature", "geometry": {"type": "LineString", "coordinates": [[60.25719, 56.75628], [60.03472288921832, 56.76662752013687], [59.812135455648544, 56.776578850126576], [59.58943229314644, 56.78613362960692], [59.366618012219945, 56.79529151217088], [59.143697239393354, 56.80405216542798], [58.920674616565975, 56.81241527106342], [58.69755480036515, 56.820380524894716], [58.47434246149417, 56.82794763692591], [58.25104228407516, 56.83511633139943], [58.02765896498718, 56.841886346845335], [57.804197213199615, 56.84825743612824], [57.5806617491015, 56.854229366491616], [57.35705730382656, 56.85980191959963], [57.13338861857436, 56.8649748915764], [56.909660443927976, 56.8697480930427], [56.68587753916818, 56.87412134915015], [56.46204467158448, 56.878094499612715], [56.23816661578334, 56.88166739873569], [56.01424815299366, 56.884839915442036], [55.79029407036987, 56.887611933296114], [55.566309160293, 56.88998335052468], [55.342298219669665, 56.89195408003549], [55.11826604922951, 56.89352404943288], [54.89421745282127, 56.89469320103107], [54.67015723670767, 56.8954614918645], [54.446090208859424, 56.895828893695736], [54.222021178248674, 56.895795393020485], [53.997954954141996, 56.89536099107015], [53.77389634539338, 56.894525703811524], [53.54985015973725, 56.893289561943924], [53.32582120308199, 56.891652610893644], [53.10181427880412, 56.889614910805676], [52.87783418704331, 56.88717653653281], [52.6538857239987, 56.8843375776221], [52.429973681226514, 56.88109813829852], [52.20610284493952, 56.87745833744624], [51.98227799530827, 56.873418308587006], [51.75850390576464, 56.86897819985603], [51.53478534230773, 56.86413817397512], [51.311127062812574, 56.858898408223446], [51.0875338163417, 56.853259094405416], [50.86401034245976, 56.84722043881616], [50.640561370551964, 56.84078266220441], [50.41719161914563, 56.83394599973273], [50.19390579523619, 56.82671070093531], [49.970708593616905, 56.81907702967326], [49.74760469621322, 56.811045264087255], [49.52459877142159, 56.80261569654785], [49.30169547345317, 56.793788633603256], [49.07889944168257, 56.78456439592468], [48.856215300001864, 56.77494331824928], [48.63364765618007, 56.76492574932069], [48.411201101228336, 56.7545120518272], [48.188880208771124, 56.74370260233758], [47.96668953442336, 56.7324977912346], [47.74463361517401, 56.72089802264621], [47.52271696877614, 56.708903714374536], [47.300944093143634, 56.696515297822586], [47.07931946575495, 56.68373321791878], [46.85784754306375, 56.67055793303925], [46.636532759916975, 56.656989914928104], [46.41537952898027, 56.64302964861547], [46.19439224017103, 56.628677632333506], [45.9735752600992, 56.61393437743043], [45.75293293151605, 56.59880040828241], [45.53246957277098, 56.58327626220354], [45.31218947727667, 56.56736248935395], [45.0920969129825, 56.55105965264588], [44.872196121856526, 56.53436832764798], [44.65249131937622, 56.517289102487766], [44.43298669402783, 56.4998225777522], [44.21368640681488, 56.48196936638663], [43.99459459077543, 56.463730093591955], [43.775715350508776, 56.44510539672013], [43.55705276171122, 56.426095925168], [43.33861087072127, 56.40670234026957], [43.12039369407431, 56.38692531518671], [42.90240521806686, 56.36676553479834], [42.68464939833036, 56.346223695588115], [42.46713015941486, 56.325300505530755], [42.24985139438232, 56.303996683976806], [42.032816964409946, 56.282312961536334], [41.816030698403424, 56.26025007996097], [41.599496392620054, 56.237808792025], [41.38321781030212, 56.21498986140496], [41.16719868132012, 56.191794062558294], [40.95144270182647, 56.16822218060065], [40.73595353391903, 56.14427501118226], [40.52073480531517, 56.11995336036309], [40.30579010903585, 56.095258044487196], [40.09112300310013, 56.07018989005588], [39.876737010229874, 56.04474973360005], [39.66263561756475, 56.01893842155172], [39.44882227638766, 55.99275681011453], [39.23530040186025, 55.96620576513364], [39.022073372769015, 55.93928616196473], [38.80914453128142, 55.91199888534238], [38.59651718271254, 55.88434482924768], [38.384194595301786, 55.85632489677532], [38.17217999999999, 55.82794]]}, "properties": {"fa_flight_id": "RA65996-1625150782-adhoc-0", "registration": "RA-65996", "ident": "RA-65996", "ident_icao": NaN, "origin_code": "L 56.75628 60.25719", "origin_city": "Yekaterinburg", "destination_code": "L 55.82794 38.17218", "destination_city": "Moscow", "scheduled_out": NaN, "estimated_out": NaN, "actual_out": NaN, "scheduled_off": "2021-07-01T14:46:22Z", "estimated_off": "2021-07-01T14:46:22Z", "actual_off": "2021-07-01T14:46:22Z", "scheduled_on": NaN, "estimated_on": NaN, "actual_on": "2021-07-01T14:46:22Z", "scheduled_in": NaN, "estimated_in": NaN, "actual_in": NaN, "status": "result unknown", "route_distance": NaN, "diverted": false, "cancelled": false, "simplified_departure_date": "2021-07-01", "origin_coords": [56.75628, 60.25719], "destination_coords": [55.82794, 38.17218], "is_same_city": false}}, {"type": "Feature", "geometry": {"type": "LineString", "coordinates": [[45.09891, 49.60390000000001], [45.23398062483829, 49.68444833918702], [45.36949912040882, 49.764839071492716], [45.50546736722005, 49.84507122360726], [45.64188724579362, 49.925143816433376], [45.778760636487576, 50.00505586506686], [45.916089419316044, 50.08480637877751], [46.05387547376535, 50.16439436099045], [46.192120678606436, 50.243818809267765], [46.330826911703525, 50.32307871529057], [46.46999604981925, 50.40217306484149], [46.609629968415724, 50.481100837787494], [46.74973054145201, 50.559861008063265], [46.89029964117762, 50.638452543654964], [47.031339137922124, 50.71687440658435], [47.172850899880856, 50.79512555289359], [47.31483679289652, 50.87320493263035], [47.45729868023694, 50.95111148983347], [47.60023842236855, 51.02884416251915], [47.74365787672586, 51.10640188266765], [47.88755889747683, 51.183783576210544], [48.03194333528395, 51.26098816301847], [48.17681303706108, 51.338014556889554], [48.32216984572614, 51.414861665538304], [48.46801559994934, 51.4915283905852], [48.614352133897185, 51.56801362754684], [48.76118127697202, 51.64431626582671], [48.90850485354717, 51.72043518870668], [49.05632468269761, 51.796369273339046], [49.204642577926144, 51.872117390739355], [49.35346034688512, 51.94767840577987], [49.50277979109344, 52.023051177183724], [49.65260270564909, 52.0982345575199], [49.80293087893696, 52.173227393198864], [49.95376609233205, 52.24802852446899], [50.10511011989802, 52.32263678541379], [50.25696472808081, 52.397051003949876], [50.40933167539783, 52.471270001825886], [50.56221271212201, 52.545292594622026], [50.71560957996136, 52.619117591750694], [50.869524011733425, 52.692743796457805], [51.02395773103505, 52.7661700058251], [51.17891245190722, 52.83939501077333], [51.334389878494946, 52.912417596066426], [51.490391704702226, 52.98523654031647], [51.64691961384212, 53.05785061598985], [51.80397527828176, 53.13025858941426], [51.961560359082476, 53.202459220786665], [52.11967650563481, 53.27445126418252], [52.27832535528865, 53.34623346756573], [52.437508532978136, 53.41780457279998], [52.59722765084178, 53.48916331566095], [52.75748430783731, 53.56030842584969], [52.918280089351576, 53.631238627007235], [53.079616566805406, 53.70195263673019], [53.241495297253316, 53.772449166587656], [53.40391782297825, 53.842726922139285], [53.56688567108121, 53.91278460295451], [53.73040035306578, 53.982620902633116], [53.89446336441768, 54.05223450882699], [54.059076184179276, 54.12162410326318], [54.22424027451894, 54.1907883617683], [54.38995708029548, 54.25972595429422], [54.55622802861758, 54.32843554494506], [54.72305452839815, 54.39691579200576], [54.8904379699038, 54.46516534797172], [55.058379724299286, 54.53318285958018], [55.22688114318711, 54.600966967842865], [55.39594355814214, 54.66851630808012], [55.56556828024145, 54.73582950995656], [55.73575659958925, 54.802905197518186], [55.906509784837105, 54.86974198923114], [56.07782908269929, 54.936338498021826], [56.249715717463545, 55.00269333131885], [56.42217089049714, 55.06880509109633], [56.59519577974829, 55.13467237391898], [56.768791539243004, 55.2002937709888], [56.94295929857752, 55.26566786819339], [57.11770016240623, 55.33079324615606], [57.29301520992518, 55.395668480287526], [57.468905494351425, 55.460292140839435], [57.645372042397945, 55.52466279295965], [57.822415853744616, 55.58877899674919], [58.00003790050484, 55.6526393073212], [58.178239126688446, 55.71624227486153], [58.35702044766055, 55.779586444691255], [58.53638274959652, 55.842670357331095], [58.716326888933395, 55.90549254856766], [58.89685369181758, 55.968051549521626], [59.07796395354903, 56.03034588671785], [59.25965843802202, 56.092374082157505], [59.44193787716268, 56.15413465339199], [59.62480297036326, 56.2156261135991], [59.808254383913514, 56.276846971660966], [59.99229275042887, 56.337795732244224], [60.17691866827614, 56.39847089588206], [60.362132700996305, 56.45887095905853], [60.547935376725015, 56.51899441429469], [60.734327187610425, 56.578839750237144], [60.92130858922918, 56.638405451748504], [61.10888, 56.69769]]}, "properties": {"fa_flight_id": "RA65996-1625060355-adhoc-0", "registration": "RA-65996", "ident": "RA-65996", "ident_icao": NaN, "origin_code": "L 49.60390 45.09891", "origin_city": "Volgograd", "destination_code": "L 56.69769 61.10888", "destination_city": "Yekaterinburg", "scheduled_out": NaN, "estimated_out": NaN, "actual_out": NaN, "scheduled_off": "2021-06-30T13:39:15Z", "estimated_off": "2021-06-30T13:39:15Z", "actual_off": "2021-06-30T13:39:15Z", "scheduled_on": NaN, "estimated_on": NaN, "actual_on": "2021-06-30T13:39:15Z", "scheduled_in": NaN, "estimated_in": NaN, "actual_in": NaN, "status": "result unknown", "route_distance": NaN, "diverted": false, "cancelled": false, "simplified_departure_date": "2021-06-30", "origin_coords": [49.6039, 45.09891], "destination_coords": [56.69769, 61.10888], "is_same_city": false}}, {"type": "Feature", "geometry": {"type": "LineString", "coordinates": [[38.28969, 55.84946], [38.374284518812104, 55.77681911509637], [38.45856414400564, 55.704120363326304], [38.54253065265715, 55.631364116892634], [38.626185811178566, 55.55855074516057], [38.709531375367824, 55.48568061468151], [38.79256909045965, 55.412754089216655], [38.875300691176626, 55.33977152976046], [38.95772790178036, 55.266733294563814], [39.03985243612295, 55.19363973915715], [39.1216759976986, 55.12049121637329], [39.20320027969541, 55.04728807637013], [39.28442696504725, 54.974030666653064], [39.365357726485875, 54.9007193320974], [39.44599422659311, 54.82735441497041], [39.52633811785311, 54.75393625495325], [39.60639104270486, 54.68046518916278], [39.68615463359462, 54.60694155217314], [39.765630513028505, 54.53336567603706], [39.84482029362512, 54.459737890307174], [39.92372557816834, 54.386058522057056], [40.00234795965996, 54.31232789590201], [40.080689021372585, 54.238546334019844], [40.15875033690237, 54.16471415617138], [40.2365334702219, 54.09083167972075], [40.31403997573301, 54.0168992196556], [40.39127139831966, 53.9429170886071], [40.46822927340072, 53.8688855968698], [40.544915126982815, 53.79480505242124], [40.6213304757131, 53.72067576094148], [40.69747682693204, 53.64649802583247], [40.77335567872605, 53.57227214823715], [40.84896851998024, 53.497998427058505], [40.924316830430975, 53.42367715897841], [40.9994020807184, 53.349308638476266], [41.07422573243889, 53.274893157847586], [41.14878923819752, 53.2004310072223], [41.223094041660296, 53.12592247458305], [41.297141577606325, 53.05136784578309], [41.37093327198006, 52.97676740456431], [41.44447054194317, 52.90212143257497], [41.51775479592653, 52.82743020938719], [41.59078743368196, 52.75269401251448], [41.66356984633391, 52.67791311742897], [41.73610341643099, 52.60308779757856], [41.808389517997405, 52.52821832440395], [41.88042951658416, 52.45330496735537], [41.952224769320296, 52.37834799390939], [42.02377662496375, 52.30334766958535], [42.09508642395235, 52.228304257961916], [42.16615549845437, 52.15321802069314], [42.23698517241912, 52.07808921752477], [42.30757676162731, 52.00291810631009], [42.37793157374123, 51.92770494302584], [42.44805090835482, 51.85244998178785], [42.51793605704353, 51.77715347486665], [42.58758830341395, 51.70181567270289], [42.657008923153406, 51.626436823922596], [42.72619918407922, 51.551017175352335], [42.795160346187885, 51.47555697203428], [42.86389366170401, 51.40005645724106], [42.93240037512906, 51.32451587249051], [43.00068172329, 51.24893545756032], [43.068738935387564, 51.17331545050255], [43.136573233044494, 51.097656087658024], [43.20418583035356, 51.02195760367043], [43.27157793392522, 50.94622023150069], [43.33875074293526, 50.8704442024407], [43.40570544917219, 50.794629746127406], [43.47244323708428, 50.71877709055642], [43.53896528382663, 50.64288646209573], [43.60527275930781, 50.56695808549917], [43.6713668262364, 50.4909921839198], [43.73724864016731, 50.41498897892324], [43.802919349547864, 50.33894869050076], [43.86838009576361, 50.26287153708231], [43.93363201318401, 50.186757735549506], [43.99867622920786, 50.1106075012484], [44.06351386430847, 50.034421048002194], [44.128146032078654, 49.95819858812376], [44.192573839275504, 49.88194033242819], [44.25679838586485, 49.805646490245124], [44.32082076506562, 49.729317269431], [44.384642063393905, 49.6529528763812], [44.44826336070679, 49.57655351604208], [44.511685730245944, 49.50011939192291], [44.5749102386811, 49.423650706107665], [44.63793794615306, 49.34714765926678], [44.70076990631679, 49.2706104506688], [44.763407166384, 49.194039278191774], [44.82585076716565, 49.11743433833475], [44.88810174311417, 49.04079582622908], [44.950161122365465, 48.964123935649596], [45.01202992678073, 48.887418859025765], [45.073709171987886, 48.81068078745265], [45.13519986742296, 48.73390991070184], [45.19650301637116, 48.65710641723228], [45.25761961600768, 48.58027049420096], [45.3185506574383, 48.503402327473594], [45.379297125739775, 48.426502101635094], [45.43986000000001, 48.34957]]}, "properties": {"fa_flight_id": "RA65996-1625042435-adhoc-0", "registration": "RA-65996", "ident": "RA-65996", "ident_icao": NaN, "origin_code": "L 55.84946 38.28969", "origin_city": "Moscow", "destination_code": "L 48.34957 45.43986", "destination_city": "Volgograd", "scheduled_out": NaN, "estimated_out": NaN, "actual_out": NaN, "scheduled_off": "2021-06-30T08:40:35Z", "estimated_off": "2021-06-30T08:40:35Z", "actual_off": "2021-06-30T08:40:35Z", "scheduled_on": NaN, "estimated_on": NaN, "actual_on": "2021-06-30T08:40:35Z", "scheduled_in": NaN, "estimated_in": NaN, "actual_in": NaN, "status": "result unknown", "route_distance": NaN, "diverted": false, "cancelled": false, "simplified_departure_date": "2021-06-30", "origin_coords": [55.84946, 38.28969], "destination_coords": [48.34957, 45.43986], "is_same_city": false}}, {"type": "Feature", "geometry": {"type": "LineString", "coordinates": [[41.3246, 48.345649999999985], [41.2980016492209, 48.42069805903202], [41.271324647095526, 48.49573997003719], [41.244568558827616, 48.57077569852039], [41.21773294660257, 48.645805209741994], [41.19081736956119, 48.720828468715645], [41.16382138377333, 48.795845440206136], [41.13674454221109, 48.870856088727116], [41.109586394721845, 48.9458603785389], [41.082346488000944, 49.02085827364615], [41.055024365564165, 49.09584973779561], [41.027619567719896, 49.17083473447378], [41.000131631540924, 49.24581322690455], [40.97256009083617, 49.32078517804688], [40.94490447612181, 49.39575055059238], [40.91716431459239, 49.47070930696286], [40.88933913009148, 49.54566140930793], [40.86142844308203, 49.620606819502534], [40.83343177061653, 49.69554549914439], [40.805348626306724, 49.770477409551546], [40.777178520293084, 49.84540251175976], [40.74892095921398, 49.920320766519986], [40.72057544617447, 49.99523213429569], [40.69214148071479, 50.070136575260264], [40.66361855877853, 50.14503404929438], [40.6350061726805, 50.21992451598326], [40.60630381107414, 50.29480793461392], [40.57751095891877, 50.36968426417255], [40.54862709744635, 50.44455346334155], [40.51965170412792, 50.51941549049689], [40.490584252639714, 50.59427030370515], [40.461424212828966, 50.66911786072067], [40.43217105067921, 50.74395811898272], [40.402824228275335, 50.818791035612456], [40.37338320376823, 50.89361656741], [40.34384743133906, 50.968434670851465], [40.31421636116314, 51.043245302085836], [40.28448943937345, 51.11804841693202], [40.25466610802376, 51.19284397087562], [40.22474580505131, 51.26763191906586], [40.194727964239185, 51.34241221631246], [40.164612015178214, 51.417184817082294], [40.134397383228446, 51.49194967549628], [40.10408348948031, 51.56670674532604], [40.073669750715226, 51.64145597999055], [40.043155579365894, 51.716197332552866], [40.012540383476136, 51.79093075571667], [39.98182356666021, 51.86565620182287], [39.95100452806185, 51.94037362284612], [39.92008266231271, 52.01508297039129], [39.88905735949044, 52.08978419568997], [39.85792800507624, 52.16447724959686], [39.82669397991207, 52.2391620825861], [39.79535466015727, 52.31383864474768], [39.76390941724474, 52.388506885783656], [39.732357617836676, 52.46316675500442], [39.70069862377979, 52.537818201324946], [39.668931792060086, 52.61246117326087], [39.637056474757, 52.68709561892466], [39.60507201899724, 52.761721486021706], [39.57297776690794, 52.83633872184628], [39.54077305556944, 52.910947273277564], [39.508457216967386, 52.98554708677559], [39.47602957794444, 53.06013810837706], [39.44348946015139, 53.13472028369129], [39.41083617999772, 53.20929355789592], [39.378069048601674, 53.28385787573267], [39.345187371739655, 53.35841318150309], [39.312190449795175, 53.43295941906409], [39.27907757770721, 53.50749653182365], [39.245848044917935, 53.58202446273631], [39.212501135319876, 53.656543154298596], [39.17903612720254, 53.73105254854459], [39.14545229319834, 53.80555258704118], [39.11174890022801, 53.88004321088347], [39.07792520944534, 53.95452436069003], [39.04398047618133, 54.028995976598054], [39.00991394988765, 54.103457998258634], [38.97572487407952, 54.177910364831774], [38.94141248627797, 54.252353014981445], [38.906976017951315, 54.326785886870574], [38.872414694456104, 54.401208918156], [38.83772773497735, 54.475622045983314], [38.802914352467994, 54.55002520698162], [38.76797375358784, 54.62441833725838], [38.73290513864167, 54.69880137239397], [38.697707701516656, 54.773174247436344], [38.66238062961912, 54.84753689689567], [38.626923103810526, 54.92188925473863], [38.59133429834272, 54.99623125438299], [38.555613380792465, 55.07056282869189], [38.51975951199515, 55.14488390996812], [38.48377184597789, 55.21919442994834], [38.44764952989161, 55.2934943197972], [38.41139170394259, 55.36778351010144], [38.37499750132303, 55.44206193086388], [38.3384660481409, 55.51632951149732], [38.30179646334897, 55.59058618081838], [38.264987858672995, 55.66483186704132], [38.22803933853904, 55.739066497771695], [38.19095, 55.81329]]}, "properties": {"fa_flight_id": "RA65996-1625310147-adhoc-0", "registration": "RA-65996", "ident": "RA-65996", "ident_icao": NaN, "origin_code": "L 48.34565 41.32460", "origin_city": "Volgograd", "destination_code": "L 55.81329 38.19095", "destination_city": "Moscow", "scheduled_out": NaN, "estimated_out": NaN, "actual_out": NaN, "scheduled_off": "2021-07-03T11:02:27Z", "estimated_off": "2021-07-03T11:02:27Z", "actual_off": "2021-07-03T11:02:27Z", "scheduled_on": NaN, "estimated_on": NaN, "actual_on": "2021-07-03T11:02:27Z", "scheduled_in": NaN, "estimated_in": NaN, "actual_in": NaN, "status": "result unknown", "route_distance": NaN, "diverted": false, "cancelled": false, "simplified_departure_date": "2021-07-03", "origin_coords": [48.34565, 41.3246], "destination_coords": [55.81329, 38.19095], "is_same_city": false}}, {"type": "Feature", "geometry": {"type": "LineString", "coordinates": [[38.35488, 55.73555999999999], [38.37005245281218, 55.65095887146435], [38.38515948320954, 55.566355879346226], [38.40020157745789, 55.48175103753769], [38.41517921711786, 55.397144359795874], [38.43009287910177, 55.312535859744614], [38.44494303572972, 55.22792555087603], [38.459730154784936, 55.143313446552256], [38.47445469956818, 55.05869956000679], [38.48911712895152, 54.97408390434624], [38.50371789743131, 54.88946649255172], [38.51825745518029, 54.80484733748045], [38.5327362480991, 54.72022645186717], [38.54715471786701, 54.63560384832561], [38.561513301991894, 54.55097953934995], [38.575812433859525, 54.46635353731621], [38.590052542782196, 54.3817258544837], [38.60423405404663, 54.29709650299635], [38.61835738896123, 54.21246549488405], [38.63242296490266, 54.12783284206413], [38.64643119536179, 54.04319855634244], [38.660382489988976, 53.95856264941492], [38.67427725463877, 53.87392513286866], [38.68811589141389, 53.78928601818333], [38.701898798708704, 53.704645316732346], [38.71562637125212, 53.62000303978409], [38.72929900014974, 53.53535919850319], [38.742917072925565, 53.45071380395167], [38.75648097356312, 53.36606686709018], [38.76999108254594, 53.28141839877905], [38.7834477768976, 53.1967684097796], [38.79685143022112, 53.11211691075514], [38.810202412737844, 53.02746391227217], [38.823501091325916, 52.94280942480142], [38.83674782955799, 52.85815345871901], [38.84994298773868, 52.77349602430745], [38.86308692294136, 52.68883713175676], [38.876179989044545, 52.60417679116548], [38.88922253676767, 52.5195150125417], [38.902214913706544, 52.4348518058041], [38.91515746436826, 52.35018718078293], [38.92805053020558, 52.26552114722101], [38.94089444965095, 52.18085371477469], [38.95368955815004, 52.09618489301489], [38.96643618819481, 52.0115146914279], [38.979134669356206, 51.92684311941647], [38.99178532831633, 51.84217018630066], [39.004388488900275, 51.75749590131875], [39.01694447210748, 51.67282027362818], [39.02945359614273, 51.58814331230641], [39.04191617644669, 51.50346502635178], [39.054332525726096, 51.41878542468445], [39.066702953983544, 51.33410451614718], [39.07902776854683, 51.24942230950618], [39.09130727409799, 51.16473881345202], [39.103541772701945, 51.08005403660034], [39.11573156383474, 50.99536798749273], [39.12787694441146, 50.91068067459755], [39.13997820881378, 50.825992106310665], [39.15203564891708, 50.741302290956256], [39.16404955411744, 50.656611236787555], [39.176020211357965, 50.57191895198766], [39.18794790515508, 50.4872254446703], [39.19983291762428, 50.402530722880456], [39.21167552850567, 50.317834794595235], [39.223476015189135, 50.2331376677245], [39.23523465273917, 50.14843935011164], [39.246951713919515, 50.063739849534215], [39.258627469217274, 49.979039173704706], [39.27026218686694, 49.8943373302712], [39.281856132874, 49.80963432681802], [39.29340957103827, 49.72493017086642], [39.304922762976936, 49.64022486987528], [39.316395968147376, 49.55551843124172], [39.32782944386954, 49.470810862301725], [39.339223445348225, 49.386102170330844], [39.35057822569496, 49.30139236254475], [39.36189403594971, 49.21668144609996], [39.37317112510222, 49.13196942809432], [39.384409740113135, 49.04725631556771], [39.39561012593491, 48.96254211550257], [39.40677252553238, 48.87782683482461], [39.417897179903136, 48.79311048040322], [39.428984328097634, 48.70839305905218], [39.44003420723908, 48.62367457753022], [39.45104705254299, 48.53895504254148], [39.462023097336676, 48.45423446073622], [39.47296257307829, 48.36951283871121], [39.48386570937584, 48.2847901830104], [39.49473273400584, 48.20006650012538], [39.505563872931724, 48.11534179649595], [39.516359350322205, 48.0306160785106], [39.52711938856923, 47.945889352507095], [39.53784420830582, 47.86116162477292], [39.54853402842362, 47.77643290154579], [39.559189066090354, 47.6917031890142], [39.56980953676698, 47.60697249331786], [39.58039565422467, 47.52224082054824], [39.59094763056159, 47.437508176748985], [39.60146567621946, 47.3527745679164], [39.61194999999999, 47.26804]]}, "properties": {"fa_flight_id": "RA65996-1625288556-adhoc-0", "registration": "RA-65996", "ident": "RA-65996", "ident_icao": NaN, "origin_code": "L 55.73556 38.35488", "origin_city": "Moscow", "destination_code": "L 47.26804 39.61195", "destination_city": "Krasnodar Krai", "scheduled_out": NaN, "estimated_out": NaN, "actual_out": NaN, "scheduled_off": "2021-07-03T05:02:36Z", "estimated_off": "2021-07-03T05:02:36Z", "actual_off": "2021-07-03T05:02:36Z", "scheduled_on": NaN, "estimated_on": NaN, "actual_on": "2021-07-03T05:02:36Z", "scheduled_in": NaN, "estimated_in": NaN, "actual_in": NaN, "status": "result unknown", "route_distance": NaN, "diverted": false, "cancelled": false, "simplified_departure_date": "2021-07-03", "origin_coords": [55.73556, 38.35488], "destination_coords": [47.26804, 39.61195], "is_same_city": false}}, {"type": "Feature", "geometry": {"type": "LineString", "coordinates": [[39.42552, 43.78369], [39.41438435281686, 43.905028881666766], [39.403203216869954, 44.026366677579496], [39.391976212362955, 44.1477033786631], [39.38070295556127, 44.26903897574832], [39.369383058739494, 44.390373459570334], [39.358016130128, 44.51170682076752], [39.34660177385883, 44.633039049880225], [39.3351395899105, 44.75437013734933], [39.32362917405214, 44.87570007351502], [39.3120701177866, 44.997028848615315], [39.30046200829267, 45.118356452784745], [39.28880442836636, 45.239682876052996], [39.277096956361305, 45.36100810834333], [39.265339166128044, 45.48233213947126], [39.25353062695251, 45.60365495914305], [39.24167090349332, 45.724976556954175], [39.22975955571819, 45.846296922387765], [39.217796138839205, 45.96761604481319], [39.20578020324712, 46.08893391348433], [39.193711294444455, 46.21025051753807], [39.18158895297757, 46.33156584599261], [39.169412714367624, 46.45287988774585], [39.157182109040306, 46.57419263157369], [39.14489666225445, 46.69550406612832], [39.13255589402947, 46.816814179936465], [39.12015931907148, 46.93812296139763], [39.10770644669834, 47.05943039878228], [39.09519678076323, 47.18073648023005], [39.0826298195771, 47.30204119374783], [39.07000505582977, 47.423344527207924], [39.05732197650953, 47.54464646834603], [39.04458006282163, 47.66594700475945], [39.03177879010517, 47.78724612390489], [39.01891762774862, 47.908543813096614], [39.005996039103934, 48.02984005950424], [38.99301348139909, 48.15113485015076], [38.979969405649236, 48.27242817191032], [38.96686325656616, 48.39372001150609], [38.95369447246626, 48.51501035550804], [38.94046248517691, 48.636299190330696], [38.92716671994116, 48.75758650223084], [38.91380659532074, 48.87887227730523], [38.90038152309741, 49.000156501488156], [38.88689090817254, 49.12143916054907], [38.8733341484649, 49.24272024009017], [38.8597106348066, 49.36399972554383], [38.84601975083727, 49.48527760217005], [38.83226087289627, 49.606553855054], [38.81843336991298, 49.72782846910321], [38.80453660329511, 49.84910142904501], [38.790569926815024, 49.97037271942374], [38.77653268649398, 50.09164232459801], [38.762424220484284, 50.21291022873783], [38.74824385894927, 50.33417641582175], [38.733990923941114, 50.45544086963391], [38.719664729276396, 50.57670357376109], [38.7052645804094, 50.6979645115896], [38.69078977430302, 50.819223666302214], [38.67623959929736, 50.94048102087506], [38.661613334975804, 51.06173655807431], [38.6469102520287, 51.18299026045294], [38.63212961211437, 51.30424211034744], [38.61727066771764, 51.42549208987433], [38.602332662005686, 51.54674018092678], [38.58731482868106, 51.667986365171], [38.57221639183206, 51.78923062404268], [38.55703656578027, 51.910472938743354], [38.541774554925084, 52.031713290236596], [38.526429553585345, 52.15295165924427], [38.51100074583797, 52.27418802624261], [38.49548730535342, 52.395422371458295], [38.47988839522806, 52.51665467486442], [38.464203167813196, 52.63788491617632], [38.448430764540916, 52.759113074847484], [38.432570315746425, 52.8803391300652], [38.416620940487, 53.00156306074625], [38.40058174635736, 53.12278484553242], [38.38445182930142, 53.24400446278604], [38.36823027342034, 53.365221890585275], [38.351916150776766, 53.48643710671952], [38.335508521195244, 53.60765008868452], [38.31900643205854, 53.7288608136775], [38.30240891810011, 53.85006925859215], [38.285715001192116, 53.97127540001356], [38.26892369012946, 54.092479214213], [38.25203398040935, 54.21368067714261], [38.23504485400635, 54.334879764430006], [38.21795527914297, 54.45607645137271], [38.20076421005555, 54.5772707129326], [38.183470586755334, 54.69846252373005], [38.16607333478465, 54.819651858038185], [38.1485713649681, 54.94083868977676], [38.130963573158645, 55.062022992506144], [38.11324883997836, 55.183204739420994], [38.09542603055383, 55.304383903344], [38.077493994246026, 55.42556045671925], [38.05945156437459, 55.54673437160567], [38.04129755793623, 55.667905619670215], [38.023030775317245, 55.78907417218097], [38.00465, 55.91024]]}, "properties": {"fa_flight_id": "RA65996-1628169347-adhoc-0", "registration": "RA-65996", "ident": "RA-65996", "ident_icao": NaN, "origin_code": "L 43.78369 39.42552", "origin_city": NaN, "destination_code": "L 55.91024 38.00465", "destination_city": "Moscow", "scheduled_out": NaN, "estimated_out": NaN, "actual_out": NaN, "scheduled_off": "2021-08-05T13:15:47Z", "estimated_off": "2021-08-05T13:15:47Z", "actual_off": "2021-08-05T13:15:47Z", "scheduled_on": NaN, "estimated_on": NaN, "actual_on": "2021-08-05T13:15:47Z", "scheduled_in": NaN, "estimated_in": NaN, "actual_in": NaN, "status": "result unknown", "route_distance": NaN, "diverted": false, "cancelled": false, "simplified_departure_date": "2021-08-05", "origin_coords": [43.78369, 39.42552], "destination_coords": [55.91024, 38.00465], "is_same_city": false}}, {"type": "Feature", "geometry": {"type": "LineString", "coordinates": [[33.424859999999995, 44.617509999999996], [33.48531613253786, 44.606729342033155], [33.54574979565846, 44.59591680351607], [33.606160939926404, 44.58507240833989], [33.66654951608945, 44.5741961804438], [33.726915475078584, 44.56328814381467], [33.787258768008165, 44.552348322486964], [33.84757934617605, 44.541376740542425], [33.90787716106369, 44.53037342210989], [33.96815216433627, 44.51933839136504], [34.02840430784282, 44.50827167253022], [34.08863354361628, 44.49717328987419], [34.1488398238737, 44.48604326771186], [34.20902310101624, 44.47488163040416], [34.269183327629314, 44.46368840235773], [34.32932045648271, 44.45246360802472], [34.38943444053064, 44.44120727190262], [34.44952523291189, 44.42991941853394], [34.509592786949796, 44.418600072506074], [34.569637056152494, 44.407249258451024], [34.629657994212835, 44.395867001045204], [34.68965555500857, 44.38445332500916], [34.74962969260239, 44.373008255107464], [34.809580361242, 44.36153181614836], [34.86950751536021, 44.3500240329836], [34.929411109574964, 44.338484930508265], [34.989291098689414, 44.32691453366044], [35.049147437692014, 44.315312867421056], [35.108980081756535, 44.30367995681368], [35.168788986242156, 44.29201582690425], [35.228574106693486, 44.280320502800826], [35.28833539884063, 44.268594009653484], [35.34807281859923, 44.25683637265397], [35.4077863220705, 44.24504761703553], [35.4674758655413, 44.23322776807269], [35.52714140548413, 44.22137685108099], [35.586782898557175, 44.20949489141683], [35.64640030160436, 44.197581914477205], [35.70599357165538, 44.18563794569947], [35.76556266592566, 44.17366301056115], [35.82510754181648, 44.16165713457969], [35.884628156914914, 44.14962034331227], [35.944124468993884, 44.1375526623555], [36.00359643601218, 44.12545411734533], [36.06304401611443, 44.11332473395668], [36.12246716763116, 44.101164537903344], [36.181865849078775, 44.08897355493767], [36.24124001915956, 44.07675181085042], [36.300589636761686, 44.064499331470465], [36.35991466095921, 44.052216142664655], [36.419215051012074, 44.03990227033752], [36.47849076636607, 44.027557740431064], [36.53774176665288, 44.01518257892461], [36.59696801169002, 44.00277681183447], [36.65616946148082, 43.990340465213805], [36.715346076214445, 43.977873565152386], [36.77449781626586, 43.965376137776346], [36.83362464219575, 43.95284820924799], [36.892726514750606, 43.94028980576557], [36.95180339486257, 43.92770095356305], [37.01085524364951, 43.91508167890988], [37.0698820224149, 43.90243200811081], [37.12888369264785, 43.88975196750566], [37.18786021602301, 43.87704158346905], [37.246811554400594, 43.86430088241026], [37.30573766982625, 43.85152989077296], [37.36463852453107, 43.83872863503497], [37.423514080931554, 43.825897141708126], [37.48236430162949, 43.813035437337966], [37.54118914941195, 43.80014354850357], [37.59998858725123, 43.78722150181735], [37.65876257830478, 43.77426932392473], [37.71751108591512, 43.76128704150408], [37.7762340736098, 43.7482746812664], [37.83493150510133, 43.735232269955105], [37.8936033442871, 43.72215983434587], [37.9522495552493, 43.70905740124629], [38.01087010225488, 43.695924997495844], [38.06946494975542, 43.68276264996552], [38.12803406238708, 43.66957038555764], [38.1865774049705, 43.656348231205705], [38.245094942510754, 43.6430962138741], [38.30358664019722, 43.62981436055794], [38.362052463403465, 43.616502698282765], [38.42049237768725, 43.603161254104464], [38.47890634879034, 43.58979005510893], [38.53729434263842, 43.57638912841191], [38.595656325341054, 43.56295850115878], [38.65399226319151, 43.54949820052433], [38.7123021226667, 43.53600825371253], [38.77058587042705, 43.522488687956326], [38.8288434733164, 43.50893953051747], [38.88707489836189, 43.495360808686236], [38.94528011277385, 43.48175254978128], [39.00345908394568, 43.4681147811493], [39.06161177945372, 43.45444753016503], [39.11973816705714, 43.44075082423083], [39.177838214697815, 43.42702469077655], [39.2359118905002, 43.41326915725936], [39.29395916277118, 43.399484251163486], [39.35198, 43.38566999999999]]}, "properties": {"fa_flight_id": "RA65996-1628161105-adhoc-0", "registration": "RA-65996", "ident": "RA-65996", "ident_icao": NaN, "origin_code": "L 44.61751 33.42486", "origin_city": "Simferopol", "destination_code": "L 43.38567 39.35198", "destination_city": NaN, "scheduled_out": NaN, "estimated_out": NaN, "actual_out": NaN, "scheduled_off": "2021-08-05T10:58:25Z", "estimated_off": "2021-08-05T10:58:25Z", "actual_off": "2021-08-05T10:58:25Z", "scheduled_on": NaN, "estimated_on": NaN, "actual_on": "2021-08-05T10:58:25Z", "scheduled_in": NaN, "estimated_in": NaN, "actual_in": NaN, "status": "result unknown", "route_distance": NaN, "diverted": false, "cancelled": false, "simplified_departure_date": "2021-08-05", "origin_coords": [44.61751, 33.42486], "destination_coords": [43.38567, 39.35198], "is_same_city": false}}, {"type": "Feature", "geometry": {"type": "LineString", "coordinates": [[38.32940000000001, 55.75169], [38.276505909831464, 55.643765164418916], [38.22390254919398, 55.5358177044439], [38.17158721717511, 55.42784783493325], [38.119557244813834, 55.31985576812646], [38.06780999463885, 55.21184171368329], [38.01634286021464, 55.103805878722646], [37.9651532656951, 54.995748467860345], [37.91423866538461, 54.8876696832465], [37.863596543306485, 54.77956972460209], [37.81322441277849, 54.67144878925498], [37.76311981599549, 54.56330707217528], [37.71328032361896, 54.45514476601008], [37.66370353437329, 54.346962061117644], [37.614387074648704, 54.238759145600916], [37.56532859811082, 54.13053620534054], [37.516525785316425, 54.02229342402728], [37.467976343335756, 53.91403098319381], [37.41967800538081, 53.80574906224616], [37.37162853043974, 53.697447838494384], [37.323825702917254, 53.58912748718285], [37.276267332280796, 53.48078818152005], [37.228951252712484, 53.37243009270772], [37.181875322766636, 53.264053389969696], [37.13503742503293, 53.15565824058016], [37.08843546580483, 53.04724480989135], [37.042067374753465, 52.938813261361034], [36.9959311046067, 52.8303637565792], [36.950024630833276, 52.721896455294626], [36.904345951332104, 52.61341151544078], [36.858893086126415, 52.50490909316139], [36.813664077062825, 52.39638934283556], [36.76865698751512, 52.28785241710253], [36.72386990209282, 52.17929846688589], [36.67930092635422, 52.07072764141759], [36.634948186524085, 51.962140088261386], [36.590809829215644, 51.853535953335935], [36.54688402115708, 51.7449153809377], [36.50316894892223, 51.636278513763145], [36.4596628186655, 51.52762549293087], [36.41636385586088, 51.418956458003244], [36.37327030504515, 51.3102715470077], [36.330380429564876, 51.20157089645772], [36.287692511327485, 51.092854641373485], [36.24520485055613, 50.98412291530213], [36.2029157655483, 50.875375850337754], [36.16082359243823, 50.76661357714107], [36.11892668496291, 50.657836224958764], [36.07722341423159, 50.549043921642465], [36.035712168499046, 50.44023679366756], [35.994391352942046, 50.33141496615162], [35.9532593894394, 50.222578562872506], [35.912314716355255, 50.11372770628625], [35.871555788325715, 50.004862517544666], [35.83098107604872, 49.89598311651262], [35.79058906607698, 49.78708962178508], [35.750378260614205, 49.67818215070387], [35.71034717731423, 49.56926081937425], [35.67049434908328, 49.46032574268105], [35.63081832388509, 49.35137703430479], [35.59131766454902, 49.242414806737344], [35.551990948581015, 49.13343917129752], [35.51283676797731, 49.02445023814631], [35.473853729041004, 48.915448116301896], [35.435040452201264, 48.80643291365453], [35.39639557183525, 48.69740473698105], [35.357917736092645, 48.58836369195928], [35.31960560672277, 48.479309883182175], [35.281457858904275, 48.37024341417171], [35.24347318107724, 48.261164387392654], [35.205650274777845, 48.152072904266056], [35.167987854475335, 48.042969065182525], [35.13048464741147, 47.93385296951542], [35.09313939344223, 47.82472471563364], [35.05595084488182, 47.71558440091446], [35.018917766349034, 47.606432121756015], [34.98203893461566, 47.49726797358962], [34.94531313845721, 47.388092050891956], [34.90873917850578, 47.27890444719704], [34.872315867104994, 47.16970525510805], [34.83604202816696, 47.0604945663089], [34.799916497031404, 46.95127247157578], [34.763938120326735, 46.84203906078836], [34.728105755833106, 46.73279442294099], [34.69241827234736, 46.62353864615357], [34.656874549550025, 46.51427181768246], [34.62147347787405, 46.40499402393105], [34.58621395837545, 46.295705350460274], [34.5510949026058, 46.18640588199893], [34.5161152324865, 46.07709570245392], [34.481273880184766, 45.96777489492022], [34.44656978799141, 45.85844354169083], [34.41200190820029, 45.749101724266524], [34.37756920298949, 45.63974952336546], [34.34327064430409, 45.53038701893261], [34.3091052137406, 45.42101429014921], [34.27507190243296, 45.31163141544187], [34.241169710940206, 45.20223847249172], [34.207397649135544, 45.09283553824331], [34.173754736097074, 44.983422688913464], [34.140240000000006, 44.874]]}, "properties": {"fa_flight_id": "RA65996-1628148496-adhoc-0", "registration": "RA-65996", "ident": "RA-65996", "ident_icao": NaN, "origin_code": "L 55.75169 38.32940", "origin_city": "Moscow", "destination_code": "L 44.87400 34.14024", "destination_city": "Simferopol", "scheduled_out": NaN, "estimated_out": NaN, "actual_out": NaN, "scheduled_off": "2021-08-05T07:28:16Z", "estimated_off": "2021-08-05T07:28:16Z", "actual_off": "2021-08-05T07:28:16Z", "scheduled_on": NaN, "estimated_on": NaN, "actual_on": "2021-08-05T07:28:16Z", "scheduled_in": NaN, "estimated_in": NaN, "actual_in": NaN, "status": "result unknown", "route_distance": NaN, "diverted": false, "cancelled": false, "simplified_departure_date": "2021-08-05", "origin_coords": [55.75169, 38.3294], "destination_coords": [44.874, 34.14024], "is_same_city": false}}, {"type": "Feature", "geometry": {"type": "LineString", "coordinates": [[33.39294, 44.62776], [33.430024783583605, 44.741063904268586], [33.467255197508415, 44.854355760306454], [33.50463237843426, 44.967635472779435], [33.542157473930445, 45.080902945419915], [33.57983164260806, 45.19415808101521], [33.61765605425438, 45.30740078139579], [33.655631889968916, 45.420630947423334], [33.69376034230168, 45.53384847897861], [33.73204261539319, 45.647053274949165], [33.77047992511667, 45.760245233216864], [33.80907349922215, 45.87342425064518], [33.84782457748271, 45.98659022306637], [33.88673441184289, 46.099743045268404], [33.92580426656907, 46.21288261098173], [33.965035418402216, 46.32600881286586], [34.00442915671276, 46.43912154249561], [34.04398678365771, 46.552220690347454], [34.08370961434008, 46.665306145785266], [34.123598976970676, 46.77837779704614], [34.163656213032205, 46.89143553122592], [34.203882677445776, 47.00447923426444], [34.244279738739955, 47.11750879093064], [34.28484877922218, 47.23052408480738], [34.325591195152754, 47.34352499827606], [34.366508396921446, 47.45651141250099], [34.40760180922671, 47.569483207413555], [34.44887287125748, 47.68244026169603], [34.490323036877776, 47.79538245276533], [34.531953774813985, 47.9083096567563], [34.57376656884502, 48.02122174850491], [34.61576291799526, 48.134118601531085], [34.65794433673041, 48.247000088021366], [34.700312355156285, 48.359866078811166], [34.742868519220686, 48.47271644336687], [34.78561439091817, 48.58555104976763], [34.82855154849807, 48.69836976468678], [34.87168158667555, 48.811172453373125], [34.91500611684599, 48.92395897963176], [34.958526767302494, 49.03672920580472], [35.00224518345686, 49.14948299275124], [35.046163028063845, 49.26222019982772], [35.09028198144887, 49.37494068486746], [35.13460374173929, 49.48764430415986], [35.179130025099134, 49.60033091242957], [35.22386256596754, 49.71300036281499], [35.26880311730084, 49.825652506846744], [35.3139534508184, 49.93828719442556], [35.3593153572523, 50.0509042737999], [35.404890646600855, 50.16350359154323], [35.450681148386145, 50.27608499253086], [35.49668871191551, 50.38864831991652], [35.542915206547214, 50.50119341510838], [35.58936252196018, 50.613720117744926], [35.63603256842807, 50.72622826567009], [35.68292727709758, 50.83871769490837], [35.73004860027126, 50.951188239639215], [35.77739851169464, 51.063639732171225], [35.82497900684808, 51.17607200291569], [35.87279210324317, 51.2884848803599], [35.920839840723815, 51.40087819103991], [35.96912428177222, 51.51325175951282], [36.01764751181968, 51.62560540832874], [36.06641163956245, 51.73793895800204], [36.11541879728256, 51.850252226982384], [36.164671141173905, 51.96254503162505], [36.21417085167352, 52.074817186160935], [36.263920133798266, 52.187068502665895], [36.313921217486914, 52.29929879102968], [36.364176357947834, 52.41150785892429], [36.414687836012284, 52.523695511771756], [36.46545795849352, 52.63586155271145], [36.516489058551684, 52.74800578256681], [36.56778349606472, 52.860127999811404], [36.61934365800544, 52.97222800053457], [36.67117195882458, 53.084305578406294], [36.72327084084042, 53.19636052464165], [36.77564277463462, 53.308392627964444], [36.828290259454725, 53.42040167457037], [36.8812158236233, 53.53238744808947], [36.93442202495383, 53.6443497295479], [36.98791145117364, 53.75628829732908], [37.04168672035365, 53.868202927134156], [37.095750481345654, 53.98009339194172], [37.15010541422653, 54.09195946196688], [37.20475423075019, 54.20380090461958], [37.25969967480702, 54.31561748446213], [37.31494452289097, 54.42740896316607], [37.370491584574765, 54.53917509946818], [37.4263437029929, 54.65091564912581], [37.482503755332935, 54.76263036487125], [37.53897465333517, 54.87431899636544], [37.595759343800694, 54.98598129015076], [37.652860809108255, 55.09761698960295], [37.71028206773983, 55.20922583488226], [37.76802617481524, 55.32080756288359], [37.82609622263591, 55.432361907185765], [37.88449534123805, 55.54388859799996], [37.94322669895522, 55.65538736211706], [38.002293502990774, 55.766857922854165], [38.061699, 55.8783]]}, "properties": {"fa_flight_id": "RA65996-1629383066-adhoc-0", "registration": "RA-65996", "ident": "RA-65996", "ident_icao": NaN, "origin_code": "L 44.62776 33.39294", "origin_city": "Simferopol", "destination_code": "UUMU", "destination_city": NaN, "scheduled_out": NaN, "estimated_out": NaN, "actual_out": NaN, "scheduled_off": "2021-08-19T14:24:26Z", "estimated_off": "2021-08-19T14:24:26Z", "actual_off": "2021-08-19T14:24:26Z", "scheduled_on": NaN, "estimated_on": NaN, "actual_on": "2021-08-19T14:24:26Z", "scheduled_in": NaN, "estimated_in": NaN, "actual_in": NaN, "status": "result unknown", "route_distance": NaN, "diverted": false, "cancelled": false, "simplified_departure_date": "2021-08-19", "origin_coords": [44.62776, 33.39294], "destination_coords": [55.8783, 38.061699], "is_same_city": false}}, {"type": "Feature", "geometry": {"type": "LineString", "coordinates": [[38.29615, 55.77565], [38.237822279998134, 55.66613040526008], [38.17982015796978, 55.55658330987022], [38.122140574920934, 55.447008979004224], [38.06478050827879, 55.337407674563984], [38.00773697136499, 55.2277796552289], [37.95100701287777, 55.11812517650466], [37.894587716382624, 55.008444490771055], [37.83847619981144, 54.89873784732888], [37.78266961496996, 54.7890054924462], [37.72716514705334, 54.679247669403615], [37.67196001416964, 54.569464618538866], [37.61705146687133, 54.459656577290524], [37.56243678769431, 54.349823780241124], [37.50811329070457, 54.23996645915936], [37.45407832105227, 54.13008484304161], [37.400329254533105, 54.02017915815278], [37.34686349715673, 53.91024962806646], [37.29367848472243, 53.80029647370423], [37.240771682401345, 53.690319913374566], [37.188140584325794, 53.580320162810764], [37.135782713185016, 53.470297435208515], [37.08369561982758, 53.36025194126262], [37.03187688287006, 53.250183889203186], [36.98032410831214, 53.1400934848312], [36.9290349291578, 53.02998093155349], [36.87800700504265, 52.91984643041704], [36.827238021867075, 52.80969018014288], [36.77672569143542, 52.69951237715921], [36.726467751100806, 52.58931321563413], [36.676461963415555, 52.479092887507775], [36.62670611578731, 52.368851582523845], [36.577198020140386, 52.25858948826071], [36.52793551258268, 52.148306790161946], [36.47891645307768, 52.03800367156639], [36.430138725121715, 51.927680313737675], [36.38160023542619, 51.81733689589325], [36.33329891360492, 51.706973595233066], [36.28523271186626, 51.596590586967594], [36.23739960471002, 51.48618804434551], [36.18979758862921, 51.37576613868094], [36.14242468181633, 51.26532503938015], [36.095278923874204, 51.154864913967906], [36.048358375531386, 51.04438592811339], [36.001661118361845, 50.933888245655695], [35.955185254509054, 50.823372028628825], [35.90892890641432, 50.71283743728643], [35.862890216549175, 50.60228463012607], [35.81706734715208, 50.49171376391307], [35.77145847996893, 50.38112499370403], [35.72606181599766, 50.27051847287], [35.68087557523669, 50.1598943531192], [35.635897996437215, 50.049252784519375], [35.59112733685922, 49.93859391551995], [35.54656187203123, 49.827917892973645], [35.50219989551366, 49.71722486215785], [35.45803971866572, 49.60651496679566], [35.41407967041587, 49.49578834907656], [35.3703180970357, 49.38504514967679], [35.326753361917206, 49.274285507779375], [35.28338384535334, 49.16350956109391], [35.24020794432195, 49.05271744587596], [35.19722407227282, 48.9419092969462], [35.15443065891794, 48.83108524770924], [35.11182615002488, 48.72024543017216], [35.06940900721324, 48.609389974962816], [35.027177707753985, 48.49851901134776], [34.98513074437198, 48.38763266725001], [34.94326662505116, 48.27673106926641], [34.901583872842764, 48.165814342684854], [34.860081025676266, 48.054882611501135], [34.81875663617312, 47.9439359984357], [34.77760927146317, 47.8329746249499], [34.73663751300387, 47.721998611262286], [34.69583995640192, 47.61100807636441], [34.65521521123765, 47.50000313803655], [34.61476190089197, 47.38898391286309], [34.57447866237562, 47.2779505162478], [34.53436414616108, 47.166903062428766], [34.49441701601686, 47.05584166449309], [34.45463594884408, 46.94476643439151], [34.41501963451547, 46.83367748295267], [34.37556677571666, 46.72257491989727], [34.336276087789734, 46.61145885385186], [34.29714629857899, 46.50032939236265], [34.2581761482789, 46.3891866419089], [34.21936438928425, 46.278030707916315], [34.180709786042414, 46.16686169477006], [34.14221111490761, 46.05567970582768], [34.10386716399736, 45.94448484343186], [34.06567673305087, 45.833277208922915], [34.0276386332894, 45.72205690265116], [33.98975168727867, 45.61082402398908], [33.95201472879309, 45.49957867134335], [33.914426602681964, 45.38832094216659], [33.87698616473748, 45.27705093296911], [33.83969228156463, 45.165768739330325], [33.802543830452876, 45.05447445591013], [33.76553969924954, 44.94316817646002], [33.72867878623508, 44.83184999383411], [33.69196, 44.72052]]}, "properties": {"fa_flight_id": "RA65996-1629363824-adhoc-0", "registration": "RA-65996", "ident": "RA-65996", "ident_icao": NaN, "origin_code": "L 55.77565 38.29615", "origin_city": "Moscow", "destination_code": "L 44.72052 33.69196", "destination_city": "Simferopol", "scheduled_out": NaN, "estimated_out": NaN, "actual_out": NaN, "scheduled_off": "2021-08-19T09:03:44Z", "estimated_off": "2021-08-19T09:03:44Z", "actual_off": "2021-08-19T09:03:44Z", "scheduled_on": NaN, "estimated_on": NaN, "actual_on": "2021-08-19T09:03:44Z", "scheduled_in": NaN, "estimated_in": NaN, "actual_in": NaN, "status": "result unknown", "route_distance": NaN, "diverted": false, "cancelled": false, "simplified_departure_date": "2021-08-19", "origin_coords": [55.77565, 38.29615], "destination_coords": [44.72052, 33.69196], "is_same_city": false}}, {"type": "Feature", "geometry": {"type": "LineString", "coordinates": [[34.163180000000004, 44.80644], [34.19317180331064, 44.91832617418519], [34.223280631961565, 45.03020446808282], [34.25350739481804, 45.14207481992985], [34.283853009487814, 45.25393716736128], [34.31431840242804, 45.36579144740271], [34.34490450905358, 45.477637596462664], [34.37561227384699, 45.58947555032496], [34.40644265047014, 45.70130524414093], [34.437396601877346, 45.81312661242145], [34.46847510043017, 45.924939589028845], [34.49967912801397, 46.036744107168865], [34.531009676156074, 46.14854009938223], [34.56246774614574, 46.26032749753646], [34.59405434915581, 46.372106232817046], [34.62577050636624, 46.483876235719016], [34.65761724908942, 46.595637436038075], [34.689595618897286, 46.70738976286166], [34.72170666775041, 46.81913314455987], [34.753951458128974, 46.93086750877633], [34.78633106316564, 47.042592782418765], [34.81884656678049, 47.1543088916496], [34.85149906381795, 47.26601576187635], [34.88428966018572, 47.37771331774173], [34.917219472995875, 47.48940148311384], [34.950289630708, 47.60108018107607], [34.98350127327461, 47.71274933391683], [35.01685555228861, 47.82440886311923], [35.050353631133156, 47.936058689350446], [35.08399668513366, 48.047698732451096], [35.11778590171216, 48.159328911424275], [35.15172248054412, 48.27094914442458], [35.185807633717495, 48.38255934874682], [35.22004258589434, 48.49415944081467], [35.254428574474844, 48.60574933616906], [35.288966849763966, 48.71732894945645], [35.32365867514056, 48.82889819441682], [35.358505327229146, 48.94045698387161], [35.3935080960744, 49.052005229711305], [35.42866828531832, 49.16354284288299], [35.463987212380076, 49.27506973337756], [35.49946620863887, 49.38658581021688], [35.53510661961943, 49.498090981440505], [35.570909805180584, 49.60958515409245], [35.60687713970677, 49.72106823420761], [35.64301001230246, 49.83254012679791], [35.67930982698987, 49.94400073583836], [35.71577800290955, 50.05544996425282], [35.75241597452438, 50.16688771389948], [35.78922519182672, 50.27831388555624], [35.82620712054884, 50.389728378905644], [35.86336324237674, 50.501131092519834], [35.90069505516753, 50.61252192384501], [35.93820407317007, 50.72390076918574], [35.975891827249335, 50.83526752368909], [36.013759865114366, 50.94662208132831], [36.0518097515499, 51.05796433488635], [36.090043068651816, 51.169294175939186], [36.12846141606628, 51.28061149483868], [36.16706641123296, 51.3919161806953], [36.20585968963211, 51.50320812136048], [36.24484290503574, 51.61448720340871], [36.28401772976289, 51.725753312119316], [36.32338585493917, 51.837006331457914], [36.36294899076051, 51.9482461440576], [36.402708866761344, 52.05947263119974], [36.44266723208718, 52.170685672794505], [36.482825855771765, 52.28188514736107], [36.523186527018844, 52.3930709320074], [36.563751055488616, 52.50424290240973], [36.60452127158901, 52.615400932791765], [36.64549902677185, 52.726544895903395], [36.686686193834035, 52.83767466299911], [36.72808466722371, 52.94879010381602], [36.76969636335177, 53.059891086551545], [36.81152322090849, 53.17097747784061], [36.85356720118565, 53.282049142732546], [36.89583028840409, 53.39310594466749], [36.938314490046906, 53.50414774545246], [36.98102183719833, 53.615174405236964], [37.02395438488842, 53.72618578248815], [37.06711421244374, 53.83718173396557], [37.110503423843966, 53.948162114695435], [37.15412414808485, 54.05912677794448], [37.197978539547286, 54.17007557519327], [37.24206877837298, 54.281008356109155], [37.286397070846455, 54.39192496851859], [37.33096564978393, 54.502825258379055], [37.3757767749289, 54.613709069750435], [37.4208327333547, 54.72457624476592], [37.46613583987413, 54.83542662360227], [37.51168843745632, 54.94626004444964], [37.55749289765102, 55.05707634348083], [37.6035516210203, 55.16787535481997], [37.649867037578076, 55.27865691051054], [37.696441607237304, 55.38942084048299], [37.7432778202653, 55.50016697252156], [37.79037819774717, 55.61089513223058], [37.83774529205753, 55.72160514300019], [37.8853816873408, 55.832296825971305], [37.93329000000001, 55.94297000000002]]}, "properties": {"fa_flight_id": "RA65996-1629218516-adhoc-0", "registration": "RA-65996", "ident": "RA-65996", "ident_icao": NaN, "origin_code": "L 44.80644 34.16318", "origin_city": "Simferopol", "destination_code": "L 55.94297 37.93329", "destination_city": "Moscow", "scheduled_out": NaN, "estimated_out": NaN, "actual_out": NaN, "scheduled_off": "2021-08-17T16:41:56Z", "estimated_off": "2021-08-17T16:41:56Z", "actual_off": "2021-08-17T16:41:56Z", "scheduled_on": NaN, "estimated_on": NaN, "actual_on": "2021-08-17T16:41:56Z", "scheduled_in": NaN, "estimated_in": NaN, "actual_in": NaN, "status": "result unknown", "route_distance": NaN, "diverted": false, "cancelled": false, "simplified_departure_date": "2021-08-17", "origin_coords": [44.80644, 34.16318], "destination_coords": [55.94297, 37.93329], "is_same_city": false}}, {"type": "Feature", "geometry": {"type": "LineString", "coordinates": [[38.30493, 55.75623999999999], [38.2467471896631, 55.64627056296844], [38.18889025642707, 55.536273754875666], [38.131356126848516, 55.42624984057948], [38.074141764230795, 55.31619908165748], [38.017244168090194, 55.206121736456886], [37.960660373630915, 55.0960180601435], [37.90438745122897, 54.985888304749984], [37.8484225059246, 54.87573271922293], [37.792762676923125, 54.76555154946947], [37.73740513710416, 54.65534503840281], [37.6823470925389, 54.545113425987104], [37.62758578201538, 54.43485694928147], [37.57311847657163, 54.32457584248321], [37.51894247903653, 54.214270336970436], [37.46505512357809, 54.10394066134377], [37.411453775259325, 53.993587041467364], [37.35813582960126, 53.883209700509354], [37.30509871215315, 53.77280885898136], [37.252339878069705, 53.662384734777575], [37.199856811695184, 53.55193754321299], [37.14764702615423, 53.44146749706106], [37.09570806294944, 53.33097480659065], [37.044037491565305, 53.22045967960246], [36.99263290907862, 53.10992232146473], [36.94149193977524, 52.99936293514836], [36.89061223477289, 52.88878172126153], [36.839991471650066, 52.778178878083565], [36.78962735408095, 52.667554601598376], [36.73951761147606, 52.556909085527266], [36.68965999862874, 52.44624252136122], [36.64005229536717, 52.33555509839265], [36.59069230621203, 52.22484700374657], [36.541577860039475, 52.11411842241124], [36.49270680974955, 52.00336953726852], [36.44407703193976, 51.89260052912333], [36.3956864265839, 51.781811576732956], [36.34753291671574, 51.67100285683573], [36.299614448117964, 51.5601745441793], [36.25192898901566, 51.44932681154831], [36.20447452977491, 51.33845982979182], [36.15724908260587, 51.2275737678501], [36.11025068127057, 51.1166687927811], [36.063477380795206, 51.005745069786414], [36.01692725718701, 50.894802762236914], [35.97059840715529, 50.78384203169788], [35.92448894783708, 50.672863037953775], [35.878597016526676, 50.561865939032565], [35.83292077040965, 50.4508508912298], [35.78745838630073, 50.339818049132035], [35.74220806038579, 50.22876756564018], [35.69716800796781, 50.11769959199232], [35.65233646321662, 50.006614277786085], [35.60771167892257, 49.89551177100089], [35.56329192625383, 49.78439221801967], [35.51907549451749, 49.67325576365024], [35.47506069092413, 49.56210255114647], [35.43124584035615, 49.45093272222901], [35.38762928513934, 49.33974641710571], [35.34420938481814, 49.228543774491726], [35.300984515934076, 49.11732493162932], [35.257953071807655, 49.00609002430736], [35.21511346232342, 48.89483918688049], [35.172464113718256, 48.78357255228804], [35.130003468372905, 48.67229025207261], [35.08772998460643, 48.560992416398314], [35.045642136473916, 48.44967917406893], [35.00373841356699, 48.33835065254555], [34.962017320817445, 48.227006977964116], [34.92047737830359, 48.11564827515256], [34.87911712105963, 48.00427466764785], [34.837935098887684, 47.89288627771256], [34.796929876172655, 47.78148322635141], [34.7561000316998, 47.670065633327425], [34.71544415847491, 47.55863361717782], [34.67496086354713, 47.44718729522974], [34.634648767834406, 47.3357267836158], [34.59450650595137, 47.22425219728914], [34.55453272603981, 47.11276365003862], [34.51472608960152, 47.0012612545035], [34.475085271333526, 46.88974512218794], [34.435608958965894, 46.77821536347553], [34.39629585310153, 46.66667208764322], [34.35714466705859, 46.55511540287536], [34.31815412671493, 46.44354541627739], [34.279322970354876, 46.33196223388933], [34.24064994851815, 46.22036596069909], [34.20213382385097, 46.108756700655654], [34.16377337095922, 45.99713455668192], [34.12556737626365, 45.885499630687484], [34.08751463785731, 45.773852023581185], [34.04961396536477, 45.662191835283465], [34.01186417980344, 45.55051916473859], [33.97426411344682, 45.43883410992659], [33.93681260968967, 45.327136767875174], [33.89950852291504, 45.21542723467138], [33.86235071836317, 45.10370560547306], [33.825338072002175, 44.991971974520176], [33.78846947040066, 44.88022643514605], [33.75174381060192, 44.76846907978839], [33.71516, 44.6567]]}, "properties": {"fa_flight_id": "RA65996-1629198451-adhoc-0", "registration": "RA-65996", "ident": "RA-65996", "ident_icao": NaN, "origin_code": "L 55.75624 38.30493", "origin_city": "Moscow", "destination_code": "L 44.65670 33.71516", "destination_city": "Simferopol", "scheduled_out": NaN, "estimated_out": NaN, "actual_out": NaN, "scheduled_off": "2021-08-17T11:07:31Z", "estimated_off": "2021-08-17T11:07:31Z", "actual_off": "2021-08-17T11:07:31Z", "scheduled_on": NaN, "estimated_on": NaN, "actual_on": "2021-08-17T11:07:31Z", "scheduled_in": NaN, "estimated_in": NaN, "actual_in": NaN, "status": "result unknown", "route_distance": NaN, "diverted": false, "cancelled": false, "simplified_departure_date": "2021-08-17", "origin_coords": [55.75624, 38.30493], "destination_coords": [44.6567, 33.71516], "is_same_city": false}}, {"type": "Feature", "geometry": {"type": "LineString", "coordinates": [[38.27028, 55.782340000000005], [38.29619455918211, 55.736317512922476], [38.32204807416231, 55.69028958494967], [38.34784078647001, 55.64425623824845], [38.373572936426136, 55.598217494870205], [38.399244763150556, 55.55217337675156], [38.424856504569306, 55.50612390571512], [38.45040839742175, 55.46006910347014], [38.47590067726784, 55.41400899161334], [38.50133357849516, 55.367943591629555], [38.526707334326034, 55.32187292489244], [38.552022176824536, 55.275797012665244], [38.577278336903426, 55.22971587610142], [38.60247604433112, 55.183629536245384], [38.627615527738534, 55.13753801403318], [38.652697014625936, 55.09144133029319], [38.67772073136969, 55.04533950574678], [38.70268690322903, 54.99923256100898], [38.7275957543527, 54.95312051658917], [38.75244750778565, 54.90700339289176], [38.77724238547557, 54.86088121021678], [38.80198060827951, 54.814753988760636], [38.82666239597031, 54.76862174861667], [38.851287967243145, 54.72248450977585], [38.87585753972183, 54.67634229212743], [38.900371329965324, 54.63019511545952], [38.92482955347395, 54.584042999459804], [38.94923242469575, 54.537885963716086], [38.973580157032686, 54.49172402771695], [38.99787296284686, 54.44555721085237], [39.02211105346669, 54.39938553241438], [39.046294639192965, 54.35320901159756], [39.070423929304994, 54.307027667499746], [39.09449913206659, 54.26084151912261], [39.11852045473209, 54.21465058537222], [39.14248810355231, 54.16845488505965], [39.16640228378038, 54.12225443690159], [39.19026319967775, 54.07604925952089], [39.214071054519906, 54.029839371447196], [39.23782605060224, 53.98362479111742], [39.26152838924572, 53.937405536876426], [39.285178270802696, 53.891181626977534], [39.308775894662524, 53.84495307958311], [39.33232145925719, 53.79871991276508], [39.35581516206695, 53.75248214450554], [39.37925719962589, 53.70623979269726], [39.4026477675274, 53.659992875144276], [39.425987060429705, 53.61374140956238], [39.449275272061314, 53.567485413579696], [39.47251259522641, 53.52122490473721], [39.495699221810284, 53.474959900489274], [39.518835342784556, 53.428690418204184], [39.54192114821264, 53.382416475164646], [39.564956827254875, 53.33613808856834], [39.58794256817385, 53.2898552755284], [39.61087855833956, 53.243568053073965], [39.633764984234574, 53.19727643815065], [39.65660203145919, 53.15098044762109], [39.679389884736494, 53.10468009826539], [39.70212872791746, 53.058375406781664], [39.72481874398598, 53.012066389786526], [39.747460115063774, 52.9657530638156], [39.770053022415496, 52.919435445323884], [39.792597646453565, 52.87311355068644], [39.81509416674303, 52.82678739619869], [39.83754276200656, 52.780456998077014], [39.85994361012914, 52.734122372459154], [39.88229688816299, 52.68778353540471], [39.90460277233225, 52.6414405028956], [39.9268614380377, 52.59509329083654], [39.94907305986157, 52.54874191505549], [39.97123781157214, 52.502386391304114], [39.99335586612834, 52.45602673525823], [40.01542739568449, 52.40966296251828], [40.037452571594756, 52.36329508860976], [40.05943156441778, 52.31692312898366], [40.08136454392116, 52.27054709901691], [40.10325167908597, 52.224167014012856], [40.12509313811121, 52.17778288920163], [40.146889088418234, 52.131394739740635], [40.168639696655184, 52.085002580714956], [40.19034512870131, 52.03860642713774], [40.21200554967137, 51.99220629395074], [40.233621123919924, 51.94580219602463], [40.25519201504566, 51.89939414815942], [40.27671838589555, 51.852982165084974], [40.29820039856923, 51.806566261461285], [40.319638214423136, 51.760146451879], [40.34103199407463, 51.713722750859766], [40.36238189740626, 51.66729517285663], [40.38368808356981, 51.62086373225449], [40.40495071099042, 51.574428443370444], [40.42616993737068, 51.52798932045418], [40.447345919694605, 51.48154637768841], [40.46847881423178, 51.43509962918926], [40.48956877654119, 51.38864908900662], [40.51061596147535, 51.342194771124525], [40.53162052318413, 51.2957366894616], [40.55258261511873, 51.24927485787136], [40.573502390035536, 51.20280929014265], [40.59438, 51.15634]]}, "properties": {"fa_flight_id": "RA65996-1630212686-adhoc-0", "registration": "RA-65996", "ident": "RA-65996", "ident_icao": NaN, "origin_code": "L 55.78234 38.27028", "origin_city": "Moscow", "destination_code": "L 51.15634 40.59438", "destination_city": "Volgograd", "scheduled_out": NaN, "estimated_out": NaN, "actual_out": NaN, "scheduled_off": "2021-08-29T04:51:26Z", "estimated_off": "2021-08-29T04:51:26Z", "actual_off": "2021-08-29T04:51:26Z", "scheduled_on": NaN, "estimated_on": NaN, "actual_on": "2021-08-29T04:51:26Z", "scheduled_in": NaN, "estimated_in": NaN, "actual_in": NaN, "status": "result unknown", "route_distance": NaN, "diverted": false, "cancelled": false, "simplified_departure_date": "2021-08-29", "origin_coords": [55.78234, 38.27028], "destination_coords": [51.15634, 40.59438], "is_same_city": false}}, {"type": "Feature", "geometry": {"type": "LineString", "coordinates": [[39.42809999999999, 43.76106999999998], [39.417058366536146, 43.8825106569406], [39.40597162600679, 44.003950246415116], [39.39483940161801, 44.125388759497156], [39.383661312667456, 44.246826187167585], [39.37243697449209, 44.36826252031331], [39.36116599841529, 44.489697749726], [39.34984799169295, 44.6111318661008], [39.33848255745883, 44.73256486003506], [39.32706929466902, 44.853996722027006], [39.31560779804548, 44.97542744247434], [39.30409765801862, 45.09685701167298], [39.29253846066905, 45.21828541981559], [39.28092978766838, 45.3397126569902], [39.26927121621894, 45.461138713178805], [39.25756231899269, 45.582563578255844], [39.245802664068975, 45.703987241986766], [39.23399181487137, 45.82540969402654], [39.222129330103414, 45.94683092391811], [39.21021476368335, 46.0682509210908], [39.1982476646777, 46.18966967485883], [39.18622757723389, 46.3110871744196], [39.17415404051156, 46.43250340885217], [39.16202658861288, 46.55391836711552], [39.14984475051167, 46.675332038046896], [39.13760804998124, 46.796744410360084], [39.12531600552117, 46.9181554726437], [39.112968130282766, 47.03956521335933], [39.100563931993236, 47.16097362083987], [39.08810291287863, 47.28238068328755], [39.07558456958547, 47.40378638877216], [39.06300839310106, 47.52519072522911], [39.0503738686723, 47.646593680457514], [39.03768047572335, 47.767995242118225], [39.02492768777165, 47.88939539773186], [39.01211497234263, 48.010794134676736], [38.9992417908829, 48.132191440186844], [38.98630759867191, 48.25358730134968], [38.97331184473214, 48.37498170510418], [38.96025397173769, 48.49637463823851], [38.94713341592124, 48.61776608738788], [38.93394960697942, 48.73915603903221], [38.92070196797651, 48.860544479493974], [38.90738991524646, 48.98193139493573], [38.89401285829309, 49.103316771357825], [38.88057019968864, 49.224700594595994], [38.867061334970444, 49.34608285031879], [38.85348565253578, 49.46746352402524], [38.839842533534785, 49.58884260104215], [38.82613135176156, 49.71022006652163], [38.81235147354321, 49.831595905438334], [38.79850225762692, 49.95297010258691], [38.784583055065006, 50.07434264257912], [38.770593209097825, 50.19571350984112], [38.756532055034604, 50.31708268861071], [38.74239892013206, 50.43845016293424], [38.72819312347081, 50.55981591666385], [38.71391397582948, 50.68117993345439], [38.699560779556535, 50.80254219676035], [38.68513282843973, 50.92390268983281], [38.67062940757304, 51.04526139571624], [38.65604979322133, 51.16661829724526], [38.64139325268223, 51.28797337704136], [38.62665904414564, 51.40932661750959], [38.611846416550485, 51.53067800083507], [38.596954609438775, 51.65202750897958], [38.58198285280697, 51.77337512367801], [38.56693036695444, 51.894720826434686], [38.55179636232909, 52.016064598519804], [38.53658003937005, 52.13740642096555], [38.521280588347345, 52.258746274562384], [38.50589718919841, 52.380084139855086], [38.49042901136157, 52.50141999713882], [38.47487521360625, 52.622753826455025], [38.459234943859876, 52.74408560758739], [38.44350733903142, 52.86541532005756], [38.42769152483149, 52.98674294312087], [38.411786615588966, 53.108068455762], [38.395791714063925, 53.22939183669046], [38.37970591125692, 53.350713064336105], [38.36352828621457, 53.47203211684446], [38.347257905831135, 53.59334897207198], [38.330893824646324, 53.71466360758127], [38.31443508463886, 53.83597600063609], [38.29788071501613, 53.95728612819641], [38.2812297319994, 54.07859396691326], [38.26448113860486, 54.19989949312349], [38.24763392442012, 54.32120268284443], [38.230687065376294, 54.44250351176851], [38.213639523515255, 54.56380195525764], [38.19649024675237, 54.68509798833757], [38.17923816863411, 54.806391585692126], [38.16188220809092, 54.92768272165728], [38.14442126918482, 55.04897137021513], [38.12685424085178, 55.17025750498778], [38.109179996638886, 55.29154109923104], [38.09139739443583, 55.41282212582799], [38.07350527620093, 55.53410055728251], [38.05550246768128, 55.6553763657125], [38.0373877781271, 55.77664952284318], [38.01916, 55.897920000000006]]}, "properties": {"fa_flight_id": "RA65996-1634219039-adhoc-0", "registration": "RA-65996", "ident": "RA-65996", "ident_icao": NaN, "origin_code": "L 43.76107 39.42810", "origin_city": NaN, "destination_code": "L 55.89792 38.01916", "destination_city": "Moscow", "scheduled_out": NaN, "estimated_out": NaN, "actual_out": NaN, "scheduled_off": "2021-10-14T13:43:59Z", "estimated_off": "2021-10-14T13:43:59Z", "actual_off": "2021-10-14T13:43:59Z", "scheduled_on": NaN, "estimated_on": NaN, "actual_on": "2021-10-14T13:43:59Z", "scheduled_in": NaN, "estimated_in": NaN, "actual_in": NaN, "status": "result unknown", "route_distance": NaN, "diverted": false, "cancelled": false, "simplified_departure_date": "2021-10-14", "origin_coords": [43.76107, 39.4281], "destination_coords": [55.89792, 38.01916], "is_same_city": false}}, {"type": "Feature", "geometry": {"type": "LineString", "coordinates": [[38.19736000000001, 55.74669], [38.21512051867988, 55.62300096525383], [38.232769300689014, 55.49930938104224], [38.25030755787897, 55.375615275067375], [38.26773648499221, 55.251918674639406], [38.28505725996412, 55.12821960668334], [38.30227104421856, 55.004518097745915], [38.31937898295731, 54.880814174002154], [38.33638220544355, 54.757107861261964], [38.35328182527914, 54.63339918497647], [38.3700789406765, 54.509688170244225], [38.38677463472464, 54.385974841817394], [38.403369975649724, 54.26225922410769], [38.41986601707043, 54.13854134119224], [38.43626379824789, 54.014821216819335], [38.45256434433067, 53.89109887441408], [38.46876866659466, 53.767374337083865], [38.484877762678245, 53.64364762762375], [38.50089261681255, 53.519918768521826], [38.516814200047186, 53.396187781964315], [38.5326434704714, 53.27245468984073], [38.54838137343084, 53.14871951374875], [38.56402884173997, 53.024982274999175], [38.579586795890236, 52.901242994620674], [38.59505614425418, 52.7775016933645], [38.6104377832855, 52.65375839170902], [38.62573259771516, 52.53001310986429], [38.64094146074363, 52.40626586777638], [38.656065234229416, 52.28251668513181], [38.6711047688739, 52.15876558136167], [38.686060904402574, 52.03501257564588], [38.70093446974278, 51.91125768691721], [38.71572628319805, 51.787500933865296], [38.73043715261899, 51.66374233494054], [38.745067875571024, 51.539981908358016], [38.759619239498825, 51.41621967210118], [38.774092021887654, 51.2924556439256], [38.788486990421674, 51.16868984136258], [38.80280490313914, 51.0449222817227], [38.81704650858484, 50.92115298209936], [38.83121254595948, 50.79738195937217], [38.845303745266435, 50.67360923021029], [38.85932082745563, 50.549834811075804], [38.87326450456481, 50.42605871822689], [38.88713547985813, 50.30228096772105], [38.900934447962236, 50.178501575418174], [38.914662094999805, 50.054720556983646], [38.92831909872062, 49.930937927891314], [38.9419061286302, 49.80715370342648], [38.95542384611622, 49.68336789868877], [38.96887290457241, 49.55958052859497], [38.982253949520384, 49.43579160788184], [38.995567618729176, 49.31200115110883], [39.008814542332594, 49.18820917266077], [39.02199534294455, 49.06441568675056], [39.03511063577218, 48.9406207074217], [39.048161028727094, 48.816824248550844], [39.0611471225345, 48.69302632385036], [39.07406951084047, 48.56922694687074], [39.08692878031725, 48.44542613100301], [39.09972551076676, 48.32162388948111], [39.112460275222226, 48.19782023538422], [39.12513364004799, 48.07401518163907], [39.137746165037676, 47.95020874102217], [39.15029840351047, 47.82640092616201], [39.16279090240597, 47.702591749541206], [39.175224202377066, 47.57878122349872], [39.1875988378815, 47.454969360231864], [39.19991533727168, 47.33115617179837], [39.212174222882965, 47.20734167011847], [39.22437601112045, 47.0835258669768], [39.23652121254431, 46.959708774024435], [39.2486103319536, 46.835890402780784], [39.26064386846861, 46.71207076463542], [39.27262231561202, 46.58824987084999], [39.28454616138834, 46.46442773256007], [39.296415888362354, 46.34060436077687], [39.30823197373601, 46.21677976638906], [39.31999488942408, 46.09295396016447], [39.33170510212862, 45.96912695275183], [39.343363073412064, 45.84529875468243], [39.35496925976919, 45.72146937637169], [39.3665241126979, 45.597638828120935], [39.37802807876869, 45.47380712011885], [39.38948159969318, 45.3499742624431], [39.40088511239131, 45.22614026506189], [39.41223904905759, 45.10230513783544], [39.42354383722617, 44.978468890517476], [39.434799899834864, 44.854631532756756], [39.446007655288156, 44.730793074098415], [39.457167517519174, 44.606953523985474], [39.4682798960506, 44.483112891760165], [39.47934519605473, 44.35927118666537], [39.49036381841235, 44.23542841784587], [39.50133615977094, 44.111584594349814], [39.512262612601695, 43.98773972512993], [39.523143565255765, 43.86389381904477], [39.53397940201959, 43.74004688486013], [39.54477050316929, 43.616198931250125], [39.555517245024305, 43.49234996679856], [39.56622, 43.368500000000004]]}, "properties": {"fa_flight_id": "RA65996-1634187521-adhoc-0", "registration": "RA-65996", "ident": "RA-65996", "ident_icao": NaN, "origin_code": "L 55.74669 38.19736", "origin_city": "Moscow", "destination_code": "L 43.36850 39.56622", "destination_city": NaN, "scheduled_out": NaN, "estimated_out": NaN, "actual_out": NaN, "scheduled_off": "2021-10-14T04:58:41Z", "estimated_off": "2021-10-14T04:58:41Z", "actual_off": "2021-10-14T04:58:41Z", "scheduled_on": NaN, "estimated_on": NaN, "actual_on": "2021-10-14T04:58:41Z", "scheduled_in": NaN, "estimated_in": NaN, "actual_in": NaN, "status": "result unknown", "route_distance": NaN, "diverted": false, "cancelled": false, "simplified_departure_date": "2021-10-14", "origin_coords": [55.74669, 38.19736], "destination_coords": [43.3685, 39.56622], "is_same_city": false}}, {"type": "Feature", "geometry": {"type": "LineString", "coordinates": [[37.92934999999999, 55.94362], [37.93215435757177, 55.94228353990576], [37.934958521607705, 55.94094701613159], [37.93776249212169, 55.9396104286851], [37.94056626912757, 55.93827377757388], [37.94336985263923, 55.93693706280552], [37.94617324267053, 55.93560028438762], [37.94897643923535, 55.93426344232777], [37.95177944234756, 55.93292653663355], [37.954582252021005, 55.93158956731258], [37.95738486826957, 55.93025253437243], [37.96018729110714, 55.928915437820685], [37.96298952054757, 55.92757827766495], [37.96579155660475, 55.9262410539128], [37.96859339929254, 55.92490376657182], [37.971395048624835, 55.92356641564961], [37.974196504615485, 55.92222900115374], [37.97699776727839, 55.920891523091804], [37.9797988366274, 55.91955398147138], [37.98259971267644, 55.91821637630005], [37.98540039543935, 55.91687870758542], [37.988200884930016, 55.915540975335034], [37.99100118116232, 55.9142031795565], [37.99380128415015, 55.912865320257374], [37.996601193907395, 55.91152739744526], [37.999400910447925, 55.910189411127725], [38.00220043378562, 55.90885136131233], [38.00499976393438, 55.90751324800667], [38.00779890090808, 55.90617507121832], [38.01059784472061, 55.90483683095485], [38.013396595385856, 55.903498527223825], [38.0161951529177, 55.90216016003284], [38.018993517330046, 55.900821729389456], [38.02179168863677, 55.899483235301226], [38.02458966685177, 55.89814467777575], [38.02738745198893, 55.89680605682058], [38.03018504406215, 55.89546737244328], [38.0329824430853, 55.894128624651444], [38.0357796490723, 55.89278981345261], [38.03857666203704, 55.891450938854355], [38.041373481993396, 55.89011200086426], [38.044170108955285, 55.88877299948987], [38.0469665429366, 55.887433934738745], [38.04976278395123, 55.88609480661846], [38.05255883201306, 55.884755615136584], [38.05535468713602, 55.88341636030066], [38.058150349333985, 55.88207704211827], [38.06094581862086, 55.88073766059694], [38.06374109501055, 55.87939821574426], [38.066536178516955, 55.87805870756779], [38.06933106915398, 55.87671913607506], [38.07212576693552, 55.87537950127364], [38.074920271875484, 55.874039803171094], [38.077714583987785, 55.87270004177496], [38.08050870328631, 55.87136021709282], [38.08330262978498, 55.8700203291322], [38.086096363497695, 55.86868037790066], [38.08888990443837, 55.86734036340576], [38.091683252620896, 55.866000285655026], [38.0944764080592, 55.864660144656035], [38.09726937076717, 55.86331994041633], [38.10006214075875, 55.86197967294346], [38.10285471804783, 55.860639342244944], [38.10564710264832, 55.85929894832837], [38.10843929457414, 55.857958491201266], [38.111231293839204, 55.85661797087118], [38.11402310045741, 55.855277387345645], [38.1168147144427, 55.85393674063221], [38.119606135808965, 55.852596030738425], [38.12239736457014, 55.85125525767183], [38.125188400740136, 55.849914421439955], [38.12797924433286, 55.84857352205035], [38.13076989536224, 55.84723255951054], [38.1335603538422, 55.84589153382809], [38.136350619786654, 55.844550445010505], [38.13914069320953, 55.84320929306535], [38.141930574124736, 55.84186807800014], [38.1447202625462, 55.840526799822435], [38.14750975848786, 55.83918545853974], [38.150299061963615, 55.8378440541596], [38.1530881729874, 55.83650258668955], [38.15587709157315, 55.83516105613712], [38.15866581773478, 55.833819462509844], [38.16145435148623, 55.832477805815245], [38.16424269284139, 55.831136086060866], [38.16703084181424, 55.82979430325421], [38.169818798418675, 55.82845245740285], [38.17260656266863, 55.82711054851425], [38.175394134578035, 55.82576857659599], [38.17818151416084, 55.82442654165556], [38.18096870143095, 55.82308444370051], [38.18375569640231, 55.821742282738356], [38.18654249908886, 55.820400058776606], [38.18932910950451, 55.819057771822806], [38.192115527663226, 55.81771542188444], [38.194901753578925, 55.816373008969066], [38.197687787265544, 55.81503053308419], [38.20047362873703, 55.813687994237334], [38.203259278007295, 55.812345392435994], [38.206044735090316, 55.811002727687715], [38.20882999999999, 55.80966]]}, "properties": {"fa_flight_id": "RA65996-1636433053-adhoc-0", "registration": "RA-65996", "ident": "RA-65996", "ident_icao": NaN, "origin_code": "L 55.94362 37.92935", "origin_city": "Moscow", "destination_code": "L 55.80966 38.20883", "destination_city": "Moscow", "scheduled_out": NaN, "estimated_out": NaN, "actual_out": NaN, "scheduled_off": "2021-11-09T04:44:13Z", "estimated_off": "2021-11-09T04:44:13Z", "actual_off": "2021-11-09T04:44:13Z", "scheduled_on": NaN, "estimated_on": NaN, "actual_on": "2021-11-09T04:44:13Z", "scheduled_in": NaN, "estimated_in": NaN, "actual_in": NaN, "status": "result unknown", "route_distance": NaN, "diverted": false, "cancelled": false, "simplified_departure_date": "2021-11-09", "origin_coords": [55.94362, 37.92935], "destination_coords": [55.80966, 38.20883], "is_same_city": false}}, {"type": "Feature", "geometry": {"type": "LineString", "coordinates": [[37.80966000000001, 57.8549], [37.81168307282386, 57.835426201700855], [37.8137039600306, 57.81595237124518], [37.81572266562271, 57.79647850869192], [37.81773919359304, 57.77700461409987], [37.819753547924826, 57.75753068752769], [37.82176573259177, 57.7380567290339], [37.823775751558, 57.71858273867687], [37.82578360877817, 57.69910871651483], [37.82778930819742, 57.67963466260589], [37.82979285375146, 57.66016057700799], [37.83179424936656, 57.640686459778955], [37.83379349895959, 57.62121231097647], [37.83579060643809, 57.601738130658056], [37.83778557570022, 57.582263918881154], [37.83977841063482, 57.56278967570298], [37.8417691151215, 57.54331540118069], [37.843757693030554, 57.52384109537128], [37.845744148223076, 57.50436675833159], [37.84772848455097, 57.484892390118375], [37.84971070585695, 57.465417990788154], [37.85169081597457, 57.445943560397446], [37.85366881872831, 57.42646909900254], [37.85564471793351, 57.406994606659616], [37.85761851739646, 57.38752008342471], [37.85959022091442, 57.368045529353765], [37.86155983227565, 57.34857094450255], [37.86352735525941, 57.3290963289267], [37.86549279363599, 57.309621682681765], [37.86745615116678, 57.2901470058231], [37.869417431604234, 57.27067229840598], [37.871376638691956, 57.25119756048552], [37.8733337761647, 57.23172279211671], [37.87528884774837, 57.21224799335443], [37.877241857160065, 57.19277316425339], [37.87919280810816, 57.17329830486822], [37.88114170429224, 57.153823415253385], [37.88308854940317, 57.13434849546322], [37.88503334712314, 57.11487354555195], [37.88697610112568, 57.09539856557368], [37.88891681507561, 57.07592355558236], [37.89085549262923, 57.05644851563182], [37.89279213743416, 57.03697344577579], [37.89472675312949, 57.017498346067846], [37.89665934334578, 56.998023216561435], [37.89858991170505, 56.9785480573099], [37.900518461820845, 56.95907286836643], [37.902444997298204, 56.93959764978414], [37.90436952173377, 56.92012240161596], [37.906292038715755, 56.90064712391473], [37.908212551823965, 56.88117181673317], [37.91013106462984, 56.861696480123854], [37.91204758069648, 56.84222111413926], [37.91396210357868, 56.822745718831705], [37.91587463682292, 56.80327029425342], [37.91778518396741, 56.78379484045652], [37.919693748542116, 56.76431935749296], [37.92160033406879, 56.74484384541458], [37.92350494406099, 56.72536830427314], [37.925407582024064, 56.70589273412024], [37.92730825145526, 56.68641713500738], [37.92920695584364, 56.66694150698592], [37.93110369867023, 56.647465850107125], [37.93299848340792, 56.62799016442212], [37.93489131352157, 56.60851444998194], [37.936782192468, 56.58903870683745], [37.93867112369603, 56.56956293503946], [37.94055811064649, 56.5500871346386], [37.942443156752226, 56.53061130568544], [37.94432626543818, 56.511135448230405], [37.94620744012135, 56.4916595623238], [37.94808668421085, 56.47218364801579], [37.94996400110792, 56.45270770535651], [37.951839394205955, 56.433231734395875], [37.95371286689052, 56.41375573518375], [37.955584422539395, 56.39427970776986], [37.95745406452256, 56.37480365220383], [37.95932179620222, 56.35532756853516], [37.9611876209329, 56.335851456813245], [37.96305154206134, 56.31637531708734], [37.96491356292667, 56.29689914940663], [37.96677368686027, 56.27742295382016], [37.96863191718594, 56.257946730376844], [37.97048825721983, 56.238470479125525], [37.97234271027045, 56.218994200114906], [37.97419527963881, 56.1995178933936], [37.97604596861829, 56.180041559010064], [37.97789478049475, 56.16056519701272], [37.97974171854656, 56.14108880744981], [37.98158678604457, 56.121612390369485], [37.98342998625217, 56.10213594581979], [37.98527132242529, 56.08265947384869], [37.98711079781243, 56.063182974503974], [37.9889484156547, 56.04370644783339], [37.990784179185795, 56.02422989388452], [37.99261809163207, 56.00475331270487], [37.9944501562125, 55.98527670434186], [37.996280376138785, 55.96580006884273], [37.99810875461528, 55.946323406254685], [37.99993529483908, 55.926846716624794], [38.00176, 55.90737]]}, "properties": {"fa_flight_id": "RA65996-1637330909-adhoc-0", "registration": "RA-65996", "ident": "RA-65996", "ident_icao": NaN, "origin_code": "L 57.85490 37.80966", "origin_city": "Cherepovetsky District", "destination_code": "L 55.90737 38.00176", "destination_city": "Moscow", "scheduled_out": NaN, "estimated_out": NaN, "actual_out": NaN, "scheduled_off": "2021-11-19T14:08:29Z", "estimated_off": "2021-11-19T14:08:29Z", "actual_off": "2021-11-19T14:08:29Z", "scheduled_on": NaN, "estimated_on": NaN, "actual_on": "2021-11-19T14:08:29Z", "scheduled_in": NaN, "estimated_in": NaN, "actual_in": NaN, "status": "result unknown", "route_distance": NaN, "diverted": false, "cancelled": false, "simplified_departure_date": "2021-11-19", "origin_coords": [57.8549, 37.80966], "destination_coords": [55.90737, 38.00176], "is_same_city": false}}, {"type": "Feature", "geometry": {"type": "LineString", "coordinates": [[38.33605, 55.85493], [38.33706895158592, 55.88142435193354], [38.33808929500159, 55.90791869544081], [38.33911103353749, 55.934413030501894], [38.34013417049431, 55.96090735709679], [38.341158709182984, 55.98740167520547], [38.34218465292471, 56.01389598480782], [38.34321200505101, 56.040390285883674], [38.34424076890373, 56.0668845784128], [38.345270947835154, 56.09337886237487], [38.34630254520801, 56.11987313774954], [38.34733556439546, 56.14636740451642], [38.3483700087812, 56.17286166265496], [38.34940588175952, 56.19935591214466], [38.350443186735276, 56.225850152964874], [38.35148192712398, 56.25234438509492], [38.35252210635181, 56.278838608514086], [38.35356372785572, 56.30533282320152], [38.35460679508339, 56.33182702913637], [38.35565131149331, 56.3583212262977], [38.35669728055487, 56.38481541466448], [38.3577447057483, 56.41130959421565], [38.358793590564815, 56.437803764930074], [38.3598439385066, 56.46429792678654], [38.360895753086844, 56.49079207976379], [38.361949037829845, 56.517286223840465], [38.36300379627099, 56.54378035899516], [38.36406003195683, 56.57027448520641], [38.36511774844514, 56.59676860245268], [38.36617694930491, 56.62326271071234], [38.36723763811644, 56.649756809963726], [38.368299818471364, 56.67625090018508], [38.36936349397269, 56.7027449813546], [38.370428668234865, 56.729239053450385], [38.37149534488382, 56.75573311645049], [38.37256352755698, 56.78222717033289], [38.37363321990334, 56.80872121507548], [38.37470442558353, 56.835215250656105], [38.37577714826979, 56.86170927705252], [38.37685139164612, 56.88820329424245], [38.37792715940824, 56.914697302203464], [38.379004455263654, 56.941191300913154], [38.38008328293175, 56.967685290348975], [38.38116364614378, 56.99417927048835], [38.382245548642956, 57.02067324130863], [38.38332899418445, 57.04716720278702], [38.384413986535506, 57.073661154900776], [38.385500529475436, 57.10015509762697], [38.38658862679568, 57.12664903094266], [38.38767828229986, 57.15314295482481], [38.38876949980386, 57.17963686925031], [38.38986228313581, 57.206130774196], [38.390956636136195, 57.23262466963861], [38.392052562657874, 57.25911855555482], [38.39315006656612, 57.2856124319212], [38.39424915173872, 57.31210629871431], [38.39534982206597, 57.33860015591057], [38.396452081450754, 57.36509400348633], [38.3975559338086, 57.39158784141793], [38.39866138306771, 57.418081669681534], [38.39976843316904, 57.444575488253314], [38.40087708806631, 57.47106929710931], [38.40198735172609, 57.49756309622551], [38.403099228127864, 57.52405688557783], [38.404212721264045, 57.55055066514206], [38.40532783514004, 57.577044434894], [38.40644457377434, 57.60353819480925], [38.40756294119849, 57.63003194486347], [38.408682941457236, 57.65652568503213], [38.40980457860853, 57.68301941529065], [38.410927856723575, 57.70951313561441], [38.41205277988692, 57.73600684597865], [38.41317935219647, 57.76250054635855], [38.41430757776359, 57.78899423672926], [38.4154374607131, 57.81548791706577], [38.41656900518336, 57.841981587343014], [38.41770221532638, 57.86847524753586], [38.41883709530777, 57.894968897619094], [38.419973649306876, 57.9214625375674], [38.42111188151681, 57.94795616735539], [38.42225179614451, 57.9744497869576], [38.423393397410784, 58.000943396348454], [38.4245366895504, 58.02743699550233], [38.425681676812104, 58.053930584393484], [38.42682836345871, 58.080424162996096], [38.42797675376715, 58.1069177312843], [38.4291268520285, 58.133411289232086], [38.430278662548105, 58.1599048368134], [38.43143218964558, 58.186398374002074], [38.43258743765489, 58.21289190077186], [38.43374441092442, 58.23938541709646], [38.43490311381702, 58.26587892294941], [38.43606355071007, 58.29237241830425], [38.43722572599554, 58.31886590313433], [38.43838964408006, 58.34535937741303], [38.43955530938497, 58.37185284111353], [38.44072272634639, 58.398346294208984], [38.441891899415246, 58.424839736672446], [38.443062833057425, 58.45133316847689], [38.444235531753726, 58.47782658959514], [38.44541, 58.50431999999999]]}, "properties": {"fa_flight_id": "RA65996-1637302591-adhoc-0", "registration": "RA-65996", "ident": "RA-65996", "ident_icao": NaN, "origin_code": "L 55.85493 38.33605", "origin_city": "Moscow", "destination_code": "L 58.50432 38.44541", "destination_city": "Cherepovetsky District", "scheduled_out": NaN, "estimated_out": NaN, "actual_out": NaN, "scheduled_off": "2021-11-19T06:16:31Z", "estimated_off": "2021-11-19T06:16:31Z", "actual_off": "2021-11-19T06:16:31Z", "scheduled_on": NaN, "estimated_on": NaN, "actual_on": "2021-11-19T06:16:31Z", "scheduled_in": NaN, "estimated_in": NaN, "actual_in": NaN, "status": "result unknown", "route_distance": NaN, "diverted": false, "cancelled": false, "simplified_departure_date": "2021-11-19", "origin_coords": [55.85493, 38.33605], "destination_coords": [58.50432, 38.44541], "is_same_city": false}}, {"type": "Feature", "geometry": {"type": "LineString", "coordinates": [[37.977219999999996, 59.12152000000001], [37.97748394671233, 59.0894309240132], [37.9777474000943, 59.057341847491486], [37.978010361692505, 59.025252770436545], [37.978272833047164, 58.99316369285005], [37.97853481569214, 58.96107461473365], [37.97879631115497, 58.928985536088994], [37.97905732095695, 58.89689645691776], [37.97931784661305, 58.86480737722159], [37.979577889632075, 58.832718297002096], [37.97983745151662, 58.80062921626091], [37.98009653376314, 58.768540134999675], [37.98035513786191, 58.73645105321999], [37.98061326529717, 58.704361970923465], [37.980870917547094, 58.672272888111706], [37.98112809608379, 58.64018380478631], [37.98138480237338, 58.60809472094888], [37.98164103787601, 58.57600563660097], [37.98189680404589, 58.543916551744175], [37.98215210233133, 58.511827466380076], [37.982406934174755, 58.479738380510206], [37.98266130101272, 58.447649294136156], [37.98291520427598, 58.41556020725945], [37.98316864538951, 58.38347111988165], [37.98342162577249, 58.351382032004295], [37.983674146838396, 58.31929294362892], [37.983926209995, 58.28720385475702], [37.98417781664437, 58.255114765390154], [37.98442896818295, 58.223025675529826], [37.98467966600158, 58.190936585177525], [37.984929911485494, 58.15884749433478], [37.98517970601438, 58.126758403003066], [37.985429050962345, 58.094669311183885], [37.985677947698065, 58.062580218878715], [37.985926397584684, 58.03049112608903], [37.98617440197991, 57.99840203281632], [37.98642196223604, 57.96631293906204], [37.98666907969996, 57.93422384482764], [37.98691575571321, 57.902134750114605], [37.98716199161196, 57.87004565492434], [37.98740778872708, 57.83795655925831], [37.987653148384176, 57.80586746311797], [37.98789807190352, 57.77377836650473], [37.98814256060024, 57.74168926942003], [37.988386615784165, 57.709600171865276], [37.98863023876003, 57.67751107384188], [37.988873430827326, 57.64542197535126], [37.98911619328047, 57.61333287639483], [37.989358527408754, 57.58124377697397], [37.98960043449638, 57.54915467709008], [37.9898419158225, 57.51706557674454], [37.99008297266124, 57.484976475938744], [37.9903236062817, 57.45288737467407], [37.99056381794803, 57.42079827295187], [37.990803608919386, 57.388709170773524], [37.991042980450004, 57.35662006814038], [37.99128193378923, 57.324530965053825], [37.99152047018149, 57.29244186151516], [37.9917585908664, 57.260352757525744], [37.99199629707867, 57.22826365308694], [37.99223359004824, 57.19617454820007], [37.99247047100026, 57.16408544286644], [37.992706941155106, 57.131996337087415], [37.9929430017284, 57.099907230864275], [37.99317865393106, 57.06781812419835], [37.9934138989693, 57.03572901709095], [37.993648738044655, 57.00363990954338], [37.993883172354025, 56.97155080155692], [37.994117203089644, 56.93946169313288], [37.994350831439185, 56.90737258427254], [37.9945840585857, 56.875283474977174], [37.994816885707706, 56.84319436524809], [37.99504931397916, 56.811105255086524], [37.995281344569506, 56.77901614449376], [37.9955129786437, 56.74692703347108], [37.99574421736223, 56.71483792201972], [37.995975061881076, 56.68274881014093], [37.996205513351875, 56.65065969783598], [37.99643557292177, 56.61857058510608], [37.996665241733574, 56.5864814719525], [37.99689452092569, 56.55439235837647], [37.99712341163222, 56.5223032443792], [37.99735191498288, 56.49021412996194], [37.99758003210314, 56.45812501512591], [37.997807764114135, 56.426035899872296], [37.998035112132776, 56.393946784202335], [37.998262077271704, 56.36185766811722], [37.998488660639346, 56.329768551618166], [37.99871486333991, 56.297679434706374], [37.99894068647346, 56.265590317383], [37.99916613113584, 56.233501199649275], [37.99939119841879, 56.20141208150636], [37.999615889409924, 56.16932296295544], [37.99984020519272, 56.1372338439977], [38.00006414684662, 56.10514472463429], [38.000287715446945, 56.07305560486639], [38.000510912065, 56.04096648469516], [38.000733737768066, 56.00887736412176], [38.000956193619395, 55.97678824314733], [38.00117828067828, 55.94469912177303], [38.0014, 55.91261]]}, "properties": {"fa_flight_id": "RA65996-1640374294-adhoc-0", "registration": "RA-65996", "ident": "RA-65996", "ident_icao": NaN, "origin_code": "L 59.12152 37.97722", "origin_city": "Cherepovetsky District", "destination_code": "L 55.91261 38.00140", "destination_city": "Moscow", "scheduled_out": NaN, "estimated_out": NaN, "actual_out": NaN, "scheduled_off": "2021-12-24T19:31:34Z", "estimated_off": "2021-12-24T19:31:34Z", "actual_off": "2021-12-24T19:31:34Z", "scheduled_on": NaN, "estimated_on": NaN, "actual_on": "2021-12-24T19:31:34Z", "scheduled_in": NaN, "estimated_in": NaN, "actual_in": NaN, "status": "result unknown", "route_distance": NaN, "diverted": false, "cancelled": false, "simplified_departure_date": "2021-12-24", "origin_coords": [59.12152, 37.97722], "destination_coords": [55.91261, 38.0014], "is_same_city": false}}, {"type": "Feature", "geometry": {"type": "LineString", "coordinates": [[32.94859, 67.23629], [32.94691834508942, 67.24736570513753], [32.94524514844868, 67.2584413928641], [32.94357040782114, 67.26951706315424], [32.94189412094579, 67.28059271598235], [32.94021628555723, 67.29166835132284], [32.9385368993856, 67.30274396915004], [32.936855960156684, 67.31381956943824], [32.9351734655918, 67.32489515216166], [32.93348941340783, 67.33597071729453], [32.93180380131721, 67.34704626481097], [32.930116627027886, 67.35812179468506], [32.92842788824338, 67.36919730689081], [32.926737582662696, 67.38027280140226], [32.925045707980324, 67.39134827819332], [32.92335226188629, 67.40242373723788], [32.92165724206609, 67.41349917850977], [32.91996064620065, 67.42457460198275], [32.91826247196642, 67.43565000763058], [32.916562717035255, 67.44672539542694], [32.914861379074466, 67.45780076534543], [32.91315845574678, 67.46887611735964], [32.91145394471034, 67.4799514514431], [32.9097478436187, 67.49102676756928], [32.90804015012081, 67.50210206571158], [32.906330861860994, 67.51317734584339], [32.90461997647894, 67.52425260793802], [32.9029074916097, 67.53532785196872], [32.901193404883685, 67.5464030779087], [32.899477713926636, 67.55747828573114], [32.897760416359596, 67.56855347540912], [32.89604150979896, 67.5796286469157], [32.8943209918564, 67.59070380022386], [32.89259886013886, 67.60177893530657], [32.890875112248615, 67.61285405213671], [32.88914974578315, 67.62392915068712], [32.88742275833524, 67.63500423093056], [32.88569414749291, 67.6460792928398], [32.88396391083937, 67.65715433638748], [32.8822320459531, 67.66822936154625], [32.88049855040776, 67.67930436828864], [32.87876342177221, 67.69037935658719], [32.87702665761051, 67.70145432641436], [32.875288255481856, 67.71252927774253], [32.87354821294064, 67.72360421054408], [32.87180652753641, 67.7346791247913], [32.87006319681379, 67.74575402045637], [32.86831821831259, 67.75682889751157], [32.86657158956771, 67.76790375592894], [32.86482330810914, 67.77897859568061], [32.86307337146197, 67.79005341673856], [32.86132177714638, 67.80112821907478], [32.85956852267756, 67.81220300266116], [32.857813605565816, 67.82327776746955], [32.85605702331645, 67.83435251347173], [32.85429877342981, 67.84542724063948], [32.852538853401235, 67.85650194894444], [32.850777260721095, 67.86757663835824], [32.84901399287474, 67.87865130885247], [32.84724904734247, 67.8897259603986], [32.84548242159959, 67.90080059296811], [32.84371411311633, 67.9118752065324], [32.841944119357855, 67.92294980106279], [32.84017243778428, 67.93402437653056], [32.83839906585062, 67.94509893290696], [32.836624001006776, 67.95617347016314], [32.83484724069755, 67.96724798827019], [32.833068782362645, 67.9783224871992], [32.83128862343656, 67.98939696692112], [32.82950676134873, 68.00047142740691], [32.82772319352335, 68.01154586862744], [32.82593791737946, 68.0226202905535], [32.82415093033095, 68.0336946931559], [32.822362229786464, 68.04476907640529], [32.820571813149414, 68.05584344027234], [32.81877967781805, 68.0669177847276], [32.81698582118533, 68.07799210974161], [32.81519024063895, 68.08906641528483], [32.813392933561374, 68.10014070132767], [32.81159389732976, 68.11121496784047], [32.80979312931598, 68.1222892147935], [32.80799062688659, 68.13336344215698], [32.80618638740284, 68.14443764990108], [32.804380408220595, 68.1555118379959], [32.802572686690446, 68.16658600641149], [32.80076322015758, 68.1776601551178], [32.798952005961794, 68.18873428408479], [32.79713904143753, 68.19980839328228], [32.7953243239138, 68.21088248268008], [32.79350785071423, 68.22195655224795], [32.79168961915696, 68.23303060195552], [32.789869626554754, 68.24410463177244], [32.78804787021487, 68.25517864166824], [32.78622434743911, 68.26625263161242], [32.7843990555238, 68.27732660157439], [32.78257199175974, 68.28840055152352], [32.78074315343223, 68.29947448142912], [32.77891253782104, 68.31054839126043], [32.77708014220043, 68.32162228098662], [32.77524596383905, 68.33269615057678], [32.77341, 68.34377]]}, "properties": {"fa_flight_id": "RA65996-1640344667-adhoc-0", "registration": "RA-65996", "ident": "RA-65996", "ident_icao": NaN, "origin_code": "L 67.23629 32.94859", "origin_city": "Murmansk Oblast", "destination_code": "L 68.34377 32.77341", "destination_city": "Murmansk", "scheduled_out": NaN, "estimated_out": NaN, "actual_out": NaN, "scheduled_off": "2021-12-24T11:17:47Z", "estimated_off": "2021-12-24T11:17:47Z", "actual_off": "2021-12-24T11:17:47Z", "scheduled_on": NaN, "estimated_on": NaN, "actual_on": "2021-12-24T11:17:47Z", "scheduled_in": NaN, "estimated_in": NaN, "actual_in": NaN, "status": "result unknown", "route_distance": NaN, "diverted": false, "cancelled": false, "simplified_departure_date": "2021-12-24", "origin_coords": [67.23629, 32.94859], "destination_coords": [68.34377, 32.77341], "is_same_city": false}}, {"type": "Feature", "geometry": {"type": "LineString", "coordinates": [[38.13092, 55.85087], [38.142259800792466, 55.89015815081574], [38.153622585635695, 55.92944525745837], [38.165008434580905, 55.968731316263224], [38.17641742804191, 56.00801632354887], [38.18784964679721, 56.04730027561706], [38.199305171992044, 56.086583168752526], [38.21078408514048, 56.12586499922296], [38.222286468127464, 56.16514576327893], [38.233812403210976, 56.204425457153675], [38.245361973024124, 56.24370407706318], [38.256935260577286, 56.28298161920588], [38.26853234926023, 56.32225807976272], [38.280153322844335, 56.36153345489694], [38.291798265484715, 56.400807740754104], [38.30346726172244, 56.44008093346179], [38.315160396486725, 56.47935302912973], [38.326877755097165, 56.518624023849526], [38.33861942326598, 56.55789391369462], [38.35038548710025, 56.59716269472016], [38.362176033104184, 56.63643036296293], [38.37399114818141, 56.675696914441225], [38.38583091963729, 56.714962345154724], [38.39769543518121, 56.7542266510844], [38.40958478292892, 56.793489828192406], [38.42149905140486, 56.83275187242198], [38.43343832954456, 56.87201277969729], [38.445402706697045, 56.91127254592341], [38.457392272627125, 56.950531166986096], [38.469407117517875, 56.989788638751754], [38.48144733197311, 57.02904495706727], [38.493513007019736, 57.06830011775998], [38.505604234110265, 57.107554116637466], [38.517721105125275, 57.14680694948744], [38.529863712375956, 57.18605861207774], [38.542032148606545, 57.22530910015605], [38.55422650699691, 57.26455840944991], [38.56644688116509, 57.30380653566653], [38.578693365169855, 57.34305347449273], [38.590966053513284, 57.382299221594685], [38.6032650411434, 57.42154377261799], [38.61559042345674, 57.46078712318741], [38.627942296301036, 57.50002926890675], [38.640320755977875, 57.53927020535882], [38.652725899245326, 57.57850992810522], [38.665157823320676, 57.61774843268629], [38.677616625883154, 57.656985714620895], [38.69010240507663, 57.69622176940637], [38.70261525951238, 57.735456592518375], [38.715155288271866, 57.774690179410705], [38.727722590909515, 57.81392252551528], [38.74031726745554, 57.85315362624189], [38.75293941841876, 57.89238347697811], [38.765589144789466, 57.93161207308922], [38.778266548042275, 57.97083940991795], [38.790971730139034, 58.01006548278445], [38.803704793531715, 58.04929028698611], [38.81646584116537, 58.08851381779742], [38.82925497648106, 58.12773607046986], [38.84207230341885, 58.1669570402317], [38.8549179264208, 58.206176722287935], [38.86779195043397, 58.24539511182007], [38.88069448091347, 58.28461220398605], [38.89362562382551, 58.323827993920034], [38.90658548565048, 58.36304247673233], [38.91957417338609, 58.40225564750918], [38.932591794550454, 58.44146750131268], [38.94563845718523, 58.480678033180546], [38.95871426985885, 58.51988723812608], [38.97181934166966, 58.5590951111379], [38.98495378224915, 58.59830164717986], [38.99811770176522, 58.63750684119088], [39.0113112109254, 58.67671068808479], [39.02453442098018, 58.71591318275018], [39.03778744372629, 58.75511432005024], [39.051070391510045, 58.794314094822596], [39.06438337723073, 58.83351250187915], [39.07772651434396, 58.872709536005964], [39.091099916865026, 58.911905191963015], [39.10450369937247, 58.9510994644841], [39.11793797701144, 58.99029234827668], [39.13140286549718, 59.02948383802166], [39.14489848111856, 59.06867392837328], [39.15842494074163, 59.10786261395885], [39.17198236181314, 59.147049889378756], [39.18557086236416, 59.1862357492061], [39.199190561013644, 59.22542018798667], [39.21284157697212, 59.26460320023869], [39.22652403004536, 59.30378478045267], [39.240238040638026, 59.34296492309125], [39.25398372975742, 59.382143622589], [39.26776121901724, 59.42132087335221], [39.28157063064131, 59.46049666975883], [39.29541208746746, 59.499671006158124], [39.309285712951294, 59.538843876870644], [39.323191631170054, 59.578015276187934], [39.33712996682656, 59.617185198372425], [39.35110084525304, 59.65635363765719], [39.36510439241518, 59.69552058824579], [39.37914073491603, 59.73468604431208], [39.393209999999996, 59.77385]]}, "properties": {"fa_flight_id": "RA65996-1640337954-adhoc-0", "registration": "RA-65996", "ident": "RA-65996", "ident_icao": NaN, "origin_code": "L 55.85087 38.13092", "origin_city": "Moscow", "destination_code": "L 59.77385 39.39321", "destination_city": "Cherepovetsky District", "scheduled_out": NaN, "estimated_out": NaN, "actual_out": NaN, "scheduled_off": "2021-12-24T09:25:54Z", "estimated_off": "2021-12-24T09:25:54Z", "actual_off": "2021-12-24T09:25:54Z", "scheduled_on": NaN, "estimated_on": NaN, "actual_on": "2021-12-24T09:25:54Z", "scheduled_in": NaN, "estimated_in": NaN, "actual_in": NaN, "status": "result unknown", "route_distance": NaN, "diverted": false, "cancelled": false, "simplified_departure_date": "2021-12-24", "origin_coords": [55.85087, 38.13092], "destination_coords": [59.77385, 39.39321], "is_same_city": false}}, {"type": "Feature", "geometry": {"type": "LineString", "coordinates": [[30.09186, 59.827649999999984], [30.180577228858425, 59.790779042457864], [30.26909840346788, 59.753848484506285], [30.357423931858783, 59.716858545918505], [30.44555422318267, 59.67980944575051], [30.533489687684472, 59.6427014023411], [30.621230736675205, 59.605534633312054], [30.708777782504725, 59.56830935556824], [30.796131238534915, 59.5310257852979], [30.883291519113005, 59.493684137972764], [30.970259039545237, 59.45628462834848], [31.05703421607073, 59.4188274704648], [31.14361746583562, 59.381312877645954], [31.230009206867503, 59.343741062501074], [31.316209858049998, 59.30611223692451], [31.40221983909773, 59.268426612096306], [31.48803957053142, 59.230684398482744], [31.57366947365334, 59.19288580583666], [31.659109970522913, 59.15503104319815], [31.744361483932657, 59.117120318895054], [31.82942443738427, 59.07915384054354], [31.914299255065078, 59.04113181504872], [31.99898636182464, 59.003054448605326], [32.08348618315161, 58.96492194669835], [32.16779914515084, 58.926734514103735], [32.251925674520805, 58.888492354889166], [32.335866198531114, 58.85019567241477], [32.419621145000384, 58.81184466933389], [32.503190942274294, 58.773439547593945], [32.586576019203875, 58.73498050843719], [32.66977680512406, 58.69646775240169], [32.75279372983246, 58.65790147932202], [32.83562722356832, 58.61928188833037], [32.918277716991796, 58.580609177857355], [33.000745641163334, 58.54188354563299], [33.08303142752343, 58.50310518868771], [33.165135507872485, 58.46427430335331], [33.24705831435093, 58.42539108526398], [33.328800279419646, 58.386455729357415], [33.41036183584042, 58.347468429875846], [33.4917434166568, 58.30842938036701], [33.57294545517515, 58.269338773685504], [33.653968384945784, 58.23019680199366], [33.73481263974443, 58.19100365676289], [33.81547865355394, 58.15175952877475], [33.89596686054609, 58.1124646081221], [33.9762776950637, 58.07311908421045], [34.0564115916029, 58.03372314575906], [34.1363689847956, 57.99427698080223], [34.21615030939228, 57.95478077669057], [34.295756000244786, 57.91523472009224], [34.3751864922895, 57.87563899699433], [34.454442220530666, 57.8359937927041], [34.53352362002387, 57.79629929185033], [34.61243112585976, 57.756555678384686], [34.69116517314797, 57.71676313558307], [34.769726197001226, 57.676921846047016], [34.84811463251963, 57.63703199170506], [34.926330914775185, 57.59709375381418], [35.004375478796455, 57.55710731296119], [35.082248759553465, 57.51707284906423], [35.159951191942774, 57.476990541374164], [35.23748321077269, 57.43686056847608], [35.31484525074877, 57.39668310829075], [35.392037746459415, 57.35645833807619], [35.4690611323617, 57.316186434429085], [35.545915842767336, 57.27586757328634], [35.62260231182887, 57.23550192992664], [35.69912097352604, 57.19508967897198], [35.77547226165233, 57.15463099438923], [35.851656609801594, 57.11412604949165], [35.92767445135501, 57.07357501694056], [36.00352621946816, 57.03297806874689], [36.07921234705816, 56.99233537627275], [36.15473326679117, 56.95164711023311], [36.23008941106988, 56.910913440697406], [36.30528121202132, 56.87013453709112], [36.38030910148465, 56.82931056819747], [36.45517351099937, 56.78844170215911], [36.529874871793446, 56.74752810647969], [36.60441361477175, 56.70656994802562], [36.6787901705046, 56.66556739302769], [36.7530049692165, 56.624520607082786], [36.82705844077496, 56.58342975515561], [36.90095101467958, 56.54229500158035], [36.97468312005124, 56.501116510062424], [37.04825518562136, 56.459894443680156], [37.12166763972149, 56.41862896488658], [37.194920910272884, 56.37732023551112], [37.26801542477633, 56.33596841676135], [37.34095161030208, 56.29457366922474], [37.41372989347992, 56.25313615287045], [37.48635070048945, 56.21165602705105], [37.55881445705044, 56.1701334505043], [37.63112158841333, 56.128568581354976], [37.70327251934992, 56.08696157711656], [37.775267674144196, 56.045312594693115], [37.84710747658325, 56.00362179038105], [37.918792349948305, 55.961889319870885], [37.99032271700607, 55.920115338249126], [38.061699, 55.8783]]}, "properties": {"fa_flight_id": "RA65996-1642171257-adhoc-0", "registration": "RA-65996", "ident": "RA-65996", "ident_icao": NaN, "origin_code": "L 59.82765 30.09186", "origin_city": "Saint Petersburg", "destination_code": "UUMU", "destination_city": NaN, "scheduled_out": NaN, "estimated_out": NaN, "actual_out": NaN, "scheduled_off": "2022-01-14T14:40:57Z", "estimated_off": "2022-01-14T14:40:57Z", "actual_off": "2022-01-14T14:40:57Z", "scheduled_on": NaN, "estimated_on": NaN, "actual_on": "2022-01-14T14:40:57Z", "scheduled_in": NaN, "estimated_in": NaN, "actual_in": NaN, "status": "result unknown", "route_distance": NaN, "diverted": false, "cancelled": false, "simplified_departure_date": "2022-01-14", "origin_coords": [59.82765, 30.09186], "destination_coords": [55.8783, 38.061699], "is_same_city": false}}, {"type": "Feature", "geometry": {"type": "LineString", "coordinates": [[38.31289, 55.87122000000001], [38.24160039519622, 55.912752713830955], [38.17015797742682, 55.95424416779709], [38.09856233258823, 55.99569420885174], [38.02681304609091, 56.03710268335752], [37.95490970286812, 56.07846943708463], [37.88285188738465, 56.119794315209056], [37.810639183645755, 56.1610771623109], [37.73827117520622, 56.20231782237263], [37.66574744517956, 56.24351613877739], [37.593067576247336, 56.28467195430724], [37.52023115066865, 56.325785111141535], [37.44723775028975, 56.366855450855155], [37.37408695655376, 56.40788281441685], [37.30077835051063, 56.44886704218757], [37.22731151282711, 56.48980797391877], [37.15368602379697, 56.53070544875073], [37.07990146335136, 56.5715593052109], [37.00595741106925, 56.61236938121228], [36.93185344618804, 56.65313551405175], [36.85758914761442, 56.69385754040841], [36.78316409393523, 56.73453529634199], [36.70857786342853, 56.77516861729121], [36.63383003407492, 56.81575733807213], [36.55892018356887, 56.85630129287665], [36.483847889330306, 56.89680031527081], [36.40861272851627, 56.937254238193226], [36.333214278032834, 56.977662893953585], [36.25765211454714, 57.01802611423101], [36.181925814499536, 57.05834373007248], [36.106034954115984, 57.09861557189135], [36.029979109420566, 57.13884146946586], [35.95375785624815, 57.17902125193742], [35.877370770257286, 57.21915474780931], [35.800817426943176, 57.25924178494507], [35.72409740165094, 57.29928219056699], [35.6472102695889, 57.33927579125473], [35.57015560584219, 57.379222412943726], [35.49293298538643, 57.41912188092387], [35.41554198310161, 57.45897401983795], [35.33798217378619, 57.49877865368031], [35.26025313217133, 57.538535605795374], [35.182354432935284, 57.57824469887626], [35.10428565071808, 57.617905754963445], [35.02604636013623, 57.65751859544331], [34.94763613579772, 57.6970830410468], [34.869054552317245, 57.73659891184815], [34.79030118433145, 57.776066027263454], [34.711375606514494, 57.81548420604943], [34.63227739359383, 57.854853266302044], [34.55300612036606, 57.89417302545533], [34.47356136171302, 57.93344330028], [34.393942692618175, 57.972663906882275], [34.314149688183015, 58.01183466070266], [34.234181923643796, 58.050955376514665], [34.15403897438842, 58.090025868423645], [34.073720415973526, 58.12904594986561], [33.99322582414175, 58.16801543360609], [33.91255477483928, 58.20693413173888], [33.83170684423345, 58.245801855685094], [33.750681608730744, 58.28461841619189], [33.66947864499485, 58.32338362333147], [33.588097529964905, 58.36209728649998], [33.506537840874174, 58.40075921441648], [33.424799155268616, 58.43936921512188], [33.34288105102593, 58.47792709597802], [33.26078310637464, 58.51643266366654], [33.178504899913506, 58.554885724188054], [33.096046010631106, 58.59328608286114], [33.013406017925604, 58.631633544321396], [32.93058450162478, 58.669927912520635], [32.847581042006276, 58.70816899072588], [32.764395219818034, 58.746356581518654], [32.681026616298986, 58.78449048679401], [32.59747481319992, 58.82257050775983], [32.51373939280469, 58.86059644493602], [32.42981993795144, 58.89856809815374], [32.345716032054305, 58.936485266554676], [32.2614272591251, 58.97434774859035], [32.176953203795456, 59.01215534202142], [32.092293451339, 59.049907843917076], [32.00744758769391, 59.08760505065437], [31.92241519948561, 59.125246757917616], [31.837195874049733, 59.162832760697846], [31.751789199455317, 59.200362853292305], [31.66619476452824, 59.23783682930383], [31.580412158874932, 59.275254481640495], [31.494440972906173, 59.31261560251505], [31.408280797861384, 59.349919983444565], [31.321931225832888, 59.38716741525001], [31.23539184979062, 59.42435768805592], [31.14866226360695, 59.46149059129001], [31.061742062081876, 59.4985659136829], [30.97463084096827, 59.535583443267925], [30.887328196997583, 59.57254296738071], [30.799833727905668, 59.60944427265923], [30.712147032458866, 59.646287145043374], [30.62426771048037, 59.683071369775014], [30.536195362876864, 59.71979673139778], [30.44792959166528, 59.75646301375706], [30.359469999999998, 59.79307]]}, "properties": {"fa_flight_id": "RA65996-1642141038-adhoc-0", "registration": "RA-65996", "ident": "RA-65996", "ident_icao": NaN, "origin_code": "L 55.87122 38.31289", "origin_city": "Moscow", "destination_code": "L 59.79307 30.35947", "destination_city": "Saint Petersburg", "scheduled_out": NaN, "estimated_out": NaN, "actual_out": NaN, "scheduled_off": "2022-01-14T06:17:18Z", "estimated_off": "2022-01-14T06:17:18Z", "actual_off": "2022-01-14T06:17:18Z", "scheduled_on": NaN, "estimated_on": NaN, "actual_on": "2022-01-14T06:17:18Z", "scheduled_in": NaN, "estimated_in": NaN, "actual_in": NaN, "status": "result unknown", "route_distance": NaN, "diverted": false, "cancelled": false, "simplified_departure_date": "2022-01-14", "origin_coords": [55.87122, 38.31289], "destination_coords": [59.79307, 30.35947], "is_same_city": false}}, {"type": "Feature", "geometry": {"type": "LineString", "coordinates": [[39.88738000000001, 47.35447999999999], [39.87218403859873, 47.439843164768185], [39.85693868724354, 47.52520431518122], [39.841643637921656, 47.6105634386289], [39.82629858018802, 47.69592052240091], [39.81090320114097, 47.78127555368588], [39.79545718539757, 47.86662851957023], [39.7799602150686, 47.951979407037264], [39.764411969733345, 48.03732820296606], [39.748812126414045, 48.122674894130405], [39.73316035954992, 48.208019467197765], [39.71745634097115, 48.293361908728166], [39.701699739872204, 48.3787022051731], [39.68589022278516, 48.46404034287443], [39.670027453552485, 48.549376308063245], [39.65411109329956, 48.634710086858746], [39.63814080040688, 48.72004166526706], [39.62211623048193, 48.805371029180094], [39.60603703633065, 48.89069816437434], [39.58990286792862, 48.97602305650974], [39.573713372391865, 49.06134569112837], [39.55746819394726, 49.14666605365327], [39.54116697390267, 49.23198412938724], [39.524809350616586, 49.31729990351151], [39.508394959467545, 49.40261336108453], [39.49192343282302, 49.48792448704062], [39.47539440000802, 49.57323326618874], [39.45880748727324, 49.658539683211096], [39.44216231776289, 49.74384372266187], [39.42545851148203, 49.8291453689658], [39.408695685263545, 49.91444460641686], [39.391873452734735, 49.99974141917685], [39.374991424283415, 50.085035791274], [39.35804920702363, 50.17032770660152], [39.341046404760945, 50.25561714891621], [39.323982617957256, 50.34090410183694], [39.3068574436952, 50.426188548843186], [39.28967047564209, 50.51147047327358], [39.27242130401339, 50.59674985832433], [39.255109515535715, 50.682026687047724], [39.23773469340939, 50.76730094235056], [39.22029641727051, 50.85257260699254], [39.202794263152505, 50.937841663584734], [39.185227803447205, 51.02310809458791], [39.167596606865445, 51.10837188231093], [39.1499002383971, 51.19363300890904], [39.13213825927067, 51.27889145638225], [39.11431022691229, 51.36414720657359], [39.096415694904216, 51.44940024116741], [39.07845421294278, 51.5346505416876], [39.060425326795794, 51.61989808949582], [39.04232857825942, 51.70514286578978], [39.024163505114416, 51.79038485160128], [39.00592964108187, 51.87562402779448], [38.987626515778295, 51.960860375064], [38.96925365467019, 52.04609387393302], [38.95081057902795, 52.131324504751376], [38.93229680587919, 52.21655224769359], [38.91371184796147, 52.30177708275694], [38.895055213674326, 52.386998989759405], [38.87632640703072, 52.47221794833772], [38.85752492760782, 52.55743393794525], [38.83865027049715, 52.64264693784996], [38.819701926254, 52.7278569271323], [38.80067938084625, 52.813063884683054], [38.781582115602376, 52.89826778920118], [38.762409607158936, 52.983468619191655], [38.74316132740717, 53.068666352963184], [38.72383674343897, 53.153860968625985], [38.704435317492084, 53.23905244408954], [38.68495650689459, 53.32424075706019], [38.665399764008605, 53.40942588503886], [38.64576453617321, 53.494607805318665], [38.626050265646626, 53.57978649498247], [38.60625638954756, 53.66496193090045], [38.58638233979574, 53.75013408972766], [38.56642754305169, 53.83530294790142], [38.54639142065559, 53.92046848163887], [38.52627338856533, 54.005630666934316], [38.50607285729373, 54.09078947955661], [38.485789231844805, 54.17594489504653], [38.46542191164924, 54.26109688871404], [38.444970290498865, 54.346245435635595], [38.42443375648028, 54.43139051065132], [38.40381169190758, 54.516532088362226], [38.38310347325394, 54.601670143127365], [38.362308471082514, 54.68680464906088], [38.34142604997612, 54.77193558002918], [38.3204555684661, 54.857062909647816], [38.29939637896001, 54.94218661127858], [38.27824782766843, 55.027306658026376], [38.25700925453058, 55.112423022736145], [38.235679993139044, 55.1975356779897], [38.214259370663264, 55.282644596102514], [38.19274670777202, 55.36774974912048], [38.17114131855468, 55.4528511088166], [38.149442510441574, 55.537948646687745], [38.12764958412284, 55.62304233395109], [38.10576183346644, 55.70813214154082], [38.08377854543473, 55.79321804010461], [38.061699, 55.8783]]}, "properties": {"fa_flight_id": "RA65996-1644504543-adhoc-0", "registration": "RA-65996", "ident": "RA-65996", "ident_icao": NaN, "origin_code": "L 47.35448 39.88738", "origin_city": "Stavropol", "destination_code": "UUMU", "destination_city": NaN, "scheduled_out": NaN, "estimated_out": NaN, "actual_out": NaN, "scheduled_off": "2022-02-10T14:49:03Z", "estimated_off": "2022-02-10T14:49:03Z", "actual_off": "2022-02-10T14:49:03Z", "scheduled_on": NaN, "estimated_on": NaN, "actual_on": "2022-02-10T14:49:03Z", "scheduled_in": NaN, "estimated_in": NaN, "actual_in": NaN, "status": "result unknown", "route_distance": NaN, "diverted": false, "cancelled": false, "simplified_departure_date": "2022-02-10", "origin_coords": [47.35448, 39.88738], "destination_coords": [55.8783, 38.061699], "is_same_city": false}}, {"type": "Feature", "geometry": {"type": "LineString", "coordinates": [[43.25778, 44.2194], [43.22389884632204, 44.25068602501491], [43.189981633391454, 44.2819620251963], [43.156028294966006, 44.31322797890505], [43.12203876469466, 44.344483864450844], [43.088012976117504, 44.37572966009216], [43.053950862665744, 44.40696534403605], [43.019852357661584, 44.438190894438065], [42.98571739431815, 44.46940628940208], [42.951545905739515, 44.50061150698018], [42.91733782492056, 44.53180652517256], [42.883093084746946, 44.56299132192738], [42.84881161799506, 44.59416587514059], [42.81449335733197, 44.625330162655835], [42.78013823531531, 44.65648416226436], [42.74574618439332, 44.68762785170482], [42.71131713690473, 44.71876120866315], [42.676851025078705, 44.74988421077248], [42.64234778103487, 44.78099683561296], [42.60780733678316, 44.81209906071165], [42.57322962422384, 44.84319086354238], [42.53861457514743, 44.874272221525594], [42.5039621212347, 44.90534311202829], [42.46927219405657, 44.936403512363775], [42.43454472507412, 44.967453399791644], [42.3997796456385, 44.99849275151755], [42.364976886990966, 45.02952154469314], [42.33013638026275, 45.060539756415885], [42.29525805647506, 45.09154736372897], [42.260341846539134, 45.122544343621115], [42.225387681256024, 45.153530673026495], [42.190395491316735, 45.18450632882456], [42.15536520730209, 45.215471287839925], [42.120296759682745, 45.24642552684222], [42.08519007881919, 45.27736902254596], [42.050045094961625, 45.30830175161043], [42.01486173825003, 45.33922369063949], [41.979639938714094, 45.37013481618149], [41.94437962627321, 45.401035104729125], [41.90908073073647, 45.43192453271928], [41.87374318180258, 45.46280307653289], [41.838366909059935, 45.49367071249487], [41.802951841986534, 45.52452741687383], [41.767497909949974, 45.55537316588211], [41.7320050422075, 45.58620793567552], [41.69647316790589, 45.617031702353216], [41.66090221608153, 45.64784444195765], [41.6252921156604, 45.67864613047432], [41.589642795457976, 45.70943674383166], [41.553954184179354, 45.74021625790097], [41.51822621041916, 45.770984648496174], [41.4824588026616, 45.801741891373744], [41.44665188928039, 45.832487962232555], [41.410805398538834, 45.86322283671372], [41.374919258589806, 45.893946490400445], [41.338993397475704, 45.92465889881793], [41.303027743128546, 45.955360037433195], [41.2670222233699, 45.98604988165492], [41.23097676591093, 46.01672840683338], [41.19489129835243, 46.047395588260194], [41.158765748184784, 46.07805140116827], [41.122600042788, 46.10869582073162], [41.086394109431765, 46.13932882206524], [41.050147875275435, 46.169950380224925], [41.013861267368036, 46.20056047020722], [40.97753421264834, 46.23115906694915], [40.94116663794483, 46.261746145328146], [40.90475846997577, 46.292321680161926], [40.86830963534921, 46.32288564620829], [40.831820060563054, 46.353438018165036], [40.79528967200504, 46.38397877066973], [40.758718395952826, 46.414507878299666], [40.722106158573936, 46.44502531557165], [40.685452885925955, 46.475531056941875], [40.648758503956415, 46.50602507680575], [40.61202293850293, 46.53650734949783], [40.5752461152932, 46.56697784929159], [40.538427959945054, 46.597436550399316], [40.501568397966544, 46.62788342697192], [40.464667354755946, 46.658318453098865], [40.42772475560184, 46.688741602807944], [40.39074052568316, 46.71915285006522], [40.35371459006923, 46.74955216877476], [40.31664687371987, 46.77993953277858], [40.27953730148542, 46.81031491585648], [40.24238579810679, 46.84067829172589], [40.205192288215585, 46.871029634041676], [40.167956696334116, 46.90136891639608], [40.130678946875484, 46.93169611231852], [40.09335896414368, 46.96201119527541], [40.05599667233364, 46.992314138670096], [40.018591995531295, 47.02260491584263], [39.9811448577137, 47.05288350006965], [39.94365518274909, 47.08314986456425], [39.90612289439695, 47.1134039824758], [39.86854791630815, 47.1436458268898], [39.83093017202497, 47.173875370827744], [39.793269584981246, 47.20409258724697], [39.75556607850242, 47.234297449040476], [39.71781957580568, 47.26448992903684], [39.68003, 47.29467]]}, "properties": {"fa_flight_id": "RA65996-1644497877-adhoc-0", "registration": "RA-65996", "ident": "RA-65996", "ident_icao": NaN, "origin_code": "L 44.21940 43.25778", "origin_city": "Mineralnye Vody", "destination_code": "L 47.29467 39.68003", "destination_city": "Krasnodar Krai", "scheduled_out": NaN, "estimated_out": NaN, "actual_out": NaN, "scheduled_off": "2022-02-10T12:57:57Z", "estimated_off": "2022-02-10T12:57:57Z", "actual_off": "2022-02-10T12:57:57Z", "scheduled_on": NaN, "estimated_on": NaN, "actual_on": "2022-02-10T12:57:57Z", "scheduled_in": NaN, "estimated_in": NaN, "actual_in": NaN, "status": "result unknown", "route_distance": NaN, "diverted": false, "cancelled": false, "simplified_departure_date": "2022-02-10", "origin_coords": [44.2194, 43.25778], "destination_coords": [47.29467, 39.68003], "is_same_city": false}}, {"type": "Feature", "geometry": {"type": "LineString", "coordinates": [[28.036309999999997, 53.68001], [28.13187788111549, 53.70567515011714], [28.227562238648805, 53.73126415699253], [28.32336297645412, 53.75677685650981], [28.419279996096826, 53.78221308458299], [28.515313196843845, 53.80757267716015], [28.611462475654044, 53.83285547022692], [28.707727727168677, 53.85806129981012], [28.804108843701925, 53.883190001981404], [28.90060571523134, 53.908241412860875], [28.99721822938863, 53.93321536862079], [29.09394627145017, 53.95811170548921], [29.190789724327878, 53.98293025975373], [29.287748468559855, 54.00767086776522], [29.384822382301397, 54.03233336594155], [29.482011341315797, 54.0569175907714], [29.5793152189654, 54.081423378818045], [29.676733886202616, 54.10585056672313], [29.77426721156104, 54.130198991210555], [29.87191506114667, 54.1544684890903], [29.969677298629108, 54.17865889726232], [30.06755378523292, 54.20277005272046], [30.16554437972904, 54.22680179255629], [30.26364893842622, 54.25075395396314], [30.361867315162584, 54.27462637424001], [30.460199361297253, 54.298418890795546], [30.55864492570204, 54.32213134115203], [30.657203854753227, 54.34576356294942], [30.755875992323432, 54.36931539394941], [30.854661179773522, 54.392786672039385], [30.953559255944697, 54.41617723523658], [31.052570057150497, 54.439486921692186], [31.151693417169074, 54.46271556969538], [31.250929167235448, 54.48586301767757], [31.35027713603386, 54.50892910421642], [31.449737149690225, 54.531913668040104], [31.54930903176469, 54.554816548031475], [31.648992603244256, 54.577637583232274], [31.748787682535514, 54.6003766128473], [31.848694085457474, 54.62303347624875], [31.9487116252345, 54.64560801298043], [32.04884011248924, 54.66810006276198], [32.14907935523587, 54.69050946549326], [32.24942915887321, 54.7128360612586], [32.3498893261781, 54.735079690331176], [32.45045965729875, 54.7572401931773], [32.55113994974834, 54.77931741046086], [32.651929998398586, 54.80131118304762], [32.75282959547352, 54.82322135200969], [32.853838530543264, 54.84504775862988], [32.95495659051807, 54.86679024440614], [33.05618355964232, 54.88844865105609], [33.157519219488684, 54.910022820521334], [33.25896334895245, 54.93151259497208], [33.3605157242459, 54.95291781681155], [33.46217611889284, 54.9742383286805], [33.563944303723204, 54.99547397346178], [33.66582004686782, 55.01662459428481], [33.767803113753324, 55.037690034530186], [33.86989326709703, 55.05867013783427], [33.97209026690217, 55.07956474809368], [34.07439387045308, 55.10037370946997], [34.17680383231054, 55.121096866394204], [34.2793199043073, 55.14173406357156], [34.381941835543664, 55.16228514598604], [34.48466937238325, 55.18274995890505], [34.58750225844888, 55.20312834788406], [34.69044023461852, 55.22342015877133], [34.7934830390215, 55.243625237712585], [34.89663040703474, 55.26374343115569], [34.99988207127915, 55.283774585855355], [35.1032377616162, 55.30371854887789], [35.20669720514457, 55.32357516760597], [35.31026012619701, 55.343344289743285], [35.41392624633723, 55.36302576331937], [35.517695284357096, 55.382619436694384], [35.62156695627378, 55.40212515856383], [35.72554097532721, 55.42154277796337], [35.829617051977564, 55.440872144273676], [35.933794893902984, 55.46011310722514], [36.03807420599735, 55.47926551690278], [36.1424546903683, 55.498329223751], [36.24693604633534, 55.51730407857849], [36.351517970428105, 55.53618993256301], [36.45620015638481, 55.554986637256285], [36.56098229515078, 55.57369404458883], [36.66586407487727, 55.59231200687487], [36.77084518092024, 55.610840376817144], [36.87592529583952, 55.62927900751186], [36.981104099397925, 55.64762775245355], [37.08638126856065, 55.66588646553995], [37.19175647749479, 55.68405500107692], [37.297229397569055, 55.702133213783355], [37.40279969735352, 55.72012095879611], [37.508467042619756, 55.73801809167488], [37.61423109634091, 55.75582446840718], [37.720091518692094, 55.77353994541319], [37.82604796705084, 55.79116437955077], [37.932100095997825, 55.80869762812039], [38.03824755731768, 55.826139548869996], [38.144490000000005, 55.84349000000001]]}, "properties": {"fa_flight_id": "RA65996-1645173779-adhoc-0", "registration": "RA-65996", "ident": "RA-65996", "ident_icao": NaN, "origin_code": "L 53.68001 28.03631", "origin_city": "Minsk", "destination_code": "L 55.84349 38.14449", "destination_city": "Moscow", "scheduled_out": NaN, "estimated_out": NaN, "actual_out": NaN, "scheduled_off": "2022-02-18T08:42:59Z", "estimated_off": "2022-02-18T08:42:59Z", "actual_off": "2022-02-18T08:42:59Z", "scheduled_on": NaN, "estimated_on": NaN, "actual_on": "2022-02-18T08:42:59Z", "scheduled_in": NaN, "estimated_in": NaN, "actual_in": NaN, "status": "result unknown", "route_distance": NaN, "diverted": false, "cancelled": false, "simplified_departure_date": "2022-02-18", "origin_coords": [53.68001, 28.03631], "destination_coords": [55.84349, 38.14449], "is_same_city": false}}, {"type": "Feature", "geometry": {"type": "LineString", "coordinates": [[32.83547, 54.31524], [32.78044967515044, 54.31073907196524], [32.72544141708932, 54.30621311479092], [32.67044528802921, 54.30166213815238], [32.61546135008138, 54.29708615177355], [32.560489665255396, 54.29248516542678], [32.50553029545858, 54.287859188932806], [32.45058330249562, 54.28320823216064], [32.39564874806821, 54.27853230502747], [32.340726693774506, 54.273831417498506], [32.28581720110875, 54.269105579586984], [32.23092033146082, 54.26435480135396], [32.176036146115884, 54.259579092908275], [32.12116470625384, 54.254778464406435], [32.06630607294899, 54.249952926052465], [32.01146030716961, 54.24510248809789], [31.956627469777498, 54.2402271608416], [31.901807621527606, 54.23532695462965], [31.847000823067585, 54.23040187985534], [31.79220713493737, 54.22545194695896], [31.737426617568836, 54.22047716642772], [31.682659331285308, 54.215477548795704], [31.627905336301207, 54.210453104643676], [31.573164692721637, 54.205403844599054], [31.518437460541968, 54.20032977933575], [31.46372369964745, 54.19523091957409], [31.409023469812848, 54.190107276080695], [31.35433683070198, 54.184958859668384], [31.29966384186738, 54.179785681196016], [31.245004562749877, 54.174587751568524], [31.19035905267825, 54.169365081736615], [31.135727370868775, 54.16411768269679], [31.0811095764249, 54.158845565491184], [31.026505728336836, 54.15354874120751], [30.9719158854812, 54.14822722097887], [30.91734010662061, 54.142881015983704], [30.862778450403315, 54.13751013744568], [30.808230975362857, 54.13211459663353], [30.75369773991764, 54.12669440486098], [30.69917880237063, 54.12124957348667], [30.64467422090892, 54.11578011391394], [30.590184053603455, 54.11028603759086], [30.53570835840856, 54.10476735600999], [30.481247193161668, 54.0992240807083], [30.426800615582927, 54.09365622326712], [30.37236868327486, 54.08806379531197], [30.317951453721992, 54.082446808512444], [30.2635489842905, 54.07680527458212], [30.209161332227918, 54.07113920527843], [30.154788554662705, 54.06544861240256], [30.10043070860395, 54.0597335077993], [30.046087850941056, 54.05399390335699], [29.99176003844335, 54.04822981100735], [29.93744732775975, 54.042441242725374], [29.883149775418484, 54.036628210529244], [29.8288674378267, 54.030790726480205], [29.77460037127015, 54.02492880268239], [29.72034863191287, 54.01904245128277], [29.666112275796863, 54.01313168447104], [29.611891358841767, 54.00719651447944], [29.557685936844518, 54.00123695358274], [29.503496065479045, 53.99525301409796], [29.44932180029596, 53.98924470838442], [29.395163196722244, 53.98321204884354], [29.341020310060905, 53.977155047918714], [29.28689319549071, 53.97107371809521], [29.232781908065846, 53.96496807190007], [29.17868650271565, 53.95883812190197], [29.124607034244242, 53.952683880711035], [29.07054355733031, 53.946505360978904], [29.01649612652672, 53.940302575398356], [28.962464796260313, 53.934075536703425], [28.908449620831536, 53.927824257669116], [28.854450654414176, 53.921548751111374], [28.800467951055087, 53.91524902988693], [28.746501564673878, 53.908925106893165], [28.692551549062664, 53.90257699506803], [28.638617957885725, 53.8962047073899], [28.584700844679283, 53.88980825687741], [28.530800262851187, 53.883387656589434], [28.476916265680664, 53.87694291962486], [28.423048906318037, 53.87047405912252], [28.369198237784435, 53.86398108826106], [28.315364312971546, 53.857464020258824], [28.261547184641337, 53.85092286837368], [28.20774690542582, 53.844357645902996], [28.15396352782674, 53.8377683661834], [28.10019710421537, 53.83115504259073], [28.04644768683219, 53.824517688539906], [27.99271532778672, 53.81785631748476], [27.93900007905717, 53.81117094291798], [27.885301992490252, 53.80446157837092], [27.83162111980093, 53.79772823741351], [27.777957512572133, 53.790970933654094], [27.724311222254574, 53.78418968073939], [27.670682300166437, 53.77738449235423], [27.61707079749321, 53.7705553822216], [27.56347676528739, 53.76370236410232], [27.509900254468274, 53.75682545179512], [27.45634131582174, 53.74992465913639], [27.4028, 53.743]]}, "properties": {"fa_flight_id": "RA65996-1645103622-adhoc-0", "registration": "RA-65996", "ident": "RA-65996", "ident_icao": NaN, "origin_code": "L 54.31524 32.83547", "origin_city": "Gomel", "destination_code": "L 53.74300 27.40280", "destination_city": "Minsk", "scheduled_out": NaN, "estimated_out": NaN, "actual_out": NaN, "scheduled_off": "2022-02-17T13:13:42Z", "estimated_off": "2022-02-17T13:13:42Z", "actual_off": "2022-02-17T13:13:42Z", "scheduled_on": NaN, "estimated_on": NaN, "actual_on": "2022-02-17T13:13:42Z", "scheduled_in": NaN, "estimated_in": NaN, "actual_in": NaN, "status": "result unknown", "route_distance": NaN, "diverted": false, "cancelled": false, "simplified_departure_date": "2022-02-17", "origin_coords": [54.31524, 32.83547], "destination_coords": [53.743, 27.4028], "is_same_city": false}}, {"type": "Feature", "geometry": {"type": "LineString", "coordinates": [[28.066770000000005, 53.6921], [28.103039645236795, 53.700089582626845], [28.139323053870417, 53.708068206626734], [28.175620216230154, 53.71603586464319], [28.211931122602575, 53.72399254932339], [28.248255763231555, 53.731938253318255], [28.284594128318197, 53.73987296928243], [28.320946208020818, 53.747796689874356], [28.357311992454914, 53.75570940775622], [28.393691471693142, 53.76361111559411], [28.43008463576525, 53.77150180605792], [28.466491474658103, 53.77938147182139], [28.50291197831559, 53.78725010556219], [28.539346136638635, 53.79510769996192], [28.575793939485163, 53.80295424770617], [28.612255376670042, 53.81078974148445], [28.648730437965085, 53.8186141739903], [28.68521911309901, 53.826427537921305], [28.721721391757384, 53.83422982597911], [28.758237263582647, 53.84202103086944], [28.79476671817401, 53.84980114530215], [28.831309745087527, 53.857570161991205], [28.867866333835938, 53.86532807365478], [28.904436473888776, 53.87307487301522], [28.941020154672206, 53.88081055279908], [28.97761736556911, 53.888535105737205], [29.014228095919012, 53.896248524564676], [29.05085233501801, 53.9039508020209], [29.087490072118833, 53.911641930849605], [29.124141296430746, 53.91932190379887], [29.160805997119546, 53.92699071362116], [29.19748416330755, 53.93464835307337], [29.234175784073546, 53.94229481491681], [29.270880848452784, 53.94993009191728], [29.307599345436934, 53.95755417684503], [29.344331263974055, 53.96516706247487], [29.381076592968622, 53.97276874158612], [29.417835321281427, 53.98035920696273], [29.454607437729603, 53.98793845139319], [29.491392931086587, 53.99550646767065], [29.528191790082094, 54.00306324859291], [29.565004003402077, 54.01060878696245], [29.601829559688763, 54.018143075586465], [29.63866844754053, 54.025666107276884], [29.675520655511995, 54.0331778748504], [29.712386172113895, 54.0406783711285], [29.749264985813117, 54.04816758893749], [29.786157085032677, 54.05564552110852], [29.823062458151668, 54.063112160477615], [29.859981093505272, 54.070567499885726], [29.896912979384705, 54.0780115321787], [29.933858104037235, 54.08544425020737], [29.970816455666085, 54.0928656468275], [30.007788022430546, 54.10027571489993], [30.044772792445812, 54.10767444729054], [30.08177075378305, 54.11506183687022], [30.11878189446934, 54.122437876515], [30.155806202487682, 54.12980255910604], [30.19284366577696, 54.137155877529615], [30.22989427223192, 54.1444978246772], [30.26695800970318, 54.15182839344548], [30.304034865997135, 54.15914757673638], [30.341124828876048, 54.166455367457054], [30.378227886057974, 54.17375175852], [30.4153440252167, 54.18103674284299], [30.452473233981816, 54.18831031334916], [30.489615499938626, 54.195572462967], [30.52677081062818, 54.202823184630454], [30.563939153547228, 54.21006247127883], [30.601120516148214, 54.217290315856935], [30.638314885839236, 54.22450671131505], [30.67552224998411, 54.231711650608986], [30.712742595902224, 54.23890512670007], [30.749975910868656, 54.24608713255522], [30.78722218211406, 54.25325766114693], [30.824481396824712, 54.26041670545336], [30.86175354214247, 54.267564258458286], [30.89903860516476, 54.27470031315118], [30.936336572944573, 54.28182486252722], [30.973647432490424, 54.28893789958735], [31.010971170766393, 54.296039417338264], [31.048307774692066, 54.303129408792415], [31.08565723114252, 54.31020786696815], [31.123019526948347, 54.31727478488963], [31.160394648895608, 54.32433015558688], [31.19778258372585, 54.331373972095854], [31.23518331813606, 54.33840622745846], [31.272596838778686, 54.345426914722566], [31.31002313226162, 54.35243602694199], [31.34746218514816, 54.35943355717663], [31.384913983957045, 54.36641949849241], [31.42237851516241, 54.37339384396134], [31.4598557651938, 54.38035658666152], [31.497345720436112, 54.38730771967721], [31.534848367229685, 54.39424723609881], [31.572363691870166, 54.40117512902294], [31.6098916806086, 54.408091391552446], [31.647432319651394, 54.41499601679637], [31.684985595160285, 54.42188899787012], [31.722551493252347, 54.42877032789533], [31.760130000000004, 54.43564]]}, "properties": {"fa_flight_id": "RA65996-1645084547-adhoc-0", "registration": "RA-65996", "ident": "RA-65996", "ident_icao": NaN, "origin_code": "L 53.69210 28.06677", "origin_city": "Minsk", "destination_code": "L 54.43564 31.76013", "destination_city": "Vitebsk", "scheduled_out": NaN, "estimated_out": NaN, "actual_out": NaN, "scheduled_off": "2022-02-17T07:55:47Z", "estimated_off": "2022-02-17T07:55:47Z", "actual_off": "2022-02-17T07:55:47Z", "scheduled_on": NaN, "estimated_on": NaN, "actual_on": "2022-02-17T07:55:47Z", "scheduled_in": NaN, "estimated_in": NaN, "actual_in": NaN, "status": "result unknown", "route_distance": NaN, "diverted": false, "cancelled": false, "simplified_departure_date": "2022-02-17", "origin_coords": [53.6921, 28.06677], "destination_coords": [54.43564, 31.76013], "is_same_city": false}}, {"type": "Feature", "geometry": {"type": "LineString", "coordinates": [[38.27708, 55.73142999999999], [38.163321936939276, 55.71699608773748], [38.04964822370794, 55.70245713305859], [37.93605936206189, 55.68781327131783], [37.82255585078583, 55.67306463861558], [37.70913818568386, 55.65821137179248], [37.59580685957005, 55.643253608423535], [37.4825623622594, 55.62819148681241], [37.369405180559106, 55.61302514598569], [37.25633579825981, 55.59775472568701], [37.14335469612736, 55.58238036637132], [37.03046235189456, 55.56690220919904], [36.917659240253414, 55.55132039603025], [36.80494583284729, 55.53563506941883], [36.69232259826361, 55.519846372606644], [36.57979000202655, 55.50395444951767], [36.46734850659012, 55.48795944475216], [36.354998571331365, 55.47186150358074], [36.24274065254387, 55.45566077193856], [36.13057520343149, 55.439357396419396], [36.01850267410218, 55.42295152426974], [35.90652351156225, 55.406443303382964], [35.794638159710715, 55.38983288229335], [35.682847059333916, 55.37312041017022], [35.571150648100314, 55.35630603681201], [35.45954936055559, 55.33938991264034], [35.348043628117885, 55.32237218869413], [35.236633879073324, 55.305253016623666], [35.12532053857173, 55.28803254868461], [35.01410402862255, 55.27071093773218], [34.90298476809103, 55.253288337215125], [34.79196317269462, 55.235764901169865], [34.681039654999495, 55.21814078421448], [34.5702146244174, 55.200416141542846], [34.45948848720273, 55.182591128918645], [34.34886164644967, 55.16466590266952], [34.23833450208973, 55.146640619680994], [34.12790745088935, 55.12851543739071], [34.01758088644784, 55.110290513782346], [33.90735519919538, 55.091966007379824], [33.79723077639139, 55.073542077241235], [33.687208002123, 55.05501888295312], [33.577287257303745, 55.0363965846243], [33.4674689196725, 55.0176753428802], [33.357753363792575, 54.998855318856776], [33.248140961051064, 54.97993667419466], [33.13863207965832, 54.96091957103331], [33.02922708464773, 54.94180417200503], [32.91992633787559, 54.92259064022914], [32.81073019802123, 54.90327913930606], [32.70163902058736, 54.883869833311465], [32.592653157900536, 54.86436288679038], [32.48377295911186, 54.844758464751344], [32.37499877019794, 54.82505673266055], [32.2663309339619, 54.80525785643601], [32.157769790034685, 54.7853620024417], [32.04931567487653, 54.765369337481715], [31.940968921778584, 54.74528002879453], [31.83272986086479, 54.7250942440471], [31.724598819093842, 54.70481215132909], [31.616576120261474, 54.68443391914714], [31.508662085002737, 54.663959716419015], [31.400857030794626, 54.643389712467894], [31.29316127195883, 54.62272407701656], [31.18557511966461, 54.60196298018172], [31.07809888193189, 54.58110659246824], [30.97073286363457, 54.56015508476344], [30.863477366503915, 54.539108628331356], [30.75633268913217, 54.51796739480715], [30.649299126976366, 54.49673155619128], [30.542376972362234, 54.475401284843954], [30.435566514488308, 54.45397675347947], [30.328868039430258, 54.43245813516053], [30.222281830145246, 54.410845603292664], [30.11580816647655, 54.38913933161861], [30.009447325158398, 54.36733949421269], [29.90319957982076, 54.34544626547537], [29.797065200994506, 54.32345982012749], [29.69104445611659, 54.301380333204946], [29.585137609535455, 54.27920798005301], [29.479344922516564, 54.256942936320876], [29.37366665324806, 54.234585377956186], [29.268103056846613, 54.212135481199525], [29.162654385363375, 54.189593422579044], [29.057320887790137, 54.166959378904906], [28.952102810065565, 54.14423352726395], [28.847000395081622, 54.12141604501428], [28.742013882690078, 54.09850710977987], [28.637143509709276, 54.07550689944521], [28.53238950993084, 54.05241559214997], [28.427752114126733, 54.029233366283684], [28.323231550056295, 54.00596040048041], [28.21882804247346, 53.982596873613524], [28.114541813134164, 53.95914296479033], [28.010373080803728, 53.935598853346995], [27.906322061264564, 53.91196471884316], [27.802388967323868, 53.88824074105685], [27.698574008821446, 53.864427099979245], [27.594877392637738, 53.84052397580957], [27.4912993227019, 53.81653154894986], [27.38784, 53.79245]]}, "properties": {"fa_flight_id": "RA65996-1645074711-adhoc-0", "registration": "RA-65996", "ident": "RA-65996", "ident_icao": NaN, "origin_code": "L 55.73143 38.27708", "origin_city": "Moscow", "destination_code": "L 53.79245 27.38784", "destination_city": "Minsk", "scheduled_out": NaN, "estimated_out": NaN, "actual_out": NaN, "scheduled_off": "2022-02-17T05:11:51Z", "estimated_off": "2022-02-17T05:11:51Z", "actual_off": "2022-02-17T05:11:51Z", "scheduled_on": NaN, "estimated_on": NaN, "actual_on": "2022-02-17T05:11:51Z", "scheduled_in": NaN, "estimated_in": NaN, "actual_in": NaN, "status": "result unknown", "route_distance": NaN, "diverted": false, "cancelled": false, "simplified_departure_date": "2022-02-17", "origin_coords": [55.73143, 38.27708], "destination_coords": [53.79245, 27.38784], "is_same_city": false}}]}