{"type": "FeatureCollection", "features": [{"type": "Feature", "geometry": {"type": "LineString", "coordinates": [[10.928940000000003, 50.44160999999999], [11.161650930489154, 50.524443614582914], [11.39517795813925, 50.60681177466735], [11.629521701042384, 50.688711479471515], [11.864682701069594, 50.77013972052138], [12.100661422508189, 50.851093481929524], [12.337458250696036, 50.931569740681354], [12.575073490653411, 51.01156546692854], [12.813507365713047, 51.09107762428954], [13.052760016149005, 51.17010317015769], [13.292831497805059, 51.2486390560165], [13.533721780723297, 51.3266822277625], [13.775430747773601, 51.404229626035345], [14.017958193284741, 51.48127818655555], [14.261303821677869, 51.55782484046966], [14.505467246103164, 51.633866514702994], [14.750447987080376, 51.70940013231996], [14.996245471144105, 51.7844226128918], [15.242859029494666, 51.858930872872094], [15.490287896655321, 51.93292182597977], [15.738531209136793, 52.006392383589734], [15.987588004109929, 52.07933945513107], [16.237457218087393, 52.15175994849287], [16.488137685615342, 52.22365077043762], [16.73962813797598, 52.29500882702222], [16.991927201901973, 52.365831024026406], [17.245033398303697, 52.43611426738889], [17.49894514101027, 52.50585546365084], [17.753660735525408, 52.5750515204069], [18.00917837779911, 52.64369934676361], [18.2654961530162, 52.71179585380519], [18.522612034402783, 52.77933795506666], [18.780523882051643, 52.84632256701417], [19.039229441767702, 52.9127466095326], [19.298726343934632, 52.97860700642025], [19.55901210240361, 53.0439006858905], [19.8200841134055, 53.108624581080626], [20.08193965448741, 53.17277563056725], [20.344575883474835, 53.23635077888875], [20.607989837460575, 53.299346977074194], [20.87217843182137, 53.36176118317902], [21.137138459263667, 53.423590362826964], [21.402866588899457, 53.484831489758385], [21.669359365353408, 53.545481546384856], [21.936613207902504, 53.60553752434963], [22.204624409649277, 53.66499642509422], [22.473389136729818, 53.72385526043049], [22.742903427557728, 53.78211105311857], [23.01316319210517, 53.83976083745001], [23.28416421122217, 53.89680165983626], [23.555902135995293, 53.953230579402266], [23.82837248714689, 54.00904466858481], [24.101570654475978, 54.06424101373564], [24.375491896341938, 54.118816715729054], [24.650131339192157, 54.1727688905737], [24.925483977134586, 54.226094670028466], [25.20154467155646, 54.27879120222215], [25.478308150790237, 54.33085565227684], [25.755769009827635, 54.38228520293439], [26.03392171008306, 54.43307705518632], [26.31276057920722, 54.483228428906244], [26.592279810952075, 54.53273656348514], [26.872473465088007, 54.581598718468804], [27.153335467374177, 54.629812174197355], [27.434859609583054, 54.67737423244652], [27.71703954957983, 54.72428221707041], [27.99986881145784, 54.77053347464552], [28.283340785730573, 54.81612537511546], [28.56744872958127, 54.86105531243648], [28.85218576717066, 54.905320705223], [29.13754489000383, 54.948918997393406], [29.423518957356613, 54.991847658815175], [29.710100696762403, 55.034104185949495], [29.997282704559783, 55.07568610249484], [30.28505744650181, 55.116590960028994], [30.57341725842714, 55.15681633864966], [30.86235434699366, 55.19635984761276], [31.15186079047512, 55.23521912596852], [31.441928539620942, 55.273391843194624], [31.732549418579687, 55.31087569982648], [32.02371512588638, 55.34766842808381], [32.315417235513955, 55.383767792493515], [32.60764719798898, 55.41917159050835], [32.900396341571785, 55.45387765312101], [33.19365587350094, 55.487883845473355], [33.48741688130234, 55.521188067460216], [33.781670334162555, 55.55378825432764], [34.07640708436654, 55.58568237726515], [34.37161786879934, 55.61686844399146], [34.66729331051175, 55.64734449933351], [34.96342392034956, 55.67710862579836], [35.26000009864592, 55.706158944137556], [35.557012136976496, 55.73449361390362], [35.854450219977096, 55.76211083399825], [36.15230442722283, 55.78900884321208], [36.45056473516852, 55.815185920755226], [36.749221019149665, 55.84064038677877], [37.04826305544302, 55.865370602886316], [37.3476805233862, 55.889374972635764], [37.647463007555366, 55.9126519420305], [37.9476, 55.935199999999995]]}, "properties": {"fa_flight_id": "8493RFF-1491303536-adhoc-0", "registration": "RA-86906", "ident": "8493RFF", "ident_icao": NaN, "origin_code": "L 50.44161 10.92894", "origin_city": "Erfurt", "destination_code": "L 55.93520 37.94760", "destination_city": "Moscow", "scheduled_out": NaN, "estimated_out": NaN, "actual_out": NaN, "scheduled_off": "2017-04-04T10:58:56Z", "estimated_off": "2017-04-04T10:58:56Z", "actual_off": "2017-04-04T10:58:56Z", "scheduled_on": NaN, "estimated_on": NaN, "actual_on": "2017-04-04T10:58:56Z", "scheduled_in": NaN, "estimated_in": NaN, "actual_in": NaN, "status": "result unknown", "route_distance": NaN, "diverted": false, "cancelled": false, "simplified_departure_date": "2017-04-04", "origin_coords": [50.44161, 10.92894], "destination_coords": [55.9352, 37.9476], "is_same_city": false}}, {"type": "Feature", "geometry": {"type": "LineString", "coordinates": [[8.46659, 47.45453], [8.472502273887965, 47.4562958084041], [8.478414944844214, 47.45806131286857], [8.484328012851613, 47.459826513354216], [8.490241477892999, 47.46159140982183], [8.496155339951182, 47.46335600223218], [8.502069599008943, 47.46512029054606], [8.50798425504904, 47.46688427472426], [8.513899308054208, 47.46864795472759], [8.519814758007142, 47.47041133051678], [8.525730604890523, 47.47217440205267], [8.531646848687002, 47.47393716929604], [8.537563489379192, 47.47569963220768], [8.543480526949695, 47.477461790748364], [8.54939796138108, 47.479223644878886], [8.555315792655882, 47.480985194560056], [8.561234020756624, 47.482746439752646], [8.567152645665784, 47.48450738041745], [8.573071667365827, 47.48626801651527], [8.578991085839188, 47.488028348006885], [8.58491090106827, 47.4897883748531], [8.590831113035453, 47.4915480970147], [8.596751721723088, 47.49330751445249], [8.602672727113502, 47.49506662712723], [8.608594129188994, 47.49682543499976], [8.61451592793183, 47.498583938030826], [8.620438123324261, 47.50034213618128], [8.626360715348497, 47.50210002941187], [8.632283703986733, 47.503857617683394], [8.638207089221133, 47.50561490095669], [8.644130871033827, 47.50737187919251], [8.650055049406928, 47.50912855235167], [8.65597962432252, 47.510884920394965], [8.66190459576265, 47.512640983283184], [8.667829963709352, 47.51439674097714], [8.673755728144627, 47.516152193437634], [8.679681889050439, 47.517907340625435], [8.685608446408741, 47.519662182501364], [8.691535400201456, 47.52141671902624], [8.69746275041047, 47.52317095016083], [8.703390497017647, 47.52492487586595], [8.709318640004827, 47.5266784961024], [8.715247179353824, 47.52843181083097], [8.721176115046418, 47.53018482001249], [8.727105447064362, 47.53193752360773], [8.733035175389386, 47.533689921577505], [8.738965300003198, 47.53544201388263], [8.744895820887463, 47.5371938004839], [8.750826738023836, 47.53894528134211], [8.756758051393936, 47.540696456418075], [8.762689760979352, 47.542447325672605], [8.768621866761656, 47.54419788906649], [8.77455436872238, 47.54594814656055], [8.780487266843041, 47.547698098115596], [8.786420561105121, 47.54944774369242], [8.792354251490073, 47.55119708325183], [8.798288337979333, 47.55294611675465], [8.8042228205543, 47.55469484416166], [8.81015769919635, 47.5564432654337], [8.81609297388683, 47.55819138053157], [8.822028644607062, 47.55993918941607], [8.827964711338337, 47.561686692048], [8.833901174061927, 47.56343388838822], [8.839838032759062, 47.56518077839748], [8.845775287410955, 47.56692736203663], [8.851712937998801, 47.568673639266486], [8.857650984503744, 47.570419610047836], [8.863589426906918, 47.572165274341515], [8.869528265189428, 47.57391063210832], [8.875467499332345, 47.57565568330907], [8.881407129316717, 47.5774004279046], [8.887347155123566, 47.579144865855696], [8.893287576733883, 47.580888997123196], [8.899228394128636, 47.58263282166789], [8.905169607288759, 47.58437633945062], [8.911111216195168, 47.58611955043221], [8.917053220828741, 47.58786245457346], [8.922995621170335, 47.58960505183518], [8.928938417200785, 47.59134734217822], [8.934881608900884, 47.59308932556337], [8.940825196251412, 47.59483100195147], [8.946769179233108, 47.59657237130333], [8.952713557826698, 47.59831343357979], [8.95865833201287, 47.60005418874164], [8.964603501772286, 47.60179463674973], [8.97054906708559, 47.603534777564875], [8.976495027933385, 47.60527461114789], [8.982441384296253, 47.6070141374596], [8.988388136154752, 47.608753356460866], [8.994335283489404, 47.61049226811246], [9.000282826280712, 47.612230872375235], [9.006230764509148, 47.61396916921002], [9.012179098155151, 47.61570715857764], [9.018127827199145, 47.617444840438914], [9.024076951621517, 47.61918221475469], [9.030026471402625, 47.62091928148577], [9.035976386522808, 47.622656040593], [9.04192669696237, 47.6243924920372], [9.047877402701596, 47.62612863577922], [9.053828503720728, 47.62786447177988], [9.05978, 47.6296]]}, "properties": {"fa_flight_id": "RFF8493-1491292256-3-0-67", "registration": "RA-86906", "ident": "RFF8493", "ident_icao": "RFF8493", "origin_code": "L 47.45453 8.46659", "origin_city": "Zurich", "destination_code": "L 47.62960 9.05978", "destination_city": "Amlikon", "scheduled_out": NaN, "estimated_out": NaN, "actual_out": NaN, "scheduled_off": "2017-04-04T10:13:21Z", "estimated_off": "2017-04-04T10:13:21Z", "actual_off": "2017-04-04T10:13:21Z", "scheduled_on": NaN, "estimated_on": NaN, "actual_on": "2017-04-04T10:13:21Z", "scheduled_in": NaN, "estimated_in": NaN, "actual_in": NaN, "status": "result unknown", "route_distance": NaN, "diverted": false, "cancelled": false, "simplified_departure_date": "2017-04-04", "origin_coords": [47.45453, 8.46659], "destination_coords": [47.6296, 9.05978], "is_same_city": false}}, {"type": "Feature", "geometry": {"type": "LineString", "coordinates": [[13.13227, 52.16239], [13.081954019744973, 52.11596505483083], [13.031742756065938, 52.06951873906951], [12.98163586447832, 52.02305113279855], [12.93163300168415, 51.97656231574851], [12.881733825568846, 51.93005236729979], [12.831937995197986, 51.88352136648424], [12.782245170814097, 51.83696939198692], [12.732655013833401, 51.790396522147766], [12.683167186842562, 51.74380283496326], [12.63378135359544, 51.69718840808808], [12.584497179009823, 51.65055331883682], [12.535314329164144, 51.60389764418557], [12.486232471294214, 51.55722146077359], [12.437251273789936, 51.510524844905], [12.388370406191992, 51.463807872550305], [12.339589539188559, 51.41707061934811], [12.290908344612001, 51.370313160606685], [12.242326495435538, 51.32353557130557], [12.193843665769956, 51.27673792609723], [12.14545953086026, 51.229920299308574], [12.097173767082351, 51.18308276494257], [12.048986051939687, 51.13622539667983], [12.000896064059964, 51.08934826788019], [11.952903483191742, 51.042451451584206], [11.905007990201128, 50.99553502051481], [11.857209267068399, 50.948599047078744], [11.809506996884663, 50.90164360336822], [11.761900863848496, 50.85466876116234], [11.714390553262582, 50.80767459192867], [11.666975751530348, 50.7606611668248], [11.619656146152598, 50.71362855669976], [11.57243142572414, 50.6665768320956], [11.52530127993042, 50.61950606324888], [11.478265399544158, 50.572416320092074], [11.431323476421941, 50.52530767225516], [11.384475203500887, 50.478180189067054], [11.337720274795235, 50.43103393955705], [11.29105838539299, 50.38386899245629], [11.244489231452528, 50.336685416199266], [11.198012510199218, 50.289483278925196], [11.151627919922053, 50.242262648479496], [11.105335159970252, 50.19502359241521], [11.05913393074989, 50.14776617799446], [11.013023933720516, 50.10049047218976], [10.967004871391772, 50.0531965416856], [10.921076447320011, 50.005884452879705], [10.875238366104917, 49.95855427188447], [10.829490333386124, 49.91120606452837], [10.78383205583985, 49.863839896357355], [10.738263241175513, 49.816455832636166], [10.692783598132351, 49.76905393834978], [10.64739283647606, 49.7216342782047], [10.602090666995407, 49.674196916630365], [10.556876801498877, 49.626741917780485], [10.5117509528113, 49.5792693455344], [10.466712834770478, 49.53177926349835], [10.421762162223821, 49.48427173500689], [10.376898651025005, 49.43674682312416], [10.332122018030592, 49.38920459064521], [10.287431981096681, 49.341645100097324], [10.242828259075564, 49.29406841374133], [10.19831057181237, 49.24647459357286], [10.153878640141714, 49.19886370132366], [10.109532185884358, 49.15123579846293], [10.065270931843884, 49.10359094619846], [10.02109460180333, 49.05592920547807], [9.977002920521883, 49.00825063699078], [9.93299561373154, 48.960555301168036], [9.889072408133792, 48.91284325818507], [9.84523303139628, 48.865114567962074], [9.801477212149518, 48.81736929016543], [9.757804679983535, 48.769607484209004], [9.71421516544461, 48.7218292092553], [9.670708400031943, 48.67403452421676], [9.627284116194359, 48.62622348775689], [9.583942047327033, 48.578396158291575], [9.540681927768174, 48.53055259399017], [9.497503492795763, 48.4826928527768], [9.454406478624266, 48.434816992331506], [9.411390622401361, 48.386925070091365], [9.368455662204662, 48.33901714325178], [9.325601337038476, 48.291093268767646], [9.28282738683053, 48.24315350335439], [9.240133552428711, 48.19519790348929], [9.197519575597854, 48.14722652541254], [9.154985199016451, 48.09923942512839], [9.112530166273471, 48.05123665840641], [9.070154221865085, 48.00321828078243], [9.02785711119147, 47.95518434755985], [8.985638580553585, 47.9071349138107], [8.943498377149956, 47.85907003437674], [8.901436249073477, 47.81098976387062], [8.859451945308209, 47.76289415667693], [8.817545215726192, 47.71478326695338], [8.775715811084249, 47.666657148631856], [8.733963483020826, 47.61851585541949], [8.692287984052795, 47.57035944079979], [8.65068906757231, 47.52218795803374], [8.609166487843636, 47.47400146016077], [8.56772, 47.4258]]}, "properties": {"fa_flight_id": "RA86906-1491277163-adhoc-0", "registration": "RA-86906", "ident": "RA-86906", "ident_icao": NaN, "origin_code": "L 52.16239 13.13227", "origin_city": "Schonhagen", "destination_code": "L 47.42580 8.56772", "destination_city": "Zurich", "scheduled_out": NaN, "estimated_out": NaN, "actual_out": NaN, "scheduled_off": "2017-04-04T03:39:23Z", "estimated_off": "2017-04-04T03:39:23Z", "actual_off": "2017-04-04T03:39:23Z", "scheduled_on": NaN, "estimated_on": NaN, "actual_on": "2017-04-04T03:39:23Z", "scheduled_in": NaN, "estimated_in": NaN, "actual_in": NaN, "status": "result unknown", "route_distance": NaN, "diverted": false, "cancelled": false, "simplified_departure_date": "2017-04-04", "origin_coords": [52.16239, 13.13227], "destination_coords": [47.4258, 8.56772], "is_same_city": false}}, {"type": "Feature", "geometry": {"type": "LineString", "coordinates": [[40.41688, 51.59155], [40.39683025339738, 51.6340058457631], [40.37674293829246, 51.676458270723046], [40.3566179299231, 51.71890726324259], [40.336455103005584, 51.76135281163415], [40.31625433173203, 51.80379490415949], [40.296015489767655, 51.8462335290296], [40.275738450248035, 51.88866867440431], [40.255423085776435, 51.93110032839199], [40.23506926842105, 51.9735284790494], [40.214676869712235, 52.01595311438126], [40.19424576063977, 52.05837422234011], [40.17377581165002, 52.10079179082593], [40.153266892643174, 52.14320580768588], [40.13271887297041, 52.185616260714056], [40.112131621431054, 52.22802313765116], [40.091505006269706, 52.2704264261842], [40.07083889517342, 52.312826113946265], [40.05013315526874, 52.355222188516144], [40.029387653118846, 52.39761463741812], [40.00860225472065, 52.440003448121594], [39.987776825501754, 52.48238860804083], [39.96691123031761, 52.524770104534674], [39.946005333448475, 52.5671479249062], [39.92505899859641, 52.60952205640245], [39.90407208888231, 52.65189248621409], [39.88304446684283, 52.69425920147513], [39.861975994427375, 52.736622189262626], [39.84086653299498, 52.77898143659633], [39.819715943311294, 52.82133693043838], [39.79852408554538, 52.86368865769304], [39.7772908192667, 52.906036605206296], [39.75601600344189, 52.9483807597656], [39.73469949643164, 52.99072110809954], [39.71334115598746, 53.03305763687752], [39.69194083924858, 53.07539033270936], [39.67049840273862, 53.11771918214508], [39.649013702362424, 53.16004417167448], [39.62748659340277, 53.20236528772689], [39.605916930517104, 53.24468251667074], [39.584304567734236, 53.286995844813305], [39.56264935845103, 53.32930525840032], [39.540951155429035, 53.37161074361563], [39.51920981079116, 53.41391228658095], [39.4974251760183, 53.45620987335533], [39.475597101945894, 53.498503489934976], [39.45372543876056, 53.54079312225283], [39.431810035996584, 53.58307875617824], [39.40985074253255, 53.62536037751656], [39.38784740658776, 53.66763797200885], [39.365799875718785, 53.70991152533148], [39.34370799681593, 53.75218102309578], [39.32157161609969, 53.79444645084768], [39.299390579117144, 53.836707794067344], [39.27716473073844, 53.878965038168786], [39.25489391515309, 53.9212181684995], [39.23257797586639, 53.963467170340124], [39.21021675569578, 54.00571202890399], [39.187810096767095, 54.047952729336856], [39.165357840510914, 54.09018925671639], [39.14285982765881, 54.1324215960519], [39.12031589823964, 54.17464973228388], [39.09772589157573, 54.21687365028366], [39.075089646279075, 54.259093334853], [39.05240700024758, 54.30130877072365], [39.029677790661125, 54.34351994255707], [39.00690185397782, 54.3857268349439], [38.98407902592999, 54.42792943240367], [38.96120914152032, 54.470127719384294], [38.93829203501798, 54.512321680261735], [38.91532753995451, 54.554511299339545], [38.89231548911998, 54.59669656084855], [38.8692557145589, 54.638877448946275], [38.84614804756622, 54.68105394771667], [38.82299231868321, 54.72322604116961], [38.799788357693465, 54.76539371324053], [38.7765359936187, 54.80755694778991], [38.75323505471469, 54.849715728602945], [38.72988536846705, 54.89187003938904], [38.70648676158705, 54.934019863781415], [38.68303906000746, 54.976165185336626], [38.659542088878226, 55.018305987534205], [38.63599567256226, 55.06044225377612], [38.61239963463112, 55.10257396738637], [38.58875379786069, 55.144701111610566], [38.56505798422683, 55.18682366961539], [38.54131201490101, 55.22894162448829], [38.51751571024591, 55.271054959236835], [38.49366888981097, 55.31316365678837], [38.46977137232793, 55.355267699989575], [38.44582297570638, 55.39736707160587], [38.4218235170292, 55.43946175432109], [38.397772812548055, 55.48155173073686], [38.37367067767878, 55.523636983372285], [38.34951692699683, 55.56571749466334], [38.3253113742326, 55.607793246962395], [38.301053832266824, 55.649864222537815], [38.276744113125844, 55.691930403573366], [38.25238202797687, 55.733991772167805], [38.22796738712334, 55.776048310334296], [38.203500000000005, 55.8181]]}, "properties": {"fa_flight_id": "RA86906-1500883379-adhoc-0", "registration": "RA-86906", "ident": "RA-86906", "ident_icao": NaN, "origin_code": "L 51.59155 40.41688", "origin_city": "Moscow", "destination_code": "L 55.81810 38.20350", "destination_city": "Moscow", "scheduled_out": NaN, "estimated_out": NaN, "actual_out": NaN, "scheduled_off": "2017-07-24T08:02:59Z", "estimated_off": "2017-07-24T08:02:59Z", "actual_off": "2017-07-24T08:02:59Z", "scheduled_on": NaN, "estimated_on": NaN, "actual_on": "2017-07-24T08:02:59Z", "scheduled_in": NaN, "estimated_in": NaN, "actual_in": NaN, "status": "result unknown", "route_distance": NaN, "diverted": false, "cancelled": false, "simplified_departure_date": "2017-07-24", "origin_coords": [51.59155, 40.41688], "destination_coords": [55.8181, 38.2035], "is_same_city": false}}, {"type": "Feature", "geometry": {"type": "LineString", "coordinates": [[37.95361, 55.99697], [37.966128846623285, 56.00232407568969], [37.97865116233582, 56.00767688300352], [37.99117694797581, 56.013028421334305], [38.0037062043809, 56.01837869007459], [38.01623893238824, 56.02372768861673], [38.02877513283442, 56.02907541635281], [38.041314806555505, 56.03442187267469], [38.053857954387, 56.039767056974], [38.066404577163894, 56.04511096864212], [38.078954675720624, 56.05045360707021], [38.091508250891096, 56.055794971649156], [38.10406530350864, 56.061135061769676], [38.11662583440607, 56.066473876822165], [38.129189844415656, 56.07181141619687], [38.14175733436909, 56.077147679283726], [38.15432830509756, 56.08248266547249], [38.166902757431664, 56.08781637415265], [38.17948069220145, 56.093148804713444], [38.19206211023645, 56.09847995654392], [38.2046470123656, 56.10380982903284], [38.2172353994173, 56.10913842156879], [38.229827272219396, 56.11446573354004], [38.24242263159916, 56.11979176433469], [38.25502147838331, 56.1251165133406], [38.267623813398025, 56.13043997994535], [38.2802296374689, 56.13576216353633], [38.29283895142096, 56.14108306350064], [38.305451756078675, 56.146402679225226], [38.31806805226596, 56.151721010096715], [38.33068784080614, 56.157038055501545], [38.34331112252199, 56.16235381482591], [38.35593789823571, 56.167668287455776], [38.36856816876892, 56.17298147277686], [38.38120193494265, 56.17829337017463], [38.39383919757742, 56.183603979034324], [38.406479957493126, 56.188913298741014], [38.419124215509065, 56.19422132867943], [38.431771972444004, 56.19952806823412], [38.44442322911612, 56.20483351678941], [38.45707798634298, 56.21013767372936], [38.469736244941615, 56.215440538437825], [38.48239800572841, 56.220742110298374], [38.49506326951924, 56.2260423886944], [38.50773203712934, 56.23134137300904], [38.52040430937336, 56.236639062625166], [38.5330800870654, 56.24193545692547], [38.545759371018924, 56.247230555292354], [38.55844216204683, 56.25252435710804], [38.57112846096141, 56.257816861754456], [38.58381826857439, 56.26310806861334], [38.59651158569686, 56.26839797706619], [38.609208413139335, 56.27368658649425], [38.621908751711736, 56.27897389627854], [38.63461260222337, 56.28425990579986], [38.64731996548296, 56.28954461443873], [38.660030842298596, 56.29482802157549], [38.67274523347781, 56.30011012659022], [38.68546313982748, 56.30539092886277], [38.69818456215392, 56.31067042777273], [38.71090950126281, 56.31594862269952], [38.72363795795923, 56.32122551302225], [38.736369933047634, 56.326501098119856], [38.7491054273319, 56.331775377370995], [38.76184444161524, 56.337048350154134], [38.77458697670031, 56.34232001584746], [38.78733303338911, 56.347590373828965], [38.80008261248304, 56.35285942347639], [38.81283571478285, 56.35812716416722], [38.82559234108872, 56.363393595278765], [38.83835249220018, 56.36865871618805], [38.85111616891612, 56.37392252627188], [38.863883372034856, 56.37918502490684], [38.87665410235402, 56.384446211469246], [38.88942836067064, 56.38970608533524], [38.90220614778116, 56.39496464588067], [38.91498746448133, 56.40022189248119], [38.92777231156627, 56.40547782451221], [38.94056068983053, 56.41073244134889], [38.95335260006795, 56.41598574236619], [38.966148043071804, 56.4212377269388], [38.97894701963468, 56.42648839444122], [38.99174953054853, 56.43173774424766], [39.0045555766047, 56.436985775732175], [39.01736515859386, 56.4422324882685], [39.030178277306064, 56.447477881230206], [39.04299493353069, 56.452721953990604], [39.05581512805652, 56.457964705922755], [39.068638861671644, 56.46320613639953], [39.081466135163524, 56.468446244793526], [39.09429694931896, 56.47368503047712], [39.10713130492412, 56.4789224928225], [39.1199692027645, 56.484158631201545], [39.132810643624964, 56.48939344498595], [39.1456556282897, 56.494626933547195], [39.15850415754225, 56.49985909625646], [39.1713562321655, 56.50508993248477], [39.184211852941665, 56.51031944160287], [39.19707102065232, 56.51554762298127], [39.20993373607835, 56.5207744759903], [39.2228, 56.526]]}, "properties": {"fa_flight_id": "RA86906-1510144882-adhoc-0", "registration": "RA-86906", "ident": "RA-86906", "ident_icao": NaN, "origin_code": "L 55.99697 37.95361", "origin_city": "Moscow", "destination_code": "L 56.52600 39.22280", "destination_city": "Yaroslavl Oblast", "scheduled_out": NaN, "estimated_out": NaN, "actual_out": NaN, "scheduled_off": "2017-11-08T12:41:22Z", "estimated_off": "2017-11-08T12:41:22Z", "actual_off": "2017-11-08T12:41:22Z", "scheduled_on": NaN, "estimated_on": NaN, "actual_on": "2017-11-08T12:41:22Z", "scheduled_in": NaN, "estimated_in": NaN, "actual_in": NaN, "status": "result unknown", "route_distance": NaN, "diverted": false, "cancelled": false, "simplified_departure_date": "2017-11-08", "origin_coords": [55.99697, 37.95361], "destination_coords": [56.526, 39.2228], "is_same_city": false}}, {"type": "Feature", "geometry": {"type": "LineString", "coordinates": [[39.38294, 43.61117], [39.373462834936504, 43.733400520898705], [39.363946904455204, 43.855630255562204], [39.354391883324176, 43.9778591973891], [39.344797442925845, 44.10008733970918], [39.335163251211604, 44.22231467578245], [39.3254889726557, 44.344541198798325], [39.31577426820841, 44.46676690187458], [39.30601879524846, 44.588991778056425], [39.296222207534655, 44.71121582031549], [39.28638415515677, 44.83343902154885], [39.276504284485604, 44.95566137457799], [39.26658223812221, 45.07788287214782], [39.2566176548464, 45.20010350692552], [39.2466101695643, 45.32232327149964], [39.23655941325501, 45.44454215837882], [39.226465012916606, 45.56676015999084], [39.21632659151102, 45.688977268681434], [39.2061437679081, 45.81119347671317], [39.19591615682879, 45.933408776264294], [39.185643368787254, 46.05562315942752], [39.17532501003216, 46.177836618208865], [39.16496068248695, 46.300049144526476], [39.15454998368898, 46.42226073020926], [39.14409250672785, 46.54447136699578], [39.13358784018257, 46.66668104653287], [39.12303556805765, 46.78888976037441], [39.11243526971818, 46.91109749997993], [39.1017865198238, 47.03330425671331], [39.09108888826142, 47.15551002184142], [39.080341940077005, 47.2777147865327], [39.06954523540603, 47.39991854185576], [39.05869832940278, 47.52212127877793], [39.047800772168436, 47.64432298816382], [39.03685210867798, 47.76652366077379], [39.0258518787057, 47.888723287262515], [39.014799616749556, 48.010921858177305], [39.00369485195408, 48.133119363956695], [38.99253710803207, 48.25531579492872], [38.98132590318476, 48.37751114130937], [38.970060750020785, 48.49970539320091], [38.958741155473504, 48.62189854059021], [38.94736662071698, 48.744090573346995], [38.93593664108046, 48.866281481222146], [38.92445070596136, 48.988471253845915], [38.912908298736596, 49.11065988072611], [38.90130889667246, 49.23284735124628], [38.889651970832745, 49.355033654663806], [38.87793698598534, 49.47721878010804], [38.86616340050708, 49.59940271657834], [38.854330666286835, 49.7215854529421], [38.84243822862693, 49.84376697793276], [38.83048552614269, 49.965947280147745], [38.81847199066021, 50.088126348046345], [38.80639704711216, 50.210304169947676], [38.79426011343184, 50.33248073402846], [38.78206060044507, 50.4546560283208], [38.76979791176027, 50.576830040710036], [38.75747144365636, 50.69900275893235], [38.74508058496867, 50.821174170572554], [38.73262471697266, 50.94334426306157], [38.72010321326552, 51.06551302367417], [38.707515439645455, 51.18768043952644], [38.694860753988834, 51.30984649757328], [38.682138506124815, 51.43201118460584], [38.669348037707856, 51.554174487248964], [38.656488682087534, 51.676336391958486], [38.643559764176075, 51.79849688501856], [38.63056060031323, 51.92065595253892], [38.617490498128646, 52.04281358045201], [38.60434875640153, 52.164969754510196], [38.59113466491757, 52.28712446028281], [38.57784750432316, 52.40927768315318], [38.56448654597678, 52.531429408315574], [38.55105105179738, 52.65357962077223], [38.53754027410994, 52.775728305330006], [38.52395345548786, 52.89787544659736], [38.51028982859233, 53.02002102898093], [38.4965486160085, 53.142165036682286], [38.48272903007839, 53.26430745369449], [38.468830272730514, 53.386448263798584], [38.454851535306034, 53.50858745056014], [38.44079199838147, 53.6307249973255], [38.426650831587885, 53.75286088721823], [38.41242719342637, 53.8749951031353], [38.39812023107976, 53.9971276277432], [38.383729080220654, 54.119258443474074], [38.369252864815394, 54.24138753252171], [38.35469069692412, 54.36351487683746], [38.340041676496675, 54.485640458126085], [38.32530489116432, 54.60776425784145], [38.31047941602723, 54.72988625718231], [38.29556431343739, 54.8520064370877], [38.280558632777215, 54.97412477823258], [38.26546141023339, 55.09624126102312], [38.25027166856602, 55.21835586559205], [38.23498841687293, 55.3404685717938], [38.21961065034904, 55.46257935919963], [38.204137350040554, 55.584688207092576], [38.188567482594024, 55.706795094462315], [38.172900000000006, 55.8289]]}, "properties": {"fa_flight_id": "RA86906-1538640026-adhoc-0", "registration": "RA-86906", "ident": "RA-86906", "ident_icao": NaN, "origin_code": "L 43.61117 39.38294", "origin_city": NaN, "destination_code": "L 55.82890 38.17290", "destination_city": "Moscow", "scheduled_out": NaN, "estimated_out": NaN, "actual_out": NaN, "scheduled_off": "2018-10-04T08:00:26Z", "estimated_off": "2018-10-04T08:00:26Z", "actual_off": "2018-10-04T08:00:26Z", "scheduled_on": NaN, "estimated_on": NaN, "actual_on": "2018-10-04T08:00:26Z", "scheduled_in": NaN, "estimated_in": NaN, "actual_in": NaN, "status": "result unknown", "route_distance": NaN, "diverted": false, "cancelled": false, "simplified_departure_date": "2018-10-04", "origin_coords": [43.61117, 39.38294], "destination_coords": [55.8289, 38.1729], "is_same_city": false}}, {"type": "Feature", "geometry": {"type": "LineString", "coordinates": [[38.08426, 55.73554], [38.098569594961965, 55.6141722051791], [38.11279087773675, 55.49280275498141], [38.12692478861393, 55.37143166705446], [38.14097225484169, 55.25005895880068], [38.15493419085311, 55.128684647381576], [38.168811498487756, 55.00730874972194], [38.1826050672087, 54.885931282513916], [38.1963157743151, 54.764552262221], [38.209944485150416, 54.64317170508199], [38.223492053306316, 54.52178962711483], [38.23695932082256, 54.40040604412031], [38.25034711838266, 54.2790209716858], [38.26365626550581, 54.157634425188895], [38.27688757073464, 54.03624641980088], [38.29004183181954, 53.91485697049021], [38.303119835899054, 53.793466092025966], [38.31612235967672, 53.67207379898115], [38.32905016959453, 53.55068010573592], [38.34190402200276, 53.429285026480805], [38.35468466332655, 53.30788857521988], [38.367392830229235, 53.18649076577378], [38.38002924977237, 53.06509161178277], [38.392594639572714, 52.94369112670962], [38.405089707956115, 52.82228932384262], [38.41751515410843, 52.70088621629828], [38.4298716682234, 52.579481817024224], [38.44215993164792, 52.458076138801886], [38.45438061702426, 52.33666919424915], [38.466534388429714, 52.21526099582304], [38.47862190151347, 52.09385155582226], [38.490643803630974, 51.97244088638971], [38.50260073397567, 51.85102899951504], [38.51449332370829, 51.729615907036916], [38.52632219608361, 51.608201620645616], [38.538087966575034, 51.48678615188524], [38.5497912429965, 51.365369512156], [38.56143262562244, 51.24395171271655], [38.57301270730533, 51.12253276468614], [38.58453207359108, 51.00111267904683], [38.59599130283225, 50.879691466645525], [38.6073909662993, 50.758269138196226], [38.61873162828964, 50.636845704281924], [38.630013846234746, 50.515421175356714], [38.64123817080537, 50.39399556174771], [38.652405146014694, 50.27256887365706], [38.663515309319735, 50.151141121163775], [38.67456919172083, 50.02971231422564], [38.6855673178594, 49.90828246268104], [38.696510206113814, 49.7868515762508], [38.70739836869372, 49.66541966453986], [38.718232311732486, 49.543986737039155], [38.729012535378146, 49.4225528031272], [38.73973953388265, 49.30111787207184], [38.750413795689525, 49.17968195303187], [38.76103580351998, 49.05824505505864], [38.77160603445761, 48.936807187097706], [38.782124960031375, 48.81536835799033], [38.79259304629735, 48.69392857647501], [38.803010753918876, 48.57248785118907], [38.81337853824546, 48.45104619067002], [38.82369684939016, 48.329603603357135], [38.833966132305754, 48.20816009759281], [38.84418682685945, 48.08671568162399], [38.85435936790647, 47.96527036360351], [38.864484185362215, 47.84382415159153], [38.874561704273304, 47.72237705355681], [38.884592344887345, 47.60092907737805], [38.89457652272149, 47.47948023084514], [38.90451464862995, 47.35803052166049], [38.91440712887014, 47.23657995744021], [38.92425436516796, 47.1151285457154], [38.9340567547818, 46.99367629393326], [38.94381469056548, 46.87222320945839], [38.95352856103031, 46.75076929957389], [38.96319875040581, 46.62931457148247], [38.97282563869971, 46.50785903230764], [38.98240960175677, 46.3864026890948], [38.99195101131672, 46.2649455488123], [39.00145023507117, 46.14348761835254], [39.010907636719594, 46.022028904532995], [39.02032357602451, 45.900569414097276], [39.02969840886557, 45.77910915371616], [39.03903248729286, 45.65764812998853], [39.04832615957938, 45.53618634944242], [39.057579770272596, 45.414723818535954], [39.06679366024511, 45.2932605436583], [39.07596816674467, 45.17179653113065], [39.085103623443246, 45.05033178720706], [39.0942003604853, 44.928866318075436], [39.10325870453542, 44.807400129858394], [39.11227897882499, 44.6859332286141], [39.121261503198355, 44.564465620337245], [39.130206594158004, 44.44299731095977], [39.139114564909235, 44.3215283063518], [39.14798572540401, 44.20005861232238], [39.156820382384126, 44.078588234620376], [39.1656188394237, 43.95711717893519], [39.1743813969711, 43.835645450897644], [39.18310835238999, 43.71417305608064], [39.19180000000001, 43.5927]]}, "properties": {"fa_flight_id": "RA86906-1538556705-adhoc-0", "registration": "RA-86906", "ident": "RA-86906", "ident_icao": NaN, "origin_code": "L 55.73554 38.08426", "origin_city": "Moscow", "destination_code": "L 43.59270 39.19180", "destination_city": NaN, "scheduled_out": NaN, "estimated_out": NaN, "actual_out": NaN, "scheduled_off": "2018-10-03T08:51:45Z", "estimated_off": "2018-10-03T08:51:45Z", "actual_off": "2018-10-03T08:51:45Z", "scheduled_on": NaN, "estimated_on": NaN, "actual_on": "2018-10-03T08:51:45Z", "scheduled_in": NaN, "estimated_in": NaN, "actual_in": NaN, "status": "result unknown", "route_distance": NaN, "diverted": false, "cancelled": false, "simplified_departure_date": "2018-10-03", "origin_coords": [55.73554, 38.08426], "destination_coords": [43.5927, 39.1918], "is_same_city": false}}, {"type": "Feature", "geometry": {"type": "LineString", "coordinates": [[36.9232, 51.87623], [36.93263675873837, 51.91681357767918], [36.942090592458385, 51.957396399405376], [36.95156155673719, 51.99797846270388], [36.96104970738498, 52.038559765089566], [36.970555100446134, 52.07914030406677], [36.980077792200525, 52.11972007712927], [36.98961783916471, 52.160299081760215], [36.99917529809319, 52.20087731543208], [37.00875022597972, 52.241454775606606], [37.0183426800585, 52.282031459734725], [37.02795271780548, 52.32260736525655], [37.03758039693966, 52.36318248960125], [37.047225775424344, 52.403756830187035], [37.056888911468455, 52.44433038442111], [37.06656986352785, 52.48490314969956], [37.07626869030664, 52.52547512340736], [37.08598545075844, 52.566046302918274], [37.09572020408784, 52.60661668559477], [37.105473009751584, 52.64718626878802], [37.11524392746004, 52.687755049837804], [37.1250330171785, 52.72832302607243], [37.13484033912855, 52.76889019480874], [37.14466595378946, 52.809456553351964], [37.15450992189956, 52.850022098995694], [37.1643723044576, 52.89058682902187], [37.17425316272422, 52.931150740700616], [37.184152558223296, 52.97171383129027], [37.194070552743355, 53.012276098037255], [37.204007208339064, 53.052837538176036], [37.213962587332624, 53.093398148929076], [37.223936752315204, 53.13395792750675], [37.233929766148414, 53.174516871107286], [37.2439416919658, 53.21507497691664], [37.25397259317424, 53.25563224210858], [37.2640225334555, 53.296188663844426], [37.27409157676771, 53.33674423927314], [37.28417978734682, 53.37729896553117], [37.294287229708175, 53.417852839742395], [37.30441396864803, 53.45840585901809], [37.31456006924501, 53.49895802045686], [37.32472559686176, 53.53950932114447], [37.334910617146406, 53.58005975815393], [37.34511519603417, 53.62060932854526], [37.355339399748914, 53.66115802936556], [37.36558329480475, 53.701705857648875], [37.3758469480076, 53.74225281041611], [37.38613042645683, 53.782798884674975], [37.39643379754683, 53.82334407741993], [37.406757128968685, 53.86388838563206], [37.417100488711746, 53.904431806279064], [37.42746394506536, 53.94497433631512], [37.43784756662044, 53.985515972680886], [37.44825142227117, 54.02605671230331], [37.458675581216724, 54.06659655209569], [37.469120112962884, 54.10713548895746], [37.479585087323784, 54.14767351977425], [37.49007057442358, 54.18821064141768], [37.50057664469824, 54.228746850745374], [37.51110336889724, 54.26928214460083], [37.5216508180853, 54.309816519813374], [37.53221906364415, 54.35034997319806], [37.5428081772743, 54.39088250155556], [37.553418230996854, 54.43141410167219], [37.56404929715523, 54.47194477031967], [37.57470144841704, 54.512474504255216], [37.58537475777583, 54.55300330022128], [37.59606929855302, 54.593531154945616], [37.606785144399616, 54.6340580651411], [37.617522369298165, 54.67458402750572], [37.628281047564556, 54.715109038722424], [37.63906125384994, 54.755633095459046], [37.6498630631426, 54.79615619436827], [37.66068655076983, 54.8366783320875], [37.671531792399946, 54.877199505238806], [37.682398864044096, 54.91771971042874], [37.69328784205827, 54.95823894424839], [37.704198803145246, 54.99875720327321], [37.71513182435654, 55.03927448406291], [37.726086983094426, 55.079790783161414], [37.7370643571139, 55.12030609709679], [37.74806402452468, 55.16082042238105], [37.75908606379327, 55.201333755510184], [37.77013055374495, 55.24184609296399], [37.78119757356584, 55.282357431206], [37.79228720280502, 55.32286776668341], [37.80339952137651, 55.36337709582693], [37.81453460956143, 55.403885415050745], [37.825692548010075, 55.4443927207524], [37.83687341774408, 55.48489900931266], [37.84807730015849, 55.52540427709554], [37.85930427702396, 55.56590852044802], [37.87055443048891, 55.6064117357001], [37.88182784308169, 55.64691391916464], [37.893124597712784, 55.68741506713723], [37.904444777677014, 55.72791517589618], [37.9157884666558, 55.76841424170235], [37.92715574871933, 55.808912260799026], [37.938546708328865, 55.84940922941189], [37.949961430339, 55.88990514374885], [37.9614, 55.9304]]}, "properties": {"fa_flight_id": "RA86906-1538498095-adhoc-0", "registration": "RA-86906", "ident": "RA-86906", "ident_icao": NaN, "origin_code": "L 51.87623 36.92320", "origin_city": "Moscow", "destination_code": "L 55.93040 37.96140", "destination_city": "Moscow", "scheduled_out": NaN, "estimated_out": NaN, "actual_out": NaN, "scheduled_off": "2018-10-02T16:34:55Z", "estimated_off": "2018-10-02T16:34:55Z", "actual_off": "2018-10-02T16:34:55Z", "scheduled_on": NaN, "estimated_on": NaN, "actual_on": "2018-10-02T16:34:55Z", "scheduled_in": NaN, "estimated_in": NaN, "actual_in": NaN, "status": "result unknown", "route_distance": NaN, "diverted": false, "cancelled": false, "simplified_departure_date": "2018-10-02", "origin_coords": [51.87623, 36.9232], "destination_coords": [55.9304, 37.9614], "is_same_city": false}}, {"type": "Feature", "geometry": {"type": "LineString", "coordinates": [[38.26979, 55.77671999999999], [38.247150374192806, 55.7442367078057], [38.22454841367118, 55.71174926057289], [38.20198401481302, 55.67925767026176], [38.179457074349386, 55.64676194878905], [38.15696748936303, 55.61426210802805], [38.13451515728709, 55.581758159809034], [38.112099975903554, 55.54925011591927], [38.089721843341984, 55.51673798810326], [38.067380658078015, 55.48422178806296], [38.04507631893208, 55.45170152745793], [38.022808725067954, 55.41917721790549], [38.00057777599138, 55.38664887098105], [37.97838337154875, 55.354116498218076], [37.9562254119257, 55.321580111108446], [37.934103797645776, 55.289039721102554], [37.91201842956908, 55.25649533960953], [37.889969208890925, 55.223946977997365], [37.867956037140466, 55.19139464759316], [37.84597881617947, 55.15883835968323], [37.82403744820083, 55.12627812551337], [37.802131835727415, 55.09371395628895], [37.78026188161059, 55.06114586317512], [37.758427489029074, 55.028573857297], [37.736628561487485, 54.99599794973984], [37.71486500281515, 54.96341815154921], [37.693136717164755, 54.93083447373112], [37.671443609011106, 54.898246927252266], [37.64978558314977, 54.86565552304015], [37.62816254469591, 54.83306027198326], [37.606574399082895, 54.800461184931244], [37.58502105206115, 54.767858272695065], [37.56350240969682, 54.73525154604722], [37.54201837837053, 54.70264101572183], [37.52056886477619, 54.67002669241484], [37.49915377591968, 54.637408586784176], [37.477773019117656, 54.60478670944997], [37.45642650199631, 54.57216107099462], [37.43511413249018, 54.53953168196302], [37.413835818840816, 54.506898552862715], [37.39259146959571, 54.47426169416404], [37.371380993607, 54.441621116300276], [37.35020430003029, 54.408976829667864], [37.32906129832345, 54.3763288446265], [37.307951898245406, 54.34367717149931], [37.28687600985498, 54.31102182057301], [37.26583354350967, 54.2783628020981], [37.24482440986453, 54.24570012628895], [37.223848519870934, 54.21303380332401], [37.202905784775425, 54.18036384334592], [37.18199611611861, 54.1476902564617], [37.1611194257339, 54.1150130527429], [37.14027562574644, 54.082332242225704], [37.11946462857193, 54.04964783491115], [37.098686346915486, 54.01695984076523], [37.0779406937705, 53.984268269719045], [37.057227582417504, 53.95157313166899], [37.03654692642305, 53.91887443647687], [37.01589863963861, 53.88617219397], [36.995282636199384, 53.85346641394149], [36.97469883052329, 53.820757106150246], [36.95414713730976, 53.78804428032119], [36.93362747153869, 53.75532794614537], [36.91313974846934, 53.72260811328017], [36.892683883639236, 53.68988479134931], [36.872259792863055, 53.6571579899432], [36.85186739223157, 53.62442771861887], [36.83150659811055, 53.59169398690023], [36.811177327139724, 53.55895680427822], [36.790879496231675, 53.52621618021085], [36.770613022570764, 53.493472124123464], [36.7503778236121, 53.46072464540876], [36.73017381708048, 53.42797375342703], [36.7100009209693, 53.39521945750621], [36.68985905353959, 53.36246176694207], [36.66974813331888, 53.32970069099835], [36.649668079100216, 53.296936238906866], [36.62961880994108, 53.26416841986765], [36.60960024516243, 53.2313972430491], [36.58961230434763, 53.19862271758812], [36.56965490734142, 53.16584485259018], [36.549727974248945, 53.133063657129576], [36.5298314254347, 53.100279140249434], [36.50996518152154, 53.06749131096192], [36.49012916338967, 53.03470017824832], [36.47032329217567, 53.00190575105924], [36.45054748927149, 52.9691080383146], [36.43080167632343, 52.936307048903956], [36.41108577523122, 52.90350279168642], [36.39139970814695, 52.87069527549097], [36.37174339747418, 52.83788450911642], [36.35211676586691, 52.80507050133167], [36.332519736228654, 52.77225326087574], [36.31295223171144, 52.73943279645796], [36.29341417571487, 52.706609116758045], [36.27390549188515, 52.673782230426255], [36.25442610411415, 52.640952146083464], [36.23497593653846, 52.60811887232137], [36.215554913538426, 52.57528241770252], [36.19616295973725, 52.54244279076049], [36.1768, 52.5096]]}, "properties": {"fa_flight_id": "RA86906-1538464622-adhoc-0", "registration": "RA-86906", "ident": "RA-86906", "ident_icao": NaN, "origin_code": "L 55.77672 38.26979", "origin_city": "Moscow", "destination_code": "L 52.50960 36.17680", "destination_city": "Moscow", "scheduled_out": NaN, "estimated_out": NaN, "actual_out": NaN, "scheduled_off": "2018-10-02T07:17:02Z", "estimated_off": "2018-10-02T07:17:02Z", "actual_off": "2018-10-02T07:17:02Z", "scheduled_on": NaN, "estimated_on": NaN, "actual_on": "2018-10-02T07:17:02Z", "scheduled_in": NaN, "estimated_in": NaN, "actual_in": NaN, "status": "result unknown", "route_distance": NaN, "diverted": false, "cancelled": false, "simplified_departure_date": "2018-10-02", "origin_coords": [55.77672, 38.26979], "destination_coords": [52.5096, 36.1768], "is_same_city": false}}, {"type": "Feature", "geometry": {"type": "LineString", "coordinates": [[37.619440000000004, 56.85355], [37.622971765033334, 56.844291298746754], [37.626501783255264, 56.83503249786363], [37.630030056126905, 56.825773597435045], [37.63355658510775, 56.81651459754531], [37.637081371655746, 56.807255498278636], [37.64060441722726, 56.797996299719145], [37.64412572327707, 56.788737001950885], [37.647645291258385, 56.779477605057785], [37.65116312262284, 56.770218109123704], [37.65467921882052, 56.760958514232385], [37.65819358129991, 56.75169882046751], [37.66170621150796, 56.742439027912646], [37.66521711089005, 56.73317913665127], [37.668726280889985, 56.72391914676677], [37.672233722950004, 56.71465905834245], [37.675739438510846, 56.70539887146152], [37.679243429011635, 56.69613858620709], [37.68274569588998, 56.686878202662164], [37.6862462405819, 56.677617720909716], [37.68974506452191, 56.66835714103256], [37.693242169142955, 56.659096463113464], [37.69673755587643, 56.64983568723506], [37.70023122615221, 56.64057481347995], [37.70372318139862, 56.63131384193061], [37.70721342304243, 56.62205277266941], [37.7107019525089, 56.61279160577867], [37.71418877122176, 56.60353034134057], [37.717673880603165, 56.59426897943725], [37.72115728207378, 56.585007520150754], [37.72463897705275, 56.57574596356299], [37.72811896695765, 56.56648430975583], [37.731597253204576, 56.55722255881103], [37.73507383720808, 56.54796071081025], [37.738548720381196, 56.5386987658351], [37.742021904135434, 56.52943672396704], [37.74549338988082, 56.52017458528749], [37.748963179025814, 56.51091234987776], [37.75243127297743, 56.501650017819095], [37.75589767314112, 56.49238758919261], [37.759362380920834, 56.48312506407937], [37.76282539771905, 56.473862442560325], [37.76628672493671, 56.46459972471635], [37.76974636397326, 56.45533691062824], [37.773204316226675, 56.446074000376676], [37.776660583093374, 56.436810994042276], [37.78011516596835, 56.427547891705565], [37.783568066245046, 56.41828469344697], [37.78701928531545, 56.40902139934685], [37.79046882457004, 56.399758009485424], [37.79391668539782, 56.39049452394292], [37.797362869186294, 56.38123094279938], [37.80080737732149, 56.37196726613481], [37.80425021118796, 56.362703494029134], [37.80769137216876, 56.353439626562164], [37.8111308616455, 56.344175663813644], [37.81456868099827, 56.3349116058632], [37.81800483160573, 56.325647452790434], [37.82143931484503, 56.31638320467479], [37.82487213209187, 56.30711886159569], [37.82830328472049, 56.2978544236324], [37.83173277410364, 56.28858989086417], [37.83516060161264, 56.279325263370126], [37.83858676861731, 56.270060541229306], [37.84201127648603, 56.26079572452068], [37.84543412658572, 56.251530813323136], [37.84885532028184, 56.242265807715434], [37.852274858938415, 56.2330007077763], [37.85569274391798, 56.223735513584344], [37.85910897658163, 56.214470225218115], [37.862523558289055, 56.205204842756046], [37.86593649039845, 56.19593936627653], [37.869347774266565, 56.18667379585782], [37.87275741124873, 56.17740813157811], [37.87616540269883, 56.168142373515536], [37.87957174996931, 56.1588765217481], [37.88297645441117, 56.14961057635376], [37.88637951737397, 56.14034453741037], [37.88978094020585, 56.13107840499571], [37.893180724253526, 56.12181217918746], [37.89657887086225, 56.11254586006322], [37.89997538137589, 56.103279447700544], [37.90337025713684, 56.094012942176846], [37.906763499486125, 56.08474634356949], [37.910155109763295, 56.075479651955746], [37.91354508930651, 56.066212867412794], [37.916933439452514, 56.056945990017766], [37.920320161536615, 56.04767901984764], [37.923705256892724, 56.03841195697941], [37.92708872685331, 56.02914480148991], [37.930470572749485, 56.01987755345591], [37.93385079591091, 56.0106102129541], [37.93722939766583, 56.00134278006108], [37.94060637934111, 55.99207525485341], [37.94398174226222, 55.98280763740752], [37.94735548775318, 55.973539927799756], [37.95072761713667, 55.96427212610642], [37.95409813173394, 55.955004232403695], [37.95746703286484, 55.945736246767716], [37.960834321847834, 55.9364681692745], [37.9642, 55.927200000000006]]}, "properties": {"fa_flight_id": "RA86906-1541770457-adhoc-0", "registration": "RA-86906", "ident": "RA-86906", "ident_icao": NaN, "origin_code": "L 56.85355 37.61944", "origin_city": "Moscow", "destination_code": "L 55.92720 37.96420", "destination_city": "Moscow", "scheduled_out": NaN, "estimated_out": NaN, "actual_out": NaN, "scheduled_off": "2018-11-09T13:34:17Z", "estimated_off": "2018-11-09T13:34:17Z", "actual_off": "2018-11-09T13:34:17Z", "scheduled_on": NaN, "estimated_on": NaN, "actual_on": "2018-11-09T13:34:17Z", "scheduled_in": NaN, "estimated_in": NaN, "actual_in": NaN, "status": "result unknown", "route_distance": NaN, "diverted": false, "cancelled": false, "simplified_departure_date": "2018-11-09", "origin_coords": [56.85355, 37.61944], "destination_coords": [55.9272, 37.9642], "is_same_city": false}}, {"type": "Feature", "geometry": {"type": "LineString", "coordinates": [[50.12231, 56.14323], [50.00069770612977, 56.14699583772653], [49.87906195570753, 56.150642236644025], [49.75740349737037, 56.15416915764953], [49.63572308072662, 56.157576562905334], [49.51402145632429, 56.16086441584105], [49.39229937561948, 56.16403268115543], [49.27055759094477, 56.16708132481838], [49.148796855477435, 56.170010314072606], [49.027017923207566, 56.17281961743543], [48.905221548906205, 56.17550920470044], [48.783408488093265, 56.17807904693905], [48.66157949700542, 56.180529116502115], [48.53973533256401, 56.1828593870213], [48.41787675234269, 56.185069833410545], [48.29600451453523, 56.187160431867355], [48.17411937792302, 56.18913115987409], [48.0522221018427, 56.19098199619912], [47.93031344615365, 56.19271292089801], [47.80839417120538, 56.19432391531453], [47.68646503780497, 56.195814962081656], [47.56452680718441, 56.1971860451225], [47.44258024096784, 56.198437149651184], [47.32062610113888, 56.1995682621736], [47.198665150007784, 56.20057937048809], [47.07669815017866, 56.20147046368621], [46.95472586451656, 56.202241532153174], [46.8327490561147, 56.202892567568476], [46.71076848826143, 56.20342356290625], [46.58878492440745, 56.203834512435705], [46.466799128132706, 56.20412541172139], [46.34481186311361, 56.20429625762347], [46.22282389308994, 56.204347048297834], [46.1008359818319, 56.20427778319625], [45.978848893107184, 56.20408846306638], [45.85686339064797, 56.203779089951695], [45.73488023811795, 56.203349667191446], [45.61290019907934, 56.202800199420416], [45.490924036959996, 56.20213069256873], [45.36895251502038, 56.20134115386148], [45.246986396320736, 56.200431591818365], [45.12502644368812, 56.19940201625328], [45.003073419683545, 56.19825243827374], [44.88112808656914, 56.1969828702803], [44.75919120627535, 56.19559332596589], [44.63726354036808, 56.19408382031513], [44.51534585001608, 56.192454369603496], [44.39343889595813, 56.19070499139644], [44.27154343847046, 56.18883570454849], [44.14966023733412, 56.18684652920225], [44.0277900518024, 56.1847374867873], [43.905933640568406, 56.18250860001907], [43.78409176173257, 56.18015989289766], [43.662265172770276, 56.17769139070657], [43.5404546304996, 56.17510312001127], [43.41866089104902, 56.17239510865795], [43.29688470982531, 56.16956738577186], [43.17512684148139, 56.166619981755964], [43.05338803988436, 56.163552928289164], [42.93166905808359, 56.16036625832473], [42.809970648278856, 56.157060006088514], [42.68829356178857, 56.15363420707714], [42.5666385490182, 56.15008889805617], [42.44500635942864, 56.146424117058125], [42.3233977415048, 56.14263990338051], [42.20181344272423, 56.13873629758373], [42.080254209525876, 56.13471334148893], [41.95872078727892, 56.130571078175876], [41.83721392025178, 56.12630955198057], [41.71573435158124, 56.12192880849306], [41.59428282324152, 56.11742889455494], [41.47286007601377, 56.11280985825696], [41.35146684945539, 56.10807174893648], [41.23010388186972, 56.103214617174885], [41.10877191027565, 56.09823851479495], [40.987471670377545, 56.09314349485818], [40.86620389653519, 56.08792961166192], [40.744969321733905, 56.08259692073669], [40.62376867755488, 56.07714547884312], [40.50260269414547, 56.071575343969194], [40.381472100189846, 56.06588657532703], [40.26037762287968, 56.060079233349974], [40.139319987884996, 56.054153379689375], [40.01829991932521, 56.04810907721144], [39.8973181397403, 56.04194638999395], [39.776375370062134, 56.035665383323], [39.65547232958603, 56.029266123689546], [39.53460973594239, 56.02274867878606], [39.41378830506854, 56.01611311750302], [39.293008751180764, 56.009359509925375], [39.17227178674652, 56.00248792732892], [39.051578122456775, 55.99549844217671], [38.93092846719857, 55.988391128115246], [38.81032352802777, 55.98116605997081], [38.689764010141985, 55.9738233137456], [38.56925061685365, 55.96636296661385], [38.44878404956333, 55.95878509691795], [38.32836500773326, 55.9510897841644], [38.20799418886098, 55.943277109019824], [38.08767228845322, 55.93534715330686], [37.967400000000005, 55.927299999999995]]}, "properties": {"fa_flight_id": "RA86906-1542362459-adhoc-0", "registration": "RA-86906", "ident": "RA-86906", "ident_icao": NaN, "origin_code": "L 56.14323 50.12231", "origin_city": "Kazan", "destination_code": "L 55.92730 37.96740", "destination_city": "Moscow", "scheduled_out": NaN, "estimated_out": NaN, "actual_out": NaN, "scheduled_off": "2018-11-16T10:00:59Z", "estimated_off": "2018-11-16T10:00:59Z", "actual_off": "2018-11-16T10:00:59Z", "scheduled_on": NaN, "estimated_on": NaN, "actual_on": "2018-11-16T10:00:59Z", "scheduled_in": NaN, "estimated_in": NaN, "actual_in": NaN, "status": "result unknown", "route_distance": NaN, "diverted": false, "cancelled": false, "simplified_departure_date": "2018-11-16", "origin_coords": [56.14323, 50.12231], "destination_coords": [55.9273, 37.9674], "is_same_city": false}}, {"type": "Feature", "geometry": {"type": "LineString", "coordinates": [[38.28587, 55.77173], [38.5055706411102, 55.80185157743323], [38.72560926119438, 55.83158091953819], [38.9459823076294, 55.86091698774707], [39.16668618400545, 55.88985875369755], [39.38771725036401, 55.91840519939526], [39.60907182344858, 55.946555317375804], [39.83074617696813, 55.9743081108659], [40.05273654187363, 56.001662593943834], [40.27503910664738, 56.028617791699084], [40.49765001760526, 56.05517274039104], [40.720565379212026, 56.08132648760688], [40.943781254409394, 56.1070780924183], [41.16729366495723, 56.132426625537356], [41.391098591787596, 56.157371169471176], [41.61519197537172, 56.18191081867547], [41.83956971609994, 56.206044679706814], [42.064227674674434, 56.22977187137378], [42.289161672514844, 56.25309152488664], [42.51436749217673, 56.27600278400578], [42.73984087778267, 56.298504805188536], [42.96557753546619, 56.320596757734734], [43.19157313382817, 56.34227782393055], [43.41782330440597, 56.36354719919084], [43.64432364215488, 56.38440409219978], [43.87106970594205, 56.40484772504978], [44.09805701905271, 56.42487733337874], [44.32528106970856, 56.44449216650534], [44.552737311598214, 56.46369148756259], [44.78042116441975, 56.48247457362938], [45.00832801443491, 56.50084071586012], [45.2364532150352, 56.5187892196122], [45.464792087319395, 56.53631940457163], [45.69333992068269, 56.55343060487628], [45.92209197341686, 56.57012216923715], [46.151043473321806, 56.58639346105722], [46.38018961832786, 56.602243858548185], [46.609525577128956, 56.61767275484479], [46.83904648982636, 56.632679558116735], [47.06874746858287, 56.64726369167824], [47.298623598287115, 56.661424594095116], [47.52866993722798, 56.675161719289314], [47.75888151777876, 56.68847453664084], [47.98925334709088, 56.701362531087234], [48.219780407797096, 56.71382520322023], [48.45045765872368, 56.72586206937982], [48.68128003561162, 56.73747266174554], [48.91224245184639, 56.74865652842506], [49.143339799196205, 56.759413233539874], [49.37456694855843, 56.76974235730818], [49.6059187507138, 56.779643496124926], [49.83739003708841, 56.78911626263883], [50.068975620523005, 56.798160285826576], [50.30067029604931, 56.80677521106393], [50.53246884167334, 56.814960700193836], [50.76436601916501, 56.822716431591594], [50.99635657485422, 56.83004210022674], [51.228435240432745, 56.83693741772206], [51.460596733761825, 56.84340211240929], [51.69283575968507, 56.849435929381755], [51.92514701084651, 56.85503863054382], [52.1575251685132, 56.86020999465711], [52.389964903402486, 56.86494981738352], [52.62246087651313, 56.86925791132496], [52.85500773996046, 56.87313410605993], [53.08760013781479, 56.8765782481767], [53.32023270694311, 56.879590201303245], [53.552900077853565, 56.88216984613392], [53.785596875542375, 56.88431708045274], [54.01831772034303, 56.886031819153374], [54.25105722877715, 56.887313994255834], [54.48381001440699, 56.8881635549197], [54.71657068868902, 56.88858046745415], [54.94933386182841, 56.88856471532453], [55.18209414363386, 56.88811629915558], [55.4148461443728, 56.88723523673129], [55.647584475626196, 56.885921562991534], [55.88030375114298, 56.88417533002506], [56.1129985876936, 56.88199660705941], [56.34566360592231, 56.879385480447326], [56.578293431198055, 56.876342053649886], [56.81088269446343, 56.87286644721623], [57.04342603308146, 56.86895879876006], [57.275918091679884, 56.86461926293269], [57.50835352299257, 56.859848011392934], [57.74072698869783, 56.85464523277362], [57.97303316025312, 56.8490111326448], [58.20526671972606, 56.84294593347381], [58.43742236062126, 56.836449874581945], [58.66949478870265, 56.82952321209806], [58.901478722811135, 56.822166218908905], [59.133368895677144, 56.81437918460619], [59.365160054727845, 56.806162415430684], [59.5968469628886, 56.79751623421305], [59.828424399378505, 56.78844098031157], [60.05988716049973, 56.778937009546915], [60.291230060420105, 56.76900469413378], [60.522447931949166, 56.758644422609436], [60.75353562730681, 56.7478565997595], [60.9844880188847, 56.73664164654057], [61.2153, 56.725]]}, "properties": {"fa_flight_id": "RA86906-1542272565-adhoc-0", "registration": "RA-86906", "ident": "RA-86906", "ident_icao": NaN, "origin_code": "L 55.77173 38.28587", "origin_city": "Moscow", "destination_code": "L 56.72500 61.21530", "destination_city": "Yekaterinburg", "scheduled_out": NaN, "estimated_out": NaN, "actual_out": NaN, "scheduled_off": "2018-11-15T09:02:45Z", "estimated_off": "2018-11-15T09:02:45Z", "actual_off": "2018-11-15T09:02:45Z", "scheduled_on": NaN, "estimated_on": NaN, "actual_on": "2018-11-15T09:02:45Z", "scheduled_in": NaN, "estimated_in": NaN, "actual_in": NaN, "status": "result unknown", "route_distance": NaN, "diverted": false, "cancelled": false, "simplified_departure_date": "2018-11-15", "origin_coords": [55.77173, 38.28587], "destination_coords": [56.725, 61.2153], "is_same_city": false}}, {"type": "Feature", "geometry": {"type": "LineString", "coordinates": [[38.207409999999996, 55.80720000000001], [38.27171422064956, 55.70109949841274], [38.335670191313156, 55.59496558214821], [38.399281060963496, 55.48879856372592], [38.462549942828744, 55.38259875194604], [38.52547991487947, 55.2763664519435], [38.58807402030811, 55.170101965241], [38.650335268001086, 55.063805589801206], [38.71226663300354, 54.95747762007805], [38.77387105697711, 54.85111834706721], [38.83515144865052, 54.74472805835566], [38.896110684263384, 54.638307038170524], [38.9567516080032, 54.53185556742695], [39.0170770324356, 54.42537392377544], [39.077089738928144, 54.31886238164803], [39.136792478067576, 54.21232121230414], [39.19618797007078, 54.105750683875314], [39.2552789051895, 53.999151061409385], [39.31406794410885, 53.89252260691391], [39.372557718339905, 53.7858655793989], [39.43075083060624, 53.67918023491877], [39.4886498552247, 53.5724668266137], [39.546257338480444, 53.46572560475026], [39.60357579899624, 53.358956816761456], [39.66060772809633, 53.25216070728602], [39.717355590164786, 53.14533751820714], [39.77382182299845, 53.03848748869056], [39.83000883815462, 52.931610855221976], [39.885919021293624, 52.824707851644035], [39.94155473251611, 52.71777870919252], [39.99691830669547, 52.610823656532055], [40.05201205380524, 52.50384291979129], [40.10683825924165, 52.396836722597406], [40.16139918414137, 52.289805286110166], [40.21569706569462, 52.18274882905544], [40.26973411745359, 52.07566756775808], [40.32351252963627, 51.968561716174406], [40.37703446942594, 51.86143148592411], [40.430302081266106, 51.754277086321665], [40.483317487151176, 51.64709872440731], [40.5360827869129, 51.539896604977415], [40.58860005850251, 51.432670930614485], [40.640871358268875, 51.3254219017167], [40.69289872123247, 51.21814971652688], [40.744684161355416, 51.11085457116114], [40.79622967180763, 51.00353665963702], [40.84753722522899, 50.8961961739012], [40.89860877398781, 50.788833303856784], [40.94944625043554, 50.681448237390164], [41.00005156715776, 50.5740411603975], [41.050426617221575, 50.46661225681074], [41.10057327441943, 50.35916170862329], [41.150493393509485, 50.251689695915275], [41.200188810452424, 50.144196396878385], [41.24966134264493, 50.03668198784045], [41.298912789149874, 49.929146643289485], [41.347944930923134, 49.82159053589748], [41.39675953103722, 49.71401383654382], [41.44535833490164, 49.60641671433834], [41.49374307048032, 49.49879933664399], [41.54191544850574, 49.39116186909925], [41.58987716269009, 49.28350447564013], [41.637629889933535, 49.17582731852185], [41.68517529052943, 49.068130558340286], [41.73251500836671, 48.96041435405297], [41.77965067112942, 48.852678862999866], [41.82658389049335, 48.744924240923794], [41.873316262320124, 48.63715064199057], [41.91984936684834, 48.529358218808895], [41.96618476888219, 48.421547122449795], [42.012324017977406, 48.313717502466005], [42.05826864862464, 48.20586950691087], [42.104020180430204, 48.098003282357105], [42.14958011829445, 47.99011897391515], [42.194949952587564, 47.88221672525141], [42.24013115932295, 47.77429667860613], [42.285125200328295, 47.66635897481097], [42.329933523414184, 47.55840375330649], [42.37455756254042, 47.45043115215922], [42.41899873798016, 47.34244130807858], [42.4632584564816, 47.23443435643342], [42.50733811142767, 47.12641043126862], [42.5512390829934, 47.018369665321075], [42.59496273830116, 46.910312190035704], [42.63851043157392, 46.8022381355812], [42.68188350428618, 46.694147630865444], [42.72508328531313, 46.58604080355081], [42.76811109107757, 46.477917780069234], [42.81096822569498, 46.369778685637], [42.85365598111658, 46.261623644269434], [42.89617563727049, 46.153452778795284], [42.93852846220091, 46.04526621087093], [42.98071571220561, 45.937064060994445], [43.02273863197136, 45.82884644851941], [43.064598454707756, 45.7206134916685], [43.106296402279085, 45.612365307546995], [43.14783368533454, 45.504102012156], [43.18921150343673, 45.395823720405524], [43.23043104518834, 45.287530546127336], [43.27149348835725, 45.179222602087705], [43.312400000000004, 45.070899999999995]]}, "properties": {"fa_flight_id": "RA86906-1541852219-adhoc-0", "registration": "RA-86906", "ident": "RA-86906", "ident_icao": NaN, "origin_code": "L 55.80720 38.20741", "origin_city": "Moscow", "destination_code": "L 45.07090 43.31240", "destination_city": "Mineralnye Vody", "scheduled_out": NaN, "estimated_out": NaN, "actual_out": NaN, "scheduled_off": "2018-11-10T12:16:59Z", "estimated_off": "2018-11-10T12:16:59Z", "actual_off": "2018-11-10T12:16:59Z", "scheduled_on": NaN, "estimated_on": NaN, "actual_on": "2018-11-10T12:16:59Z", "scheduled_in": NaN, "estimated_in": NaN, "actual_in": NaN, "status": "result unknown", "route_distance": NaN, "diverted": false, "cancelled": false, "simplified_departure_date": "2018-11-10", "origin_coords": [55.8072, 38.20741], "destination_coords": [45.0709, 43.3124], "is_same_city": false}}, {"type": "Feature", "geometry": {"type": "LineString", "coordinates": [[38.01547, 55.97065], [38.01682815299278, 55.96924823603619], [38.018186207578246, 55.967846457142116], [38.019544163767655, 55.96644466331967], [38.0209020215723, 55.9650428545707], [38.02225978100343, 55.96364103089708], [38.02361744207233, 55.96223919230068], [38.02497500479025, 55.96083733878337], [38.02633246916847, 55.95943547034701], [38.027689835218254, 55.95803358699348], [38.02904710295086, 55.95663168872465], [38.030404272377545, 55.95522977554237], [38.03176134350957, 55.953827847448515], [38.0331183163582, 55.95242590444496], [38.03447519093468, 55.95102394653356], [38.03583196725027, 55.94962197371618], [38.03718864531623, 55.94821998599469], [38.0385452251438, 55.94681798337094], [38.039901706744224, 55.94541596584683], [38.041258090128785, 55.944013933424195], [38.042614375308695, 55.942611886104906], [38.043970562295215, 55.94120982389083], [38.045326651099586, 55.93980774678385], [38.04668264173305, 55.93840565478579], [38.04803853420685, 55.937003547898534], [38.04939432853223, 55.93560142612395], [38.05075002472042, 55.9341992894639], [38.05210562278267, 55.932797137920225], [38.0534611227302, 55.93139497149482], [38.05481652457424, 55.92999279018952], [38.05617182832605, 55.9285905940062], [38.05752703399684, 55.927188382946724], [38.05888214159784, 55.92578615701294], [38.06023715114028, 55.92438391620672], [38.06159206263539, 55.92298166052992], [38.062946876094394, 55.921579389984394], [38.06430159152852, 55.92017710457201], [38.06565620894897, 55.91877480429463], [38.06701072836699, 55.91737248915412], [38.06836514979378, 55.915970159152316], [38.069719473240575, 55.91456781429108], [38.071073698718564, 55.913165454572294], [38.072427826238986, 55.91176307999779], [38.07378185581305, 55.91036069056944], [38.07513578745197, 55.908958286289106], [38.07648962116694, 55.907555867158635], [38.07784335696919, 55.90615343317989], [38.0791969948699, 55.90475098435473], [38.08055053488031, 55.90334852068499], [38.0819039770116, 55.90194604217255], [38.08325732127497, 55.90054354881926], [38.084610567681636, 55.899141040626965], [38.085963716242794, 55.89773851759754], [38.087316766969636, 55.89633597973282], [38.08866971987336, 55.89493342703467], [38.09002257496516, 55.89353085950495], [38.091375332256234, 55.892128277145495], [38.09272799175778, 55.890725679958194], [38.09408055348098, 55.88932306794486], [38.095433017437024, 55.88792044110736], [38.0967853836371, 55.88651779944757], [38.09813765209239, 55.885115142967315], [38.09948982281409, 55.88371247166845], [38.10084189581338, 55.88230978555284], [38.10219387110144, 55.88090708462232], [38.10354574868945, 55.87950436887878], [38.10489752858858, 55.87810163832402], [38.10624921081003, 55.87669889295991], [38.10760079536495, 55.875296132788314], [38.108952282264525, 55.87389335781108], [38.11030367151994, 55.872490568030045], [38.11165496314234, 55.871087763447065], [38.11300615714293, 55.869684944063984], [38.114357253532845, 55.86828210988268], [38.11570825232327, 55.86687926090495], [38.11705915352537, 55.86547639713268], [38.1184099571503, 55.86407351856772], [38.11976066320923, 55.86267062521191], [38.121111271713325, 55.86126771706709], [38.12246178267373, 55.85986479413513], [38.12381219610162, 55.85846185641785], [38.12516251200814, 55.8570589039171], [38.12651273040445, 55.85565593663475], [38.1278628513017, 55.85425295457262], [38.12921287471105, 55.85284995773258], [38.130562800643645, 55.85144694611646], [38.13191262911063, 55.85004391972612], [38.13326236012316, 55.84864087856338], [38.13461199369238, 55.84723782263011], [38.13596152982944, 55.84583475192813], [38.137310968545464, 55.84443166645932], [38.138660309851616, 55.8430285662255], [38.14000955375903, 55.841625451228516], [38.141358700278836, 55.84022232147021], [38.14270774942218, 55.838819176952434], [38.14405670120019, 55.837416017677036], [38.145405555624016, 55.836012843645825], [38.14675431270478, 55.83460965486067], [38.1481029724536, 55.833206451323434], [38.14945153488164, 55.83180323303592], [38.150800000000004, 55.8304]]}, "properties": {"fa_flight_id": "RA86906-1542981930-adhoc-0", "registration": "RA-86906", "ident": "RA-86906", "ident_icao": NaN, "origin_code": "L 55.97065 38.01547", "origin_city": "Moscow", "destination_code": "L 55.83040 38.15080", "destination_city": "Moscow", "scheduled_out": NaN, "estimated_out": NaN, "actual_out": NaN, "scheduled_off": "2018-11-23T14:05:30Z", "estimated_off": "2018-11-23T14:05:30Z", "actual_off": "2018-11-23T14:05:30Z", "scheduled_on": NaN, "estimated_on": NaN, "actual_on": "2018-11-23T14:05:30Z", "scheduled_in": NaN, "estimated_in": NaN, "actual_in": NaN, "status": "result unknown", "route_distance": NaN, "diverted": false, "cancelled": false, "simplified_departure_date": "2018-11-23", "origin_coords": [55.97065, 38.01547], "destination_coords": [55.8304, 38.1508], "is_same_city": false}}, {"type": "Feature", "geometry": {"type": "LineString", "coordinates": [[38.05881, 56.00259], [38.05967951523865, 56.00095940134693], [38.06054895710327, 55.999328796577075], [38.06141832560428, 55.9976981856913], [38.06228762075209, 55.996067568690485], [38.06315684255713, 55.994436945575536], [38.0640259910298, 55.99280631634735], [38.06489506618053, 55.991175681006794], [38.06576406801971, 55.98954503955478], [38.06663299655777, 55.9879143919922], [38.06750185180511, 55.98628373831992], [38.06837063377213, 55.984653078538855], [38.06923934246923, 55.9830224126499], [38.07010797790682, 55.98139174065391], [38.070976540095295, 55.97976106255181], [38.071845029045065, 55.97813037834446], [38.07271344476651, 55.97649968803279], [38.07358178727002, 55.974868991617655], [38.07445005656601, 55.973238289099946], [38.07531825266484, 55.97160758048058], [38.076186375576924, 55.96997686576041], [38.07705442531264, 55.96834614494034], [38.07792240188236, 55.96671541802126], [38.07879030529649, 55.96508468500407], [38.07965813556538, 55.96345394588964], [38.080525892699455, 55.96182320067885], [38.08139357670904, 55.96019244937261], [38.08226118760454, 55.9585616919718], [38.08312872539633, 55.956930928477306], [38.08399619009476, 55.95530015889002], [38.08486358171022, 55.953669383210816], [38.085730900253076, 55.9520386014406], [38.08659814573368, 55.950407813580235], [38.0874653181624, 55.948777019630626], [38.088332417549616, 55.94714621959267], [38.08919944390567, 55.94551541346722], [38.090066397240925, 55.94388460125517], [38.09093327756573, 55.942253782957444], [38.09180008489045, 55.94062295857488], [38.092666819225435, 55.93899212810839], [38.09353348058104, 55.93736129155886], [38.0944000689676, 55.93573044892716], [38.095266584395475, 55.934099600214175], [38.096133026875016, 55.932468745420806], [38.09699939641654, 55.93083788454793], [38.09786569303041, 55.92920701759643], [38.09873191672697, 55.9275761445672], [38.09959806751653, 55.92594526546111], [38.100464145409454, 55.92431438027904], [38.10133015041607, 55.9226834890219], [38.102196082546705, 55.921052591690554], [38.10306194181168, 55.91942168828589], [38.10392772822134, 55.9177907788088], [38.10479344178601, 55.91615986326014], [38.10565908251601, 55.91452894164082], [38.10652465042166, 55.91289801395172], [38.107390145513286, 55.91126708019372], [38.1082555678012, 55.90963614036769], [38.109120917295726, 55.90800519447452], [38.109986194007185, 55.90637424251511], [38.110851397945886, 55.904743284490316], [38.11171652912212, 55.903112320401036], [38.11258158754623, 55.90148135024815], [38.113446573228494, 55.899850374032525], [38.11431148617925, 55.89821939175507], [38.11517632640877, 55.89658840341664], [38.11604109392737, 55.894957409018126], [38.11690578874537, 55.89332640856041], [38.117770410873035, 55.891695402044384], [38.11863496032068, 55.89006438947089], [38.11949943709861, 55.88843337084087], [38.1203638412171, 55.886802346155164], [38.121228172686436, 55.885171315414645], [38.12209243151692, 55.88354027862021], [38.12295661771884, 55.88190923577274], [38.12382073130248, 55.88027818687309], [38.12468477227813, 55.87864713192218], [38.12554874065606, 55.87701607092087], [38.12641263644654, 55.875385003870036], [38.12727645965988, 55.873753930770555], [38.12814021030634, 55.87212285162332], [38.1290038883962, 55.87049176642918], [38.12986749393971, 55.86886067518905], [38.13073102694717, 55.867229577903785], [38.131594487428835, 55.86559847457427], [38.13245787539498, 55.86396736520138], [38.133321190855845, 55.862336249786004], [38.13418443382174, 55.860705128329], [38.13504760430288, 55.85907400083128], [38.13591070230955, 55.85744286729367], [38.136773727852, 55.85581172771708], [38.137636680940496, 55.8541805821024], [38.13849956158528, 55.85254943045047], [38.139362369796615, 55.85091827276221], [38.14022510558474, 55.84928710903846], [38.141087768959906, 55.847655939280116], [38.14195035993237, 55.84602476348803], [38.142812878512366, 55.844393581663105], [38.143675324710145, 55.842762393806204], [38.14453769853594, 55.841131199918216], [38.14540000000001, 55.8395]]}, "properties": {"fa_flight_id": "RA86906-1542778529-adhoc-0", "registration": "RA-86906", "ident": "RA-86906", "ident_icao": NaN, "origin_code": "L 56.00259 38.05881", "origin_city": "Moscow", "destination_code": "L 55.83950 38.14540", "destination_city": "Moscow", "scheduled_out": NaN, "estimated_out": NaN, "actual_out": NaN, "scheduled_off": "2018-11-21T05:35:29Z", "estimated_off": "2018-11-21T05:35:29Z", "actual_off": "2018-11-21T05:35:29Z", "scheduled_on": NaN, "estimated_on": NaN, "actual_on": "2018-11-21T05:35:29Z", "scheduled_in": NaN, "estimated_in": NaN, "actual_in": NaN, "status": "result unknown", "route_distance": NaN, "diverted": false, "cancelled": false, "simplified_departure_date": "2018-11-21", "origin_coords": [56.00259, 38.05881], "destination_coords": [55.8395, 38.1454], "is_same_city": false}}, {"type": "Feature", "geometry": {"type": "LineString", "coordinates": [[43.53935, 44.23431], [43.49730157922841, 44.35157653335102], [43.455084564484636, 44.46882757948576], [43.412697606614124, 44.586063012398945], [43.37013934327528, 44.70328270482315], [43.32740839877666, 44.82048652821278], [43.284503383912195, 44.93767435272781], [43.24142289579382, 45.05484604721722], [43.19816551768175, 45.1720014792023], [43.154729818812356, 45.28914051485958], [43.11111435422346, 45.40626301900358], [43.067317664577146, 45.52336885506927], [43.02333827598003, 45.64045788509428], [42.9791746998008, 45.75752996970083], [42.93482543248524, 45.874584968077386], [42.89028895536836, 45.99162273796003], [42.845563734484095, 46.108643135613576], [42.80064822037171, 46.22564601581232], [42.75554084787993, 46.34263123182065], [42.710240035967686, 46.45959863537311], [42.664744187502286, 46.576548076654475], [42.61905168905432, 46.6934794042792], [42.57316091068973, 46.81039246527078], [42.52707020575871, 46.927287105040676], [42.48077791068138, 47.04416316736693], [42.43428234473044, 47.16102049437253], [42.387581809810435, 47.27785892650327], [42.34067459023373, 47.394678302505454], [42.29355895249321, 47.51147845940307], [42.24623314503143, 47.62825923247476], [42.19869539800645, 47.74502045523033], [42.150943923053916, 47.86176195938692], [42.1029769130458, 47.97848357484478], [42.05479254184526, 48.09518512966272], [42.00638896405792, 48.21186645003303], [41.95776431477923, 48.328527360256224], [41.90891670933819, 48.44516768271515], [41.85984424303689, 48.5617872378488], [41.810544990886264, 48.67838584412572], [41.7610170073377, 48.79496331801694], [41.71125832601059, 48.91151947396845], [41.66126695941557, 49.028054124373305], [41.61104089867359, 49.1445670795432], [41.56057811323068, 49.261058147679705], [41.5098765505681, 49.3775271348448], [41.45893413590822, 49.493973844931155], [41.407748771915685, 49.6103980796319], [41.356318338393955, 49.72679963840972], [41.30464069197718, 49.843178318465654], [41.252713665817076, 49.95953391470723], [41.20053506926516, 50.07586621971618], [41.14810268754966, 50.1921750237155], [41.095414281447724, 50.30846011453613], [41.04246758695208, 50.42472127758291], [40.989260314932764, 50.54095829580006], [40.93579015079322, 50.657170949636075], [40.88205475412116, 50.77335901700802], [40.82805175833377, 50.88952227326519], [40.773778770317215, 51.00566049115227], [40.71923337006059, 51.1217734407717], [40.664413110283824, 51.23786088954558], [40.609315516059695, 51.35392260217679], [40.5539380844298, 51.46995834060955], [40.49827828401444, 51.58596786398925], [40.44233355461598, 51.70195092862158], [40.386101306816045, 51.81790728793104], [40.32957892156616, 51.93383669241865], [40.272763749771634, 52.04973888961897], [40.215653111868896, 52.16561362405638], [40.15824429739577, 52.28146063720061], [40.100534564554856, 52.397279667421486], [40.042521139769846, 52.513070449942894], [39.98420121723445, 52.62883271679592], [39.92557195845402, 52.744566196771224], [39.86663049177967, 52.86027061537053], [39.8073739119347, 52.975945694757314], [39.74779927953326, 53.09159115370655], [39.687903620591065, 53.20720670755364], [39.62768392602802, 53.322792068142455], [39.56713715116261, 53.43834694377232], [39.50626021519798, 53.553871039144276], [39.445050000699354, 53.66936405530618], [39.38350335306287, 53.78482568959695], [39.32161707997556, 53.90025563558976], [39.25938795086622, 54.01565358303423], [39.19681269634718, 54.1310192177976], [39.13388800764679, 54.246352221804784], [39.07061053603218, 54.361652272977445], [39.00697689222255, 54.47691904517182], [38.942983645792424, 54.592152208115564], [38.878627324564874, 54.70735142734334], [38.813904413994614, 54.82251636413134], [38.748811356540465, 54.93764667543046], [38.68334455102733, 55.05274201379841], [38.617500351997336, 55.16780202733043], [38.55127506904983, 55.28282635958892], [38.48466496617025, 55.39781464953153], [38.41766626104757, 55.51276653143814], [38.35027512437997, 55.62768163483634], [38.28248767916873, 55.74255958442559], [38.2143, 55.85739999999999]]}, "properties": {"fa_flight_id": "RA86906-1542464992-adhoc-0", "registration": "RA-86906", "ident": "RA-86906", "ident_icao": NaN, "origin_code": "L 44.23431 43.53935", "origin_city": "Mineralnye Vody", "destination_code": "L 55.85740 38.21430", "destination_city": "Moscow", "scheduled_out": NaN, "estimated_out": NaN, "actual_out": NaN, "scheduled_off": "2018-11-17T14:29:52Z", "estimated_off": "2018-11-17T14:29:52Z", "actual_off": "2018-11-17T14:29:52Z", "scheduled_on": NaN, "estimated_on": NaN, "actual_on": "2018-11-17T14:29:52Z", "scheduled_in": NaN, "estimated_in": NaN, "actual_in": NaN, "status": "result unknown", "route_distance": NaN, "diverted": false, "cancelled": false, "simplified_departure_date": "2018-11-17", "origin_coords": [44.23431, 43.53935], "destination_coords": [55.8574, 38.2143], "is_same_city": false}}, {"type": "Feature", "geometry": {"type": "LineString", "coordinates": [[37.94786, 55.94198], [37.9720011275294, 55.85623945041043], [37.996035945942054, 55.77049419662042], [38.019965257117164, 55.68474427436843], [38.043789855092115, 55.59898971904016], [38.06751052615779, 55.513230565672835], [38.091128048952655, 55.42746684895955], [38.1146431945555, 55.34169860325335], [38.138056726576686, 55.25592586257159], [38.16136940124828, 55.17014866059982], [38.18458196751278, 55.08436703069598], [38.20769516711061, 54.998581005894266], [38.23070973466639, 54.91279061890912], [38.253626397773914, 54.826995902139075], [38.276445877079986, 54.74119688767052], [38.29916888636708, 54.65539360728151], [38.321796132634724, 54.56958609244546], [38.344328316179926, 54.483774374334736], [38.36676613067626, 54.39795848382432], [38.38911026325199, 54.31213845149529], [38.41136139456707, 54.22631430763834], [38.433520198889006, 54.14048608225727], [38.45558734416776, 54.05465380507229], [38.47756349210952, 53.96881750552344], [38.499449298249516, 53.88297721277386], [38.52124541202378, 53.79713295571303], [38.54295247683999, 53.711284762960055], [38.5645711301472, 53.62543266286667], [38.58610200350475, 53.53957668352057], [38.607545722650194, 53.45371685274829], [38.62890290756623, 53.36785319811841], [38.650174172546784, 53.28198574694437], [38.67136012626222, 53.19611452628759], [38.69246137182355, 53.11023956296025], [38.713478506845895, 53.02436088352827], [38.734412123511014, 52.93847851431403], [38.755262808629006, 52.85259248139924], [38.7760311436992, 52.76670281062769], [38.796717704970185, 52.68080952760791], [38.81732306349907, 52.594912657715895], [38.83784778520995, 52.509012226097774], [38.85829243095154, 52.42310825767235], [38.87865755655414, 52.33720077713371], [38.898943712885696, 52.251289808953764], [38.91915144590729, 52.165375377384755], [38.93928129672775, 52.07945750646171], [38.959333801657614, 51.99353622000487], [38.979309492262345, 51.90761154162212], [38.99920889541487, 51.821683494711365], [39.01903253334741, 51.73575210246282], [39.03878092370268, 51.64981738786141], [39.05845457958433, 51.563879373688955], [39.07805400960678, 51.47793808252647], [39.09757971794443, 51.39199353675639], [39.117032204380166, 51.30604575856473], [39.13641196435333, 51.22009476994326], [39.15571948900692, 51.13414059269165], [39.17495526523437, 51.04818324841959], [39.19411977572554, 50.9622227585488], [39.21321349901226, 50.87625914431513], [39.23223690951322, 50.79029242677063], [39.25119047757824, 50.70432262678545], [39.27007466953211, 50.618349765049885], [39.28888994771772, 50.53237386207629], [39.30763677053876, 50.446394938201], [39.3263155925018, 50.360413013586275], [39.34492686425784, 50.27442810822209], [39.36347103264343, 50.18844024192805], [39.38194854072109, 50.10244943435521], [39.40035982781942, 50.01645570498783], [39.41870532957255, 49.9304590731452], [39.43698547795919, 49.8444595579834], [39.45520070134117, 49.75845717849701], [39.473351424501416, 49.6724519535208], [39.4914380686816, 49.586443901731485], [39.509461051619176, 49.500433041649366], [39.52742078758407, 49.41441939163993], [39.545317687414844, 49.32840296991557], [39.56315215855443, 49.24238379453712], [39.5809246050854, 49.15636188341546], [39.59863542776492, 49.07033725431309], [39.61628502405905, 48.98430992484571], [39.63387378817688, 48.89827991248368], [39.65140211110398, 48.81224723455359], [39.66887038063574, 48.72621190823972], [39.68627898140999, 48.64017395058554], [39.703628294939506, 48.554133378495116], [39.720918699643896, 48.468090208734594], [39.73815057088126, 48.38204445793363], [39.75532428097931, 48.295996142586716], [39.77244019926633, 48.209945279054665], [39.78949869210152, 48.12389188356592], [39.80650012290515, 48.03783597221786], [39.823444852188274, 47.95177756097828], [39.840333237582115, 47.86571666568656], [39.85716563386707, 47.779653302055046], [39.87394239300141, 47.69358748567032], [39.89066386414956, 47.607519231994466], [39.90733039371018, 47.52144855636636], [39.92394232534377, 47.435375474002825], [39.94050000000001, 47.3493]]}, "properties": {"fa_flight_id": "RA86906-1543045063-adhoc-0", "registration": "RA-86906", "ident": "RA-86906", "ident_icao": NaN, "origin_code": "L 55.94198 37.94786", "origin_city": "Moscow", "destination_code": "L 47.34930 39.94050", "destination_city": "Stavropol", "scheduled_out": NaN, "estimated_out": NaN, "actual_out": NaN, "scheduled_off": "2018-11-24T07:37:43Z", "estimated_off": "2018-11-24T07:37:43Z", "actual_off": "2018-11-24T07:37:43Z", "scheduled_on": NaN, "estimated_on": NaN, "actual_on": "2018-11-24T07:37:43Z", "scheduled_in": NaN, "estimated_in": NaN, "actual_in": NaN, "status": "result unknown", "route_distance": NaN, "diverted": false, "cancelled": false, "simplified_departure_date": "2018-11-24", "origin_coords": [55.94198, 37.94786], "destination_coords": [47.3493, 39.9405], "is_same_city": false}}, {"type": "Feature", "geometry": {"type": "LineString", "coordinates": [[42.9659, 44.318000000000005], [42.93286359894986, 44.34850622366709], [42.89979279702881, 44.37900291558647], [42.86668753249834, 44.40949005566362], [42.83354774352066, 44.43996762375755], [42.80037336815863, 44.470435599680776], [42.7671643443757, 44.50089396319915], [42.733920610035845, 44.53134269403172], [42.70064210290355, 44.561781771850704], [42.6673287606437, 44.592211176281275], [42.63398052082155, 44.622630886901504], [42.60059732090269, 44.653040883242234], [42.56717909825298, 44.68344114478693], [42.533725790138476, 44.713831650971656], [42.5002373337254, 44.744212381184845], [42.4667136660801, 44.77458331476721], [42.43315472416903, 44.804944431011734], [42.39956044485857, 44.83529570916337], [42.36593076491519, 44.865637128419095], [42.33226562100523, 44.89596866792769], [42.29856494969492, 44.926290306789625], [42.26482868745035, 44.95660202405701], [42.231056770637416, 44.98690379873345], [42.19724913552177, 45.01719560977382], [42.16340571826883, 45.047477436084336], [42.12952645494363, 45.07774925652228], [42.09561128151093, 45.10801104989594], [42.06166013383503, 45.13826279496452], [42.02767294767991, 45.16850447043799], [41.99364965870901, 45.19873605497689], [41.95959020248534, 45.22895752719237], [41.92549451447138, 45.259168865645954], [41.891362530029056, 45.28937004884945], [41.857194184419726, 45.319561055264806], [41.82298941280418, 45.349741863304075], [41.788748150242554, 45.37991245132916], [41.75447033169432, 45.410072797651814], [41.720155892018326, 45.44022288053343], [41.685804765972684, 45.47036267818501], [41.6514168882148, 45.500492168766925], [41.61699219330136, 45.53061133038893], [41.58253061568827, 45.56072014110991], [41.5480320897307, 45.590818578937856], [41.51349654968299, 45.620906621829675], [41.478923929698745, 45.650984247691156], [41.44431416383069, 45.68105143437668], [41.40966718603077, 45.71110815968931], [41.37498293015007, 45.74115440138052], [41.34026132993883, 45.77119013715011], [41.30550231904648, 45.80121534464607], [41.270705831021544, 45.83123000146449], [41.23587179931172, 45.86123408514943], [41.201000157263806, 45.89122757319275], [41.16609083812378, 45.92121044303404], [41.1311437750367, 45.95118267206044], [41.09615890104683, 45.9811442376066], [41.06113614909749, 46.011095116954436], [41.02607545203121, 46.04103528733312], [40.99097674258962, 46.070964725918884], [40.95583995341354, 46.10088340983491], [40.92066501704294, 46.13079131615122], [40.88545186591696, 46.16068842188451], [40.85020043237393, 46.19057470399808], [40.81491064865137, 46.220450139401656], [40.77958244688604, 46.25031470495129], [40.7442157591139, 46.28016837744926], [40.70881051727019, 46.31001113364383], [40.673366653189376, 46.33984295022929], [40.63788409860527, 46.36966380384567], [40.60236278515095, 46.39947367107874], [40.566802644358866, 46.42927252845975], [40.5312036076608, 46.459060352465485], [40.495565606387956, 46.48883711951791], [40.459888571770946, 46.51860280598424], [40.424172434939834, 46.54835738817668], [40.38841712692418, 46.57810084235238], [40.35262257865306, 46.60783314471324], [40.31678872095512, 46.63755427140585], [40.28091548455856, 46.66726419852126], [40.2450028000913, 46.696962902094974], [40.20905059808084, 46.72665035810673], [40.17305880895448, 46.75632654248039], [40.13702736303927, 46.785991431083836], [40.10095619056204, 46.81564499972879], [40.06484522164953, 46.84528722417074], [40.02869438632836, 46.874918080108785], [39.99250361452517, 46.90453754318548], [39.95627283606657, 46.93414558898673], [39.92000198067927, 46.96374219304167], [39.883690977990135, 46.993327330822495], [39.84733975752621, 47.02290097774438], [39.810948248714816, 47.05246310916529], [39.7745163808836, 47.08201370038586], [39.7380440832606, 47.111552726649364], [39.70153128497431, 47.14108016314138], [39.664977915053754, 47.17059598498987], [39.6283839024286, 47.2001001672649], [39.59174917592914, 47.22959268497856], [39.55507366428646, 47.25907351308487], [39.518357296132464, 47.28854262647957], [39.4816, 47.31800000000001]]}, "properties": {"fa_flight_id": "RA86906-1544456089-adhoc-0", "registration": "RA-86906", "ident": "RA-86906", "ident_icao": NaN, "origin_code": "L 44.31800 42.96590", "origin_city": "Mineralnye Vody", "destination_code": "L 47.31800 39.48160", "destination_city": "Krasnodar Krai", "scheduled_out": NaN, "estimated_out": NaN, "actual_out": NaN, "scheduled_off": "2018-12-10T15:34:49Z", "estimated_off": "2018-12-10T15:34:49Z", "actual_off": "2018-12-10T15:34:49Z", "scheduled_on": NaN, "estimated_on": NaN, "actual_on": "2018-12-10T15:34:49Z", "scheduled_in": NaN, "estimated_in": NaN, "actual_in": NaN, "status": "result unknown", "route_distance": NaN, "diverted": false, "cancelled": false, "simplified_departure_date": "2018-12-10", "origin_coords": [44.318, 42.9659], "destination_coords": [47.318, 39.4816], "is_same_city": false}}, {"type": "Feature", "geometry": {"type": "LineString", "coordinates": [[38.28622000000001, 55.772420000000004], [38.34735871128045, 55.65818445649374], [38.40814158302368, 55.54391870174373], [38.46857209976479, 55.42962303946034], [38.52865370281553, 55.31529776944825], [38.588389790915166, 55.20094318766811], [38.647783720870095, 55.08655958629703], [38.70683880818236, 54.97214725378796], [38.76555832766747, 54.85770647492796], [38.823945514061386, 54.74323753089546], [38.88200356261715, 54.62874069931648], [38.939735629691356, 54.51421625431973], [38.99714483332042, 54.399664466590785], [39.0542342537872, 54.28508560342532], [39.11100693417775, 54.17047992878127], [39.16746588092873, 54.05584770333012], [39.22361406436553, 53.94118918450731], [39.27945441923115, 53.8265046265616], [39.33498984520624, 53.71179428060377], [39.390223207420355, 53.59705839465416], [39.445157336954544, 53.48229721368971], [39.499795031335495, 53.367510979689825], [39.55413905502147, 53.25269993168167], [39.608192139879975, 53.13786430578455], [39.661956985657525, 53.02300433525354], [39.71543626044162, 52.90812025052239], [39.7686326011149, 52.79321227924555], [39.82154861380186, 52.67828064633966], [39.87418687430814, 52.56332557402405], [39.92654992855252, 52.44834728186082], [39.97864029299184, 52.333345986794036], [40.030460455038835, 52.21832190318831], [40.082012873473175, 52.10327524286669], [40.13329997884576, 51.98820621514793], [40.184324173876334, 51.873115026883134], [40.23508783384467, 51.75800188249163], [40.28559330697533, 51.642866983996484], [40.3358429148162, 51.527710531059164], [40.385838952610875, 51.41253272101379], [40.435583689664995, 51.29733374890064], [40.48507936970663, 51.182113807499256], [40.53432821124096, 51.06687308736088], [40.58333240789909, 50.95161177684038], [40.6320941287814, 50.83633006212759], [40.680615518795285, 50.72102812727827], [40.72889869898759, 50.605706154244345], [40.77694576687167, 50.49036432290382], [40.824758796749194, 50.37500281109009], [40.872339840026996, 50.25962179462073], [40.91969092552872, 50.14422144732596], [40.966814059801656, 50.02880194107656], [41.013711227418646, 49.91336344581121], [41.06038439127528, 49.79790612956358], [41.10683549288239, 49.682430158488835], [41.153066452654016, 49.5669356968898], [41.199079170190764, 49.45142290724258], [41.244875524558736, 49.33589195022189], [41.290457374564255, 49.2203429847259], [41.335826559024184, 49.1047761679007], [41.38098489703196, 48.98919165516431], [41.4259341882198, 48.87358960023047], [41.470676213016525, 48.7579701551318], [41.5152127329016, 48.64233347024285], [41.55954549065525, 48.52667969430255], [41.60367621060459, 48.411008974436434], [41.64760659886618, 48.29532145617854], [41.691338343584725, 48.17961728349282], [41.734873115168156, 48.06389659879429], [41.778212566519166, 47.94815954296995], [41.821358333263206, 47.83240625539915], [41.864312033973, 47.71663687397384], [41.9070752703897, 47.600851535118366], [41.949649627640675, 47.48505037380906], [41.99203667445396, 47.36923352359339], [42.034237963369634, 47.25340111660898], [42.07625503094785, 47.13755328360221], [42.1180893979738, 47.021690153946565], [42.159742569659734, 46.90581185566067], [42.2012160358438, 46.78991851542615], [42.24251127118595, 46.67401025860505], [42.283629735361075, 46.55808720925714], [42.324572873249124, 46.44214949015689], [42.36534211512242, 46.326197222810144], [42.405938876830334, 46.2102305274706], [42.44636455998108, 46.09424952315602], [42.48662055212097, 45.97825432766426], [42.52670822691094, 45.86224505758885], [42.56662894430057, 45.74622182833461], [42.60638405069947, 45.630184754132856], [42.64597487914628, 45.51413394805637], [42.6854027494751, 45.39806952203426], [42.72466896847959, 45.281991586866546], [42.763774830074645, 45.16590025223843], [42.80272161545575, 45.049795626734515], [42.84151059325599, 44.93367781785269], [42.880143019700924, 44.817546932017876], [42.91862013876108, 44.701403074595554], [42.956943182302325, 44.58524634990504], [42.995113370234144, 44.46907686123267], [43.03313191065573, 44.352894710844694], [43.07099999999999, 44.2367]]}, "properties": {"fa_flight_id": "RA86906-1544434583-adhoc-0", "registration": "RA-86906", "ident": "RA-86906", "ident_icao": NaN, "origin_code": "L 55.77242 38.28622", "origin_city": "Moscow", "destination_code": "L 44.23670 43.07100", "destination_city": "Mineralnye Vody", "scheduled_out": NaN, "estimated_out": NaN, "actual_out": NaN, "scheduled_off": "2018-12-10T09:36:23Z", "estimated_off": "2018-12-10T09:36:23Z", "actual_off": "2018-12-10T09:36:23Z", "scheduled_on": NaN, "estimated_on": NaN, "actual_on": "2018-12-10T09:36:23Z", "scheduled_in": NaN, "estimated_in": NaN, "actual_in": NaN, "status": "result unknown", "route_distance": NaN, "diverted": false, "cancelled": false, "simplified_departure_date": "2018-12-10", "origin_coords": [55.77242, 38.28622], "destination_coords": [44.2367, 43.071], "is_same_city": false}}, {"type": "Feature", "geometry": {"type": "LineString", "coordinates": [[43.38369000000001, 44.55324], [43.34089045658678, 44.66796575466247], [43.297921165316694, 44.78267546152254], [43.254780791881586, 44.89736899216405], [43.21146798915391, 45.01204621690409], [43.16798139703186, 45.12670700477726], [43.1243196422822, 45.24135122351962], [43.08048133838098, 45.355978739552334], [43.036465085351935, 45.47058941796527], [42.992269469602626, 45.58518312250017], [42.94789306375833, 45.69975971553358], [42.90333442649341, 45.81431905805973], [42.85859210236048, 45.928861009672886], [42.81366462161699, 46.043385428549634], [42.76855050004937, 46.15789217143083], [42.72324823879478, 46.27238109360327], [42.67775632416008, 46.38685204888108], [42.63207322743841, 46.50130488958688], [42.58619740472307, 46.61573946653265], [42.54012729671864, 46.73015562900023], [42.49386132854946, 46.84455322472163], [42.447397909565325, 46.95893209985898], [42.400735433144355, 47.07329209898415], [42.353872276493014, 47.1876330650582], [42.3068068004432, 47.30195483941033], [42.259537349246386, 47.41625726171661], [42.212062250364774, 47.530540169978394], [42.16437981425938, 47.64480340050037], [42.116488334175, 47.75904678786829], [42.0683860859221, 47.87327016492631], [42.020071327655316, 47.98747336275404], [41.971542299648924, 48.101656210643235], [41.92279722406882, 48.21581853607407], [41.87383430474118, 48.3299601646911], [41.82465172691773, 48.4440809202788], [41.77524765703752, 48.55818062473679], [41.72562024248502, 48.67225909805462], [41.6757676113449, 48.78631615828608], [41.62568787215281, 48.90035162152336], [41.575379113642725, 49.01436530187046], [41.524839404490265, 49.1283570114165], [41.47406679305238, 49.24232656020837], [41.42305930710296, 49.35627375622309], [41.37181495356448, 49.470198405339616], [41.3203317182357, 49.58410031131036], [41.26860756551512, 49.697979275732045], [41.21664043812038, 49.81183509801626], [41.16442825680317, 49.92566757535951], [41.11196892006014, 50.03947650271268], [41.059260303839096, 50.15326167275012], [41.00630026124089, 50.267022875838215], [40.95308662221667, 50.380759900003426], [40.89961719326056, 50.49447253089971], [40.84588975709759, 50.608160551775704], [40.791902072366796, 50.72182374344096], [40.73765187329946, 50.83546188423199], [40.68313686939247, 50.94907474997755], [40.62835474507649, 51.06266211396347], [40.573303159379094, 51.17622374689676], [40.51797974558264, 51.289759416869316], [40.46238211087684, 51.403268889320806], [40.40650783600588, 51.51675192700117], [40.35035447491015, 51.630208289932284], [40.29391955436222, 51.743637735369184], [40.23720057359727, 51.857040017760454], [40.18019500393761, 51.97041488870807], [40.1229002884114, 52.083762096926556], [40.06531384136532, 52.197081388201426], [40.00743304807113, 52.310372505346926], [39.949255264326084, 52.4236351881631], [39.89077781604694, 52.53686917339207], [39.83199799885764, 52.65007419467362], [39.77291307767034, 52.76324998250003], [39.71352028625993, 52.87639626417009], [39.65381682683159, 52.989512763742376], [39.593799869581694, 53.10259920198771], [39.533466552251426, 53.21565529634081], [39.47281397967356, 53.32868076085107], [39.411839223311695, 53.44167530613255], [39.35053932079234, 53.554638639313104], [39.28891127542929, 53.667570463982514], [39.22695205574048, 53.78047048013989], [39.164658594957, 53.89333838414004], [39.10202779052414, 54.006173868638896], [39.03905650359451, 54.118976622538135], [38.97574155851278, 54.23174633092858], [38.91207974229216, 54.34448267503287], [38.8480678040824, 54.45718533214694], [38.78370245462902, 54.56985397558051], [38.71898036572393, 54.68248827459661], [38.65389816964684, 54.79508789434988], [38.58845245859774, 54.907652495823925], [38.52263978412004, 55.02018173576746], [38.45645665651417, 55.132675266629306], [38.389899544241736, 55.24513273649234], [38.32296487331969, 55.35755378900608], [38.25564902670472, 55.46993806331827], [38.18794834366731, 55.58228519400507], [38.11985911915566, 55.69459481099995], [38.05137760314895, 55.806866539521565], [37.982499999999995, 55.91909999999999]]}, "properties": {"fa_flight_id": "RA86906-1545137786-adhoc-0", "registration": "RA-86906", "ident": "RA-86906", "ident_icao": NaN, "origin_code": "L 44.55324 43.38369", "origin_city": "Mineralnye Vody", "destination_code": "L 55.91910 37.98250", "destination_city": "Moscow", "scheduled_out": NaN, "estimated_out": NaN, "actual_out": NaN, "scheduled_off": "2018-12-18T12:56:26Z", "estimated_off": "2018-12-18T12:56:26Z", "actual_off": "2018-12-18T12:56:26Z", "scheduled_on": NaN, "estimated_on": NaN, "actual_on": "2018-12-18T12:56:26Z", "scheduled_in": NaN, "estimated_in": NaN, "actual_in": NaN, "status": "result unknown", "route_distance": NaN, "diverted": false, "cancelled": false, "simplified_departure_date": "2018-12-18", "origin_coords": [44.55324, 43.38369], "destination_coords": [55.9191, 37.9825], "is_same_city": false}}, {"type": "Feature", "geometry": {"type": "LineString", "coordinates": [[41.93992999999999, 45.278409999999994], [41.95922783124498, 45.26701157028002], [41.9785179128158, 45.25560989214818], [41.99780024870142, 45.24420496820109], [42.01707484289162, 45.23279680103339], [42.03634169937704, 45.22138539323795], [42.055600822149195, 45.20997074740572], [42.07485221520038, 45.198552866125866], [42.09409588252371, 45.187131751985596], [42.113331828113125, 45.17570740757034], [42.13256005596336, 45.164279835463645], [42.15178057006995, 45.1528490382472], [42.1709933744292, 45.141415018500815], [42.19019847303821, 45.129977778802484], [42.20939586989484, 45.11853732172834], [42.228585568997715, 45.10709364985262], [42.247767574346234, 45.095646765747766], [42.266941889940504, 45.08419667198432], [42.2861085197814, 45.072743371131004], [42.305267467870515, 45.06128686575466], [42.32441873821017, 45.04982715842029], [42.34356233480341, 45.038364251691064], [42.362698261653954, 45.026898148128254], [42.38182652276628, 45.01542885029134], [42.40094712214551, 45.00395636073792], [42.42006006379745, 44.99248068202372], [42.43916535172863, 44.981001816702666], [42.45826298994619, 44.96951976732682], [42.47735298245799, 44.95803453644639], [42.49643533327248, 44.946546126609725], [42.5155100463988, 44.93505454036336], [42.534577125846745, 44.92355978025194], [42.5536365756267, 44.912061848818325], [42.57268839974967, 44.90056074860348], [42.59173260222733, 44.88905648214654], [42.61076918707192, 44.87754905198482], [42.62979815829628, 44.86603846065376], [42.6488195199139, 44.85452471068698], [42.66783327593875, 44.84300780461624], [42.68683943038548, 44.83148774497147], [42.70583798726928, 44.81996453428077], [42.72482895060588, 44.808438175070386], [42.74381232441161, 44.79690866986473], [42.7627881127033, 44.78537602118639], [42.781756319498356, 44.773840231556086], [42.800716948814724, 44.76230130349271], [42.81967000467085, 44.75075923951334], [42.83861549108572, 44.73921404213322], [42.85755341207884, 44.72766571386569], [42.876483771670195, 44.71611425722238], [42.8954065738803, 44.70455967471294], [42.91432182273013, 44.69300196884532], [42.933229522241184, 44.68144114212557], [42.95212967643538, 44.669877197057886], [42.971022289335174, 44.65831013614469], [42.98990736496343, 44.646739961886546], [43.008784907343504, 44.63516667678217], [43.02765492049916, 44.6235902833285], [43.04651740845467, 44.61201078402059], [43.065372375234666, 44.60042818135169], [43.084219824864256, 44.588842477813245], [43.103059761368954, 44.57725367589482], [43.12189218877469, 44.56566177808421], [43.140717111107776, 44.55406678686735], [43.159534532394964, 44.542468704728364], [43.17834445666338, 44.53086753414955], [43.19714688794051, 44.51926327761137], [43.21594183025429, 44.50765593759249], [43.23472928763293, 44.49604551656973], [43.25350926410509, 44.484432017018094], [43.27228176369972, 44.47281544141077], [43.291046790446195, 44.461195792219144], [43.309804348374165, 44.44957307191273], [43.32855444151363, 44.43794728295927], [43.347297073894985, 44.4263184278247], [43.36603224954885, 44.414686508973084], [43.38475997250623, 44.40305152886671], [43.403480246798416, 44.39141348996605], [43.42219307645702, 44.379772394729734], [43.440898465513925, 44.368128245614606], [43.45959641800131, 44.356481045075675], [43.478286937951665, 44.34483079556617], [43.49697002939771, 44.33317749953745], [43.51564569637248, 44.32152115943913], [43.53431394290923, 44.30986177771897], [43.552974773041505, 44.29819935682293], [43.5716281908031, 44.286533899195156], [43.59027420022802, 44.274865407278], [43.60891280535055, 44.263193883511995], [43.62754401020518, 44.251519330335874], [43.6461678188266, 44.23984175018655], [43.66478423524978, 44.22816114549915], [43.68339326350984, 44.21647751870696], [43.70199490764215, 44.204790872241524], [43.72058917168223, 44.19310120853252], [43.73917605966583, 44.18140853000786], [43.75775557562888, 44.16971283909362], [43.776327723607466, 44.15801413821413], [43.79489250763787, 44.146312429791855], [43.813449931756516, 44.13460771624752], [43.832, 44.1229]]}, "properties": {"fa_flight_id": "RA86906-1545051667-adhoc-0", "registration": "RA-86906", "ident": "RA-86906", "ident_icao": NaN, "origin_code": "L 45.27841 41.93993", "origin_city": "Stavropol", "destination_code": "L 44.12290 43.83200", "destination_city": "Mineralnye Vody", "scheduled_out": NaN, "estimated_out": NaN, "actual_out": NaN, "scheduled_off": "2018-12-17T13:01:07Z", "estimated_off": "2018-12-17T13:01:07Z", "actual_off": "2018-12-17T13:01:07Z", "scheduled_on": NaN, "estimated_on": NaN, "actual_on": "2018-12-17T13:01:07Z", "scheduled_in": NaN, "estimated_in": NaN, "actual_in": NaN, "status": "result unknown", "route_distance": NaN, "diverted": false, "cancelled": false, "simplified_departure_date": "2018-12-17", "origin_coords": [45.27841, 41.93993], "destination_coords": [44.1229, 43.832], "is_same_city": false}}, {"type": "Feature", "geometry": {"type": "LineString", "coordinates": [[43.53219, 44.16255], [43.49648521167064, 44.19475098404997], [43.46074138815351, 44.2269408353288], [43.42495845634787, 44.259119529125876], [43.38913634303421, 44.291287040671], [43.35327497487422, 44.32344334513416], [43.31737427841074, 44.35558841762545], [43.28143418006774, 44.387722233194886], [43.245454606150275, 44.419844766832284], [43.209435482844455, 44.45195599346707], [43.17337673621739, 44.484055887968125], [43.137278292217204, 44.516144425143686], [43.101140076673, 44.54822157974116], [43.06496201529477, 44.580287326446914], [43.02874403367343, 44.61234163988623], [42.99248605728084, 44.644384494623075], [42.95618801146964, 44.67641586515997], [42.91984982147336, 44.70843572593782], [42.88347141240638, 44.740444051335786], [42.84705270926383, 44.772440815671125], [42.81059363692167, 44.804425993198976], [42.774094120136674, 44.83639955811232], [42.73755408354632, 44.868361484541715], [42.700973451668915, 44.900311746555175], [42.664352148903454, 44.93225031815806], [42.62769009952974, 44.964177173292825], [42.59098722770826, 44.99609228583895], [42.554243457480304, 45.02799562961276], [42.517458712767876, 45.05988717836723], [42.48063291737373, 45.091766905791836], [42.44376599498134, 45.123634785512486], [42.406857869154955, 45.15549079109123], [42.3699084633396, 45.187334896026165], [42.332917700861024, 45.21916707375129], [42.295885504925806, 45.25098729763632], [42.25881179862129, 45.28279554098652], [42.221696504915606, 45.31459177704259], [42.18453954665779, 45.346375978980475], [42.14734084657763, 45.37814811991117], [42.11010032728585, 45.40990817288062], [42.072817911274015, 45.44165611086953], [42.035493520914635, 45.47339190679321], [41.99812707846117, 45.505115533501396], [41.96071850604801, 45.53682696377811], [41.92326772569062, 45.56852617034151], [41.885774659285445, 45.60021312584368], [41.84823922861004, 45.631887802870516], [41.81066135532305, 45.66355017394155], [41.77304096096429, 45.695200211509736], [41.735377966954786, 45.726837887961395], [41.69767229459677, 45.75846317561596], [41.65992386507381, 45.79007604672583], [41.62213259945076, 45.82167647347623], [41.58429841867393, 45.85326442798504], [41.54642124357103, 45.8848398823026], [41.508500994851296, 45.916402808411604], [41.47053759310554, 45.94795317822689], [41.43253095880615, 45.97949096359527], [41.39448101230724, 46.011016136295396], [41.356387673844694, 46.04252866803758], [41.31825086353617, 46.07402853046363], [41.28007050138127, 46.10551569514666], [41.24184650726153, 46.13699013359096], [41.20357880094055, 46.168451817231855], [41.165267302064024, 46.19990071743543], [41.12691193015993, 46.23133680549847], [41.08851260463841, 46.26276005264824], [41.0500692447921, 46.29417043004235], [41.01158176979604, 46.325567908768555], [40.97305009870781, 46.356952459844614], [40.93447415046768, 46.38832405421809], [40.895853843898664, 46.419682662766235], [40.8571890977066, 46.451028256295736], [40.818479830480285, 46.482360805542655], [40.77972596069155, 46.513680281172164], [40.740927406695434, 46.54498665377846], [40.7020840867302, 46.57627989388447], [40.66319591891753, 46.60755997194185], [40.624262821262576, 46.6388268583307], [40.58528471165414, 46.67008052335938], [40.54626150786475, 46.70132093726445], [40.507193127550806, 46.73254807021037], [40.46807948825268, 46.76376189228944], [40.42892050739489, 46.79496237352154], [40.38971610228623, 46.826149483854046], [40.35046619011985, 46.85732319316157], [40.31117068797346, 46.888483471245856], [40.27182951280942, 46.91963028783555], [40.23244258147494, 46.95076361258613], [40.193009810702186, 46.98188341507959], [40.153531117108436, 47.0129896648244], [40.114006417196265, 47.04408233125525], [40.07443562735366, 47.07516138373288], [40.0348186638542, 47.10622679154403], [39.99515544285727, 47.13727852390106], [39.9554458804081, 47.168316549941935], [39.91568989243809, 47.19934083873], [39.87588739476485, 47.230351359253845], [39.83603830309249, 47.26134808042703], [39.7961425330117, 47.292330971088035], [39.7562, 47.3233]]}, "properties": {"fa_flight_id": "RA86906-1544866561-adhoc-0", "registration": "RA-86906", "ident": "RA-86906", "ident_icao": NaN, "origin_code": "L 44.16255 43.53219", "origin_city": "Mineralnye Vody", "destination_code": "L 47.32330 39.75620", "destination_city": "Stavropol", "scheduled_out": NaN, "estimated_out": NaN, "actual_out": NaN, "scheduled_off": "2018-12-15T09:36:01Z", "estimated_off": "2018-12-15T09:36:01Z", "actual_off": "2018-12-15T09:36:01Z", "scheduled_on": NaN, "estimated_on": NaN, "actual_on": "2018-12-15T09:36:01Z", "scheduled_in": NaN, "estimated_in": NaN, "actual_in": NaN, "status": "result unknown", "route_distance": NaN, "diverted": false, "cancelled": false, "simplified_departure_date": "2018-12-15", "origin_coords": [44.16255, 43.53219], "destination_coords": [47.3233, 39.7562], "is_same_city": false}}, {"type": "Feature", "geometry": {"type": "LineString", "coordinates": [[43.84717, 52.98479], [43.79239788217185, 53.015605692525035], [43.73754751097152, 53.04639618738496], [43.68261875114246, 53.07716142033581], [43.62761146742287, 53.10790132697355], [43.57252552454782, 53.13861584273384], [43.51736078725156, 53.16930490289179], [43.46211712026962, 53.19996844256174], [43.406794388341105, 53.23060639669708], [43.351392456210945, 53.261218700089906], [43.29591118863217, 53.29180528737098], [43.2403504503682, 53.32236609300935], [43.18471010619512, 53.352901051312216], [43.12899002090408, 53.383410096424726], [43.073190059303606, 53.41389316232969], [43.017310086221954, 53.44435018284743], [42.96134996650954, 53.47478109163559], [42.90530956504129, 53.50518582218885], [42.849188746719136, 53.5355643078388], [42.792987376474414, 53.56591648175368], [42.73670531927034, 53.5962422769382], [42.68034244010453, 53.62654162623337], [42.62389860401143, 53.65681446231625], [42.567373676064946, 53.68706071769979], [42.51076752138088, 53.71728032473263], [42.454080005119614, 53.747473215598895], [42.39731099248856, 53.77763932231803], [42.34046034874494, 53.8077785767446], [42.28352793919823, 53.83789091056812], [42.22651362921292, 53.86797625531281], [42.16941728421119, 53.89803454233753], [42.112238769675564, 53.92806570283549], [42.05497795115156, 53.958069667834145], [41.99763469425055, 53.98804636819498], [41.94020886465246, 54.01799573461337], [41.882700328108484, 54.047917697618416], [41.82510895044395, 54.077812187572725], [41.76743459756113, 54.10767913467231], [41.709677135442014, 54.1375184689464], [41.65183643015128, 54.167330120257276], [41.59391234783905, 54.19711401830012], [41.53590475474392, 54.22687009260289], [41.477813517195756, 54.256598272526105], [41.419638501618735, 54.28629848726277], [41.361379574534254, 54.31597066583817], [41.30303660256397, 54.34561473710977], [41.24460945243277, 54.37523062976705], [41.186097990971824, 54.40481827233136], [41.12750208512165, 54.43437759315583], [41.06882160193514, 54.46390852042518], [41.01005640858075, 54.49341098215564], [40.95120637234556, 54.52288490619477], [40.8922713606384, 54.5523302202214], [40.833251240993086, 54.58174685174545], [40.77414588107158, 54.61113472810787], [40.7149551486672, 54.64049377648046], [40.655678911707824, 54.66982392386582], [40.59631703825924, 54.699125097097195], [40.53686939652833, 54.72839722283838], [40.47733585486644, 54.757640227583664], [40.41771628177269, 54.786854037657655], [40.358010545897336, 54.816038579215245], [40.298218516045104, 54.84519377824145], [40.23834006117867, 54.874319560551406], [40.178375050421984, 54.90341585179022], [40.11832335306381, 54.932482577432914], [40.058184838561154, 54.9615196627843], [39.99795937654273, 54.99052703297901], [39.937646836812554, 55.01950461298126], [39.877247089353396, 55.04845232758495], [39.81676000433042, 55.07737010141347], [39.75618545209474, 55.106257858919705], [39.695523303187045, 55.13511552438595], [39.634773428341205, 55.16394302192386], [39.57393569848802, 55.19274027547442], [39.51300998475881, 55.22150720880783], [39.451996158489166, 55.250243745523534], [39.390894091222684, 55.27894980905014], [39.32970365471477, 55.30762532264541], [39.26842472093634, 55.336270209396154], [39.20705716207771, 55.364884392218315], [39.14560085055238, 55.39346779385684], [39.0840556590009, 55.4220203368857], [39.0224214602948, 55.45054194370789], [38.96069812754045, 55.479032536555394], [38.89888553408299, 55.50749203748914], [38.836983553510365, 55.53592036839906], [38.774992059657215, 55.564317451004044], [38.712910926608934, 55.59268320685194], [38.65074002870571, 55.62101755731961], [38.58847924054659, 55.64932042361286], [38.52612843699352, 55.67759172676652], [38.463687493175506, 55.70583138764443], [38.40115628449275, 55.73403932693948], [38.33853468662078, 55.76221546517361], [38.275822575514674, 55.79035972269788], [38.21301982741323, 55.81847201969249], [38.15012631884328, 55.84655227616679], [38.08714192662388, 55.874600411959335], [38.02406652787063, 55.90261634673802], [37.9609, 55.9306]]}, "properties": {"fa_flight_id": "RA86906-1546003026-adhoc-0", "registration": "RA-86906", "ident": "RA-86906", "ident_icao": NaN, "origin_code": "L 52.98479 43.84717", "origin_city": "Penza", "destination_code": "L 55.93060 37.96090", "destination_city": "Moscow", "scheduled_out": NaN, "estimated_out": NaN, "actual_out": NaN, "scheduled_off": "2018-12-28T13:17:06Z", "estimated_off": "2018-12-28T13:17:06Z", "actual_off": "2018-12-28T13:17:06Z", "scheduled_on": NaN, "estimated_on": NaN, "actual_on": "2018-12-28T13:17:06Z", "scheduled_in": NaN, "estimated_in": NaN, "actual_in": NaN, "status": "result unknown", "route_distance": NaN, "diverted": false, "cancelled": false, "simplified_departure_date": "2018-12-28", "origin_coords": [52.98479, 43.84717], "destination_coords": [55.9306, 37.9609], "is_same_city": false}}, {"type": "Feature", "geometry": {"type": "LineString", "coordinates": [[38.22068000000001, 55.79053], [38.29107278168047, 55.76030292710639], [38.36135644866725, 55.730035689337235], [38.43153114943711, 55.69972839446659], [38.501597032985565, 55.66938115003203], [38.57155424881975, 55.63899406333448], [38.641402946951416, 55.60856724143798], [38.71114327788993, 55.57810079116954], [38.78077539263531, 55.54759481911891], [38.85029944267137, 55.51704943163844], [38.9197155799588, 55.486464734842926], [38.98902395692835, 55.45584083460941], [39.05822472647407, 55.42517783657706], [39.127318041946594, 55.394475846147074], [39.19630405714639, 55.36373496848244], [39.26518292631715, 55.33295530850792], [39.33395480413916, 55.30213697090986], [39.40261984572271, 55.27128006013615], [39.471178206601635, 55.24038468039605], [39.53963004272677, 55.20945093566017], [39.6079755104595, 55.17847892966032], [39.67621476656541, 55.14746876588946], [39.74434796820786, 55.11642054760165], [39.812375272941765, 55.085334377811954], [39.880296838707196, 55.05421035929643], [39.948112823823216, 55.023048594591984], [40.01582338698169, 54.99184918599646], [40.0834286872411, 54.96061223556853], [40.150928884020445, 54.92933784512767], [40.21832413709317, 54.898026116254115], [40.285614606581156, 54.86667715028893], [40.352800452948685, 54.835291048333936], [40.41988183699654, 54.80386791125173], [40.48685891985604, 54.77240783966568], [40.553731862983234, 54.74091093395994], [40.62050082815305, 54.70937729427952], [40.687165977453475, 54.67780702053023], [40.753727473279845, 54.64620021237878], [40.82018547832916, 54.61455696925275], [40.886540155594325, 54.58287739034076], [40.95279166835865, 54.55116157459236], [41.01894018019013, 54.51940962071824], [41.08498585493601, 54.48762162719015], [41.15092885671723, 54.45579769224112], [41.216769349922906, 54.42393791386541], [41.282507499205, 54.39204238981867], [41.348143469472845, 54.36011121761798], [41.413677425887855, 54.328144494541974], [41.479109533858164, 54.29614231763097], [41.54443995903337, 54.26410478368699], [41.60966886729928, 54.232031989273906], [41.67479642477278, 54.19992403071761], [41.739822797796606, 54.16778100410609], [41.804748152934216, 54.13560300528953], [41.869572656964785, 54.10339012988051], [41.93429647687809, 54.07114247325408], [41.998919779869496, 54.03886013054794], [42.06344273333507, 54.00654319666259], [42.12786550486656, 53.9741917662615], [42.19218826224654, 53.94180593377117], [42.25641117344355, 53.90938579338142], [42.32053440660727, 53.8769314390455], [42.384558130063745, 53.84444296448026], [42.44848251231062, 53.811920463166345], [42.51230772201246, 53.77936402834836], [42.57603392799606, 53.74677375303511], [42.639661299245766, 53.71414972999968], [42.703190004898985, 53.681492051779784], [42.76662021424152, 53.64880081067781], [42.82995209670303, 53.616076098761184], [42.89318582185265, 53.583318007862424], [42.95632155939441, 53.550526629579494], [43.01935947916288, 53.51770205527594], [43.08229975111879, 53.48484437608112], [43.145142545344626, 53.451953682890476], [43.20788803204035, 53.41903006636573], [43.270536381519136, 53.38607361693514], [43.33308776420308, 53.35308442479371], [43.395542350619, 53.32006257990347], [43.45790031139426, 53.28700817199373], [43.520161817252664, 53.25392129056129], [43.58232703901029, 53.22080202487072], [43.64439614757142, 53.18765046395464], [43.70636931392453, 53.15446669661396], [43.7682467091383, 53.12125081141815], [43.830028504357536, 53.08800289670554], [43.89171487079933, 53.054723040583546], [43.953305979749146, 53.021411330929006], [44.01480200255685, 52.98806785538838], [44.076203110633, 52.954692701378164], [44.13750947544491, 52.921285956085065], [44.19872126851295, 52.88784770646632], [44.2598386614068, 52.85437803925006], [44.320861825741694, 52.820877040935514], [44.38179093317477, 52.787344797793374], [44.442626155401406, 52.75378139586608], [44.5033676641516, 52.72018692096814], [44.564015631186386, 52.68656145868645], [44.624570228294324, 52.652905094380586], [44.68503162728786, 52.619217913183135], [44.7454, 52.58550000000001]]}, "properties": {"fa_flight_id": "RA86906-1545991909-adhoc-0", "registration": "RA-86906", "ident": "RA-86906", "ident_icao": NaN, "origin_code": "L 55.79053 38.22068", "origin_city": "Moscow", "destination_code": "L 52.58550 44.74540", "destination_city": "Penza", "scheduled_out": NaN, "estimated_out": NaN, "actual_out": NaN, "scheduled_off": "2018-12-28T10:11:49Z", "estimated_off": "2018-12-28T10:11:49Z", "actual_off": "2018-12-28T10:11:49Z", "scheduled_on": NaN, "estimated_on": NaN, "actual_on": "2018-12-28T10:11:49Z", "scheduled_in": NaN, "estimated_in": NaN, "actual_in": NaN, "status": "result unknown", "route_distance": NaN, "diverted": false, "cancelled": false, "simplified_departure_date": "2018-12-28", "origin_coords": [55.79053, 38.22068], "destination_coords": [52.5855, 44.7454], "is_same_city": false}}, {"type": "Feature", "geometry": {"type": "LineString", "coordinates": [[36.55985, 52.62888999999999], [36.57475900532169, 52.66098152858505], [36.589689918542824, 52.69307118362165], [36.604642796089884, 52.72515896017442], [36.619617694573314, 52.75724485329141], [36.63461467078827, 52.78932885800398], [36.64963378171533, 52.82141096932672], [36.664675084521264, 52.85349118225745], [36.67973863655979, 52.8855694917771], [36.69482449537227, 52.917645892849634], [36.70993271868857, 52.94972038042203], [36.725063364427655, 52.981792949424126], [36.740216490698515, 53.013863594768615], [36.755392155800834, 53.04593231135097], [36.77059041822578, 53.07799909404934], [36.785811336656785, 53.11006393772448], [36.80105496997031, 53.14212683721971], [36.816321377236626, 53.17418778736084], [36.831610617720585, 53.206246782956015], [36.84692275088246, 53.23830381879577], [36.86225783637866, 53.27035888965284], [36.87761593406256, 53.30241199028218], [36.8929971039853, 53.33446311542081], [36.908401406396585, 53.36651225978778], [36.92382890174549, 53.39855941808411], [36.939279650681236, 53.43060458499267], [36.95475371405407, 53.462647755178125], [36.97025115291603, 53.49468892328686], [36.98577202852176, 53.52672808394691], [37.00131640232937, 53.55876523176785], [37.01688433600124, 53.5908003613408], [37.03247589140485, 53.622833467238195], [37.04809113061363, 53.65486454401386], [37.06373011590779, 53.68689358620286], [37.079392909775144, 53.71892058832139], [37.095079574912006, 53.75094554486678], [37.110790174224014, 53.78296845031735], [37.12652477082696, 53.81498929913232], [37.1422834280477, 53.847008085751796], [37.15806620942496, 53.879024804596625], [37.17387317871028, 53.9110394500683], [37.1897043998688, 53.943052016549], [37.205559937080196, 53.9750624984013], [37.22143985473954, 54.00707088996834], [37.2373442174582, 54.03907718557348], [37.25327309006468, 54.07108137952041], [37.26922653760556, 54.103083466093], [37.285204625346395, 54.135083439555196], [37.30120741877259, 54.16708129415094], [37.31723498359032, 54.19907702410412], [37.333287385727424, 54.23107062361844], [37.34936469133432, 54.26306208687737], [37.36546696678499, 54.295051408043996], [37.38159427867779, 54.32703858126104], [37.39774669383643, 54.35902360065066], [37.413924279310976, 54.391006460314436], [37.43012710237864, 54.42298715433322], [37.446355230544874, 54.45496567676712], [37.46260873154418, 54.486942021655345], [37.47888767334115, 54.51891618301615], [37.49519212413139, 54.55088815484674], [37.511522152342486, 54.58285793112315], [37.527877826634956, 54.61482550580021], [37.5442592159032, 54.646790872811394], [37.56066638927654, 54.67875402606876], [37.57709941612013, 54.71071495946285], [37.59355836603596, 54.74267366686258], [37.61004330886383, 54.7746301421152], [37.626554314682394, 54.80658437904613], [37.64309145381008, 54.83853637145888], [37.659654796806166, 54.870486113134994], [37.67624441447172, 54.902433597833955], [37.69286037785063, 54.93437881929299], [37.70950275823065, 54.96632177122711], [37.7261716271444, 54.998262447328926], [37.7428670563704, 55.030200841268545], [37.75958911793406, 55.06213694669354], [37.776337884108756, 55.094070757228806], [37.79311342741687, 55.126002266476426], [37.80991582063084, 55.15793146801563], [37.826745136774164, 55.189858355402706], [37.8436014491225, 55.22178292217079], [37.86048483120473, 55.253705161829906], [37.87739535680398, 55.28562506786677], [37.89433309995876, 55.31754263374471], [37.911298134963964, 55.34945785290359], [37.92829053637201, 55.38137071875965], [37.9453103789939, 55.41328122470546], [37.96235773790032, 55.445189364109766], [37.97943268842273, 55.47709513031745], [37.99653530615448, 55.508998516649314], [38.01366566695189, 55.54089951640212], [38.03082384693539, 55.572798122848326], [38.04800992249066, 55.60469432923613], [38.06522397026968, 55.636588128789214], [38.08246606719192, 55.66847951470678], [38.099736290445485, 55.70036848016331], [38.1170347174882, 55.73225501830856], [38.134361426048805, 55.764139122267366], [38.151716494128074, 55.79602078513959], [38.16909999999999, 55.8279]]}, "properties": {"fa_flight_id": "RA86906-1545932150-adhoc-0", "registration": "RA-86906", "ident": "RA-86906", "ident_icao": NaN, "origin_code": "L 52.62889 36.55985", "origin_city": "Moscow", "destination_code": "L 55.82790 38.16910", "destination_city": "Moscow", "scheduled_out": NaN, "estimated_out": NaN, "actual_out": NaN, "scheduled_off": "2018-12-27T17:35:50Z", "estimated_off": "2018-12-27T17:35:50Z", "actual_off": "2018-12-27T17:35:50Z", "scheduled_on": NaN, "estimated_on": NaN, "actual_on": "2018-12-27T17:35:50Z", "scheduled_in": NaN, "estimated_in": NaN, "actual_in": NaN, "status": "result unknown", "route_distance": NaN, "diverted": false, "cancelled": false, "simplified_departure_date": "2018-12-27", "origin_coords": [52.62889, 36.55985], "destination_coords": [55.8279, 38.1691], "is_same_city": false}}, {"type": "Feature", "geometry": {"type": "LineString", "coordinates": [[38.23927, 55.786120000000004], [38.21792417576571, 55.7512197452896], [38.19661651391691, 55.71631579768616], [38.17534690044598, 55.68140816861086], [38.154115221773196, 55.6464968694399], [38.1329213647448, 55.611581911504686], [38.11176521663108, 55.57666330609202], [38.09064666512446, 55.541741064444395], [38.069565598337604, 55.506815197760076], [38.04852190480153, 55.47188571719347], [38.027515473463716, 55.436952633855206], [38.00654619368626, 55.402015958812434], [37.98561395524401, 55.36707570308894], [37.96471864832267, 55.33213187766546], [37.94386016351706, 55.29718449347981], [37.92303839182916, 55.2622335614271], [37.902253224666374, 55.22727909236], [37.88150455383971, 55.19232109708883], [37.86079227156194, 55.15735958638187], [37.84011627044582, 55.122394570965504], [37.819476443502325, 55.08742606152442], [37.79887268413884, 55.05245406870184], [37.77830488615743, 55.01747860309968], [37.75777294375305, 54.98249967527878], [37.737276751511786, 54.94751729575903], [37.71681620440917, 54.91253147501968], [37.696391197808396, 54.87754222349943], [37.67600162745859, 54.84254955159665], [37.655647389493154, 54.80755346966962], [37.635328380428014, 54.772553988036634], [37.6150444971599, 54.73755111697625], [37.59479563696475, 54.70254486672748], [37.574581697495894, 54.66753524748993], [37.554402576782536, 54.63252226942401], [37.534258173227954, 54.59750594265114], [37.51414838560794, 54.562486277253896], [37.494073113069085, 54.527463283276234], [37.47403225512718, 54.49243697072361], [37.4540257116656, 54.45740734956324], [37.43405338293362, 54.4223744297242], [37.41411516954488, 54.387338221097664], [37.3942109724757, 54.35229873353706], [37.374340693063544, 54.31725597685823], [37.35450423300543, 54.28220996083963], [37.33470149435627, 54.24716069522249], [37.314932379527384, 54.21210818971103], [37.29519679128491, 54.177052453972514], [37.275494632748206, 54.14199349763757], [37.25582580738836, 54.1069313303003], [37.236190219026625, 54.071865961518405], [37.216587771832835, 54.0367974008134], [37.19701837032394, 54.00172565767079], [37.177481919362485, 53.966650741540214], [37.15797832415505, 53.931572661835645], [37.1385074902508, 53.89649142793548], [37.11906932353995, 53.861407049182795], [37.099663730252246, 53.826319534885435], [37.08029061695561, 53.79122889431625], [37.060949890554504, 53.75613513671318], [37.041641458288574, 53.72103827127949], [37.02236522773116, 53.685938307183825], [37.003121106787795, 53.65083525356052], [36.98390900369483, 53.61572911950961], [36.96472882701798, 53.580619914097106], [36.94558048565084, 53.545507646355034], [36.92646388881352, 53.51039232528171], [36.90737894605121, 53.475273959841815], [36.88832556723277, 53.44015255896658], [36.86930366254931, 53.40502813155393], [36.850313142512796, 53.36990068646863], [36.831353917954715, 53.334770232542475], [36.81242590002459, 53.299636778574396], [36.79352900018872, 53.26450033333061], [36.77466313022871, 53.229360905544794], [36.75582820224017, 53.19421850391826], [36.73702412863134, 53.15907313712002], [36.71825082212175, 53.123924813787006], [36.699508195740876, 53.08877354252418], [36.68079616282678, 53.05361933190471], [36.662114637024814, 53.01846219047006], [36.643463532286276, 52.983302126730216], [36.62484276286712, 52.94813914916372], [36.606252243326615, 52.91297326621794], [36.58769188852604, 52.877804486309095], [36.56916161362745, 52.84263281782248], [36.5506613340923, 52.80745826911254], [36.5321909656802, 52.772280848503094], [36.513750424447664, 52.73710056428734], [36.495339626746805, 52.70191742472816], [36.47695848922405, 52.666731438058115], [36.458606928818966, 52.631542612479684], [36.44028486276288, 52.596350956165296], [36.42199220857775, 52.56115647725755], [36.40372888407486, 52.52595918386934], [36.3854948073536, 52.49075908408394], [36.367289896800266, 52.45555618595521], [36.349114071086774, 52.42035049750763], [36.3309672491695, 52.38514202673652], [36.31284935028806, 52.34993078160814], [36.29476029396407, 52.31471677005978], [36.2767, 52.2795]]}, "properties": {"fa_flight_id": "RA86906-1545902198-adhoc-0", "registration": "RA-86906", "ident": "RA-86906", "ident_icao": NaN, "origin_code": "L 55.78612 38.23927", "origin_city": "Moscow", "destination_code": "L 52.27950 36.27670", "destination_city": "Moscow", "scheduled_out": NaN, "estimated_out": NaN, "actual_out": NaN, "scheduled_off": "2018-12-27T09:16:38Z", "estimated_off": "2018-12-27T09:16:38Z", "actual_off": "2018-12-27T09:16:38Z", "scheduled_on": NaN, "estimated_on": NaN, "actual_on": "2018-12-27T09:16:38Z", "scheduled_in": NaN, "estimated_in": NaN, "actual_in": NaN, "status": "result unknown", "route_distance": NaN, "diverted": false, "cancelled": false, "simplified_departure_date": "2018-12-27", "origin_coords": [55.78612, 38.23927], "destination_coords": [52.2795, 36.2767], "is_same_city": false}}, {"type": "Feature", "geometry": {"type": "LineString", "coordinates": [[29.9475, 59.77335999999998], [30.036834475428325, 59.737500690979346], [30.12597734617851, 59.7015808816888], [30.21492897706262, 59.66560078876028], [30.303689734246817, 59.62956062816436], [30.392259985223877, 59.59346061521006], [30.480640098785855, 59.55730096454438], [30.568830444997054, 59.521081890152104], [30.656831395167185, 59.484803605355516], [30.744643321824768, 59.4484663228142], [30.8322665986908, 59.412070254524885], [30.919701600652616, 59.37561561182128], [31.006948703738, 59.33910260537397], [31.09400828508951, 59.30253144519034], [31.180880722939055, 59.26590234061461], [31.267566396582723, 59.22921550032769], [31.354065686355767, 59.19247113234738], [31.440378973607867, 59.15566944402828], [31.526506640678647, 59.11881064206199], [31.612449070873332, 59.08189493247716], [31.69820664843874, 59.04492252063972], [31.783779758539417, 59.00789361125301], [31.869168787234003, 58.97080840835804], [31.95437412145188, 58.93366711533371], [32.03939614896997, 58.896469934897084], [32.124235258389795, 58.85921706910372], [32.20889183911475, 58.821908719348], [32.29336628132761, 58.78454508636349], [32.37765897596822, 58.74712637022331], [32.461770314711416, 58.70965277034064], [32.54570068994521, 58.67212448546899], [32.62945049474906, 58.634541713702916], [32.71302012287258, 58.596904652478294], [32.796409968714194, 58.55921349857297], [32.8796204273002, 58.52146844810733], [32.962651894264006, 58.48366969654477], [33.04550476582546, 58.44581743869239], [33.128179438770594, 58.407911868701554], [33.21067631043135, 58.36995318006864], [33.29299577866572, 58.331941565635574], [33.37513824183794, 58.29387721759067], [33.45710409879896, 58.25576032746924], [33.53889374886712, 58.2175910861544], [33.62050759180898, 58.17936968387781], [33.70194602782041, 58.14109631022044], [33.783209457507866, 58.10277115411349], [33.86429828186978, 58.06439440383902], [33.94521290227833, 58.02596624703103], [34.02595372046119, 57.98748687067613], [34.10652113848369, 57.948956461114584], [34.18691555873096, 57.91037520404114], [34.26713738389045, 57.87174328450596], [34.34718701693451, 57.83306088691565], [34.42706486110326, 57.794328195034105], [34.506771319887584, 57.7555453919836], [34.58630679701229, 57.7167126602458], [34.6656716964196, 57.677830181662664], [34.74486642225263, 57.638898137437636], [34.823891378839186, 57.59991670813661], [34.90274697067576, 57.560886073689076], [34.98143360241155, 57.52180641338913], [35.05995167883286, 57.482677905896644], [35.13830160484756, 57.44350072923838], [35.21648378546976, 57.40427506080915], [35.29449862580463, 57.365001077372945], [35.37234653103344, 57.3256789550641], [35.45002790639881, 57.28630886938852], [35.527543157189946, 57.24689099522485], [35.60489268872835, 57.20742550682574], [35.68207690635344, 57.167912577818996], [35.7590962154084, 57.1283523812089], [35.83595102122636, 57.08874508937745], [35.912641729116515, 57.04909087408562], [35.98916874435055, 57.00938990647464], [36.065532472149236, 56.969642357067315], [36.14173331766904, 56.92984839576934], [36.217771685989135, 56.89000819187059], [36.293647982098385, 56.85012191404651], [36.36936261088254, 56.8101897303594], [36.44491597711161, 56.770211808259816], [36.52030848542745, 56.73018831458792], [36.59554054033132, 56.690119415574905], [36.67061254617182, 56.65000527684432], [36.745524907132854, 56.60984606341353], [36.82027802722177, 56.56964193969507], [36.89487231025765, 56.529393069498155], [36.969308159859736, 56.48909961603006], [37.04358597943611, 56.44876174189752], [37.11770617217235, 56.408379609108295], [37.19166914102047, 56.36795337907254], [37.26547528868793, 56.32748321260427], [37.33912501762685, 56.28696926992295], [37.412618730023325, 56.24641171065486], [37.4859568277869, 56.20581069383465], [37.559139712540144, 56.16516637790685], [37.632167785608495, 56.12447892072735], [37.705041448010014, 56.083748479564974], [37.777761100445574, 56.04297521110293], [37.85032714328886, 56.00215927144044], [37.92273997657682, 55.9613008160942], [37.995, 55.9204]]}, "properties": {"fa_flight_id": "RA86906-1547153368-adhoc-0", "registration": "RA-86906", "ident": "RA-86906", "ident_icao": NaN, "origin_code": "L 59.77336 29.94750", "origin_city": "Saint Petersburg", "destination_code": "L 55.92040 37.99500", "destination_city": "Moscow", "scheduled_out": NaN, "estimated_out": NaN, "actual_out": NaN, "scheduled_off": "2019-01-10T20:49:28Z", "estimated_off": "2019-01-10T20:49:28Z", "actual_off": "2019-01-10T20:49:28Z", "scheduled_on": NaN, "estimated_on": NaN, "actual_on": "2019-01-10T20:49:28Z", "scheduled_in": NaN, "estimated_in": NaN, "actual_in": NaN, "status": "result unknown", "route_distance": NaN, "diverted": false, "cancelled": false, "simplified_departure_date": "2019-01-10", "origin_coords": [59.77336, 29.9475], "destination_coords": [55.9204, 37.995], "is_same_city": false}}, {"type": "Feature", "geometry": {"type": "LineString", "coordinates": [[38.238749999999996, 55.78966], [38.2144119982108, 55.80726722581408], [38.190051972942925, 55.82486964162934], [38.165669895719475, 55.84246723990907], [38.14126573803056, 55.86006001310314], [38.11683947133328, 55.87764795364797], [38.09239106705172, 55.89523105396657], [38.06792049657701, 55.912809306468425], [38.043427731267215, 55.93038270354958], [38.01891274244749, 55.94795123759249], [37.99437550140995, 55.96551490096611], [37.96981597941374, 55.98307368602579], [37.94523414768502, 56.00062758511331], [37.920629977417, 56.01817659055679], [37.8960034397699, 56.03572069467075], [37.871354505870976, 56.05325988975602], [37.84668314681452, 56.07079416809973], [37.82198933366189, 56.088323521975305], [37.79727303744147, 56.10584794364241], [37.772534229148725, 56.12336742534697], [37.747772879746194, 56.14088195932108], [37.72298896016345, 56.15839153778305], [37.69818244129717, 56.175896152937355], [37.67335329401112, 56.19339579697457], [37.648501489136166, 56.210890462071426], [37.62362699747025, 56.2283801403907], [37.59872978977845, 56.24586482408126], [37.573809836792954, 56.26334450527799], [37.54886710921309, 56.2808191761018], [37.52390157770531, 56.298288828659594], [37.49891321290323, 56.31575345504422], [37.473901985407615, 56.33321304733448], [37.448867865786404, 56.35066759759509], [37.4238108245747, 56.36811709787665], [37.39873083227483, 56.38556154021561], [37.37362785935628, 56.403000916634305], [37.34850187625581, 56.42043521914083], [37.323352853377344, 56.437864439729104], [37.29818076109208, 56.45528857037882], [37.27298556973845, 56.47270760305538], [37.24776724962218, 56.49012152970993], [37.22252577101624, 56.50753034227927], [37.19726110416092, 56.52493403268591], [37.1719732192638, 56.54233259283798], [37.14666208649976, 56.55972601462923], [37.12132767601108, 56.57711428993899], [37.09596995790732, 56.59449741063216], [37.070588902265456, 56.61187536855919], [37.04518447912983, 56.62924815555605], [37.01975665851218, 56.64661576344417], [36.99430541039165, 56.66397818403048], [36.96883070471484, 56.681335409107334], [36.94333251139578, 56.6986874304525], [36.91781080031599, 56.71603423982914], [36.892265541324456, 56.733375828985785], [36.866696704237675, 56.750712189656284], [36.84110425883967, 56.768043313559815], [36.81548817488201, 56.785369192400864], [36.78984842208382, 56.802689817869144], [36.764184970131815, 56.82000518163963], [36.7384977886803, 56.8373152753725], [36.71278684735121, 56.85462009071311], [36.68705211573416, 56.871919619292], [36.66129356338636, 56.889213852724836], [36.635511159832774, 56.90650278261239], [36.60970487456606, 56.923786400540514], [36.583874677046595, 56.94106469808014], [36.558020536702514, 56.958337666787216], [36.53214242292975, 56.975605298202694], [36.50624030509204, 56.99286758385253], [36.48031415252095, 57.01012451524762], [36.45436393451588, 57.027376083883816], [36.42838962034414, 57.04462228124183], [36.40239117924092, 57.06186309878729], [36.37636858040936, 57.07909852797068], [36.350321793020576, 57.096328560227306], [36.324250786213604, 57.11355318697725], [36.29815552909556, 57.13077239962541], [36.27203599074157, 57.1479861895614], [36.24589214019483, 57.16519454815961], [36.21972394646665, 57.1823974667791], [36.19353137853645, 57.199594936763575], [36.167314405351824, 57.216786949441435], [36.141072995828495, 57.23397349612568], [36.11480711885049, 57.251154568113904], [36.088516743270034, 57.26833015668828], [36.06220183790763, 57.28550025311552], [36.035862371552106, 57.302664848646856], [36.009498312960616, 57.31982393451803], [35.9831096308587, 57.3369775019492], [35.956696293940325, 57.35412554214502], [35.93025827086785, 57.37126804629453], [35.90379553027218, 57.388405005571165], [35.87730804075266, 57.405536411132715], [35.850795770877234, 57.42266225412131], [35.82425868918239, 57.439782525663404], [35.79769676417327, 57.4568972168697], [35.771109964323635, 57.47400631883521], [35.74449825807595, 57.49110982263912], [35.71786161384143, 57.50820771934485], [35.691199999999995, 57.525299999999994]]}, "properties": {"fa_flight_id": "RA86906-1547144764-adhoc-0", "registration": "RA-86906", "ident": "RA-86906", "ident_icao": NaN, "origin_code": "L 55.78966 38.23875", "origin_city": "Moscow", "destination_code": "L 57.52530 35.69120", "destination_city": "Tver", "scheduled_out": NaN, "estimated_out": NaN, "actual_out": NaN, "scheduled_off": "2019-01-10T18:26:04Z", "estimated_off": "2019-01-10T18:26:04Z", "actual_off": "2019-01-10T18:26:04Z", "scheduled_on": NaN, "estimated_on": NaN, "actual_on": "2019-01-10T18:26:04Z", "scheduled_in": NaN, "estimated_in": NaN, "actual_in": NaN, "status": "result unknown", "route_distance": NaN, "diverted": false, "cancelled": false, "simplified_departure_date": "2019-01-10", "origin_coords": [55.78966, 38.23875], "destination_coords": [57.5253, 35.6912], "is_same_city": false}}, {"type": "Feature", "geometry": {"type": "LineString", "coordinates": [[36.62963, 52.55277], [36.64219768272975, 52.58645975741302], [36.65478470129297, 52.620148182483426], [36.66739110830182, 52.65383527153309], [36.68001695655147, 52.68752102087076], [36.692662299020775, 52.72120542679212], [36.705327188873106, 52.754888485579706], [36.71801167945717, 52.78857019350282], [36.730715824307794, 52.822250546817465], [36.74343967714668, 52.855929541766365], [36.75618329188332, 52.8896071745788], [36.76894672261572, 52.923283441470595], [36.78173002363126, 52.95695833864409], [36.79453324940749, 52.99063186228807], [36.80735645461302, 53.024304008577616], [36.82019969410826, 53.057974773674154], [36.83306302294629, 53.09164415372537], [36.84594649637378, 53.12531214486508], [36.85885016983167, 53.15897874321327], [36.87177409895617, 53.192643944875975], [36.88471833957954, 53.226307745945206], [36.89768294773096, 53.25997014249891], [36.91066797963738, 53.293631130600915], [36.9236734917244, 53.32729070630085], [36.93669954061715, 53.36094886563409], [36.94974618314112, 53.39460560462168], [36.9628134763231, 53.42826091927029], [36.975901477392014, 53.46191480557212], [36.98901024377983, 53.495567259504874], [37.002139833122456, 53.529218277031674], [37.01529030326063, 53.562867854100965], [37.0284617122408, 53.59651598664653], [37.04165411831609, 53.630162670587325], [37.054867579947135, 53.663807901827475], [37.068102155803075, 53.69745167625619], [37.081357904762406, 53.73109398974773], [37.09463488591395, 53.76473483816123], [37.107933158557756, 53.79837421734078], [37.121252782206085, 53.83201212311524], [37.13459381658427, 53.86564855129825], [37.14795632163175, 53.89928349768808], [37.161340357502944, 53.93291695806764], [37.174745984568254, 53.966548928204375], [37.188173263414996, 54.00017940385015], [37.201622254848395, 54.03380838074128], [37.21509301989253, 54.067435854598365], [37.2285856197913, 54.10106182112626], [37.24210011600945, 54.13468627601402], [37.255636570233506, 54.16830921493478], [37.26919504437279, 54.201930633545714], [37.28277560056041, 54.23555052748796], [37.29637830115426, 54.269168892386524], [37.310003208738046, 54.30278572385026], [37.32365038612224, 54.336401017471715], [37.33731989634517, 54.37001476882714], [37.35101180267401, 54.403626973476335], [37.36472616860576, 54.43723762696263], [37.37846305786838, 54.47084672481279], [37.39222253442173, 54.50445426253693], [37.40600466245869, 54.53806023562846], [37.41980950640614, 54.57166463956397], [37.43363713092606, 54.6052674698032], [37.447487600916595, 54.63886872178892], [37.461360981513096, 54.67246839094689], [37.475257338089186, 54.70606647268572], [37.48917673625788, 54.73966296239689], [37.50311924187261, 54.77325785545455], [37.51708492102836, 54.806851147215546], [37.53107384006275, 54.84044283301927], [37.54508606555713, 54.87403290818759], [37.55912166433765, 54.907621368024806], [37.573180703476474, 54.94120820781754], [37.58726325029277, 54.974793422834615], [37.60136937235395, 55.008377008327074], [37.6154991374767, 55.041958959528], [37.62965261372818, 55.07553927165246], [37.643829869427165, 55.10911793989745], [37.658030973145166, 55.142694959441755], [37.672255993707594, 55.176270325445905], [37.68650500019491, 55.20984403305213], [37.70077806194382, 55.24341607738414], [37.715075248548416, 55.27698645354717], [37.729396629861405, 55.310555156627856], [37.74374227599523, 55.3441221816941], [37.75811225732328, 55.37768752379503], [37.77250664448115, 55.4112511779609], [37.78692550836775, 55.444813139203006], [37.80136892014657, 55.478373402513554], [37.815836951246936, 55.51193196286566], [37.83032967336513, 55.54548881521317], [37.84484715846571, 55.579043954490594], [37.85938947878272, 55.61259737561304], [37.873956706820934, 55.64614907347609], [37.888548915357084, 55.67969904295573], [37.903166177441186, 55.71324727890825], [37.91780856639771, 55.746793776170136], [37.93247615582692, 55.780338529558016], [37.94716901960616, 55.81388153386848], [37.96188723189106, 55.8474227838781], [37.97663086711694, 55.88096227434325], [37.9914, 55.9145]]}, "properties": {"fa_flight_id": "RA86906-1548774136-adhoc-0", "registration": "RA-86906", "ident": "RA-86906", "ident_icao": NaN, "origin_code": "L 52.55277 36.62963", "origin_city": "Moscow", "destination_code": "L 55.91450 37.99140", "destination_city": "Moscow", "scheduled_out": NaN, "estimated_out": NaN, "actual_out": NaN, "scheduled_off": "2019-01-29T15:02:16Z", "estimated_off": "2019-01-29T15:02:16Z", "actual_off": "2019-01-29T15:02:16Z", "scheduled_on": NaN, "estimated_on": NaN, "actual_on": "2019-01-29T15:02:16Z", "scheduled_in": NaN, "estimated_in": NaN, "actual_in": NaN, "status": "result unknown", "route_distance": NaN, "diverted": false, "cancelled": false, "simplified_departure_date": "2019-01-29", "origin_coords": [52.55277, 36.62963], "destination_coords": [55.9145, 37.9914], "is_same_city": false}}, {"type": "Feature", "geometry": {"type": "LineString", "coordinates": [[38.23422, 55.81808], [38.21189153895074, 55.785580849142576], [38.189600301215904, 55.75307765899169], [38.16734618408154, 55.72057044119323], [38.14512908518543, 55.68805920735056], [38.122948902515816, 55.655543969024755], [38.10080553440987, 55.62302473773474], [38.07869887955232, 55.590501524957546], [38.05662883697409, 55.55797434212843], [38.034595306050846, 55.525443200641114], [38.0125981865016, 55.49290811184789], [37.9906373783874, 55.46036908705991], [37.968712782109854, 55.42782613754725], [37.94682429840984, 55.395279274539206], [37.92497182836608, 55.362728509224354], [37.90315527339383, 55.33017385275085], [37.881374535243495, 55.29761531622652], [37.859629515999245, 55.26505291071904], [37.8379201180778, 55.232486647256174], [37.81624624422692, 55.19991653682591], [37.79460779752421, 55.167342590376606], [37.773004681375745, 55.134764818817224], [37.75143679951475, 55.102183233017435], [37.729904056000294, 55.06959784380786], [37.70840635521596, 55.037008661980174], [37.68694360186861, 55.004415698287346], [37.665515700987015, 54.97181896344373], [37.6441225579206, 54.93921846812532], [37.62276407833816, 54.90661422296979], [37.60144016822655, 54.87400623857685], [37.5801507338895, 54.841394525508186], [37.55889568194621, 54.808779094287836], [37.53767491933024, 54.77615995540219], [37.51648835328817, 54.74353711930027], [37.495335891378296, 54.71091059639381], [37.47421744146952, 54.67828039705745], [37.453132911740006, 54.64564653162892], [37.43208221067601, 54.61300901040915], [37.41106524707059, 54.58036784366249], [37.39008193002244, 54.54772304161679], [37.36913216893466, 54.51507461446365], [37.34821587351349, 54.48242257235848], [37.32733295376719, 54.449766925420725], [37.30648332000477, 54.417107683734], [37.285666882834846, 54.38444485734626], [37.264883553164395, 54.35177845626988], [37.24413324219761, 54.319108490481916], [37.22341586143472, 54.2864349699242], [37.20273132267077, 54.25375790450348], [37.18207953799453, 54.22107730409158], [37.16146041978725, 54.188393178525594], [37.140873880721536, 54.15570553760793], [37.12031983376021, 54.123014391106615], [37.09979819215515, 54.09031974875526], [37.07930886944611, 54.05762162025338], [37.05885177945965, 54.02492001526642], [37.038426836307934, 53.99221494342592], [37.01803395438765, 53.95950641432973], [36.99767304837886, 53.926794437542064], [36.97734403324389, 53.894079022593715], [36.9570468242262, 53.861360178982146], [36.93678133684931, 53.82863791617164], [36.916547486915654, 53.79591224359347], [36.89634519050553, 53.76318317064603], [36.87617436397593, 53.73045070669496], [36.85603492395953, 53.697714861073266], [36.83592678736356, 53.66497564308154], [36.81584987136873, 53.632233061987975], [36.79580409342815, 53.59948712702862], [36.7757893712663, 53.56673784740743], [36.755805622877894, 53.53398523229648], [36.735852766526875, 53.50122929083601], [36.71593072074534, 53.46847003213465], [36.69603940433246, 53.43570746526945], [36.6761787363535, 53.40294159928615], [36.6563486361387, 53.370172443199195], [36.6365490232823, 53.33740000599187], [36.616779817641444, 53.304624296616545], [36.59704093933521, 53.271845323994675], [36.57733230874356, 53.239063097017], [36.55765384650629, 53.20627762454366], [36.538005473522084, 53.173488915404306], [36.51838711094744, 53.14069697839829], [36.49879868019567, 53.10790182229468], [36.47924010293593, 53.075103455832505], [36.45971130109222, 53.04230188772079], [36.44021219684234, 53.00949712663875], [36.42074271261695, 52.97668918123587], [36.40130277109857, 52.94387806013205], [36.3818922952206, 52.911063771917725], [36.36251120816635, 52.878246325153974], [36.34315943336804, 52.845425728372675], [36.32383689450586, 52.81260199007659], [36.304543515507, 52.77977511873949], [36.28527922054469, 52.746945122806316], [36.266043934037235, 52.71411201069326], [36.24683758064708, 52.6812757907879], [36.22766008527986, 52.64843647144934], [36.208511373083425, 52.61559406100822], [36.18939136944695, 52.582748567767005], [36.1703, 52.549899999999994]]}, "properties": {"fa_flight_id": "RA86906-1548745841-adhoc-0", "registration": "RA-86906", "ident": "RA-86906", "ident_icao": NaN, "origin_code": "L 55.81808 38.23422", "origin_city": "Moscow", "destination_code": "L 52.54990 36.17030", "destination_city": "Moscow", "scheduled_out": NaN, "estimated_out": NaN, "actual_out": NaN, "scheduled_off": "2019-01-29T07:10:41Z", "estimated_off": "2019-01-29T07:10:41Z", "actual_off": "2019-01-29T07:10:41Z", "scheduled_on": NaN, "estimated_on": NaN, "actual_on": "2019-01-29T07:10:41Z", "scheduled_in": NaN, "estimated_in": NaN, "actual_in": NaN, "status": "result unknown", "route_distance": NaN, "diverted": false, "cancelled": false, "simplified_departure_date": "2019-01-29", "origin_coords": [55.81808, 38.23422], "destination_coords": [52.5499, 36.1703], "is_same_city": false}}, {"type": "Feature", "geometry": {"type": "LineString", "coordinates": [[38.15294, 55.93462], [38.152902519729416, 55.933779800561766], [38.152865041084446, 55.93293960111214], [38.15282756406494, 55.932099401651136], [38.15279008867079, 55.93125920217878], [38.15275261490188, 55.930419002695025], [38.152715142758076, 55.92957880319991], [38.15267767223926, 55.92873860369341], [38.15264020334531, 55.92789840417555], [38.15260273607612, 55.92705820464633], [38.152565270431545, 55.92621800510572], [38.15252780641147, 55.92537780555375], [38.152490344015774, 55.92453760599041], [38.15245288324435, 55.923697406415705], [38.15241542409705, 55.92285720682965], [38.152377966573766, 55.9220170072322], [38.152340510674385, 55.92117680762339], [38.15230305639877, 55.920336608003225], [38.15226560374681, 55.919496408371714], [38.15222815271838, 55.91865620872881], [38.152190703313366, 55.91781600907456], [38.152153255531616, 55.916975809408946], [38.152115809373036, 55.91613560973199], [38.152078364837514, 55.91529541004366], [38.15204092192489, 55.914455210343974], [38.15200348063509, 55.913615010632924], [38.15196604096794, 55.91277481091053], [38.15192860292337, 55.91193461117677], [38.15189116650122, 55.91109441143166], [38.151853731701394, 55.9102542116752], [38.151816298523755, 55.909414011907394], [38.151778866968186, 55.90857381212822], [38.151741437034566, 55.907733612337715], [38.151704008722774, 55.90689341253584], [38.15166658203269, 55.90605321272263], [38.15162915696418, 55.90521301289806], [38.15159173351714, 55.904372813062146], [38.15155431169145, 55.90353261321488], [38.15151689148696, 55.902692413356284], [38.15147947290358, 55.90185221348634], [38.151442055941175, 55.90101201360504], [38.15140464059962, 55.90017181371241], [38.15136722687881, 55.899331613808435], [38.15132981477861, 55.89849141389311], [38.15129240429889, 55.897651213966455], [38.15125499543956, 55.89681101402846], [38.15121758820047, 55.895970814079114], [38.15118018258149, 55.895130614118436], [38.15114277858254, 55.894290414146425], [38.15110537620346, 55.893450214163074], [38.15106797544415, 55.89261001416838], [38.15103057630448, 55.891769814162366], [38.15099317878433, 55.89092961414501], [38.15095578288359, 55.89008941411632], [38.15091838860212, 55.8892492140763], [38.15088099593981, 55.88840901402495], [38.15084360489654, 55.88756881396227], [38.15080621547217, 55.88672861388826], [38.1507688276666, 55.88588841380292], [38.15073144147971, 55.885048213706256], [38.150694056911355, 55.88420801359826], [38.15065667396145, 55.883367813478934], [38.15061929262985, 55.88252761334829], [38.15058191291643, 55.881687413206315], [38.15054453482107, 55.88084721305302], [38.150507158343665, 55.880007012888406], [38.15046978348409, 55.87916681271246], [38.1504324102422, 55.8783266125252], [38.150395038617916, 55.877486412326625], [38.150357668611086, 55.87664621211673], [38.15032030022159, 55.875806011895506], [38.15028293344931, 55.87496581166296], [38.15024556829414, 55.87412561141912], [38.15020820475593, 55.87328541116394], [38.1501708428346, 55.87244521089746], [38.15013348252998, 55.87160501061967], [38.150096123842, 55.87076481033055], [38.15005876677049, 55.86992461003013], [38.150021411315365, 55.86908440971839], [38.14998405747648, 55.868244209395336], [38.14994670525373, 55.867404009060984], [38.149909354646994, 55.86656380871531], [38.14987200565615, 55.865723608358344], [38.14983465828106, 55.86488340799006], [38.149797312521635, 55.864043207610464], [38.149759968377715, 55.863203007219575], [38.149722625849215, 55.862362806817366], [38.14968528493599, 55.86152260640387], [38.14964794563794, 55.86068240597906], [38.14961060795491, 55.85984220554294], [38.14957327188683, 55.859002005095526], [38.149535937433534, 55.85816180463682], [38.149498604594925, 55.857321604166806], [38.14946127337087, 55.85648140368549], [38.14942394376125, 55.85564120319288], [38.14938661576595, 55.85480100268897], [38.14934928938485, 55.85396080217377], [38.14931196461782, 55.85312060164726], [38.14927464146476, 55.852280401109475], [38.14923731992552, 55.85144020056038], [38.1492, 55.8506]]}, "properties": {"fa_flight_id": "RA86906-1551379400-adhoc-0", "registration": "RA-86906", "ident": "RA-86906", "ident_icao": NaN, "origin_code": "L 55.93462 38.15294", "origin_city": "Moscow", "destination_code": "L 55.85060 38.14920", "destination_city": "Moscow", "scheduled_out": NaN, "estimated_out": NaN, "actual_out": NaN, "scheduled_off": "2019-02-28T18:43:20Z", "estimated_off": "2019-02-28T18:43:20Z", "actual_off": "2019-02-28T18:43:20Z", "scheduled_on": NaN, "estimated_on": NaN, "actual_on": "2019-02-28T18:43:20Z", "scheduled_in": NaN, "estimated_in": NaN, "actual_in": NaN, "status": "result unknown", "route_distance": NaN, "diverted": false, "cancelled": false, "simplified_departure_date": "2019-02-28", "origin_coords": [55.93462, 38.15294], "destination_coords": [55.8506, 38.1492], "is_same_city": false}}, {"type": "Feature", "geometry": {"type": "LineString", "coordinates": [[37.97836, 56.02038], [37.98010464804318, 56.01875241288943], [37.98184914903684, 56.01712480115948], [37.98359350300016, 56.015497164813716], [37.98533770995232, 56.01386950385572], [37.98708176991248, 56.0122418182891], [37.988825682899844, 56.01061410811741], [37.99056944893354, 56.008986373344236], [37.992313068032786, 56.00735861397317], [37.99405654021671, 56.00573083000778], [37.995799865504495, 56.004103021451655], [37.997543043915286, 56.002475188308374], [37.99928607546825, 56.0008473305815], [38.00102896018254, 55.99921944827463], [38.002771698077304, 55.997591541391344], [38.004514289171695, 55.99596360993518], [38.00625673348485, 55.99433565390976], [38.007999031035915, 55.992707673318634], [38.00974118184404, 55.99107966816539], [38.01148318592836, 55.98945163845359], [38.013225043308, 55.987823584186806], [38.014966754002096, 55.98619550536862], [38.016708318029785, 55.9845674020026], [38.01844973541018, 55.98293927409231], [38.02019100616241, 55.98131112164133], [38.0219321303056, 55.97968294465323], [38.02367310785887, 55.978054743131565], [38.025413938841325, 55.97642651707993], [38.02715462327208, 55.97479826650188], [38.028895161170254, 55.973169991400965], [38.03063555255494, 55.97154169178078], [38.032375797445255, 55.96991336764488], [38.03411589586029, 55.968285018996816], [38.03585584781916, 55.96665664584018], [38.03759565334094, 55.96502824817852], [38.03933531244473, 55.96339982601541], [38.04107482514962, 55.9617713793544], [38.04281419147471, 55.96014290819905], [38.04455341143906, 55.95851441255294], [38.04629248506178, 55.95688589241961], [38.04803141236192, 55.95525734780264], [38.04977019335859, 55.95362877870559], [38.05150882807084, 55.95200018513201], [38.05324731651774, 55.950371567085455], [38.054985658718365, 55.94874292456947], [38.05672385469178, 55.94711425758766], [38.05846190445705, 55.94548556614354], [38.060199808033225, 55.943856850240685], [38.06193756543937, 55.94222810988263], [38.06367517669454, 55.94059934507296], [38.06541264181779, 55.93897055581521], [38.067149960828154, 55.937341742112935], [38.06888713374468, 55.93571290396969], [38.07062416058643, 55.93408404138902], [38.07236104137244, 55.93245515437451], [38.07409777612172, 55.93082624292966], [38.07583436485333, 55.92919730705806], [38.07757080758629, 55.927568346763245], [38.079307104339655, 55.92593936204877], [38.081043255132414, 55.92431035291818], [38.08277925998362, 55.922681319375016], [38.08451511891228, 55.92105226142283], [38.08625083193741, 55.91942317906519], [38.08798639907804, 55.91779407230562], [38.089721820353155, 55.91616494114766], [38.091457095781806, 55.914535785594865], [38.09319222538295, 55.912906605650775], [38.09492720917564, 55.91127740131895], [38.096662047178846, 55.909648172602914], [38.09839673941157, 55.908018919506226], [38.10013128589283, 55.9063896420324], [38.10186568664159, 55.904760340185014], [38.10359994167686, 55.90313101396758], [38.10533405101762, 55.901501663383655], [38.10706801468287, 55.899872288436775], [38.10880183269157, 55.898242889130465], [38.11053550506271, 55.896613465468285], [38.11226903181526, 55.894984017453744], [38.114002412968205, 55.89335454509041], [38.115735648540515, 55.89172504838181], [38.11746873855114, 55.89009552733146], [38.11920168301907, 55.88846598194292], [38.12093448196327, 55.88683641221972], [38.122667135402665, 55.88520681816539], [38.12439964335625, 55.88357719978346], [38.12613200584296, 55.88194755707746], [38.127864222881755, 55.88031789005093], [38.12959629449158, 55.8786881987074], [38.13132822069138, 55.87705848305039], [38.133060001500105, 55.87542874308345], [38.13479163693668, 55.8737989788101], [38.13652312702008, 55.87216919023386], [38.1382544717692, 55.87053937735828], [38.139985671202986, 55.868909540186856], [38.14171672534038, 55.867279678723136], [38.14344763420029, 55.86564979297065], [38.14517839780166, 55.86401988293292], [38.14690901616339, 55.86238994861347], [38.148639489304415, 55.8607599900158], [38.15036981724365, 55.859130007143484], [38.1521, 55.8575]]}, "properties": {"fa_flight_id": "RA86906-1551362401-adhoc-0", "registration": "RA-86906", "ident": "RA-86906", "ident_icao": NaN, "origin_code": "L 56.02038 37.97836", "origin_city": "Moscow", "destination_code": "L 55.85750 38.15210", "destination_city": "Moscow", "scheduled_out": NaN, "estimated_out": NaN, "actual_out": NaN, "scheduled_off": "2019-02-28T14:00:01Z", "estimated_off": "2019-02-28T14:00:01Z", "actual_off": "2019-02-28T14:00:01Z", "scheduled_on": NaN, "estimated_on": NaN, "actual_on": "2019-02-28T14:00:01Z", "scheduled_in": NaN, "estimated_in": NaN, "actual_in": NaN, "status": "result unknown", "route_distance": NaN, "diverted": false, "cancelled": false, "simplified_departure_date": "2019-02-28", "origin_coords": [56.02038, 37.97836], "destination_coords": [55.8575, 38.1521], "is_same_city": false}}, {"type": "Feature", "geometry": {"type": "LineString", "coordinates": [[38.11386, 55.851589999999995], [38.11385240029235, 55.85160510002318], [38.11384480057878, 55.85162020004589], [38.11383720085932, 55.85163530006813], [38.11382960113395, 55.85165040008991], [38.11382200140267, 55.85166550011122], [38.11381440166548, 55.851680600132056], [38.113806801922394, 55.85169570015243], [38.1137992021734, 55.851710800172334], [38.1137916024185, 55.85172590019177], [38.11378400265769, 55.85174100021074], [38.11377640289098, 55.85175610022924], [38.11376880311836, 55.85177120024726], [38.113761203339834, 55.85178630026483], [38.1137536035554, 55.851801400281914], [38.11374600376507, 55.85181650029854], [38.113738403968824, 55.851831600314696], [38.113730804166686, 55.851846700330384], [38.113723204358614, 55.8518618003456], [38.113715604544666, 55.85187690036037], [38.1137080047248, 55.85189200037463], [38.11370040489903, 55.85190710038846], [38.11369280506735, 55.8519222004018], [38.11368520522977, 55.85193730041469], [38.11367760538628, 55.851952400427095], [38.11367000553689, 55.85196750043904], [38.11366240568159, 55.85198260045051], [38.113654805820374, 55.85199770046152], [38.11364720595327, 55.85201280047205], [38.11363960608025, 55.85202790048213], [38.11363200620133, 55.852043000491726], [38.1136244063165, 55.85205810050086], [38.11361680642576, 55.85207320050952], [38.11360920652912, 55.852088300517714], [38.11360160662657, 55.85210340052544], [38.11359400671811, 55.8521185005327], [38.113586406803755, 55.85213360053949], [38.113578806883496, 55.85214870054582], [38.11357120695732, 55.85216380055167], [38.11356360702525, 55.85217890055705], [38.113556007087254, 55.85219400056197], [38.11354840714337, 55.85220910056642], [38.113540807193566, 55.852224200570404], [38.11353320723787, 55.85223930057392], [38.11352560727626, 55.85225440057696], [38.11351800730875, 55.85226950057953], [38.113510407335326, 55.85228460058165], [38.11350280735601, 55.85229970058329], [38.11349520737077, 55.85231480058446], [38.11348760737964, 55.852329900585154], [38.11348000738259, 55.85234500058539], [38.11347240737964, 55.852360100585166], [38.11346480737079, 55.85237520058446], [38.11345720735602, 55.85239030058329], [38.113449607335355, 55.852405400581645], [38.11344200730878, 55.85242050057954], [38.1134344072763, 55.85243560057696], [38.113426807237914, 55.85245070057392], [38.113419207193616, 55.85246580057041], [38.113411607143426, 55.85248090056642], [38.11340400708732, 55.85249600056197], [38.113396407025306, 55.85251110055706], [38.113388806957396, 55.85252620055169], [38.11338120688357, 55.85254130054582], [38.11337360680384, 55.852556400539505], [38.11336600671821, 55.852571500532704], [38.11335840662666, 55.852586600525456], [38.113350806529205, 55.85260170051773], [38.11334320642587, 55.85261680050953], [38.1133356063166, 55.852631900500874], [38.113328006201435, 55.852647000491736], [38.113320406080355, 55.852662100482135], [38.113312805953385, 55.852677200472066], [38.113305205820495, 55.85269230046153], [38.1132976056817, 55.85270740045052], [38.113290005537, 55.85272250043905], [38.1132824053864, 55.85273760042711], [38.11327480522989, 55.85275270041469], [38.11326720506747, 55.852767800401814], [38.11325960489915, 55.85278290038846], [38.11325200472492, 55.852798000374655], [38.11324440454478, 55.85281310036037], [38.11323680435874, 55.85282820034562], [38.11322920416679, 55.8528433003304], [38.11322160396894, 55.85285840031471], [38.11321400376518, 55.85287350029855], [38.11320640355551, 55.852888600281936], [38.113198803339934, 55.852903700264825], [38.113191203118454, 55.852918800247274], [38.11318360289107, 55.852933900229246], [38.11317600265778, 55.85294900021075], [38.11316840241858, 55.85296410019178], [38.113160802173475, 55.85297920017235], [38.113153201922465, 55.85299430015244], [38.11314560166554, 55.85300940013207], [38.113138001402724, 55.85302450011123], [38.11313040113399, 55.85303960008991], [38.11312280085935, 55.853054700068135], [38.113115200578804, 55.853069800045894], [38.11310760029235, 55.853084900023184], [38.1131, 55.8531]]}, "properties": {"fa_flight_id": "RA86906-1562270743-adhoc-0", "registration": "RA-86906", "ident": "RA-86906", "ident_icao": NaN, "origin_code": "L 55.85159 38.11386", "origin_city": "Moscow", "destination_code": "L 55.85310 38.11310", "destination_city": "Moscow", "scheduled_out": NaN, "estimated_out": NaN, "actual_out": NaN, "scheduled_off": "2019-07-04T20:05:43Z", "estimated_off": "2019-07-04T20:05:43Z", "actual_off": "2019-07-04T20:05:43Z", "scheduled_on": NaN, "estimated_on": NaN, "actual_on": "2019-07-04T20:05:43Z", "scheduled_in": NaN, "estimated_in": NaN, "actual_in": NaN, "status": "result unknown", "route_distance": NaN, "diverted": false, "cancelled": false, "simplified_departure_date": "2019-07-04", "origin_coords": [55.85159, 38.11386], "destination_coords": [55.8531, 38.1131], "is_same_city": false}}, {"type": "Feature", "geometry": {"type": "LineString", "coordinates": [[38.244670000000006, 55.78846000000001], [38.243243823012726, 55.789155218720204], [38.24181759511872, 55.78985042093397], [38.240391316316064, 55.79054560664028], [38.23896498660282, 55.79124077583811], [38.23753860597705, 55.79193592852644], [38.2361121744368, 55.79263106470426], [38.23468569198015, 55.79332618437054], [38.233259158605165, 55.794021287524274], [38.2318325743099, 55.7947163741644], [38.23040593909242, 55.795411444289954], [38.2289792529508, 55.79610649789988], [38.22755251588309, 55.796801534993165], [38.22612572788735, 55.79749655556879], [38.224698888961655, 55.79819155962574], [38.22327199910407, 55.79888654716299], [38.22184505831265, 55.799581518179515], [38.22041806658547, 55.80027647267429], [38.21899102392058, 55.80097141064631], [38.217563930316054, 55.80166633209454], [38.21613678576995, 55.802361237017976], [38.21470959028032, 55.80305612541558], [38.21328234384526, 55.803750997286336], [38.211855046462816, 55.80444585262923], [38.21042769813105, 55.80514069144322], [38.20900029884802, 55.8058355137273], [38.20757284861181, 55.80653031948046], [38.20614534742047, 55.80722510870166], [38.20471779527207, 55.80791988138988], [38.203290192164665, 55.80861463754411], [38.20186253809632, 55.80930937716332], [38.20043483306511, 55.810004100246495], [38.199007077069105, 55.81069880679261], [38.19757927010635, 55.811393496800626], [38.19615141217492, 55.81208817026955], [38.19472350327288, 55.81278282719835], [38.1932955433983, 55.813477467586], [38.19186753254923, 55.81417209143148], [38.190439470723746, 55.81486669873376], [38.1890113579199, 55.81556128949182], [38.18758319413577, 55.816255863704654], [38.18615497936943, 55.81695042137124], [38.184726713618915, 55.817644962490526], [38.183298396882314, 55.81833948706152], [38.181870029157686, 55.819033995083174], [38.1804416104431, 55.819728486554496], [38.1790131407366, 55.82042296147444], [38.17758462003628, 55.82111741984198], [38.17615604834019, 55.82181186165612], [38.174727425646395, 55.82250628691582], [38.17329875195297, 55.823200695620045], [38.17187002725796, 55.823895087767816], [38.17044125155945, 55.82458946335806], [38.1690124248555, 55.825283822389764], [38.167583547144176, 55.82597816486194], [38.16615461842354, 55.82667249077353], [38.164725638691664, 55.827366800123514], [38.1632966079466, 55.82806109291088], [38.161867526186434, 55.828755369134605], [38.160438393409216, 55.82944962879366], [38.15900920961302, 55.830143871887024], [38.157579974795894, 55.83083809841367], [38.15615068895592, 55.83153230837258], [38.154721352091165, 55.83222650176273], [38.15329196419969, 55.83292067858309], [38.15186252527957, 55.83361483883265], [38.15043303532886, 55.83430898251037], [38.14900349434563, 55.83500310961523], [38.14757390232795, 55.83569722014622], [38.14614425927386, 55.83639131410231], [38.144714565181474, 55.83708539148246], [38.14328482004882, 55.837779452285666], [38.14185502387397, 55.83847349651089], [38.140425176655015, 55.83916752415711], [38.13899527839, 55.83986153522333], [38.13756532907698, 55.84055552970849], [38.13613532871404, 55.841249507611565], [38.134705277299254, 55.841943468931554], [38.133275174830665, 55.84263741366742], [38.131845021306354, 55.84333134181815], [38.13041481672439, 55.8440252533827], [38.12898456108283, 55.844719148360056], [38.127554254379746, 55.845413026749206], [38.1261238966132, 55.8461068885491], [38.124693487781286, 55.846800733758734], [38.123263027882025, 55.847494562377065], [38.12183251691351, 55.848188374403094], [38.12040195487381, 55.84888216983577], [38.11897134176099, 55.84957594867408], [38.11754067757311, 55.850269710917], [38.116109962308244, 55.85096345656349], [38.114679195964456, 55.85165718561255], [38.113248378539815, 55.852350898063136], [38.11181751003238, 55.85304459391424], [38.110386590440235, 55.85373827316482], [38.10895561976143, 55.85443193581386], [38.10752459799404, 55.85512558186033], [38.10609352513614, 55.8558192113032], [38.10466240118579, 55.85651282414146], [38.10323122614105, 55.85720642037406], [38.1018, 55.857899999999994]]}, "properties": {"fa_flight_id": "RA86906-1562253052-adhoc-0", "registration": "RA-86906", "ident": "RA-86906", "ident_icao": NaN, "origin_code": "L 55.78846 38.24467", "origin_city": "Moscow", "destination_code": "L 55.85790 38.10180", "destination_city": "Moscow", "scheduled_out": NaN, "estimated_out": NaN, "actual_out": NaN, "scheduled_off": "2019-07-04T15:10:52Z", "estimated_off": "2019-07-04T15:10:52Z", "actual_off": "2019-07-04T15:10:52Z", "scheduled_on": NaN, "estimated_on": NaN, "actual_on": "2019-07-04T15:10:52Z", "scheduled_in": NaN, "estimated_in": NaN, "actual_in": NaN, "status": "result unknown", "route_distance": NaN, "diverted": false, "cancelled": false, "simplified_departure_date": "2019-07-04", "origin_coords": [55.78846, 38.24467], "destination_coords": [55.8579, 38.1018], "is_same_city": false}}, {"type": "Feature", "geometry": {"type": "LineString", "coordinates": [[37.92314, 59.57821], [37.9250062322983, 59.54105207076429], [37.9268683530098, 59.50389411502559], [37.92872637726552, 59.46673613288147], [37.930580320123084, 59.42957812442903], [37.932430196567275, 59.392420089764826], [37.93427602151037, 59.355262028985045], [37.93611780979265, 59.318103942185346], [37.937955576182794, 59.280945829460954], [37.93978933537835, 59.2437876909066], [37.94161910200612, 59.20662952661664], [37.943444890622615, 59.169471336684865], [37.945266715714496, 59.13231312120468], [37.94708459169892, 59.09515488026905], [37.948898532924055, 59.05799661397048], [37.950708553669415, 59.02083832240104], [37.952514668146314, 58.983680005652324], [37.95431689049826, 58.94652166381553], [37.956115234801366, 58.90936329698139], [37.95790971506473, 58.87220490524027], [37.95970034523088, 58.835046488682], [37.96148713917611, 58.79788804739608], [37.96327011071093, 58.76072958147153], [37.96504927358043, 58.723571090996984], [37.96682464146467, 58.6864125760606], [37.96859622797907, 58.649254036750186], [37.97036404667477, 58.6120954731531], [37.97212811103905, 58.57493688535629], [37.973888434495684, 58.537778273446314], [37.975645030405296, 58.50061963750928], [37.97739791206579, 58.463460977630945], [37.97914709271265, 58.42630229389661], [37.980892585519356, 58.38914358639125], [37.982634403597714, 58.35198485519934], [37.98437255999826, 58.31482610040506], [37.98610706771056, 58.27766732209213], [37.98783793966364, 58.2405085203439], [37.98956518872626, 58.203349695243354], [37.991288827707336, 58.16619084687307], [37.993008869356224, 58.12903197531522], [37.994725326363145, 58.09187308065162], [37.99643821135944, 58.05471416296371], [37.998147536918005, 58.01755522233254], [37.99985331555353, 57.980396258838816], [38.00155555972292, 57.943237272562826], [38.00325428182559, 57.906078263584504], [38.00494949420383, 57.86891923198341], [38.006641209143055, 57.83176017783876], [38.00832943887223, 57.794601101229404], [38.01001419556415, 57.7574420022338], [38.01169549133576, 57.720282880930064], [38.01337333824847, 57.68312373739596], [38.015047748308525, 57.6459645717089], [38.016718733467236, 57.60880538394591], [38.018386305621384, 57.571646174183705], [38.02005047661345, 57.53448694249862], [38.021711258231996, 57.49732768896666], [38.02336866221194, 57.46016841366347], [38.02502270023484, 57.42300911666437], [38.026673383929264, 57.38584979804431], [38.02832072487101, 57.34869045787792], [38.02996473458347, 57.31153109623953], [38.031605424537894, 57.274371713203024], [38.03324280615369, 57.237212308842054], [38.03487689079873, 57.20005288322991], [38.03650768978963, 57.162893436439546], [38.03813521439207, 57.12573396854358], [38.039759475821015, 57.08857447961433], [38.04138048524106, 57.05141496972374], [38.04299825376671, 57.014255438943486], [38.04461279246262, 56.977095887344895], [38.04622411234392, 56.93993631499896], [38.04783222437648, 56.90277672197641], [38.04943713947717, 56.8656171083476], [38.05103886851414, 56.8284574741826], [38.05263742230712, 56.79129781955114], [38.05423281162768, 56.75413814452268], [38.05582504719942, 56.716978449166355], [38.057414139698395, 56.679818733551], [38.059000099753234, 56.6426589977451], [38.06058293794547, 56.60549924181691], [38.062162664809826, 56.5683394658343], [38.06373929083438, 56.53117966986491], [38.06531282646094, 56.49401985397605], [38.066883282085236, 56.45686001823474], [38.06845066805715, 56.41970016270769], [38.07001499468106, 56.382540287461346], [38.07157627221597, 56.34538039256185], [38.07313451087589, 56.30822047807501], [38.074689720829966, 56.271060544066394], [38.076241912202825, 56.233900590601316], [38.07779109507474, 56.19674061774471], [38.07933727948193, 56.15958062556129], [38.080880475416784, 56.12242061411547], [38.08242069282805, 56.0852605834714], [38.083957941621215, 56.04810053369291], [38.08549223165854, 56.010940464843586], [38.08702357275948, 55.97378037698676], [38.08855197470083, 55.93662027018543], [38.090077447216935, 55.89946014450234], [38.0916, 55.86229999999999]]}, "properties": {"fa_flight_id": "RA86906-1562897463-adhoc-0", "registration": "RA-86906", "ident": "RA-86906", "ident_icao": NaN, "origin_code": "L 59.57821 37.92314", "origin_city": "Cherepovetsky District", "destination_code": "L 55.86230 38.09160", "destination_city": "Moscow", "scheduled_out": NaN, "estimated_out": NaN, "actual_out": NaN, "scheduled_off": "2019-07-12T02:11:03Z", "estimated_off": "2019-07-12T02:11:03Z", "actual_off": "2019-07-12T02:11:03Z", "scheduled_on": NaN, "estimated_on": NaN, "actual_on": "2019-07-12T02:11:03Z", "scheduled_in": NaN, "estimated_in": NaN, "actual_in": NaN, "status": "result unknown", "route_distance": NaN, "diverted": false, "cancelled": false, "simplified_departure_date": "2019-07-12", "origin_coords": [59.57821, 37.92314], "destination_coords": [55.8623, 38.0916], "is_same_city": false}}, {"type": "Feature", "geometry": {"type": "LineString", "coordinates": [[38.10146, 55.964479999999995], [38.09058632013107, 56.015897048023575], [38.0796836509338, 56.06731313703264], [38.068751859240095, 56.118728262603796], [38.05779081108257, 56.170142420286915], [38.04680037168854, 56.221555605604976], [38.03578040547399, 56.272967814053864], [38.024730776037444, 56.324379041102176], [38.01365134615379, 56.37578928219098], [38.00254197776804, 56.42719853273362], [37.99140253198904, 56.47860678811554], [37.98023286908315, 56.530014043694], [37.96903284846783, 56.58142029479795], [37.957802328705185, 56.632825536727715], [37.9465411674954, 56.68422976475483], [37.93524922167027, 56.73563297412185], [37.92392634718646, 56.78703516004205], [37.91257239911884, 56.83843631769926], [37.901187231653736, 56.88983644224761], [37.88977069808212, 56.94123552881131], [37.87832265079268, 56.99263357248441], [37.86684294126495, 57.044030568330584], [37.855331420062186, 57.09542651138287], [37.8437879368244, 57.14682139664345], [37.83221234026117, 57.1982152190834], [37.82060447814445, 57.249607973642455], [37.808964197301236, 57.30099965522876], [37.797291343606325, 57.35239025871862], [37.78558576197483, 57.403779778956256], [37.77384729635473, 57.45516821075356], [37.76207578971932, 57.506555548889786], [37.750271084059605, 57.55794178811142], [37.73843302037657, 57.60932692313179], [37.72656143867347, 57.660710948630836], [37.714656177947944, 57.712093859254885], [37.70271707618419, 57.76347564961642], [37.690743970344855, 57.81485631429364], [37.67873669636311, 57.86623584783043], [37.66669508913444, 57.91761424473586], [37.65461898250845, 57.968991499484076], [37.64250820928058, 58.0203676065139], [37.63036260118375, 58.07174256022867], [37.618181988879904, 58.12311635499584], [37.60596620195149, 58.174488985146716], [37.59371506889282, 58.22586044497626], [37.58142841710146, 58.27723072874267], [37.56910607286936, 58.3285998306672], [37.55674786137409, 58.379967744933744], [37.54435360666987, 58.43133446568862], [37.531923131678454, 58.48269998704024], [37.519456258180206, 58.53406430305879], [37.506952806804705, 58.58542740777595], [37.49441259702158, 58.63678929518458], [37.4818354471311, 58.688149959238324], [37.469221174254685, 58.7395093938514], [37.45656959432538, 58.790867592898216], [37.44388052207818, 58.84222455021307], [37.43115377104026, 58.89358025958979], [37.4183891535212, 58.94493471478147], [37.405586480602985, 58.9962879095], [37.39274556213, 59.04763983741591], [37.379866206698885, 59.09899049215785], [37.366948221648336, 59.15033986731237], [37.353991413048725, 59.20168795642352], [37.34099558569171, 59.25303475299249], [37.327960543079655, 59.304380250477315], [37.31488608741505, 59.35572444229239], [37.301772019589706, 59.407067321808285], [37.28861813917395, 59.45840888235117], [37.275424244405656, 59.50974911720268], [37.26219013217915, 59.56108801959929], [37.24891559803409, 59.61242558273216], [37.23560043614412, 59.66376179974661], [37.22224443930552, 59.7150966637418], [37.208847398925656, 59.76643016777031], [37.195409105011386, 59.81776230483776], [37.18192934615728, 59.86909306790242], [37.168407909533805, 59.920422449874806], [37.15484458087527, 59.971750443617275], [37.141239144467825, 60.02307704194359], [37.127591383137144, 60.07440223761855], [37.113901078236154, 60.12572602335754], [37.10016800963249, 60.1770483918261], [37.08639195569597, 60.228369335639556], [37.07257269328585, 60.27968884736256], [37.058709997737914, 60.33100691950857], [37.04480364285156, 60.382323544539595], [37.03085340087667, 60.43363871486556], [37.01685904250035, 60.48495242284398], [37.00282033683351, 60.536264660779466], [36.9887370513974, 60.58757542092327], [36.97460895210993, 60.638884695472804], [36.96043580327186, 60.6901924765712], [36.946217367552826, 60.74149875630684], [36.93195340597733, 60.79280352671286], [36.91764367791044, 60.84410677976666], [36.90328794104347, 60.89540850738949], [36.88888595137936, 60.94670870144582], [36.87443746321812, 60.99800735374299], [36.859942229141886, 61.04930445603058], [36.84539999999999, 61.100600000000014]]}, "properties": {"fa_flight_id": "RA86906-1562874837-adhoc-0", "registration": "RA-86906", "ident": "RA-86906", "ident_icao": NaN, "origin_code": "L 55.96448 38.10146", "origin_city": "Moscow", "destination_code": "L 61.10060 36.84540", "destination_city": "Cherepovetsky District", "scheduled_out": NaN, "estimated_out": NaN, "actual_out": NaN, "scheduled_off": "2019-07-11T19:53:57Z", "estimated_off": "2019-07-11T19:53:57Z", "actual_off": "2019-07-11T19:53:57Z", "scheduled_on": NaN, "estimated_on": NaN, "actual_on": "2019-07-11T19:53:57Z", "scheduled_in": NaN, "estimated_in": NaN, "actual_in": NaN, "status": "result unknown", "route_distance": NaN, "diverted": false, "cancelled": false, "simplified_departure_date": "2019-07-11", "origin_coords": [55.96448, 38.10146], "destination_coords": [61.1006, 36.8454], "is_same_city": false}}, {"type": "Feature", "geometry": {"type": "LineString", "coordinates": [[38.25947, 55.89137], [38.209526602832256, 55.896734370731174], [38.15956941864705, 55.90207852437602], [38.10959849296964, 55.90740245130015], [38.05961387142035, 55.91270614189963], [38.00961559971432, 55.91798958660113], [37.9596037236613, 55.923252775861926], [37.90957828916541, 55.928495700170046], [37.85953934222492, 55.93371835004432], [37.809486928931996, 55.938920716034474], [37.759421095472504, 55.94410278872114], [37.709341888125756, 55.94926455871608], [37.65924935326427, 55.95440601666213], [37.60914353735354, 55.95952715323333], [37.5590244869518, 55.96462795913503], [37.50889224870977, 55.96970842510391], [37.45874686937045, 55.974768541908134], [37.40858839576884, 55.97980830034734], [37.35841687483169, 55.984827691252775], [37.30823235357731, 55.989826705487374], [37.25803487911526, 55.99480533394584], [37.20782449864612, 55.99976356755467], [37.15760125946128, 56.004701397272314], [37.10736520894262, 56.009618814089166], [37.05711639456231, 56.01451580902772], [37.00685486388252, 56.01939237314259], [36.956580664555204, 56.02424849752061], [36.906293844321816, 56.02908417328094], [36.855994451013004, 56.03389939157505], [36.805682532548474, 56.03869414358692], [36.755358136936586, 56.043468420533024], [36.70502131227419, 56.04822221366245], [36.65467210674633, 56.05295551425692], [36.60431056862595, 56.05766831363098], [36.55393674627366, 56.06236060313193], [36.50355068813746, 56.067032374140005], [36.45315244275246, 56.07168361806841], [36.402742058740635, 56.07631432636345], [36.35231958481048, 56.08092449050445], [36.301885069756814, 56.08551410200401], [36.25143856246048, 56.090083152408006], [36.20098011188804, 56.09463163329562], [36.150509767091506, 56.09915953627948], [36.100027577208095, 56.1036668530057], [36.04953359145989, 56.10815357515396], [35.9990278591536, 56.11261969443759], [35.94851042968023, 56.11706520260361], [35.89798135251487, 56.121490091432854], [35.84744067721629, 56.125894352739984], [35.79688845342678, 56.13027797837361], [35.746324730871784, 56.13464096021633], [35.69574955935956, 56.138983290184825], [35.64516298878102, 56.14330496022989], [35.59456506910933, 56.14760596233659], [35.543955850399634, 56.15188628852421], [35.49333538278878, 56.15614593084642], [35.44270371649497, 56.16038488139132], [35.392060901817544, 56.1646031322815], [35.34140698913658, 56.16880067567412], [35.29074202891267, 56.172977503760954], [35.24006607168654, 56.177133608768486], [35.18937916807884, 56.18126898295801], [35.13868136878971, 56.185383618625586], [35.0879727245986, 56.18947750810226], [35.037253286363864, 56.19355064375401], [34.986523105022485, 56.19760301798186], [34.93578223158977, 56.20163462322199], [34.88503071715902, 56.20564545194572], [34.834268612901205, 56.20963549665961], [34.78349597006466, 56.21360474990558], [34.732712839974795, 56.21755320426089], [34.681919274033675, 56.22148085233826], [34.63111532371984, 56.22538768678595], [34.580301040587855, 56.22927370028776], [34.52947647626807, 56.23313888556316], [34.47864168246625, 56.23698323536735], [34.42779671096324, 56.240806742491245], [34.3769416136147, 56.24460939976164], [34.32607644235069, 56.248391200041276], [34.27520124917539, 56.25215213622879], [34.22431608616679, 56.25589220125889], [34.17342100547627, 56.259611388102364], [34.12251605932837, 56.26330968976621], [34.07160130002034, 56.26698709929357], [34.02067677992196, 56.27064360976397], [33.969742551474994, 56.274279214293195], [33.918798667193045, 56.27789390603349], [33.86784517966109, 56.281487678173576], [33.816882141535196, 56.285060523938704], [33.765909605542134, 56.288612436590675], [33.71492762447908, 56.29214340942806], [33.66393625121324, 56.29565343578603], [33.61293553868146, 56.29914250903659], [33.56192553989002, 56.30261062258859], [33.5109063079141, 56.3060577698878], [33.45987789589755, 56.30948394441689], [33.4088403570525, 56.31288913969559], [33.35779374465903, 56.31627334928073], [33.306738112064735, 56.31963656676619], [33.255673512684496, 56.32297878578316], [33.2046, 56.3263]]}, "properties": {"fa_flight_id": "RA86906-1563175352-adhoc-0", "registration": "RA-86906", "ident": "RA-86906", "ident_icao": NaN, "origin_code": "L 55.89137 38.25947", "origin_city": "Moscow", "destination_code": "L 56.32630 33.20460", "destination_city": "Tver", "scheduled_out": NaN, "estimated_out": NaN, "actual_out": NaN, "scheduled_off": "2019-07-15T07:22:32Z", "estimated_off": "2019-07-15T07:22:32Z", "actual_off": "2019-07-15T07:22:32Z", "scheduled_on": NaN, "estimated_on": NaN, "actual_on": "2019-07-15T07:22:32Z", "scheduled_in": NaN, "estimated_in": NaN, "actual_in": NaN, "status": "result unknown", "route_distance": NaN, "diverted": false, "cancelled": false, "simplified_departure_date": "2019-07-15", "origin_coords": [55.89137, 38.25947], "destination_coords": [56.3263, 33.2046], "is_same_city": false}}, {"type": "Feature", "geometry": {"type": "LineString", "coordinates": [[32.7733, 55.87571], [32.82655715116065, 55.87665612026677], [32.879816866396624, 55.87757925043163], [32.93307908283938, 55.87847938860359], [32.98634373759992, 55.879356532938644], [33.03961076776927, 55.880210681639646], [33.09288011041901, 55.88104183295644], [33.14615170260178, 55.881849985185774], [33.19942548135181, 55.88263513667139], [33.25270138368539, 55.88339728580405], [33.305979346601454, 55.88413643102145], [33.359259307082006, 55.884852570808384], [33.41254120209272, 55.88554570369663], [33.465824968583384, 55.88621582826504], [33.519110543488466, 55.88686294313951], [33.5723978637276, 55.88748704699304], [33.62568686620611, 55.88808813854574], [33.67897748781554, 55.88866621656476], [33.732269665434124, 55.88922127986442], [33.78556333592738, 55.88975332730616], [33.83885843614855, 55.89026235779857], [33.892154902939154, 55.890748370297366], [33.94545267312949, 55.89121136380543], [33.9987516835392, 55.891651337372856], [34.0520518709777, 55.89206829009689], [34.1053531722448, 55.89246222112197], [34.15865552413112, 55.892833129639726], [34.21195886341868, 55.89318101488902], [34.26526312688142, 55.89350587615593], [34.31856825128564, 55.89380771277375], [34.37187417339064, 55.894086524122976], [34.425180829949106, 55.89434230963138], [34.478488157707744, 55.89457506877399], [34.53179609340772, 55.89478480107302], [34.58510457378522, 55.894971506098], [34.63841353557197, 55.89513518346566], [34.69172291549572, 55.89527583284004], [34.74503265028081, 55.89539345393243], [34.79834267664864, 55.89548804650137], [34.851652931318235, 55.89555961035269], [34.90496335100675, 55.89560814533947], [34.95827387242996, 55.89563365136209], [35.01158443230283, 55.895636128368174], [35.06489496734001, 55.895615576352654], [35.11820541425633, 55.89557199535772], [35.171515709767355, 55.895505385472816], [35.22482579058992, 55.89541574683471], [35.27813559344255, 55.895303079627396], [35.33144505504615, 55.895167384082136], [35.38475411212435, 55.8950086604775], [35.43806270140415, 55.894826909139304], [35.49137075961634, 55.8946221304406], [35.54467822349613, 55.894394324801745], [35.597985029783565, 55.8941434926903], [35.651291115224105, 55.89386963462112], [35.704596416569125, 55.89357275115628], [35.757900870576435, 55.89325284290508], [35.8112044140108, 55.89290991052408], [35.864506983644475, 55.89254395471705], [35.917808516257686, 55.89215497623499], [35.97110894863918, 55.891742975876085], [36.02440821758671, 55.89130795448576], [36.07770625990763, 55.8908499129566], [36.1310030124193, 55.890368852228384], [36.18429841194969, 55.88986477328809], [36.23759239533786, 55.88933767716983], [36.29088489943452, 55.88878756495487], [36.34417586110247, 55.88821443777165], [36.39746521721717, 55.88761829679573], [36.450752904667254, 55.88699914324977], [36.504038860355045, 55.88635697840356], [36.55732302119706, 55.88569180357398], [36.61060532412452, 55.885003620124984], [36.66388570608389, 55.88429242946763], [36.717164104037366, 55.88355823305997], [36.770440454963406, 55.882801032407144], [36.82371469585725, 55.8820208290613], [36.87698676373142, 55.88121762462159], [36.93025659561624, 55.880391420734185], [36.98352412856035, 55.87954221909217], [37.0367892996312, 55.87867002143566], [37.09005204591561, 55.877774829551676], [37.14331230452022, 55.87685664527416], [37.19657001257205, 55.87591547048397], [37.24982510721902, 55.87495130710884], [37.303077525630364, 55.87396415712338], [37.35632720499729, 55.87295402254903], [37.409574082533354, 55.87192090545409], [37.46281809547507, 55.870864807953645], [37.51605918108236, 55.869785732209515], [37.56929727663906, 55.86868368043038], [37.622532319453484, 55.86755865487159], [37.67576424685886, 55.866410657835225], [37.728992996213904, 55.86523969167007], [37.78221850490326, 55.864045758771574], [37.83544071033807, 55.86282886158184], [37.88865954995644, 55.86158900258958], [37.94187496122395, 55.86032618433011], [37.99508688163419, 55.859040409385315], [38.04829524870918, 55.85773168038364], [38.1015, 55.8564]]}, "properties": {"fa_flight_id": "RA86906-1569490815-adhoc-0", "registration": "RA-86906", "ident": "RA-86906", "ident_icao": NaN, "origin_code": "L 55.87571 32.77330", "origin_city": "Vitebsk", "destination_code": "L 55.85640 38.10150", "destination_city": "Moscow", "scheduled_out": NaN, "estimated_out": NaN, "actual_out": NaN, "scheduled_off": "2019-09-26T09:40:15Z", "estimated_off": "2019-09-26T09:40:15Z", "actual_off": "2019-09-26T09:40:15Z", "scheduled_on": NaN, "estimated_on": NaN, "actual_on": "2019-09-26T09:40:15Z", "scheduled_in": NaN, "estimated_in": NaN, "actual_in": NaN, "status": "result unknown", "route_distance": NaN, "diverted": false, "cancelled": false, "simplified_departure_date": "2019-09-26", "origin_coords": [55.87571, 32.7733], "destination_coords": [55.8564, 38.1015], "is_same_city": false}}, {"type": "Feature", "geometry": {"type": "LineString", "coordinates": [[37.93957000000001, 55.97013], [37.962630273192644, 55.88361724570088], [37.98558797945364, 55.79710020083301], [38.00844390053982, 55.71057889830911], [38.03119881047616, 55.62405337071361], [38.05385347565106, 55.537523650306795], [38.07640865491014, 55.45098976902881], [38.09886509964867, 55.36445175850361], [38.121223553902745, 55.27790965004284], [38.14348475443907, 55.191363474649755], [38.1656494308434, 55.10481326302295], [38.18771830560782, 55.01825904556011], [38.209692094216635, 54.93170085236172], [38.231571505231145, 54.845138713234675], [38.25335724037311, 54.758572657695815], [38.275049994607045, 54.672002714975534], [38.29665045622143, 54.58542891402115], [38.318159306908534, 54.49885128350044], [38.3395772218434, 54.41226985180492], [38.36090486976147, 54.32568464705322], [38.38214291303524, 54.23909569709435], [38.403292007749755, 54.152503029510896], [38.42435280377712, 54.06590667162229], [38.445325944849856, 53.979306650487835], [38.46621206863338, 53.89270299290992], [38.48701180679729, 53.80609572543696], [38.507725785085775, 53.71948487436648], [38.528354623387045, 53.63287046574804], [38.5488989358017, 53.54625252538621], [38.56935933071027, 53.459631078843366], [38.58973641083969, 53.3730061514426], [38.610030773329015, 53.28637776827052], [38.63024300979406, 53.19974595417998], [38.65037370639127, 53.11311073379282], [38.67042344388067, 53.026472131502565], [38.69039279768797, 52.93983017147707], [38.71028233796577, 52.853184877661114], [38.73009262965399, 52.766536273779], [38.749824232539474, 52.67988438333711], [38.76947770131473, 52.59322922962634], [38.789053585635926, 52.50657083572469], [38.808552430180114, 52.41990922449956], [38.82797477470159, 52.33324441861031], [38.84732115408764, 52.24657644051051], [38.86659209841334, 52.15990531245034], [38.885788132995906, 52.07323105647887], [38.904909778447966, 51.986553694446386], [38.92395755073043, 51.899873248006564], [38.94293196120449, 51.81318973861877], [38.96183351668296, 51.726503187550165], [38.98066271948092, 51.63981361587795], [38.999420067465806, 51.5531210444914], [39.01810605410663, 51.466425494094025], [39.03672116852273, 51.379726985205664], [39.055265895531825, 51.29302553816445], [39.07374071569738, 51.20632117312892], [39.09214610537545, 51.11961391007991], [39.110482536760834, 51.03290376882262], [39.12875047793268, 50.94619076898848], [39.14695039289941, 50.859474930037095], [39.16508274164325, 50.77275627125812], [39.183147980163916, 50.68603481177314], [39.201146560521956, 50.59931057053751], [39.21907893088143, 50.51258356634216], [39.236945535552096, 50.425853817815344], [39.25474681503096, 50.33912134342453], [39.272483206043404, 50.252386161478036], [39.29015514158371, 50.165648290126754], [39.307763050955124, 50.078907747365946], [39.32530735980935, 49.992164551036815], [39.34278849018558, 49.905418718828244], [39.36020686054904, 49.818670268278375], [39.377562885828986, 49.73191921677628], [39.3948569774563, 49.645165581563475], [39.41208954340056, 49.558409379735615], [39.42926098820666, 49.47165062824391], [39.44637171303093, 49.38488934389675], [39.46342211567693, 49.29812554336125], [39.480412590630586, 49.21135924316463], [39.49734352909511, 49.12459045969578], [39.51421531902531, 49.03781920920674], [39.5310283451616, 48.951045507814015], [39.547782989063506, 48.86426937150017], [39.56447962914274, 48.7774908161151], [39.58111864069602, 48.69070985737746], [39.59770039593725, 48.60392651087608], [39.614225264029535, 48.51714079207123], [39.63069361111659, 48.43035271629604], [39.64710580035399, 48.34356229875779], [39.663462191939786, 48.25676955453916], [39.67976314314499, 48.169974498599615], [39.696009008343495, 48.08317714577664], [39.71220013904177, 47.99637751078691], [39.728336883908106, 47.90957560822769], [39.74441958880154, 47.82277145257793], [39.76044859680042, 47.73596505819953], [39.77642424823067, 47.64915643933854], [39.79234688069363, 47.56234561012631], [39.808216829093624, 47.475532584580684], [39.82403442566519, 47.38871737660717], [39.83979999999999, 47.3019]]}, "properties": {"fa_flight_id": "RA86906-1571400868-adhoc-0", "registration": "RA-86906", "ident": "RA-86906", "ident_icao": NaN, "origin_code": "L 55.97013 37.93957", "origin_city": "Moscow", "destination_code": "L 47.30190 39.83980", "destination_city": "Stavropol", "scheduled_out": NaN, "estimated_out": NaN, "actual_out": NaN, "scheduled_off": "2019-10-18T12:14:28Z", "estimated_off": "2019-10-18T12:14:28Z", "actual_off": "2019-10-18T12:14:28Z", "scheduled_on": NaN, "estimated_on": NaN, "actual_on": "2019-10-18T12:14:28Z", "scheduled_in": NaN, "estimated_in": NaN, "actual_in": NaN, "status": "result unknown", "route_distance": NaN, "diverted": false, "cancelled": false, "simplified_departure_date": "2019-10-18", "origin_coords": [55.97013, 37.93957], "destination_coords": [47.3019, 39.8398], "is_same_city": false}}, {"type": "Feature", "geometry": {"type": "LineString", "coordinates": [[37.10108, 51.92342], [37.109195603356895, 51.963337703640654], [37.11732567426865, 52.00325484841898], [37.125470259166, 52.04317143253356], [37.13362940467191, 52.08308745417548], [37.14180315760259, 52.12300291152826], [37.149991564968545, 52.162917802767865], [37.15819467397554, 52.20283212606261], [37.16641253202562, 52.24274587957322], [37.174645186718166, 52.282659061452584], [37.18289268585091, 52.322571669846006], [37.19115507742097, 52.36248370289088], [37.199432409625906, 52.402395158716864], [37.207724730864754, 52.44230603544568], [37.21603208973911, 52.482216331191196], [37.224354535054196, 52.5221260440593], [37.23269211581987, 52.5620351721479], [37.24104488125181, 52.60194371354689], [37.24941288077248, 52.64185166633802], [37.25779616401233, 52.68175902859502], [37.266194780810864, 52.721665798383384], [37.27460878121766, 52.7615719737604], [37.2830382154936, 52.801477552775154], [37.29148313411196, 52.841382533468405], [37.29994358775947, 52.88128691387257], [37.30841962733753, 52.921190692011706], [37.31691130396332, 52.96109386590144], [37.32541866897093, 53.00099643354889], [37.33394177391254, 53.040898392952684], [37.3424806705596, 53.080799742102904], [37.35103541090394, 53.12070047898098], [37.35960604715899, 53.16060060155972], [37.368192631761005, 53.200500107803215], [37.37679521737015, 53.240398995666794], [37.385413856871814, 53.28029726309702], [37.394048603377726, 53.32019490803157], [37.40269951022725, 53.36009192839926], [37.41136663098858, 53.39998832211995], [37.4200500194599, 53.43988408710454], [37.42874972967077, 53.47977922125484], [37.437465815883236, 53.519673722463594], [37.446198332593156, 53.55956758861444], [37.45494733453147, 53.599460817581786], [37.463712876665404, 53.639353407230836], [37.47249501419985, 53.679245355417464], [37.48129380257857, 53.71913665998827], [37.490109297485525, 53.75902731878041], [37.49894155484619, 53.79891732962162], [37.50779063082886, 53.83880669033013], [37.51665658184594, 53.87869539871467], [37.52553946455536, 53.91858345257431], [37.5344393358618, 53.95847084969852], [37.543356252918116, 53.99835758786705], [37.55229027312671, 54.03824366484988], [37.56124145414081, 54.078129078407194], [37.57020985386594, 54.11801382628933], [37.57919553046125, 54.157897906236684], [37.58819854234091, 54.19778131597967], [37.59721894817553, 54.237664053238696], [37.606256806893576, 54.277546115724085], [37.61531217768274, 54.31742750113601], [37.62438511999146, 54.35730820716442], [37.63347569353025, 54.397188231489075], [37.64258395827325, 54.437067571779394], [37.65170997445961, 54.476946225694384], [37.660853802595, 54.516824190882694], [37.67001550345306, 54.55670146498246], [37.67919513807691, 54.596578045621264], [37.68839276778065, 54.6364539304161], [37.697608454150824, 54.676329116973314], [37.706842259047995, 54.716203602888505], [37.716094244608215, 54.756077385746494], [37.725364473244625, 54.79595046312127], [37.73465300764894, 54.83582283257592], [37.74395991079303, 54.87569449166257], [37.75328524593053, 54.91556543792231], [37.76262907659835, 54.955435668885144], [37.77199146661831, 54.9953051820699], [37.781372480098696, 55.035173974984254], [37.79077218143594, 55.07504204512455], [37.80019063531618, 55.11490938997581], [37.8096279067169, 55.154776007011634], [37.8190840609086, 55.194641893694175], [37.82855916345645, 55.23450704747404], [37.83805328022189, 55.27437146579021], [37.84756647736443, 55.314235146070054], [37.857098821343186, 55.35409808572914], [37.866650378918735, 55.39396028217128], [37.876221217154665, 55.433821732788395], [37.88581140341946, 55.473682434960466], [37.89542100538811, 55.513542386055505], [37.90505009104389, 55.55340158342938], [37.914698728680165, 55.59326002442587], [37.92436698690211, 55.63311770637654], [37.93405493462848, 55.67297462660063], [37.94376264109347, 55.71283078240506], [37.953490175848444, 55.752686171084285], [37.9632376087638, 55.79254078992033], [37.97300501003078, 55.83239463618257], [37.98279245016335, 55.87224770712778], [37.992599999999996, 55.9121]]}, "properties": {"fa_flight_id": "RA86906-1571332434-adhoc-0", "registration": "RA-86906", "ident": "RA-86906", "ident_icao": NaN, "origin_code": "L 51.92342 37.10108", "origin_city": "Moscow", "destination_code": "L 55.91210 37.99260", "destination_city": "Moscow", "scheduled_out": NaN, "estimated_out": NaN, "actual_out": NaN, "scheduled_off": "2019-10-17T17:13:54Z", "estimated_off": "2019-10-17T17:13:54Z", "actual_off": "2019-10-17T17:13:54Z", "scheduled_on": NaN, "estimated_on": NaN, "actual_on": "2019-10-17T17:13:54Z", "scheduled_in": NaN, "estimated_in": NaN, "actual_in": NaN, "status": "result unknown", "route_distance": NaN, "diverted": false, "cancelled": false, "simplified_departure_date": "2019-10-17", "origin_coords": [51.92342, 37.10108], "destination_coords": [55.9121, 37.9926], "is_same_city": false}}, {"type": "Feature", "geometry": {"type": "LineString", "coordinates": [[38.17303, 55.75083000000001], [38.152083343312874, 55.71124561506773], [38.13117909255347, 55.67165767295762], [38.11031710296445, 55.63206618613049], [38.08949723041605, 55.592471166991125], [38.06871933140277, 55.55287262788868], [38.047983263040045, 55.51327058111693], [38.02728888306102, 55.47366503891461], [38.00663604981324, 55.43405601346569], [37.98602462225551, 55.39444351689969], [37.9654544599546, 55.354827561292005], [37.94492542308208, 55.31520815866412], [37.92443737241119, 55.27558532098403], [37.90399016931362, 55.2359590601664], [37.883583675756405, 55.19632938807298], [37.863217754298844, 55.15669631651281], [37.842892268089365, 55.1170598572425], [37.82260708086244, 55.07742002196663], [37.802362056935536, 55.03777682233789], [37.782157061206135, 54.99813026995745], [37.76199195914859, 54.95848037637524], [37.74186661681124, 54.918827153090156], [37.72178090081334, 54.87917061155044], [37.70173467834218, 54.839510763153875], [37.68172781715002, 54.799847619248105], [37.66176018555126, 54.760181191130876], [37.641831652419484, 54.72051149005033], [37.62194208718456, 54.68083852720525], [37.60209135982976, 54.64116231374537], [37.5822793408889, 54.60148286077157], [37.56250590144354, 54.561800179336196], [37.542770913120044, 54.522114280443326], [37.5230742480869, 54.48242517504899], [37.50341577905183, 54.44273287406144], [37.483795379259064, 54.40303738834141], [37.46421292248654, 54.36333872870243], [37.44466828304318, 54.32363690591096], [37.425161335766184, 54.28393193068673], [37.40569195601827, 54.24422381370298], [37.38626001968503, 54.2045125655867], [37.36686540317218, 54.164798196918824], [37.34750798340296, 54.12508071823461], [37.32818763781547, 54.0853601400237], [37.30890424436001, 54.045636472730564], [37.289657681496486, 54.00590972675456], [37.27044782819181, 53.96617991245029], [37.25127456391733, 53.926447040127805], [37.23213776864617, 53.886711120052816], [37.21303732285079, 53.84697216244696], [37.1939731075004, 53.80723017748804], [37.17494500405841, 53.767485175310206], [37.155952894479924, 53.72773716600427], [37.136996661209295, 53.687986159617864], [37.118076187177586, 53.64823216615565], [37.099191355800095, 53.608475195579665], [37.08034205097398, 53.56871525780942], [37.06152815707574, 53.52895236272218], [37.042749558958825, 53.489186520153176], [37.02400614195125, 53.44941773989585], [37.005297791853124, 53.40964603170201], [36.98662439493436, 53.36987140528215], [36.96798583793224, 53.33009387030555], [36.949382008049106, 53.2903134364006], [36.930812792949965, 53.250530113154944], [36.91227808076026, 53.210743910115696], [36.89377776006342, 53.17095483678968], [36.87531171989869, 53.13116290264366], [36.85687984975877, 53.09136811710447], [36.838482039587554, 53.0515704895593], [36.820118179777914, 53.01177002935587], [36.80178816116937, 52.971966745802625], [36.78349187504595, 52.93216064816897], [36.76522921313389, 52.89235174568544], [36.74700006759951, 52.85254004754392], [36.728804331046895, 52.81272556289783], [36.71064189651589, 52.77290830086237], [36.69251265747974, 52.73308827051466], [36.674416507843084, 52.693265480893956], [36.65635334193969, 52.65343994100185], [36.63832305453046, 52.613611659802466], [36.62032554080119, 52.57378064622265], [36.60236069636049, 52.53394690915219], [36.58442841723776, 52.49411045744393], [36.56652859988099, 52.454271299914055], [36.54866114115479, 52.41442944534219], [36.53082593833828, 52.37458490247168], [36.51302288912306, 52.33473768000969], [36.49525189161116, 52.29488778662743], [36.47751284431304, 52.255035230960345], [36.45980564614554, 52.215180021608305], [36.442130196429915, 52.175322167135725], [36.424486394889826, 52.13546167607185], [36.40687414164938, 52.09559855691084], [36.38929333723112, 52.05573281811199], [36.37174388255415, 52.015864468099906], [36.35422567893209, 51.975993515264655], [36.33673862807123, 51.93611996796199], [36.31928263206854, 51.89624383451352], [36.30185759340981, 51.856365123206785], [36.284463414967746, 51.81648384229557], [36.267100000000006, 51.776599999999995]]}, "properties": {"fa_flight_id": "RA86906-1571306881-adhoc-0", "registration": "RA-86906", "ident": "RA-86906", "ident_icao": NaN, "origin_code": "L 55.75083 38.17303", "origin_city": "Moscow", "destination_code": "L 51.77660 36.26710", "destination_city": "Moscow", "scheduled_out": NaN, "estimated_out": NaN, "actual_out": NaN, "scheduled_off": "2019-10-17T10:08:01Z", "estimated_off": "2019-10-17T10:08:01Z", "actual_off": "2019-10-17T10:08:01Z", "scheduled_on": NaN, "estimated_on": NaN, "actual_on": "2019-10-17T10:08:01Z", "scheduled_in": NaN, "estimated_in": NaN, "actual_in": NaN, "status": "result unknown", "route_distance": NaN, "diverted": false, "cancelled": false, "simplified_departure_date": "2019-10-17", "origin_coords": [55.75083, 38.17303], "destination_coords": [51.7766, 36.2671], "is_same_city": false}}, {"type": "Feature", "geometry": {"type": "LineString", "coordinates": [[37.93675, 55.96535], [37.93841948463794, 55.96417961299922], [37.94008886829542, 55.96300920343679], [37.941758150981016, 55.961838771315094], [37.94342733270338, 55.960668316636436], [37.945096413471106, 55.959497839403205], [37.94676539329279, 55.958327339617774], [37.94843427217705, 55.957156817282474], [37.95010305013248, 55.95598627239967], [37.951771727167696, 55.954815704971715], [37.953440303291295, 55.95364511500098], [37.955108778511885, 55.95247450248981], [37.95677715283806, 55.95130386744055], [37.95844542627844, 55.950133209855586], [37.9601135988416, 55.94896252973724], [37.96178167053616, 55.94779182708788], [37.96344964137072, 55.94662110190986], [37.96511751135387, 55.94545035420555], [37.966785280494214, 55.944279583977284], [37.96845294880035, 55.94310879122742], [37.97012051628088, 55.94193797595831], [37.9717879829444, 55.94076713817232], [37.9734553487995, 55.93959627787177], [37.97512261385478, 55.93842539505906], [37.97678977811883, 55.93725448973651], [37.978456841600256, 55.93608356190648], [37.980123804307645, 55.93491261157131], [37.981790666249594, 55.933741638733395], [37.983457427434686, 55.93257064339503], [37.985124087871526, 55.931399625558605], [37.98679064756868, 55.93022858522645], [37.988457106534774, 55.929057522400925], [37.990123464778385, 55.927886437084375], [37.9917897223081, 55.92671532927914], [37.99345587913249, 55.925544198987595], [37.99512193526017, 55.924373046212075], [37.99678789069972, 55.923201870954934], [37.99845374545972, 55.92203067321852], [38.00011949954877, 55.920859453005164], [38.00178515297543, 55.91968821031724], [38.00345070574832, 55.91851694515708], [38.005116157875996, 55.917345657527044], [38.00678150936706, 55.91617434742947], [38.00844676023008, 55.9150030148667], [38.010111910473654, 55.91383165984109], [38.011776960106346, 55.912660282354985], [38.013441909136745, 55.91148888241073], [38.01510675757345, 55.910317460010674], [38.01677150542501, 55.909146015157155], [38.01843615270002, 55.90797454785255], [38.02010069940707, 55.90680305809914], [38.021765145554724, 55.905631545899325], [38.02342949115155, 55.904460011255445], [38.02509373620614, 55.90328845416981], [38.02675788072707, 55.9021168746448], [38.028421924722906, 55.90094527268274], [38.03008586820224, 55.89977364828598], [38.03174971117363, 55.898602001456865], [38.03341345364566, 55.89743033219773], [38.03507709562688, 55.89625864051092], [38.0367406371259, 55.8950869263988], [38.03840407815127, 55.89391518986368], [38.040067418711565, 55.892743430907906], [38.04173065881534, 55.89157164953384], [38.043393798471186, 55.890399845743794], [38.04505683768767, 55.88922801954014], [38.04671977647335, 55.888056170925196], [38.0483826148368, 55.88688429990132], [38.05004535278659, 55.88571240647083], [38.05170799033128, 55.8845404906361], [38.05337052747945, 55.88336855239943], [38.05503296423964, 55.88219659176318], [38.056695300620454, 55.881024608729696], [38.058357536630425, 55.879852603301316], [38.060019672278116, 55.87868057548037], [38.06168170757209, 55.877508525269185], [38.063343642520934, 55.876336452670124], [38.065005477133184, 55.8751643576855], [38.06666721141742, 55.87399224031767], [38.06832884538218, 55.87282010056896], [38.06999037903605, 55.871647938441704], [38.071651812387564, 55.87047575393826], [38.07331314544529, 55.869303547060944], [38.0749743782178, 55.8681313178121], [38.07663551071363, 55.866959066194056], [38.07829654294135, 55.865786792209164], [38.07995747490952, 55.86461449585974], [38.08161830662667, 55.86344217714812], [38.08327903810138, 55.862269836076656], [38.0849396693422, 55.86109747264768], [38.08660020035768, 55.859925086863505], [38.088260631156366, 55.858752678726496], [38.08992096174682, 55.85758024823896], [38.09158119213758, 55.85640779540324], [38.093241322337214, 55.85523532022167], [38.09490135235426, 55.854062822696584], [38.096561282197285, 55.85289030283031], [38.09822111187482, 55.85171776062518], [38.09988084139542, 55.85054519608354], [38.10154047076763, 55.8493726092077], [38.1032, 55.848200000000006]]}, "properties": {"fa_flight_id": "RA86906-1572008988-adhoc-0", "registration": "RA-86906", "ident": "RA-86906", "ident_icao": NaN, "origin_code": "L 55.96535 37.93675", "origin_city": "Moscow", "destination_code": "L 55.84820 38.10320", "destination_city": "Moscow", "scheduled_out": NaN, "estimated_out": NaN, "actual_out": NaN, "scheduled_off": "2019-10-25T13:09:48Z", "estimated_off": "2019-10-25T13:09:48Z", "actual_off": "2019-10-25T13:09:48Z", "scheduled_on": NaN, "estimated_on": NaN, "actual_on": "2019-10-25T13:09:48Z", "scheduled_in": NaN, "estimated_in": NaN, "actual_in": NaN, "status": "result unknown", "route_distance": NaN, "diverted": false, "cancelled": false, "simplified_departure_date": "2019-10-25", "origin_coords": [55.96535, 37.93675], "destination_coords": [55.8482, 38.1032], "is_same_city": false}}, {"type": "Feature", "geometry": {"type": "LineString", "coordinates": [[38.10486, 56.32161], [38.10568603786728, 56.31656816799651], [38.10651185764301, 56.31152633049851], [38.107337459426084, 56.306484487508506], [38.10816284331538, 56.301442639028984], [38.10898800940967, 56.29640078506244], [38.10981295780767, 56.2913589256114], [38.11063768860809, 56.28631706067831], [38.111462201909504, 56.281275190265674], [38.112286497810494, 56.27623331437599], [38.113110576409554, 56.27119143301176], [38.11393443780511, 56.266149546175434], [38.114758082095555, 56.26110765386951], [38.11558150937919, 56.25606575609649], [38.116404719754314, 56.25102385285883], [38.1172277133191, 56.24598194415904], [38.11805049017171, 56.24094002999955], [38.118873050410244, 56.235898110382884], [38.119695394132705, 56.230856185311495], [38.12051752143709, 56.22581425478787], [38.121339432421316, 56.220772318814454], [38.12216112718321, 56.21573037739376], [38.12298260582061, 56.21068843052823], [38.12380386843124, 56.20564647822034], [38.12462491511277, 56.200604520472545], [38.12544574596285, 56.19556255728733], [38.12626636107905, 56.19052058866715], [38.12708676055885, 56.185478614614446], [38.127906944499735, 56.18043663513173], [38.12872691299909, 56.17539465022141], [38.129546666154255, 56.17035265988598], [38.13036620406249, 56.165310664127865], [38.131185526821056, 56.16026866294955], [38.13200463452709, 56.15522665635348], [38.13282352727771, 56.15018464434209], [38.13364220516996, 56.14514262691784], [38.134460668300854, 56.14010060408319], [38.135278916767305, 56.13505857584058], [38.1360969506662, 56.130016542192465], [38.13691477009437, 56.12497450314127], [38.13773237514857, 56.11993245868946], [38.13854976592551, 56.114890408839464], [38.13936694252185, 56.109848353593726], [38.140183905034164, 56.1048062929547], [38.14100065355901, 56.0997642269248], [38.14181718819286, 56.09472215550646], [38.14263350903214, 56.08968007870213], [38.1434496161732, 56.08463799651425], [38.14426550971238, 56.07959590894524], [38.14508118974591, 56.07455381599754], [38.14589665637, 56.069511717673564], [38.14671190968077, 56.06446961397574], [38.14752694977432, 56.05942750490651], [38.14834177674667, 56.05438539046829], [38.1491563906938, 56.049343270663506], [38.14997079171162, 56.04430114549458], [38.15078497989597, 56.039259014963925], [38.15159895534267, 56.03421687907397], [38.152412718147446, 56.02917473782713], [38.15322626840601, 56.024132591225815], [38.154039606213985, 56.019090439272446], [38.154852731666935, 56.014048281969444], [38.1556656448604, 56.009006119319196], [38.15647834588981, 56.003963951324145], [38.15729083485061, 55.99892177798667], [38.15810311183813, 55.993879599309196], [38.15891517694767, 55.988837415294135], [38.15972703027447, 55.983795225943865], [38.1605386719137, 55.97875303126082], [38.1613501019605, 55.973710831247395], [38.162161320509945, 55.96866862590597], [38.16297232765705, 55.96362641523898], [38.16378312349677, 55.958584199248776], [38.164593708123995, 55.953541977937796], [38.16540408163359, 55.94849975130842], [38.166214244120354, 55.94345751936303], [38.16702419567901, 55.93841528210405], [38.16783393640424, 55.933373039533826], [38.168643466390684, 55.92833079165479], [38.169452785732894, 55.92328853846929], [38.1702618945254, 55.91824627997976], [38.17107079286265, 55.913204016188544], [38.17187948083905, 55.90816174709804], [38.17268795854896, 55.90311947271063], [38.173496226086655, 55.898077193028705], [38.1743042835464, 55.893034908054624], [38.175112131022345, 55.88799261779079], [38.175919768608644, 55.882950322239566], [38.176727196399355, 55.877908021403314], [38.17753441448851, 55.87286571528443], [38.178341422970064, 55.867823403885275], [38.179148221937915, 55.86278108720822], [38.179954811485935, 55.857738765255654], [38.180761191707916, 55.852696438029916], [38.18156736269757, 55.8476541055334], [38.182373324548635, 55.842611767768446], [38.183179077354716, 55.83756942473743], [38.1839846212094, 55.832527076442716], [38.1847899562062, 55.82748472288667], [38.185595082438596, 55.82244236407165], [38.1864, 55.81740000000001]]}, "properties": {"fa_flight_id": "RA86906-1571645855-adhoc-0", "registration": "RA-86906", "ident": "RA-86906", "ident_icao": NaN, "origin_code": "L 56.32161 38.10486", "origin_city": "Moscow", "destination_code": "L 55.81740 38.18640", "destination_city": "Moscow", "scheduled_out": NaN, "estimated_out": NaN, "actual_out": NaN, "scheduled_off": "2019-10-21T08:17:35Z", "estimated_off": "2019-10-21T08:17:35Z", "actual_off": "2019-10-21T08:17:35Z", "scheduled_on": NaN, "estimated_on": NaN, "actual_on": "2019-10-21T08:17:35Z", "scheduled_in": NaN, "estimated_in": NaN, "actual_in": NaN, "status": "result unknown", "route_distance": NaN, "diverted": false, "cancelled": false, "simplified_departure_date": "2019-10-21", "origin_coords": [56.32161, 38.10486], "destination_coords": [55.8174, 38.1864], "is_same_city": false}}, {"type": "Feature", "geometry": {"type": "LineString", "coordinates": [[38.28969, 55.74901], [38.49944964642741, 55.775382080858826], [38.70949142720173, 55.80139655748823], [38.919812130167344, 55.82705260211736], [39.13040850954215, 55.85234939592111], [39.341277286153876, 55.877286129139755], [39.55241514768564, 55.901862001197884], [39.763818748930696, 55.92607622082257], [39.975484712056414, 55.94992800616076], [40.187409626877425, 55.973416584895865], [40.399590051138, 55.99654119436353], [40.61202251080358, 56.01930108166645], [40.824703500361416, 56.04169550378828], [41.037629483130424, 56.06372372770668], [41.25079689158002, 56.085385030505165], [41.46420212765811, 56.106678699484064], [41.67784156312804, 56.12760403227039], [41.89171153991455, 56.14816033692656], [42.10580837045861, 56.16834693205791], [42.32012833808114, 56.18816314691917], [42.53466769735562, 56.20760832151958], [42.74942267448928, 56.22668180672676], [42.96438946771312, 56.24538296436936], [43.17956424768051, 56.26371116733832], [43.39494315787418, 56.28166579968672], [43.61052231502185, 56.29924625672832], [43.82629780952014, 56.31645194513456], [44.04226570586666, 56.333282283030144], [44.25842204310041, 56.3497367000871], [44.474762835250175, 56.36581463761725], [44.691284071790875, 56.38151554866321], [44.9079817181078, 56.39683889808761], [45.12485171596859, 56.41178416266081], [45.3418899840028, 56.42635083114689], [45.55909241818897, 56.44053840438787], [45.776454892349086, 56.4543463953863], [45.99397325865029, 56.46777432938595], [46.211643348113604, 56.48082174395079], [46.429460971129686, 56.493488189042104], [46.64742191798142, 56.50577322709369], [46.8655219593731, 56.51767643308525], [47.08375684696613, 56.529197394613774], [47.302122313921195, 56.54033571196307], [47.520614075446396, 56.551090998171205], [47.73922782935168, 56.561462879096034], [47.95795925660887, 56.571450993478635], [48.176804021917626, 56.58105499300472], [48.395757774276696, 56.59027454236399], [48.61481614756067, 56.59910931930736], [48.83397476110171, 56.60755901470199], [49.05322922027646, 56.61562333258438], [49.272575117097524, 56.623301990211004], [49.49200803080961, 56.630594718107055], [49.71152352849012, 56.63750126011273], [49.93111716565377, 56.6440213734274], [50.15078448686137, 56.65015482865168], [50.37052102633226, 56.655901409826875], [50.59032230856042, 56.66126091447256], [50.81018384893386, 56.66623315362155], [51.03010115435723, 56.67081795185275], [51.250069723877374, 56.675015147321616], [51.47008504931161, 56.67882459178829], [51.690142615878514, 56.68224615064342], [51.910237902831035, 56.68527970293155], [52.13036638409166, 56.68792514137227], [52.3505235288895, 56.690182372378885], [52.57070480239892, 56.692051316074746], [52.79090566637973, 56.69353190630722], [53.01112157981838, 56.69462409065923], [53.23134799957035, 56.69532783045842], [53.4515803810031, 56.695643100783876], [53.67181417863964, 56.69556989047056], [53.892044846802364, 56.69510820211119], [54.11226784025697, 56.69425805205584], [54.33247861485619, 56.69301947040899], [54.55267262818324, 56.691392501024424], [54.77284534019447, 56.689377201497386], [54.99299221386141, 56.686973643154666], [55.2131087158116, 56.68418191104205], [55.43319031696818, 56.681002103909506], [55.65323249318801, 56.67743433419397], [55.87323072589802, 56.67347872799967], [56.09318050272969, 56.6691354250763], [56.31307731815121, 56.66440457879453], [56.53291667409745, 56.65928635611939], [56.75269408059718, 56.65378093758126], [56.972405056397555, 56.6478885172445], [57.19204512958551, 56.64160930267383], [57.41160983820601, 56.63494351489828], [57.6310947308767, 56.62789138837306], [57.850495367399084, 56.62045317093892], [58.06980731936567, 56.6126291237795], [58.28902617076317, 56.60441952137619], [58.508147518571405, 56.59582465146103], [58.727166973357676, 56.58684481496718], [58.94608015986668, 56.5774803259774], [59.16488271760528, 56.567731511670175], [59.38357030142256, 56.557598712263925], [59.602138582084415, 56.54708228095888], [59.82058324684292, 56.536182583877064], [60.0389, 56.5249]]}, "properties": {"fa_flight_id": "RA86906-1573194746-adhoc-0", "registration": "RA-86906", "ident": "RA-86906", "ident_icao": NaN, "origin_code": "L 55.74901 38.28969", "origin_city": "Moscow", "destination_code": "L 56.52490 60.03890", "destination_city": "Yekaterinburg", "scheduled_out": NaN, "estimated_out": NaN, "actual_out": NaN, "scheduled_off": "2019-11-08T06:32:26Z", "estimated_off": "2019-11-08T06:32:26Z", "actual_off": "2019-11-08T06:32:26Z", "scheduled_on": NaN, "estimated_on": NaN, "actual_on": "2019-11-08T06:32:26Z", "scheduled_in": NaN, "estimated_in": NaN, "actual_in": NaN, "status": "result unknown", "route_distance": NaN, "diverted": false, "cancelled": false, "simplified_departure_date": "2019-11-08", "origin_coords": [55.74901, 38.28969], "destination_coords": [56.5249, 60.0389], "is_same_city": false}}, {"type": "Feature", "geometry": {"type": "LineString", "coordinates": [[37.90483, 55.969750000000005], [37.90691760933921, 55.96864124052339], [37.90900509903512, 55.96753244577085], [37.9110924690958, 55.966423615745846], [37.91317971952925, 55.96531475045191], [37.915266850343556, 55.96420584989251], [37.91735386154674, 55.96309691407114], [37.91944075314683, 55.96198794299131], [37.921527525151895, 55.96087893665649], [37.92361417756997, 55.959769895070174], [37.92570071040908, 55.958660818235856], [37.9277871236773, 55.957551706157034], [37.92987341738264, 55.95644255883718], [37.931959591533165, 55.95533337627982], [37.9340456461369, 55.954224158488415], [37.9361315812019, 55.95311490546645], [37.938217396736206, 55.952005617217424], [37.940303092747854, 55.95089629374483], [37.94238866924489, 55.94978693505215], [37.944474126235356, 55.94867754114289], [37.9465594637273, 55.94756811202051], [37.94864468172876, 55.9464586476885], [37.95072978024776, 55.94534914815038], [37.95281475929237, 55.9442396134096], [37.95489961887062, 55.94313004346965], [37.95698435899055, 55.94202043833403], [37.95906897966021, 55.940910798006236], [37.961153480887624, 55.939801122489726], [37.96323786268086, 55.93869141178799], [37.96532212504794, 55.93758166590453], [37.96740626799692, 55.93647188484283], [37.96949029153583, 55.93536206860634], [37.97157419567271, 55.93425221719858], [37.973657980415595, 55.93314233062303], [37.975741645772565, 55.932032408883146], [37.97782519175162, 55.93092245198244], [37.97990861836082, 55.92981245992438], [37.981991925608206, 55.92870243271244], [37.98407511350181, 55.927592370350105], [37.98615818204969, 55.926482272840886], [37.988241131259876, 55.92537214018822], [37.9903239611404, 55.92426197239563], [37.992406671699335, 55.92315176946656], [37.99448926294469, 55.92204153140451], [37.996571734884526, 55.92093125821295], [37.99865408752687, 55.91982094989536], [38.000736320879774, 55.918710606455214], [38.00281843495127, 55.91760022789601], [38.00490042974941, 55.916489814221215], [38.00698230528223, 55.915379365434305], [38.009064061557766, 55.914268881538746], [38.01114569858407, 55.91315836253805], [38.013227216369174, 55.912047808435645], [38.01530861492112, 55.91093721923505], [38.017389894247955, 55.90982659493972], [38.019471054357716, 55.908715935553126], [38.021552095258436, 55.90760524107876], [38.02363301695818, 55.906494511520094], [38.025713819464954, 55.90538374688059], [38.02779450278682, 55.90427294716374], [38.02987506693182, 55.903162112372996], [38.03195551190799, 55.90205124251186], [38.034035837723366, 55.900940337583776], [38.036116044386006, 55.89982939759223], [38.03819613190392, 55.8987184225407], [38.04027610028518, 55.89760741243265], [38.042355949537814, 55.89649636727156], [38.044435679669846, 55.89538528706089], [38.04651529068934, 55.89427417180413], [38.04859478260434, 55.893163021504726], [38.050674155422854, 55.89205183616616], [38.052753409152956, 55.89094061579192], [38.05483254380266, 55.889829360385434], [38.05691155938003, 55.88871806995023], [38.0589904558931, 55.88760674448972], [38.061069233349905, 55.88649538400741], [38.06314789175847, 55.88538398850676], [38.06522643112685, 55.88427255799122], [38.0673048514631, 55.88316109246427], [38.06938315277524, 55.882049591929395], [38.07146133507131, 55.88093805639004], [38.07353939835935, 55.87982648584968], [38.07561734264742, 55.87871488031177], [38.07769516794353, 55.87760323977979], [38.079772874255745, 55.876491564257215], [38.08185046159209, 55.87537985374749], [38.0839279299606, 55.87426810825409], [38.086005279369324, 55.87315632778047], [38.0880825098263, 55.872044512330106], [38.09015962133957, 55.87093266190646], [38.09223661391717, 55.869820776513], [38.09431348756715, 55.86870885615317], [38.096390242297524, 55.86759690083045], [38.098466878116355, 55.8664849105483], [38.100543395031664, 55.86537288531019], [38.10261979305152, 55.864260825119565], [38.10469607218393, 55.8631487299799], [38.10677223243694, 55.86203659989466], [38.108848273818595, 55.86092443486728], [38.11092419633694, 55.859812234901234], [38.113, 55.858700000000006]]}, "properties": {"fa_flight_id": "RA86906-1573139956-adhoc-0", "registration": "RA-86906", "ident": "RA-86906", "ident_icao": NaN, "origin_code": "L 55.96975 37.90483", "origin_city": "Moscow", "destination_code": "L 55.85870 38.11300", "destination_city": "Moscow", "scheduled_out": NaN, "estimated_out": NaN, "actual_out": NaN, "scheduled_off": "2019-11-07T15:19:16Z", "estimated_off": "2019-11-07T15:19:16Z", "actual_off": "2019-11-07T15:19:16Z", "scheduled_on": NaN, "estimated_on": NaN, "actual_on": "2019-11-07T15:19:16Z", "scheduled_in": NaN, "estimated_in": NaN, "actual_in": NaN, "status": "result unknown", "route_distance": NaN, "diverted": false, "cancelled": false, "simplified_departure_date": "2019-11-07", "origin_coords": [55.96975, 37.90483], "destination_coords": [55.8587, 38.113], "is_same_city": false}}, {"type": "Feature", "geometry": {"type": "LineString", "coordinates": [[37.9262, 55.94302], [37.92744666086163, 55.94249842200544], [37.928693288145844, 55.94197683142601], [37.929939881853414, 55.94145522826226], [37.93118644198508, 55.94093361251481], [37.93243296854161, 55.94041198418421], [37.93367946152375, 55.93989034327108], [37.934925920932244, 55.93936868977599], [37.936172346767854, 55.938847023699516], [37.937418739031344, 55.938325345042266], [37.938665097723444, 55.937803653804814], [37.93991142284493, 55.93728194998774], [37.941157714396525, 55.936760233591635], [37.942403972379026, 55.93623850461709], [37.94365019679316, 55.93571676306468], [37.944896387639666, 55.935195008935004], [37.946142544919326, 55.93467324222864], [37.94738866863289, 55.93415146294617], [37.948634758781104, 55.93362967108818], [37.94988081536472, 55.933107866655256], [37.951126838384496, 55.932586049647995], [37.952372827841195, 55.93206422006698], [37.95361878373556, 55.931542377912784], [37.954864706068335, 55.931020523186], [37.9561105948403, 55.930498655887206], [37.95735645005218, 55.929976776016986], [37.95860227170475, 55.92945488357596], [37.95984805979876, 55.92893297856466], [37.961093814334966, 55.9284110609837], [37.96233953531412, 55.92788913083368], [37.96358522273698, 55.92736718811515], [37.964830876604296, 55.926845232828725], [37.96607649691682, 55.92632326497497], [37.96732208367532, 55.92580128455449], [37.968567636880536, 55.92527929156784], [37.96981315653322, 55.92475728601564], [37.97105864263415, 55.92423526789847], [37.972304095184064, 55.92371323721689], [37.9735495141837, 55.92319119397149], [37.97479489963385, 55.92266913816288], [37.976040251535245, 55.92214706979163], [37.97728556988865, 55.92162498885832], [37.978530854694824, 55.921102895363546], [37.9797761059545, 55.92058078930788], [37.981021323668465, 55.92005867069192], [37.982266507837444, 55.919536539516244], [37.98351165846221, 55.91901439578143], [37.984756775543524, 55.918492239488074], [37.986001859082116, 55.91797007063677], [37.98724690907877, 55.91744788922807], [37.98849192553422, 55.9169256952626], [37.98973690844924, 55.91640348874092], [37.990981857824565, 55.91588126966361], [37.992226773660974, 55.915359038031276], [37.993471655959205, 55.91483679384448], [37.99471650472003, 55.91431453710383], [37.995961319944186, 55.91379226780989], [37.99720610163244, 55.91326998596324], [37.998450849785556, 55.9127476915645], [37.99969556440428, 55.91222538461421], [38.00094024548935, 55.911703065113], [38.00218489304156, 55.91118073306141], [38.00342950706164, 55.91065838846006], [38.00467408755036, 55.91013603130951], [38.00591863450847, 55.90961366161038], [38.007163147936716, 55.90909127936321], [38.00840762783587, 55.908568884568595], [38.009652074206684, 55.90804647722715], [38.010896487049926, 55.90752405733943], [38.01214086636632, 55.90700162490602], [38.01338521215666, 55.90647917992752], [38.014629524421686, 55.90595672240452], [38.01587380316215, 55.90543425233758], [38.017118048378826, 55.904911769727285], [38.01836226007246, 55.90438927457424], [38.0196064382438, 55.90386676687901], [38.0208505828936, 55.9033442466422], [38.02209469402264, 55.902821713864384], [38.02333877163168, 55.90229916854614], [38.024582815721445, 55.90177661068805], [38.02582682629271, 55.90125404029072], [38.02707080334625, 55.900731457354716], [38.028314746882785, 55.900208861880614], [38.029558656903106, 55.89968625386903], [38.03080253340795, 55.89916363332051], [38.03204637639809, 55.89864100023566], [38.03329018587427, 55.898118354615065], [38.034533961837255, 55.8975956964593], [38.035777704287796, 55.89707302576896], [38.03702141322666, 55.896550342544614], [38.038265088654605, 55.89602764678685], [38.039508730572386, 55.89550493849626], [38.04075233898075, 55.89498221767344], [38.04199591388047, 55.89445948431894], [38.0432394552723, 55.89393673843337], [38.044482963156995, 55.8934139800173], [38.045726437535315, 55.89289120907133], [38.04696987840802, 55.892368425596025], [38.048213285775866, 55.891845629591984], [38.0494566596396, 55.891322821059774], [38.0507, 55.8908]]}, "properties": {"fa_flight_id": "RA86906-1573734510-adhoc-0", "registration": "RA-86906", "ident": "RA-86906", "ident_icao": NaN, "origin_code": "L 55.94302 37.92620", "origin_city": "Moscow", "destination_code": "L 55.89080 38.05070", "destination_city": "Moscow", "scheduled_out": NaN, "estimated_out": NaN, "actual_out": NaN, "scheduled_off": "2019-11-14T12:28:30Z", "estimated_off": "2019-11-14T12:28:30Z", "actual_off": "2019-11-14T12:28:30Z", "scheduled_on": NaN, "estimated_on": NaN, "actual_on": "2019-11-14T12:28:30Z", "scheduled_in": NaN, "estimated_in": NaN, "actual_in": NaN, "status": "result unknown", "route_distance": NaN, "diverted": false, "cancelled": false, "simplified_departure_date": "2019-11-14", "origin_coords": [55.94302, 37.9262], "destination_coords": [55.8908, 38.0507], "is_same_city": false}}, {"type": "Feature", "geometry": {"type": "LineString", "coordinates": [[60.14716, 56.72559999999999], [59.924737765178435, 56.73704662940721], [59.70218235080727, 56.74809702768049], [59.47949832085737, 56.758750794927685], [59.256690257763, 56.76900754510835], [59.03376276179833, 56.778866906101925], [58.81072045044764, 56.78832851977379], [58.587567957769544, 56.79739204203876], [58.36430993375511, 56.8060571429224], [58.14095104368058, 56.814323506619765], [57.91749596745455, 56.82219083155188], [57.69394939895984, 56.82965883041962], [57.47031604539053, 56.83672723025524], [57.24660062658416, 56.84339577247133], [57.02280787434934, 56.849664212907335], [56.79894253178911, 56.85553232187343], [56.57500935262029, 56.86099988419199], [56.35101310048886, 56.86606669923637], [56.126958548281856, 56.87073258096715], [55.90285047743591, 56.87499735796582], [55.67869367724267, 56.87886087346573], [55.454492944151355, 56.88232298538058], [55.23025308106879, 56.885383566330134], [55.005978896656956, 56.88804250366334], [54.781675204628634, 56.89029969947881], [54.557346823040966, 56.89215507064256], [54.3329985735877, 56.89360854880319], [54.1086352808899, 56.894660080404265], [53.88426177178568, 56.89530962669405], [53.65988287461915, 56.895557163732605], [53.43550341852873, 56.895402682396096], [53.21112823273526, 56.89484618837851], [52.98676214583001, 56.89388770219055], [52.76240998506295, 56.89252725915596], [52.53807657563158, 56.89076490940507], [52.31376673997031, 56.8886007178657], [52.08948529704114, 56.8860347642513], [51.86523706162527, 56.88306714304651], [51.64102684361657, 56.87969796348996], [51.41685944731654, 56.87592734955447], [51.19273967073154, 56.87175543992449], [50.968672304872115, 56.867182387971], [50.744662133055, 56.86220836172369], [50.52071393020785, 56.856833543840544], [50.296832462177015, 56.85105813157478], [50.07302248503866, 56.84488233673929], [49.849288744413315, 56.83830638566827], [49.62563597478426, 56.83133051917656], [49.40206889881998, 56.82395499251618], [49.1785922267007, 56.8161800753305], [48.95521065544962, 56.808006051605815], [48.73192886826866, 56.79943321962044], [48.5087515338793, 56.79046189189132], [48.28568330586852, 56.78109239511819], [48.06272882204009, 56.77132507012538], [47.839892703771575, 56.76116027180102], [47.61717955537706, 56.750598369034066], [47.39459396347594, 56.73963974464892], [47.172140496367945, 56.728284795337636], [46.94982370341459, 56.7165339315899], [46.727648114427325, 56.70438757762076], [46.50561823906239, 56.69184617129602], [46.28373856622282, 56.6789101640555], [46.06201356346754, 56.66558002083413], [45.84044767642792, 56.651856219980814], [45.61904532823188, 56.63773925317522], [45.397810918935654, 56.623229625342546], [45.176748824963575, 56.60832785456609], [44.95586339855579, 56.593034471997946], [44.73515896722423, 56.577350021767685], [44.51463983321702, 56.56127506088905], [44.29431027299122, 56.54481015916471], [44.07417453669442, 56.52795589908935], [43.854236847655, 56.5107128757506], [43.63450140188128, 56.49308169672851], [43.41497236756981, 56.475062981992984], [43.195653884622686, 56.456657363799714], [42.97655006417431, 56.43786548658427], [42.757664988127345, 56.418688006854715], [42.539002708698256, 56.39912559308245], [42.32056724797245, 56.37917892559162], [42.10236259746899, 56.35884869644697], [41.88439271771519, 56.338135609340284], [41.66666153783087, 56.317040379475245], [41.44917295512277, 56.29556373345107], [41.23193083468872, 56.273706409144694], [41.01493900903195, 56.25146915559173], [40.798201277685585, 56.22885273286601], [40.58172140684708, 56.20585791195815], [40.36550312902314, 56.18248547465268], [40.14955014268461, 56.15873621340427], [39.933866111931906, 56.13461093121269], [39.718454666170544, 56.110110441496786], [39.503319399797164, 56.08523556796748], [39.288463871895864, 56.059987144499786], [39.073891605944844, 56.03436601500388], [38.8596060895336, 56.008373033295385], [38.645610774090336, 55.982009062964636], [38.43190907461988, 55.955274977245416], [38.21850436945201, 55.928171658882746], [38.0054, 55.90069999999999]]}, "properties": {"fa_flight_id": "RA86906-1573392978-adhoc-0", "registration": "RA-86906", "ident": "RA-86906", "ident_icao": NaN, "origin_code": "L 56.72560 60.14716", "origin_city": "Yekaterinburg", "destination_code": "L 55.90070 38.00540", "destination_city": "Moscow", "scheduled_out": NaN, "estimated_out": NaN, "actual_out": NaN, "scheduled_off": "2019-11-10T13:36:18Z", "estimated_off": "2019-11-10T13:36:18Z", "actual_off": "2019-11-10T13:36:18Z", "scheduled_on": NaN, "estimated_on": NaN, "actual_on": "2019-11-10T13:36:18Z", "scheduled_in": NaN, "estimated_in": NaN, "actual_in": NaN, "status": "result unknown", "route_distance": NaN, "diverted": false, "cancelled": false, "simplified_departure_date": "2019-11-10", "origin_coords": [56.7256, 60.14716], "destination_coords": [55.9007, 38.0054], "is_same_city": false}}, {"type": "Feature", "geometry": {"type": "LineString", "coordinates": [[43.56257, 44.47676], [43.51911280526606, 44.592178256587125], [43.47548267127645, 44.707579968750665], [43.43167823267178, 44.82296500347166], [43.387698110931304, 44.938333226413825], [43.34354091421335, 45.0536845019072], [43.29920523719353, 45.169018692931296], [43.25468966090058, 45.28433566109815], [43.20999275255005, 45.399635266635045], [43.16511306537543, 45.514917368367016], [43.12004913845706, 45.63018182369912], [43.07479949654853, 45.74542848859835], [43.029362649900555, 45.86065721757541], [42.98373709408244, 45.97586786366606], [42.93792130980094, 46.09106027841239], [42.89191376271651, 46.206234311843566], [42.84571290325697, 46.321389812456474], [42.799317166428374, 46.43652662719601], [42.752724971623344, 46.551644601435086], [42.705934722426484, 46.666743578954275], [42.65894480641696, 46.78182340192126], [42.61175359496842, 46.896883910869796], [42.56435944304574, 47.011924944678604], [42.51676068899904, 47.12694634054968], [42.46895565435455, 47.24194793398644], [42.42094264360252, 47.356929558771455], [42.37271994398194, 47.471891046943895], [42.3242858252622, 47.58683222877661], [42.275638539521466, 47.70175293275277], [42.226776320921836, 47.81665298554231], [42.17769738548114, 47.93153221197788], [42.128399930841496, 48.046390435030446], [42.078882136034224, 48.16122747578455], [42.02914216124149, 48.27604315341312], [41.97917814755429, 48.390837285151996], [41.9289882167269, 48.50560968627392], [41.87857047092757, 48.6203601700622], [41.8279229924856, 48.73508854778393], [41.77704384363462, 48.84979462866285], [41.725931066251974, 48.964478219851635], [41.67458268159417, 49.07913912640393], [41.62299669002845, 49.19377715124577], [41.57117107076025, 49.30839209514665], [41.51910378155656, 49.42298375669009], [41.466792758465054, 49.53755193224378], [41.41423591552911, 49.65209641592915], [41.361431144498276, 49.766616999590525], [41.30837631453457, 49.88111347276381], [41.255069271914124, 49.99558562264452], [41.201507839724414, 50.110033234055535], [41.147689817556746, 50.22445608941406], [41.09361298119413, 50.338853968698295], [41.03927508229425, 50.45322664941335], [40.98467384806776, 50.56757390655676], [40.929806980951334, 50.68189551258337], [40.87467215827599, 50.79619123736962], [40.819267031930075, 50.91046084817733], [40.76358922801708, 51.02470410961674], [40.70763634650823, 51.13892078360915], [40.65140596088954, 51.25311062934869], [40.59489561780356, 51.36727340326368], [40.53810283668533, 51.48140885897722], [40.48102510939287, 51.595516747267155], [40.42365989983164, 51.70959681602538], [40.366004643573426, 51.82364881021646], [40.308056747468925, 51.937672471835505], [40.24981358925451, 52.05166753986548], [40.191272517152626, 52.16563375023356], [40.13243084946594, 52.27957083576703], [40.07328587416516, 52.39347852614815], [40.01383484847018, 52.50735654786855], [39.9540749984247, 52.62120462418251], [39.8940035184641, 52.7350224750598], [39.83361757097632, 52.848809817137436], [39.77291428585593, 52.96256636367074], [39.71189076005094, 53.07629182448355], [39.65054405710237, 53.189985905917496], [39.588871206676615, 53.30364831078058], [39.52686920409013, 53.41727873829461], [39.46453500982657, 53.53087688404196], [39.40186554904616, 53.64444243991121], [39.33885771108718, 53.75797509404207], [39.27550834895936, 53.87147453076903], [39.21181427882917, 53.98494043056442], [39.147772279496714, 54.09837246997998], [39.08337909186416, 54.21177032158795], [39.01863141839563, 54.32513365392067], [38.953525922568204, 54.43846213140936], [38.88805922831405, 54.5517554143217], [38.82222791945347, 54.66501315869841], [38.756028539118674, 54.77823501628864], [38.68945758916818, 54.89142063448415], [38.622511529591534, 55.00456965625246], [38.55518677790443, 55.11768172006863], [38.487479708533776, 55.23075645984603], [38.41938665219272, 55.3437935048656], [38.350903895245374, 55.456792479704134], [38.28202767906116, 55.56975300416095], [38.21275419935832, 55.68267469318352], [38.143079605536805, 55.79555715679162], [38.072999999999986, 55.9084]]}, "properties": {"fa_flight_id": "RA86906-1574087292-adhoc-0", "registration": "RA-86906", "ident": "RA-86906", "ident_icao": NaN, "origin_code": "L 44.47676 43.56257", "origin_city": "Mineralnye Vody", "destination_code": "L 55.90840 38.07300", "destination_city": "Moscow", "scheduled_out": NaN, "estimated_out": NaN, "actual_out": NaN, "scheduled_off": "2019-11-18T14:28:12Z", "estimated_off": "2019-11-18T14:28:12Z", "actual_off": "2019-11-18T14:28:12Z", "scheduled_on": NaN, "estimated_on": NaN, "actual_on": "2019-11-18T14:28:12Z", "scheduled_in": NaN, "estimated_in": NaN, "actual_in": NaN, "status": "result unknown", "route_distance": NaN, "diverted": false, "cancelled": false, "simplified_departure_date": "2019-11-18", "origin_coords": [44.47676, 43.56257], "destination_coords": [55.9084, 38.073], "is_same_city": false}}, {"type": "Feature", "geometry": {"type": "LineString", "coordinates": [[34.92864999999999, 53.32088], [34.95785887305306, 53.34697943233462], [34.98710352501432, 53.37307172451778], [35.01638402398741, 53.39915686099846], [35.045700438211284, 53.425234826185836], [35.07505283606034, 53.451305604449196], [35.1044412860446, 53.47736918011772], [35.13386585680999, 53.50342553748051], [35.163326617138466, 53.52947466078636], [35.19282363594826, 53.555516534243736], [35.222356982294045, 53.58155114202056], [35.25192672536713, 53.607578468244185], [35.28153293449571, 53.633598497001245], [35.31117567914499, 53.659611212337545], [35.34085502891743, 53.68561659825795], [35.37057105355294, 53.71161463872626], [35.40032382292903, 53.737605317665086], [35.430113407061064, 53.76358861895579], [35.45993987610239, 53.7895645264383], [35.4898033003446, 53.81553302391102], [35.51970375021767, 53.84149409513074], [35.54964129629016, 53.86744772381248], [35.57961600926946, 53.89339389362941], [35.609627960001866, 53.919332588212676], [35.63967721947291, 53.94526379115134], [35.66976385880741, 53.97118748599227], [35.69988794926978, 53.997103656239936], [35.730049562264135, 54.02301228535639], [35.760248769334524, 54.048913356761105], [35.79048564216508, 54.07480685383085], [35.820760252580236, 54.10069275989957], [35.85107267254489, 54.1265710582583], [35.881422974164586, 54.15244173215498], [35.91181122968576, 54.178304764794404], [35.94223751149579, 54.20416013933807], [35.972701892123325, 54.230007838904065], [36.00320444423837, 54.255847846566915], [36.03374524065249, 54.2816801453575], [36.06432435431901, 54.30750471826291], [36.09494185833317, 54.33332154822637], [36.1255978259323, 54.35913061814704], [36.15629233049602, 54.38493191087995], [36.18702544554642, 54.410725409235845], [36.21779724474817, 54.43651109598109], [36.24860780190879, 54.46228895383754], [36.27945719097875, 54.48805896548239], [36.31034548605168, 54.51382111354809], [36.34127276136452, 54.53957538062218], [36.37223909129771, 54.565321749247204], [36.403244550375355, 54.59106020192056], [36.434289213265345, 54.61679072109437], [36.46537315477964, 54.642513289175376], [36.49649644987431, 54.668227888524825], [36.527659173649766, 54.693934501458294], [36.55886140135093, 54.719633110245574], [36.59010320836736, 54.74532369711063], [36.621384670233454, 54.77100624423131], [36.65270586262858, 54.79668073373938], [36.684066861377254, 54.82234714772032], [36.71546774244929, 54.848005468213174], [36.746908581959985, 54.87365567721047], [36.778389456170245, 54.899297756658065], [36.809910441486736, 54.924931688455054], [36.84147161446207, 54.95055745445354], [36.873073051794954, 54.97617503645864], [36.90471483033032, 55.001784416228276], [36.936397027059506, 55.02738557547303], [36.968119719120374, 55.05297849585606], [36.99988298379749, 55.07856315899296], [37.03168689852226, 55.10413954645159], [37.06353154087307, 55.129707639752006], [37.09541698857546, 55.15526742036627], [37.127343319502216, 55.180818869718365], [37.15931061167359, 55.20636196918402], [37.19131894325735, 55.2318967000906], [37.223368392569014, 55.25742304371699], [37.25545903807191, 55.28294098129342], [37.28759095837737, 55.30845049400138], [37.31976423224486, 55.33395156297342], [37.35197893858208, 55.35944416929309], [37.38423515644511, 55.38492829399476], [37.41653296503859, 55.41040391806349], [37.448872443715814, 55.43587102243491], [37.48125367197882, 55.46132958799505], [37.51367672947861, 55.486779595580266], [37.546141696015205, 55.51222102597705], [37.578648651537826, 55.53765385992191], [37.61119767614492, 55.56307807810121], [37.64378885008444, 55.5884936611511], [37.676422253753806, 55.6139005896573], [37.709097967700146, 55.63929884415499], [37.74181607262034, 55.66468840512875], [37.77457664936116, 55.69006925301223], [37.807379778919405, 55.71544136818826], [37.840225542442006, 55.740804730988486], [37.8731140212261, 55.766159321693365], [37.906045296719206, 55.79150512053199], [37.939019450519275, 55.816842107681936], [37.97203656437484, 55.84217026326914], [38.00509672018509, 55.867489567367755], [38.0382, 55.89280000000001]]}, "properties": {"fa_flight_id": "RA86906-1574677036-adhoc-0", "registration": "RA-86906", "ident": "RA-86906", "ident_icao": NaN, "origin_code": "L 53.32088 34.92865", "origin_city": "Moscow", "destination_code": "L 55.89280 38.03820", "destination_city": "Moscow", "scheduled_out": NaN, "estimated_out": NaN, "actual_out": NaN, "scheduled_off": "2019-11-25T10:17:16Z", "estimated_off": "2019-11-25T10:17:16Z", "actual_off": "2019-11-25T10:17:16Z", "scheduled_on": NaN, "estimated_on": NaN, "actual_on": "2019-11-25T10:17:16Z", "scheduled_in": NaN, "estimated_in": NaN, "actual_in": NaN, "status": "result unknown", "route_distance": NaN, "diverted": false, "cancelled": false, "simplified_departure_date": "2019-11-25", "origin_coords": [53.32088, 34.92865], "destination_coords": [55.8928, 38.0382], "is_same_city": false}}, {"type": "Feature", "geometry": {"type": "LineString", "coordinates": [[38.37996, 55.81921], [38.33302590387181, 55.799824635654666], [38.28613853794826, 55.78042141583662], [38.23929786461913, 55.761000371312925], [38.19250384616026, 55.74156153280942], [38.14575644473455, 55.72210493101066], [38.09905562239274, 55.7026305965599], [38.052401341074365, 55.68313856005907], [38.0057935626086, 55.66362885206874], [37.95923224871519, 55.64410150310796], [37.91271736100522, 55.6245565436544], [37.86624886098209, 55.60499400414422], [37.81982671004234, 55.585413914971994], [37.77345086947652, 55.565816306490774], [37.727121300470046, 55.54620120901197], [37.68083796410404, 55.52656865280534], [37.63460082135625, 55.506918668099], [37.588409833101835, 55.48725128507928], [37.54226496011423, 55.46756653389081], [37.496166163066036, 55.44786444463646], [37.45011340252977, 55.42814504737723], [37.40410663897883, 55.408408372132314], [37.3581458327882, 55.38865444887902], [37.31223094423541, 55.36888330755274], [37.26636193350125, 55.34909497804696], [37.220538760670664, 55.329289490213206], [37.17476138573358, 55.30946687386095], [37.12902976858569, 55.28962715875773], [37.0833438690293, 55.269770374629005], [37.03770364677412, 55.249896551158166], [36.9921090614381, 55.23000571798649], [36.946560072548216, 55.210097904713166], [36.901056639541295, 55.19017314089526], [36.8555987217648, 55.17023145604761], [36.81018627847764, 55.15027287964292], [36.76481926885095, 55.13029744111166], [36.71949765196891, 55.11030516984207], [36.674221386829515, 55.09029609518016], [36.62899043234536, 55.07027024642962], [36.58380474734443, 55.050227652851916], [36.53866429057087, 55.03016834366617], [36.49356902068579, 55.01009234804915], [36.448518896268006, 54.989999695135324], [36.40351387581482, 54.96989041401678], [36.3585539177428, 54.94976453374322], [36.31363898038854, 54.929622083321966], [36.2687690220094, 54.90946309171792], [36.22394400078429, 54.88928758785356], [36.179163874814414, 54.869095600608944], [36.13442860212402, 54.84888715882165], [36.08973814066117, 54.82866229128681], [36.045092448298455, 54.80842102675709], [36.000491482833745, 54.78816339394265], [35.95593520199095, 54.76788942151116], [35.91142356342073, 54.747599138087764], [35.866956524701266, 54.72729257225512], [35.82253404333891, 54.70696975255333], [35.778156076769015, 54.68663070747995], [35.73382258235661, 54.66627546549004], [35.689533517397095, 54.64590405499605], [35.64528883911701, 54.62551650436792], [35.6010885046747, 54.605112841932964], [35.55693247116109, 54.58469309597598], [35.51282069560033, 54.564257294739164], [35.46875313495055, 54.5438054664221], [35.424729746104525, 54.52333763918185], [35.38075048589038, 54.50285384113282], [35.336815311072336, 54.48235410034686], [35.292924178351335, 54.461838444853214], [35.249077044365784, 54.44130690263849], [35.2052738656922, 54.42075950164675], [35.161514598845926, 54.40019626977943], [35.11779920028181, 54.37961723489533], [35.07412762639486, 54.3590224248107], [35.03049983352096, 54.338411867299136], [34.986915777937504, 54.317785590091674], [34.94337541586407, 54.29714362087671], [34.89987870346312, 54.27648598730006], [34.856425596840644, 54.255812716964925], [34.81301605204678, 54.23512383743193], [34.76965002507656, 54.214419376219084], [34.72632747187048, 54.19369936080182], [34.68304834831523, 54.172963818613], [34.63981261024424, 54.15221277704287], [34.596620213438456, 54.13144626343913], [34.55347111362685, 54.110664305106894], [34.51036526648716, 54.089866929308705], [34.4673026276465, 54.06905416326458], [34.42428315268196, 54.04822603415195], [34.38130679712129, 54.02738256910572], [34.338373516443475, 54.00652379521824], [34.295483266079415, 53.98564973953937], [34.25263600141252, 53.96476042907641], [34.2098316777793, 53.94385589079416], [34.16707025047005, 53.92293615161495], [34.12435167472941, 53.90200123841858], [34.081675905756995, 53.881051178042384], [34.039042898708, 53.86008599728125], [33.996452608693815, 53.839105722887574], [33.95390499078263, 53.81811038157131], [33.91139999999999, 53.7971]]}, "properties": {"fa_flight_id": "RA86906-1574667482-adhoc-0", "registration": "RA-86906", "ident": "RA-86906", "ident_icao": NaN, "origin_code": "L 55.81921 38.37996", "origin_city": "Moscow", "destination_code": "L 53.79710 33.91140", "destination_city": "Gomel", "scheduled_out": NaN, "estimated_out": NaN, "actual_out": NaN, "scheduled_off": "2019-11-25T07:38:02Z", "estimated_off": "2019-11-25T07:38:02Z", "actual_off": "2019-11-25T07:38:02Z", "scheduled_on": NaN, "estimated_on": NaN, "actual_on": "2019-11-25T07:38:02Z", "scheduled_in": NaN, "estimated_in": NaN, "actual_in": NaN, "status": "result unknown", "route_distance": NaN, "diverted": false, "cancelled": false, "simplified_departure_date": "2019-11-25", "origin_coords": [55.81921, 38.37996], "destination_coords": [53.7971, 33.9114], "is_same_city": false}}, {"type": "Feature", "geometry": {"type": "LineString", "coordinates": [[43.78170999999998, 44.13004999999999], [43.73623511769893, 44.2490127263691], [43.69057592471522, 44.367957339421075], [43.644730930764624, 44.48688368990436], [43.598698630902284, 44.60579162705735], [43.55247750534129, 44.724680998588894], [43.50606601926857, 44.84355165065884], [43.45946262265834, 44.962403427857936], [43.41266575008259, 45.081236173187726], [43.36567382051907, 45.200049728039936], [43.31848523715636, 45.31884393217563], [43.271098387196176, 45.437618623704104], [43.223511641652806, 45.5563736390613], [43.17572335514961, 45.67510881298809], [43.127731865712505, 45.79382397850808], [43.07953549456059, 45.912518966905076], [43.03113254589354, 46.03119360770033], [42.982521306675984, 46.14984772862933], [42.93370004641862, 46.26848115561823], [42.88466701695629, 46.38709371275994], [42.83542045222262, 46.505685222289934], [42.785958568021336, 46.624255504561425], [42.73627956179429, 46.74280437802053], [42.68638161238603, 46.86133165918068], [42.636262879804775, 46.979837162596866], [42.585921504980014, 47.0983207008394], [42.53535560951624, 47.21678208446728], [42.48456329544329, 47.33522112200107], [42.4335426449627, 47.45363761989549], [42.382291720190466, 47.572031382511426], [42.33080856289579, 47.690402212087605], [42.27909119423592, 47.808749908711754], [42.227137614487106, 47.92707427029133], [42.17494580277136, 48.04537509252376], [42.12251371677914, 48.16365216886628], [42.06983929248782, 48.28190529050511], [42.01692044387593, 48.40013424632439], [41.96375506263295, 48.51833882287439], [41.910341017864795, 48.63651880433936], [41.85667615579471, 48.75467397250472], [41.80275829945967, 48.872804106723876], [41.748585248402044, 48.99090898388434], [41.6941547783566, 49.10898837837345], [41.63946464093267, 49.22704206204339], [41.58451256329142, 49.345069804175736], [41.529296247818074, 49.46307137144538], [41.473813371789234, 49.581046527883856], [41.418061587034856, 49.69899503484206], [41.36203851959514, 49.81691665095245], [41.305741769371934, 49.93481113209044], [41.249168909774895, 50.052678231335214], [41.19231748736193, 50.17051769893012], [41.13518502147421, 50.28832928224202], [41.077769003865306, 50.40611272572019], [41.02006689832463, 50.52386777085457], [40.962076140294876, 50.64159415613315], [40.903794136483526, 50.759291616998766], [40.845218264468166, 50.87695988580509], [40.78634587229556, 50.994598691771984], [40.72717427807451, 51.11220776093992], [40.667700769562046, 51.229786816123834], [40.6079226037433, 51.34733557686603], [40.54783700640447, 51.46485375938838], [40.48744117169922, 51.58234107654361], [40.42673226170791, 51.69979723776592], [40.36570740599002, 51.817221949020514], [40.30436370112925, 51.93461491275251], [40.242698210271406, 52.05197582783478], [40.18070796265488, 52.16930438951501], [40.1183899531335, 52.286600289361765], [40.05574114169182, 52.40386321520965], [39.99275845295247, 52.52109285110352], [39.92943877567564, 52.638288877241706], [39.86577896225041, 52.75545096991824], [39.80177582817787, 52.87257880146412], [39.737426151545826, 52.98967204018744], [39.67272667249502, 53.10673035031257], [39.60767409267661, 53.22375339191817], [39.54226507470079, 53.340740820874274], [39.476496241576505, 53.45769228877798], [39.41036417614192, 53.57460744288826], [39.34386542048555, 53.691485926059464], [39.276996475358025, 53.80832737667375], [39.20975379957401, 53.925131428572136], [39.142133809404505, 54.04189771098448], [39.07413287795893, 54.15862584845807], [39.0057473345572, 54.27531546078508], [38.93697346409128, 54.39196616292855], [38.86780750637635, 54.50857756494714], [38.79824565549109, 54.62514927191849], [38.72828405910706, 54.74168088386112], [38.65791881780708, 54.85817199565508], [38.58714598439209, 54.974622196960894], [38.51596156317658, 55.09103107213727], [38.444361509272355, 55.207398200157144], [38.372341727860196, 55.323723154522256], [38.2998980734495, 55.440005503176074], [38.227026349125474, 55.55624480841521], [38.153722305783795, 55.672440626799116], [38.07998164135235, 55.78859250905819], [38.00580000000001, 55.9047]]}, "properties": {"fa_flight_id": "RA86906-1574517668-adhoc-0", "registration": "RA-86906", "ident": "RA-86906", "ident_icao": NaN, "origin_code": "L 44.13005 43.78171", "origin_city": "Mineralnye Vody", "destination_code": "L 55.90470 38.00580", "destination_city": "Moscow", "scheduled_out": NaN, "estimated_out": NaN, "actual_out": NaN, "scheduled_off": "2019-11-23T14:01:08Z", "estimated_off": "2019-11-23T14:01:08Z", "actual_off": "2019-11-23T14:01:08Z", "scheduled_on": NaN, "estimated_on": NaN, "actual_on": "2019-11-23T14:01:08Z", "scheduled_in": NaN, "estimated_in": NaN, "actual_in": NaN, "status": "result unknown", "route_distance": NaN, "diverted": false, "cancelled": false, "simplified_departure_date": "2019-11-23", "origin_coords": [44.13005, 43.78171], "destination_coords": [55.9047, 38.0058], "is_same_city": false}}, {"type": "Feature", "geometry": {"type": "LineString", "coordinates": [[43.58473999999999, 44.15579], [43.541555829927155, 44.273912520283794], [43.498197719448655, 44.39201870618098], [43.45466426922295, 44.5101084239955], [43.4109540661789, 44.628181538685574], [43.36706568334596, 44.74623791384658], [43.322997679681926, 44.86427741169358], [43.27874859989816, 44.98229989304359], [43.23431697428234, 45.10030521729769], [43.18970131851863, 45.21829324242278], [43.144900133505224, 45.33626382493307], [43.09991190516925, 45.454216819871256], [43.05473510427902, 45.57215208078949], [43.0093681862534, 45.690069459730054], [42.96380959096862, 45.807968807205604], [42.91805774256207, 45.92584997217932], [42.87211104923323, 46.04371280204457], [42.82596790304182, 46.16155714260436], [42.77962667970277, 46.279382838050445], [42.73308573837836, 46.397189730942124], [42.686343421467136, 46.514977662184684], [42.63939805438976, 46.63274647100755], [42.592247945371675, 46.750495994942], [42.54489138522257, 46.86822606979867], [42.49732664711249, 46.98593652964468], [42.44955198634462, 47.103627206780224], [42.40156564012473, 47.22129793171506], [42.35336582732704, 47.33894853314443], [42.30495074825674, 47.45657883792474], [42.25631858440875, 47.57418867104868], [42.207467498222954, 47.69177785562019], [42.15839563283574, 47.809346212828785], [42.10910111182768, 47.92689356192364], [42.059582038967484, 48.04441972018724], [42.00983649795203, 48.16192450290846], [41.95986255214241, 48.279407723355455], [41.90965824429595, 48.39686919274791], [41.859221596294155, 48.51430872022895], [41.80855060886651, 48.631726112836546], [41.75764326130995, 48.74912117547458], [41.706497511204105, 48.86649371088316], [41.6551112941221, 48.98384351960882], [41.60348252333695, 49.10117039997392], [41.551609089523346, 49.21847414804577], [41.499488860454825, 49.33575455760509], [41.44711968069631, 49.453011420114095], [41.39449937129179, 49.570244524683865], [41.34162572944717, 49.68745365804141], [41.28849652820814, 49.80463860449604], [41.23510951613299, 49.92179914590514], [41.181462416960386, 50.03893506163959], [41.12755292927181, 50.15604612854832], [41.07337872614879, 50.273132120922554], [41.01893745482463, 50.390192810459254], [40.964226736330694, 50.507227966224015], [40.909244165137125, 50.624237354613435], [40.853987308787765, 50.741220739316674], [40.79845370752938, 50.85817788127649], [40.742640873934945, 50.975108538649614], [40.686546292520845, 51.09201246676636], [40.63016741935814, 51.20888941808969], [40.573501681677435, 51.3257391421734], [40.51654647746749, 51.44256138561982], [40.45929917506741, 51.55935589203656], [40.40175711275219, 51.67612240199271], [40.34391759831166, 51.79286065297411], [40.28577790862259, 51.90957037933808], [40.22733528921389, 52.026251312267014], [40.168586953824764, 52.1429031797216], [40.109530083955605, 52.259525706392886], [40.05016182841177, 52.37611861365368], [39.99047930283974, 52.49268161950909], [39.930479589255796, 52.6092144385461], [39.87015973556699, 52.72571678188242], [39.80951675508423, 52.842188357114274], [39.74854762602741, 52.95862886826345], [39.68724929102239, 53.07503801572322], [39.62561865658972, 53.19141549620344], [39.56365259262486, 53.30776100267466], [39.50134793186995, 53.424074224311184], [39.43870146937665, 53.54035484643317], [39.375709961960276, 53.65660255044769], [39.31237012764468, 53.772817013788675], [39.24867864509808, 53.88899790985592], [39.18463215305939, 54.005144907952776], [39.12022724975494, 54.12125767322303], [39.055460492305556, 54.23733586658627], [38.990328396123644, 54.353379144672395], [38.9248274343002, 54.469387159754795], [38.858954036981494, 54.5853595596823], [38.792704590735305, 54.701295987810006], [38.72607543790644, 54.817196082928646], [38.65906287596144, 54.933059479192856], [38.59166315682215, 55.04888580604804], [38.5238724861881, 55.16467468815585], [38.45568702284728, 55.28042574531838], [38.387102877975316, 55.3961385924009], [38.31811611442272, 55.511812839253174], [38.248722745989994, 55.62744809062931], [38.17891873669037, 55.74304394610613], [38.108700000000006, 55.858599999999996]]}, "properties": {"fa_flight_id": "RA86906-1575562967-adhoc-0", "registration": "RA-86906", "ident": "RA-86906", "ident_icao": NaN, "origin_code": "L 44.15579 43.58474", "origin_city": "Mineralnye Vody", "destination_code": "L 55.85860 38.10870", "destination_city": "Moscow", "scheduled_out": NaN, "estimated_out": NaN, "actual_out": NaN, "scheduled_off": "2019-12-05T16:22:47Z", "estimated_off": "2019-12-05T16:22:47Z", "actual_off": "2019-12-05T16:22:47Z", "scheduled_on": NaN, "estimated_on": NaN, "actual_on": "2019-12-05T16:22:47Z", "scheduled_in": NaN, "estimated_in": NaN, "actual_in": NaN, "status": "result unknown", "route_distance": NaN, "diverted": false, "cancelled": false, "simplified_departure_date": "2019-12-05", "origin_coords": [44.15579, 43.58474], "destination_coords": [55.8586, 38.1087], "is_same_city": false}}, {"type": "Feature", "geometry": {"type": "LineString", "coordinates": [[44.61479, 48.67469], [44.55938044820987, 48.74806118805576], [44.503808881224046, 48.821405734703845], [44.44807446391057, 48.89472349286143], [44.39217635613108, 48.96801431446035], [44.336113712707146, 49.041278050439324], [44.27988568338648, 49.11451455073596], [44.22349141280891, 49.18772366427873], [44.16693004047209, 49.260905238978886], [44.11020070069705, 49.33405912172235], [44.05330252259351, 49.407185158361415], [43.99623463002502, 49.48028319370651], [43.93899614157379, 49.55335307151773], [43.881586170505436, 49.626394634496464], [43.82400382473337, 49.69940772427684], [43.76624820678313, 49.77239218141713], [43.70831841375632, 49.84534784539107], [43.65021353729448, 49.91827455457909], [43.59193266354268, 49.99117214625954], [43.53347487311285, 50.06404045659967], [43.47483924104701, 50.136879320646784], [43.41602483678014, 50.20968857231904], [43.35703072410295, 50.28246804439639], [43.29785596112437, 50.35521756851133], [43.23849960023384, 50.42793697513955], [43.17896068806335, 50.50062609359061], [43.11923826544933, 50.57328475199839], [43.05933136739425, 50.64591277731159], [42.99923902302802, 50.71850999528406], [42.938960255569214, 50.79107623046504], [42.87849408228601, 50.86361130618942], [42.817839514456956, 50.93611504456777], [42.75699555733146, 51.00858726647636], [42.6959612100902, 51.08102779154712], [42.63473546580511, 51.15343643815741], [42.5733173113993, 51.2258130234198], [42.511705727606746, 51.29815736317173], [42.449899688931666, 51.370469271965085], [42.38789816360779, 51.44274856305552], [42.32570011355732, 51.51499504839205], [42.26330449434979, 51.58720853860618], [42.200710255160544, 51.65938884300111], [42.137916338729156, 51.73153576954089], [42.07492168131756, 51.80364912483932], [42.01172521266798, 51.87572871414891], [41.94832585596061, 51.94777434134965], [41.884722527771125, 52.019785808937705], [41.820914138028016, 52.09176291801403], [41.75689958996964, 52.16370546827283], [41.69267778010104, 52.23561325799001], [41.628247598150686, 52.307486084011416], [41.563607927026865, 52.37932374174101], [41.49875764277397, 52.45112602512904], [41.43369561452848, 52.52289272665992], [41.368420704474886, 52.594623637340185], [41.30293176780123, 52.66631854668616], [41.23722765265462, 52.73797724271175], [41.171307200096415, 52.809599511915806], [41.105169244057244, 52.88118513926977], [41.03881261129193, 52.952733908204834], [40.97223612133406, 53.024245600599265], [40.905438586450444, 53.095719996765446], [40.83841881159545, 53.16715687543689], [40.77117559436499, 53.2385560137551], [40.703707724950476, 53.309917187256374], [40.63601398609252, 53.38124016985838], [40.568093153034425, 53.45252473384675], [40.4999439934756, 53.52377064986143], [40.43156526752465, 53.59497768688302], [40.36295572765246, 53.6661456122189], [40.29411411864499, 53.73727419148931], [40.225039177555935, 53.80836318861327], [40.155729633659234, 53.879412365794344], [40.08618420840141, 53.95042148350636], [40.01640161535376, 54.02139030047899], [39.94638056016437, 54.0923185736831], [39.876119740510006, 54.16320605831608], [39.805617846047866, 54.23405250778706], [39.73487355836711, 54.3048576737019], [39.663885550940385, 54.37562130584815], [39.59265248907508, 54.44634315217976], [39.52117302986456, 54.517022958801775], [39.4494458221392, 54.58766046995489], [39.37746950641733, 54.658255427999784], [39.30524271485608, 54.72880757340132], [39.23276407120205, 54.79931664471281], [39.16003219074196, 54.8697823785598], [39.08704568025313, 54.94020450962406], [39.013803137953886, 55.01058277062718], [38.940303153453904, 55.08091689231417], [38.866544307704416, 55.15120660343691], [38.7925251729484, 55.22145163073733], [38.71824431267061, 55.29165169893063], [38.643700281547666, 55.36180653068821], [38.56889162539794, 55.43191584662056], [38.49381688113152, 55.50197936525987], [38.418474576700056, 55.57199680304268], [38.34286323104654, 55.64196787429221], [38.26698135405518, 55.71189229120064], [38.19082744650106, 55.78176976381117], [38.11440000000001, 55.8516]]}, "properties": {"fa_flight_id": "RA86906-1575289521-adhoc-0", "registration": "RA-86906", "ident": "RA-86906", "ident_icao": NaN, "origin_code": "L 48.67469 44.61479", "origin_city": "Volgograd", "destination_code": "L 55.85160 38.11440", "destination_city": "Moscow", "scheduled_out": NaN, "estimated_out": NaN, "actual_out": NaN, "scheduled_off": "2019-12-02T12:25:21Z", "estimated_off": "2019-12-02T12:25:21Z", "actual_off": "2019-12-02T12:25:21Z", "scheduled_on": NaN, "estimated_on": NaN, "actual_on": "2019-12-02T12:25:21Z", "scheduled_in": NaN, "estimated_in": NaN, "actual_in": NaN, "status": "result unknown", "route_distance": NaN, "diverted": false, "cancelled": false, "simplified_departure_date": "2019-12-02", "origin_coords": [48.67469, 44.61479], "destination_coords": [55.8516, 38.1144], "is_same_city": false}}, {"type": "Feature", "geometry": {"type": "LineString", "coordinates": [[38.19301000000001, 55.91616000000001], [38.29978391724498, 55.83305733068533], [38.40610223135104, 55.74986259504161], [38.511967800089174, 55.66657647137213], [38.617383463544314, 55.58319963218554], [38.722352044168616, 55.49973274424822], [38.82687634683664, 55.41617646863608], [38.930959158901985, 55.33253146078612], [39.03460325025563, 55.24879837054744], [39.13781137338576, 55.16497784223199], [39.24058626343906, 55.081070514664795], [39.34293063828346, 54.99707702123389], [39.444847198572134, 54.91299798993979], [39.54633862780895, 54.82883404344456], [39.64740759241504, 54.74458579912056], [39.74805674179664, 54.66025386909867], [39.84828870841403, 54.57583886031629], [39.94810610785161, 54.491341374564726], [40.04751153888904, 54.40676200853647], [40.14650758357329, 54.32210135387174], [40.245096807291766, 54.23735999720501], [40.343281758846274, 54.15253852021082], [40.44106497052788, 54.067637499649344], [40.538448958192596, 53.98265750741166], [40.63543622133787, 53.89759911056444], [40.73202924317978, 53.81246287139445], [40.82823049073099, 53.72724934745246], [40.924042414879324, 53.641959091597016], [41.01946745046705, 53.55659265203762], [41.11450801637068, 53.47115057237766], [41.209166515581366, 53.38563339165694], [41.3034453352859, 53.30004164439379], [41.39734684694806, 53.214375860626866], [41.49087340639057, 53.1286365659566], [41.584027353877396, 53.04282428158613], [41.67681101419652, 52.956939524362106], [41.76922669674301, 52.87098280681491], [41.86127669560252, 52.78495463719865], [41.95296328963509, 52.698855519530795], [42.04428874255913, 52.61268595363131], [42.13525530303586, 52.52644643516167], [42.225865204753816, 52.44013745566328], [42.31612066651372, 52.35375950259576], [42.406023892313414, 52.267313059374715], [42.49557707143299, 52.18079860540924], [42.58478237852022, 52.094216616139114], [42.67364197367584, 52.00756756307157], [42.7621580025392, 51.92085191381776], [42.85033259637377, 51.834070132128936], [42.93816787215293, 51.74722267793221], [43.02566593264565, 51.66031000736606], [43.11282886650217, 51.57333257281546], [43.1996587483399, 51.486290822946685], [43.28615763882901, 51.399185202741826], [43.37232758477825, 51.312016153532966], [43.458170619220574, 51.22478411303601], [43.543688761498785, 51.13748951538424], [43.628884017351034, 51.050132791161516], [43.71375837899628, 50.96271436743523], [43.798313825219644, 50.87523466778887], [43.8825523214576, 50.7876941123543], [43.966475819883094, 50.700093117843835], [44.05008625949045, 50.612432097581795], [44.13338556618018, 50.52471146153599], [44.216375652843595, 50.43693161634884], [44.299058419447206, 50.34909296536802], [44.381435753117, 50.26119590867714], [44.46350952822243, 50.1732408431258], [44.545281606460286, 50.08522816235965], [44.62675383693821, 49.99715825684994], [44.7079280562581, 49.909031513922926], [44.78880608859922, 49.820848317788894], [44.869389745801065, 49.73260904957099], [44.949680827445874, 49.644314087333754], [45.02968112094106, 49.55596380611137], [45.10939240160119, 49.467558577935556], [45.188816432729766, 49.37909877186343], [45.26795496570063, 49.2905847540048], [45.34680974003923, 49.20201688754941], [45.42538248350334, 49.11339553279388], [45.50367491216374, 49.024721047168306], [45.58168873048427, 48.93599378526268], [45.65942563140184, 48.847214098853065], [45.73688729640596, 48.75838233692746], [45.81407539561789, 48.66949884571139], [45.89099158786961, 48.580563968693404], [45.967637520782205, 48.491578046650154], [46.04401483084421, 48.40254141767131], [46.120125143489254, 48.313454417184225], [46.19597007317359, 48.22431737797835], [46.271551223453166, 48.13513063022946], [46.34687018706032, 48.045894501523556], [46.42192854598007, 47.956609316880574], [46.49672787152621, 47.86727539877796], [46.571269724416695, 47.77789306717382], [46.645555654848955, 47.68846263953006], [46.71958720257467, 47.59898443083508], [46.79336589697418, 47.50945875362646], [46.86689325713046, 47.419885918013314], [46.9401707919028, 47.33026623169837], [47.0132, 47.24060000000001]]}, "properties": {"fa_flight_id": "RA86906-1575276174-adhoc-0", "registration": "RA-86906", "ident": "RA-86906", "ident_icao": NaN, "origin_code": "L 55.91616 38.19301", "origin_city": "Moscow", "destination_code": "L 47.24060 47.01320", "destination_city": "Astrakhan", "scheduled_out": NaN, "estimated_out": NaN, "actual_out": NaN, "scheduled_off": "2019-12-02T08:42:54Z", "estimated_off": "2019-12-02T08:42:54Z", "actual_off": "2019-12-02T08:42:54Z", "scheduled_on": NaN, "estimated_on": NaN, "actual_on": "2019-12-02T08:42:54Z", "scheduled_in": NaN, "estimated_in": NaN, "actual_in": NaN, "status": "result unknown", "route_distance": NaN, "diverted": false, "cancelled": false, "simplified_departure_date": "2019-12-02", "origin_coords": [55.91616, 38.19301], "destination_coords": [47.2406, 47.0132], "is_same_city": false}}, {"type": "Feature", "geometry": {"type": "LineString", "coordinates": [[38.1881, 55.80861999999998], [38.40781000112243, 55.838498334502894], [38.62785570920962, 55.86798460336085], [38.84823355499642, 55.897077775915974], [39.06893992566197, 55.925776831769745], [39.28997116507366, 55.95408076094468], [39.51132357404375, 55.9819885640452], [39.73299341059879, 56.009499252417925], [39.9549768902621, 56.03661184831107], [40.177270186348906, 56.06332538503301], [40.3998694302744, 56.08963890710999], [40.62277071187484, 56.11555147044283], [40.845970079741406, 56.14106214246266], [41.06946354156698, 56.166170002285526], [41.29324706450593, 56.19087414086597], [41.51731657554653, 56.21517366114938], [41.7416679618965, 56.23906767822301], [41.96629707138116, 56.26255531946595], [42.19119971285442, 56.28563572469754], [42.416371656622516, 56.30830804632444], [42.641808634880405, 56.33057144948631], [42.867506342160745, 56.352425112199896], [43.09346043579546, 56.373868225501624], [43.31966653638978, 56.39489999358852], [43.54612022830865, 56.415519633957466], [43.77281706017539, 56.43572637754276], [43.99975254538262, 56.45551946885184], [44.226922162615324, 56.474898166099244], [44.45432135638573, 56.493861741338655], [44.68194553758026, 56.512409480592886], [44.90979008401805, 56.5305406839821], [45.137850341021135, 56.54825466584979], [45.36612162199618, 56.56555075488674], [45.59459920902732, 56.58242829425285], [45.823278353480404, 56.59888664169673], [46.05215427661802, 56.61492516967306], [46.281222170225455, 56.63054326545762], [46.51047719724732, 56.64574033126009], [46.73991449243453, 56.66051578433431], [46.96952916300165, 56.67486905708617], [47.199316289294316, 56.68879959717907], [47.42927092546644, 56.70230686763674], [47.65938810016712, 56.715390346943586], [47.88966281723706, 56.72804952914234], [48.12009005641406, 56.74028392392914], [48.35066477404761, 56.75209305674581], [48.58138190382218, 56.763476468869506], [48.812236357489006, 56.7744337174995], [49.043223025606196, 56.78496437584123], [49.27433677828675, 56.79506803318736], [49.50557246595439, 56.804744294996134], [49.73692492010678, 56.81399278296666], [49.96838895408612, 56.82281313511132], [50.19995936385648, 56.83120500582513], [50.43163092878793, 56.83916806595218], [50.663398412446924, 56.846702002848886], [50.89525656339281, 56.85380652044428], [51.1272001159802, 56.86048133929718], [51.35922379116666, 56.86672619665013], [51.59132229732569, 56.872540846480334], [51.823490331064605, 56.87792505954732], [52.05572257804688, 56.88287862343743], [52.2880137138188, 56.887401342605074], [52.52035840464013, 56.89149303841076], [52.752751308318224, 56.89515354915587], [52.98518707504559, 56.89838273011423], [53.21766034824036, 56.901180453560194], [53.45016576538946, 56.90354660879374], [53.682697958893996, 56.90548110216191], [53.915251556916736, 56.90698385707722], [54.14782118423125, 56.90805481403264], [54.380401463072246, 56.90869393061313], [54.61298701398714, 56.90890118150401], [54.845572456688004, 56.90867655849587], [55.0781524109041, 56.90802007048625], [55.310721497234226, 56.90693174347779], [55.543274337998824, 56.90541162057322], [55.775805558091356, 56.90345976196695], [56.00830978582872, 56.901076244933186], [56.24078165380024, 56.89826116381096], [56.47321579971512, 56.895014629985646], [56.70560686724773, 56.891336771867195], [56.937949506880685, 56.8872277348651], [57.1702383767452, 56.882687681360046], [57.4024681434585, 56.87771679067224], [57.63463348295786, 56.8723152590266], [57.866729081331, 56.86648329951441], [58.09874963564268, 56.86022114205214], [58.33068985475688, 56.85352903333666], [58.56254446015439, 56.846407236797525], [58.794308186745624, 56.83885603254593], [59.025975783678184, 56.83087571732059], [59.25754201513889, 56.82246660443049], [59.48900166115004, 56.81362902369446], [59.72034951835968, 56.80436332137775], [59.95158040082536, 56.79466986012556], [60.182689140791226, 56.78454901889349], [60.41367058945832, 56.77400119287503], [60.6445196177475, 56.76302679342616], [60.875231117054966, 56.75162624798686], [61.1058, 56.7398]]}, "properties": {"fa_flight_id": "RA86906-1577233685-adhoc-0", "registration": "RA-86906", "ident": "RA-86906", "ident_icao": NaN, "origin_code": "L 55.80862 38.18810", "origin_city": "Moscow", "destination_code": "L 56.73980 61.10580", "destination_city": "Yekaterinburg", "scheduled_out": NaN, "estimated_out": NaN, "actual_out": NaN, "scheduled_off": "2019-12-25T00:28:05Z", "estimated_off": "2019-12-25T00:28:05Z", "actual_off": "2019-12-25T00:28:05Z", "scheduled_on": NaN, "estimated_on": NaN, "actual_on": "2019-12-25T00:28:05Z", "scheduled_in": NaN, "estimated_in": NaN, "actual_in": NaN, "status": "result unknown", "route_distance": NaN, "diverted": false, "cancelled": false, "simplified_departure_date": "2019-12-25", "origin_coords": [55.80862, 38.1881], "destination_coords": [56.7398, 61.1058], "is_same_city": false}}, {"type": "Feature", "geometry": {"type": "LineString", "coordinates": [[44.18535, 44.09108000000001], [44.13674586834207, 44.210530839639574], [44.0879442013978, 44.3299609878571], [44.03894340052896, 44.449370273569336], [43.98974185141686, 44.56875852396015], [43.94033792386953, 44.68812556445831], [43.89072997162615, 44.80747121871504], [43.840916332158706, 44.92679530858105], [43.790895326470846, 45.04609765408349], [43.74066525889379, 45.1653780734023], [43.690224416879474, 45.2846363828464], [43.63957107079055, 45.40387239682936], [43.58870347368752, 45.52308592784476], [43.53761986111276, 45.642276786441336], [43.48631845087138, 45.76144478119744], [43.434797442809106, 45.88058971869533], [43.38305501858671, 45.99971140349507], [43.33108934145133, 46.11880963810788], [43.27889855600448, 46.237884222969214], [43.22648078796665, 46.35693495641138], [43.17383414393851, 46.47596163463569], [43.12095671115854, 46.59496405168427], [43.06784655725733, 46.71394199941141], [43.01450173000806, 46.83289526745436], [42.9609202570735, 46.951823643203845], [42.9071001457492, 47.07072691177398], [42.853039382702924, 47.18960485597178], [42.79873593371032, 47.30845725626619], [42.744187743386604, 47.427283890756634], [42.68939273491432, 47.546084535141], [42.63434880976711, 47.66485896268322], [42.5790538474293, 47.783606944180335], [42.52350570511142, 47.902328247928864], [42.46770221746145, 48.02102263969092], [42.411641196271816, 48.13968988265954], [42.35532043018186, 48.258329737423594], [42.29873768437615, 48.37694196193211], [42.241890700277956, 48.495526311458015], [42.184777195238375, 48.61408253856127], [42.127394862220704, 48.73261039305149], [42.06974136948, 48.85110962194987], [42.01181436023796, 48.96957996945055], [41.95361145235279, 49.088021176881355], [41.89513023798407, 49.20643298266388], [41.8363682832527, 49.32481512227292], [41.77732312789551, 49.44316732819528], [41.71799228491469, 49.561489329887806], [41.65837324022201, 49.67978085373497], [41.598463452277436, 49.79804162300541], [41.53826035172237, 49.91627135780804], [41.4777613410072, 50.03446977504735], [41.41696379401328, 50.15263658837791], [41.355865055668936, 50.27077150815822], [41.29446244155979, 50.388874241403684], [41.23275323753291, 50.5069444917389], [41.17073469929503, 50.624981959349135], [41.10840405200443, 50.74298634093095], [41.04575848985668, 50.86095732964198], [40.98279517566383, 50.978894615050024], [40.9195112404272, 51.096797883081074], [40.8559037829035, 51.214666815966595], [40.791969869164255, 51.332501092189915], [40.72770653214828, 51.450300386431614], [40.6631107712074, 51.56806436951414], [40.598179551644876, 51.685792708345346], [40.532909804246714, 51.80348506586109], [40.46729842480578, 51.921141100966985], [40.4013422736382, 52.03876046847895], [40.33503817509245, 52.15634281906287], [40.2683829170506, 52.27388779917325], [40.20137325042178, 52.39139505099073], [40.134005888627684, 52.50886421235851], [40.066277507079946, 52.626294916717775], [39.99818474264934, 52.7436867930419], [39.929724193126525, 52.86103946576962], [39.86089241667435, 52.978352554736944], [39.7916859312715, 53.09562567510788], [39.72210121414722, 53.21285843730405], [39.652134701207274, 53.33005044693296], [39.5817827864506, 53.447201304715094], [39.511041821376885, 53.56431060640969], [39.439908114384544, 53.68137794273918], [39.36837793015928, 53.79840289931237], [39.29644748905282, 53.91538505654622], [39.22411296645173, 54.03232398958619], [39.15137049213624, 54.14921926822526], [39.078216149628766, 54.26607045682146], [39.00464597553203, 54.38287711421393], [38.93065595885657, 54.49963879363751], [38.856242040337605, 54.61635504263574], [38.781400111740695, 54.733025402972345], [38.7061260151566, 54.84964941054114], [38.63041554228453, 54.966226595274264], [38.55426443370409, 55.08275648104877], [38.47766837813537, 55.19923858559161], [38.400623011687266, 55.31567242038269], [38.32312391709362, 55.432057490556446], [38.24516662293715, 55.548393294801365], [38.16674660286075, 55.664679325257815], [38.08785927476623, 55.780915067414014], [38.0085, 55.8971]]}, "properties": {"fa_flight_id": "RA86906-1576942640-adhoc-0", "registration": "RA-86906", "ident": "RA-86906", "ident_icao": NaN, "origin_code": "L 44.09108 44.18535", "origin_city": "Vladikavkaz", "destination_code": "L 55.89710 38.00850", "destination_city": "Moscow", "scheduled_out": NaN, "estimated_out": NaN, "actual_out": NaN, "scheduled_off": "2019-12-21T15:37:20Z", "estimated_off": "2019-12-21T15:37:20Z", "actual_off": "2019-12-21T15:37:20Z", "scheduled_on": NaN, "estimated_on": NaN, "actual_on": "2019-12-21T15:37:20Z", "scheduled_in": NaN, "estimated_in": NaN, "actual_in": NaN, "status": "result unknown", "route_distance": NaN, "diverted": false, "cancelled": false, "simplified_departure_date": "2019-12-21", "origin_coords": [44.09108, 44.18535], "destination_coords": [55.8971, 38.0085], "is_same_city": false}}, {"type": "Feature", "geometry": {"type": "LineString", "coordinates": [[36.86419, 51.86177], [36.87578610804075, 51.90168441332448], [36.88740284060942, 51.94159768504193], [36.899040263489745, 51.98150981147828], [36.91069844273472, 52.021420788944276], [36.92237744466793, 52.061330613735294], [36.934077335885, 52.1012392821314], [36.94579818325493, 52.14114679039715], [36.95754005392156, 52.18105313478159], [36.9693030153049, 52.22095831151813], [36.981087135102655, 52.26086231682449], [36.992892481291555, 52.300765146902606], [37.00471912212886, 52.34066679793851], [37.01656712615378, 52.38056726610236], [37.02843656218894, 52.4204665475482], [37.04032749934184, 52.46036463841399], [37.052240007006326, 52.500261534821504], [37.06417415486406, 52.540157232876204], [37.07613001288607, 52.580051728667186], [37.088107651334155, 52.61994501826711], [37.1001071407625, 52.65983709773202], [37.11212855201914, 52.69972796310142], [37.12417195624745, 52.739617610398014], [37.136237424887774, 52.779506035627755], [37.148325029678894, 52.81939323477965], [37.160434842659654, 52.85927920382573], [37.17256693617048, 52.89916393872097], [37.18472138285495, 52.93904743540316], [37.19689825566143, 52.97892968979281], [37.20909762784462, 53.01881069779313], [37.22131957296721, 53.05869045528981], [37.23356416490144, 53.09856895815108], [37.245831477830755, 53.13844620222748], [37.25812158625148, 53.178322183351845], [37.270434564974366, 53.21819689733922], [37.28277048912638, 53.258070339986645], [37.29512943415224, 53.29794250707327], [37.30751147581619, 53.33781339436005], [37.31991669020366, 53.377682997589744], [37.332345153722926, 53.417551312486836], [37.344796943106864, 53.457418334757385], [37.35727213541467, 53.49728406008897], [37.36977080803357, 53.53714848415055], [37.38229303868057, 53.57701160259238], [37.39483890540422, 53.61687341104593], [37.40740848658635, 53.656733905123744], [37.42000186094388, 53.69659308041939], [37.43261910753058, 53.7364509325073], [37.445260305738884, 53.77630745694271], [37.45792553530167, 53.81616264926152], [37.47061487629415, 53.85601650498024], [37.48332840913561, 53.89586901959579], [37.49606621459131, 53.935720188585535], [37.50882837377434, 53.97557000740705], [37.52161496814745, 54.015418471498045], [37.53442607952499, 54.055265576276334], [37.54726179007473, 54.0951113171396], [37.56012218231981, 54.134955689465386], [37.57300733914065, 54.174798688610956], [37.58591734377688, 54.214640309913136], [37.59885227982922, 54.25448054868828], [37.611812231261524, 54.29431940023208], [37.62479728240272, 54.334156859819544], [37.637807517948715, 54.37399292270477], [37.65084302296449, 54.413827584120945], [37.663903882886004, 54.45366083928013], [37.676990183522314, 54.49349268337321], [37.690102011057505, 54.53332311156976], [37.70323945205277, 54.573152119017905], [37.716402593448514, 54.61297970084422], [37.72959152256633, 54.65280585215362], [37.74280632711115, 54.69263056802923], [37.75604709517331, 54.73245384353222], [37.76931391523067, 54.77227567370179], [37.78260687615072, 54.81209605355495], [37.79592606719275, 54.8519149780864], [37.809271578009955, 54.89173244226847], [37.82264349865162, 54.93154844105096], [37.83604191956534, 54.971362969360996], [37.849466931599096, 55.011176022102916], [37.8629186260036, 55.05098759415819], [37.87639709443442, 55.09079768038516], [37.889902428954265, 55.13060627561909], [37.90343472203519, 55.17041337467188], [37.91699406656092, 55.210218972332044], [37.93058055582907, 55.25002306336447], [37.94419428355346, 55.289825642510436], [37.95783534386647, 55.32962670448733], [37.97150383132128, 55.36942624398856], [37.98519984089427, 55.40922425568349], [37.99892346798736, 55.44902073421718], [38.012674808430376, 55.488815674210386], [38.02645395848346, 55.528609070259286], [38.04026101483942, 55.56840091693547], [38.054096074626194, 55.608191208785655], [38.067959235409276, 55.64797994033169], [38.081850595194155, 55.68776710607032], [38.09577025242879, 55.72755270047307], [38.10971830600607, 55.7673367179861], [38.12369485526637, 55.80711915303008], [38.1377, 55.8469]]}, "properties": {"fa_flight_id": "RA86906-1580485120-adhoc-0", "registration": "RA-86906", "ident": "RA-86906", "ident_icao": NaN, "origin_code": "L 51.86177 36.86419", "origin_city": "Moscow", "destination_code": "L 55.84690 38.13770", "destination_city": "Moscow", "scheduled_out": NaN, "estimated_out": NaN, "actual_out": NaN, "scheduled_off": "2020-01-31T15:38:40Z", "estimated_off": "2020-01-31T15:38:40Z", "actual_off": "2020-01-31T15:38:40Z", "scheduled_on": NaN, "estimated_on": NaN, "actual_on": "2020-01-31T15:38:40Z", "scheduled_in": NaN, "estimated_in": NaN, "actual_in": NaN, "status": "result unknown", "route_distance": NaN, "diverted": false, "cancelled": false, "simplified_departure_date": "2020-01-31", "origin_coords": [51.86177, 36.86419], "destination_coords": [55.8469, 38.1377], "is_same_city": false}}, {"type": "Feature", "geometry": {"type": "LineString", "coordinates": [[38.35085, 55.885639999999995], [38.32726805098402, 55.85232965845455], [38.303726496632926, 55.819014815734604], [38.280225222795124, 55.78569548516557], [38.25676411571805, 55.75237168002299], [38.23334306204655, 55.719043413532845], [38.20996194882121, 55.68571069887169], [38.18662066347678, 55.652373549166974], [38.163319093840514, 55.61903197749715], [38.140057128130586, 55.585685996891975], [38.116834654954474, 55.552335620332705], [38.0936515633074, 55.51898086075234], [38.0705077425707, 55.48562173103577], [38.04740308251027, 55.452258244020065], [38.02433747327499, 55.418890412494655], [38.00131080539513, 55.38551824920155], [37.978322969780855, 55.35214176683555], [37.9553738577206, 55.318760978044445], [37.93246336087959, 55.28537589542928], [37.90959137129823, 55.2519865315445], [37.88675778139065, 55.218592898898166], [37.863962483943126, 55.18519500995221], [37.841205372112604, 55.15179287712258], [37.818486339425135, 55.11838651277948], [37.79580527977443, 55.084975929247605], [37.77316208742031, 55.051561138806264], [37.75055665698728, 55.01814215368964], [37.72798888346297, 54.984718986086975], [37.70545866219672, 54.95129164814279], [37.68296588889805, 54.91786015195702], [37.66051045963527, 54.88442450958532], [37.63809227083395, 54.85098473303914], [37.61571121927552, 54.817540834286035], [37.59336720209579, 54.78409282524976], [37.57106011678354, 54.750640717810505], [37.548789861179074, 54.717184523805145], [37.52655633347279, 54.683724255027315], [37.504359432203785, 54.65025992322772], [37.48219905625839, 54.61679154011423], [37.460075104868835, 54.583319117352126], [37.43798747761179, 54.54984266656426], [37.41593607440701, 54.51636219933127], [37.39392079551591, 54.48287772719173], [37.37194154154024, 54.44938926164236], [37.34999821342061, 54.415896814138215], [37.328090712435255, 54.38240039609285], [37.306218940198576, 54.34890001887849], [37.28438279865977, 54.31539569382627], [37.2625821901016, 54.28188743222634], [37.24081701713887, 54.24837524532811], [37.21908718271728, 54.21485914434039], [37.197392590111924, 54.18133914043156], [37.175733142926056, 54.1478152447298], [37.15410874508977, 54.11428746832321], [37.132519300858654, 54.08075582225999], [37.110964714812475, 54.04722031754868], [37.0894448918539, 54.01368096515824], [37.0679597372072, 53.980137776018275], [37.04650915641692, 53.946590761019195], [37.025093055346645, 53.91303993101244], [37.003711340177674, 53.87948529681051], [36.982363917407774, 53.845926869187295], [36.96105069384993, 53.81236465887814], [36.93977157663099, 53.778798676580045], [36.91852647319053, 53.745228932951846], [36.89731529127951, 53.71165543861436], [36.87613793895907, 53.67807820415053], [36.854994324599275, 53.644497240105636], [36.83388435687788, 53.61091255698747], [36.8128079447791, 53.5773241652664], [36.79176499759242, 53.543732075375615], [36.770755424911286, 53.51013629771131], [36.749779136632, 53.47653684263276], [36.72883604295243, 53.44293372046251], [36.70792605437083, 53.40932694148662], [36.687049081684684, 53.37571651595466], [36.666205035989464, 53.342102454080006], [36.64539382867741, 53.308484766039946], [36.62461537143648, 53.27486346197581], [36.603869576249025, 53.24123855199319], [36.58315635539069, 53.20761004616199], [36.562475621429265, 53.1739779545167], [36.54182728722348, 53.140342287056484], [36.52121126592184, 53.106703053745306], [36.50062747096156, 53.07306026451215], [36.48007581606731, 53.0394139292511], [36.45955621525015, 53.005764057821544], [36.43906858280635, 52.97211066004829], [36.41861283331629, 52.93845374572173], [36.39818888164331, 52.904793324598], [36.37779664293262, 52.871129406399064], [36.35743603261015, 52.83746200081296], [36.33710696638146, 52.80379111749383], [36.316809360230636, 52.770116766062166], [36.29654313041916, 52.736438956104884], [36.27630819348486, 52.70275769717553], [36.256104466240785, 52.66907299879433], [36.23593186577413, 52.63538487044844], [36.21579030944512, 52.601693321591995], [36.19567971488603, 52.567998361646325], [36.1756, 52.5343]]}, "properties": {"fa_flight_id": "RA86906-1580463176-adhoc-0", "registration": "RA-86906", "ident": "RA-86906", "ident_icao": NaN, "origin_code": "L 55.88564 38.35085", "origin_city": "Moscow", "destination_code": "L 52.53430 36.17560", "destination_city": "Moscow", "scheduled_out": NaN, "estimated_out": NaN, "actual_out": NaN, "scheduled_off": "2020-01-31T09:32:56Z", "estimated_off": "2020-01-31T09:32:56Z", "actual_off": "2020-01-31T09:32:56Z", "scheduled_on": NaN, "estimated_on": NaN, "actual_on": "2020-01-31T09:32:56Z", "scheduled_in": NaN, "estimated_in": NaN, "actual_in": NaN, "status": "result unknown", "route_distance": NaN, "diverted": false, "cancelled": false, "simplified_departure_date": "2020-01-31", "origin_coords": [55.88564, 38.35085], "destination_coords": [52.5343, 36.1756], "is_same_city": false}}, {"type": "Feature", "geometry": {"type": "LineString", "coordinates": [[40.76262, 57.14580000000001], [40.73362270681797, 57.13395434296584], [40.704643970960305, 57.12210200088211], [40.67568378258918, 57.110242981058214], [40.64674213185015, 57.09837729079716], [40.61781900887235, 57.086504937395574], [40.58891440376852, 57.074625928143696], [40.56002830663508, 57.06274027032538], [40.53116070755226, 57.050847971218055], [40.502311596584136, 57.03894903809279], [40.47348096377877, 57.0270434782142], [40.444668799168234, 57.015131298840565], [40.41587509276876, 57.00321250722367], [40.38709983458077, 56.991287110608965], [40.358343014588996, 56.979355116235446], [40.32960462276254, 56.967416531335694], [40.300884649054986, 56.95547136313586], [40.27218308340446, 56.943519618855724], [40.2434999157337, 56.931561305708556], [40.21483513595022, 56.919596430901265], [40.18618873394626, 56.907625001634315], [40.157560699599, 56.89564702510171], [40.128951022770586, 56.88366250849105], [40.10035969330818, 56.87167145898347], [40.0717867010441, 56.85967388375367], [40.04323203579588, 56.84766978996993], [40.01469568736635, 56.83565918479404], [39.9861776455437, 56.823642075381386], [39.95767790010162, 56.81161846888087], [39.92919644079933, 56.79958837243496], [39.90073325738165, 56.787551793179645], [39.87228833957915, 56.77550873824449], [39.84386167710814, 56.76345921475257], [39.81545325967083, 56.75140322982051], [39.78706307695538, 56.739340790558494], [39.75869111863597, 56.72727190407017], [39.73033737437288, 56.7151965774528], [39.7020018338126, 56.703114817797136], [39.67368448658788, 56.69102663218744], [39.64538532231782, 56.67893202770154], [39.61710433060795, 56.66683101141076], [39.5888415010503, 56.654723590379945], [39.56059682322351, 56.64260977166749], [39.53237028669286, 56.63048956232529], [39.50416188101038, 56.61836296939873], [39.47597159571496, 56.60622999992674], [39.44779942033233, 56.59409066094178], [39.41964534437524, 56.58194495946978], [39.39150935734349, 56.56979290253021], [39.36339144872402, 56.557634497136036], [39.33529160799097, 56.545469750293734], [39.30720982460578, 56.533298669003294], [39.27914608801724, 56.52112126025818], [39.25110038766162, 56.50893753104541], [39.223072712962676, 56.49674748834546], [39.19506305333178, 56.48455113913232], [39.16707139816796, 56.4723484903735], [39.13909773685802, 56.460139549029975], [39.11114205877656, 56.44792432205621], [39.0832043532861, 56.435702816400216], [39.05528460973713, 56.42347503900345], [39.0273828174682, 56.41124099680088], [38.99949896580598, 56.399000696720975], [38.97163304406533, 56.386754145685686], [38.943785041549404, 56.374501350610444], [38.91595494754971, 56.362242318404185], [38.88814275134616, 56.34997705596933], [38.86034844220719, 56.337705570201784], [38.83257200938979, 56.325427867990925], [38.80481344213961, 56.313143956219655], [38.77707272969101, 56.30085384176431], [38.74934986126715, 56.288557531494746], [38.721644826080045, 56.27625503227431], [38.69395761333069, 56.26394635095977], [38.66628821220905, 56.25163149440147], [38.63863661189417, 56.239310469443154], [38.61100280155429, 56.226983282922085], [38.583386770346856, 56.21464994166901], [38.55578850741862, 56.20231045250814], [38.52820800190571, 56.189964822257146], [38.50064524293369, 56.177613057727235], [38.47310021961765, 56.16525516572303], [38.445572921062265, 56.15289115304269], [38.41806333636186, 56.14052102647779], [38.39057145460051, 56.12814479281345], [38.36309726485207, 56.11576245882821], [38.33564075618027, 56.103374031294095], [38.30820191763877, 56.09097951697664], [38.28078073827127, 56.078578922634826], [38.25337720711152, 56.06617225502112], [38.225991313183435, 56.05375952088147], [38.198623045501144, 56.04134072695529], [38.17127239306907, 56.02891587997548], [38.14393934488198, 56.016484986668374], [38.11662388992508, 56.00404805375386], [38.08932601717407, 55.99160508794523], [38.06204571559522, 55.97915609594929], [38.0347829741454, 55.966701084466315], [38.00753778177221, 55.954240060190045], [37.98031012741401, 55.941773029807706], [37.9531, 55.9293]]}, "properties": {"fa_flight_id": "RA86906-1580379580-adhoc-0", "registration": "RA-86906", "ident": "RA-86906", "ident_icao": NaN, "origin_code": "L 57.14580 40.76262", "origin_city": "Yaroslavl Oblast", "destination_code": "L 55.92930 37.95310", "destination_city": "Moscow", "scheduled_out": NaN, "estimated_out": NaN, "actual_out": NaN, "scheduled_off": "2020-01-30T10:19:40Z", "estimated_off": "2020-01-30T10:19:40Z", "actual_off": "2020-01-30T10:19:40Z", "scheduled_on": NaN, "estimated_on": NaN, "actual_on": "2020-01-30T10:19:40Z", "scheduled_in": NaN, "estimated_in": NaN, "actual_in": NaN, "status": "result unknown", "route_distance": NaN, "diverted": false, "cancelled": false, "simplified_departure_date": "2020-01-30", "origin_coords": [57.1458, 40.76262], "destination_coords": [55.9293, 37.9531], "is_same_city": false}}, {"type": "Feature", "geometry": {"type": "LineString", "coordinates": [[38.18629, 55.82125], [38.20806178798272, 55.836459677416066], [38.22985061237655, 55.851665507722174], [38.25165649193808, 55.866867485707616], [38.2734794454414, 55.882065606153695], [38.29531949167819, 55.89725986383386], [38.3171766494576, 55.91245025351352], [38.3390509376063, 55.92763676995018], [38.36094237496849, 55.94281940789338], [38.38285098040583, 55.95799816208465], [38.404776772797476, 55.97317302725753], [38.426719771040084, 55.98834399813758], [38.44867999404777, 56.00351106944228], [38.47065746075212, 56.01867423588115], [38.492652190102135, 56.033833492155644], [38.51466420106433, 56.048988832959125], [38.53669351262259, 56.06414025297695], [38.558740143778266, 56.07928774688634], [38.58080411355014, 56.09443130935645], [38.602885440974354, 56.10957093504837], [38.6249841451045, 56.12470661861501], [38.64710024501152, 56.1398383547012], [38.66923375978377, 56.15496613794362], [38.691384708526975, 56.170089962970785], [38.71355311036419, 56.18520982440307], [38.73573898443586, 56.20032571685267], [38.75794234989972, 56.215437634923575], [38.780163225930906, 56.230545573211636], [38.8024016317218, 56.245649526304405], [38.82465758648214, 56.26074948878128], [38.846931109438955, 56.27584545521341], [38.86922221983653, 56.2909374201637], [38.891530936936455, 56.30602537818676], [38.91385728001759, 56.32110932382899], [38.93620126837601, 56.33618925162847], [38.95856292132506, 56.35126515611499], [38.980942258195306, 56.36633703181005], [39.00333929833453, 56.381404873226806], [39.02575406110772, 56.39646867487009], [39.048186565897026, 56.41152843123643], [39.07063683210183, 56.42658413681394], [39.09310487913864, 56.44163578608242], [39.11559072644113, 56.45668337351324], [39.138094393460094, 56.471726893569446], [39.16061589966349, 56.48676634070561], [39.18315526453637, 56.50180170936792], [39.20571250758085, 56.51683299399416], [39.22828764831619, 56.53186018901362], [39.2508807062787, 56.54688328884722], [39.27349170102173, 56.56190228790731], [39.29612065211568, 56.576917180597846], [39.318767579147995, 56.59192796131427], [39.34143250172311, 56.606934624443525], [39.36411543946248, 56.62193716436401], [39.38681641200452, 56.6369355754457], [39.409535439004635, 56.65192985204988], [39.43227254013517, 56.66691998852943], [39.45502773508541, 56.681905979228546], [39.47780104356156, 56.696887818482956], [39.50059248528674, 56.711865500619744], [39.523402080000956, 56.726839019957396], [39.546229847461056, 56.74180837080581], [39.5690758074408, 56.756773547466246], [39.59193997973074, 56.77173454423133], [39.61482238413828, 56.78669135538503], [39.637723040487614, 56.80164397520268], [39.66064196861973, 56.81659239795092], [39.683579188392386, 56.83153661788773], [39.706534719680086, 56.84647662926236], [39.72950858237409, 56.861412426315376], [39.75250079638236, 56.8763440032786], [39.77551138162954, 56.89127135437514], [39.798540358057004, 56.90619447381936], [39.82158774562275, 56.92111335581686], [39.844653564301396, 56.93602799456445], [39.86773783408426, 56.95093838425018], [39.89084057497919, 56.965844519053285], [39.913961807010665, 56.98074639314423], [39.937101550219715, 56.99564400068461], [39.9602598246639, 57.01053733582721], [39.983436650417346, 57.025426392715985], [40.006632047570655, 57.040311165486024], [40.02984603623091, 57.05519164826351], [40.05307863652168, 57.070067835165766], [40.07632986858297, 57.08493972030128], [40.09959975257119, 57.09980729776954], [40.122888308659185, 57.11467056166114], [40.146195557036165, 57.12952950605777], [40.16952151790768, 57.14438412503219], [40.19286621149568, 57.15923441264812], [40.21622965803832, 57.174080362960396], [40.23961187779016, 57.188921970014825], [40.26301289102196, 57.203759227848245], [40.28643271802075, 57.21859213048846], [40.3098713790898, 57.233420671954285], [40.33332889454855, 57.248244846255474], [40.356805284732644, 57.26306464739276], [40.38030056999387, 57.2778800693578], [40.40381477070014, 57.2926911061332], [40.427347907235486, 57.307497751692445], [40.450900000000004, 57.3223]]}, "properties": {"fa_flight_id": "RA86906-1580371966-adhoc-0", "registration": "RA-86906", "ident": "RA-86906", "ident_icao": NaN, "origin_code": "L 55.82125 38.18629", "origin_city": "Moscow", "destination_code": "L 57.32230 40.45090", "destination_city": "Yaroslavl Oblast", "scheduled_out": NaN, "estimated_out": NaN, "actual_out": NaN, "scheduled_off": "2020-01-30T08:12:46Z", "estimated_off": "2020-01-30T08:12:46Z", "actual_off": "2020-01-30T08:12:46Z", "scheduled_on": NaN, "estimated_on": NaN, "actual_on": "2020-01-30T08:12:46Z", "scheduled_in": NaN, "estimated_in": NaN, "actual_in": NaN, "status": "result unknown", "route_distance": NaN, "diverted": false, "cancelled": false, "simplified_departure_date": "2020-01-30", "origin_coords": [55.82125, 38.18629], "destination_coords": [57.3223, 40.4509], "is_same_city": false}}, {"type": "Feature", "geometry": {"type": "LineString", "coordinates": [[37.9526, 55.9476], [37.95409945127481, 55.94669789876667], [37.955598832689276, 55.945795779328655], [37.957098144247624, 55.944893641687415], [37.95859738595408, 55.94399148584441], [37.96009655781285, 55.943089311801124], [37.96159565982815, 55.942187119559], [37.96309469200419, 55.941284909119524], [37.964593654345194, 55.940382680484134], [37.96609254685538, 55.939480433654325], [37.96759136953896, 55.93857816863155], [37.96909012240014, 55.93767588541726], [37.97058880544313, 55.93677358401294], [37.97208741867217, 55.935871264420044], [37.97358596209145, 55.93496892664006], [37.975084435705206, 55.93406657067442], [37.97658283951763, 55.93316419652459], [37.97808117353295, 55.932261804192045], [37.97957943775537, 55.931359393678264], [37.981077632189105, 55.93045696498469], [37.982575756838386, 55.92955451811279], [37.98407381170741, 55.928652053064035], [37.9855717968004, 55.927749569839875], [37.98706971212155, 55.926847068441795], [37.98856755767509, 55.92594454887123], [37.990065333465225, 55.92504201112967], [37.99156303949618, 55.92413945521857], [37.993060675772156, 55.92323688113938], [37.99455824229736, 55.92233428889359], [37.99605573907603, 55.921431678482634], [37.99755316611235, 55.92052904990798], [37.99905052341054, 55.91962640317111], [38.00054781097482, 55.91872373827346], [38.00204502880939, 55.917821055216514], [38.00354217691847, 55.91691835400172], [38.00503925530627, 55.91601563463054], [38.006536263977, 55.91511289710445], [38.008033202934875, 55.91421014142491], [38.009530072184106, 55.91330736759335], [38.01102687172889, 55.912404575611276], [38.01252360157345, 55.91150176548012], [38.014020261721996, 55.910598937201364], [38.015516852178735, 55.909696090776436], [38.017013372947886, 55.90879322620684], [38.01850982403365, 55.907890343494], [38.02000620544025, 55.90698744263939], [38.02150251717187, 55.90608452364448], [38.02299875923274, 55.90518158651073], [38.02449493162706, 55.90427863123958], [38.02599103435905, 55.90337565783251], [38.02748706743292, 55.902472666290976], [38.028983030852864, 55.90156965661643], [38.030478924623104, 55.900666628810335], [38.03197474874784, 55.89976358287415], [38.03347050323129, 55.89886051880935], [38.03496618807766, 55.89795743661736], [38.03646180329116, 55.89705433629968], [38.037957348875985, 55.89615121785774], [38.03945282483637, 55.895248081293026], [38.040948231176486, 55.89434492660697], [38.04244356790057, 55.89344175380104], [38.04393883501282, 55.892538562876695], [38.04543403251745, 55.89163535383539], [38.04692916041866, 55.890732126678586], [38.048424218720655, 55.88982888140776], [38.04991920742765, 55.888925618024345], [38.051414126543854, 55.8880223365298], [38.052908976073454, 55.887119036925604], [38.05440375602069, 55.88621571921319], [38.05589846638974, 55.88531238339402], [38.05739310718482, 55.88440902946957], [38.05888767841014, 55.8835056574413], [38.06038218006991, 55.882602267310624], [38.06187661216832, 55.881698859079044], [38.06337097470958, 55.880795432748], [38.064865267697904, 55.87989198831896], [38.066359491137504, 55.87898852579337], [38.06785364503257, 55.878085045172675], [38.06934772938731, 55.87718154645834], [38.07084174420595, 55.876278029651836], [38.07233568949266, 55.87537449475462], [38.073829565251664, 55.87447094176812], [38.07532337148717, 55.87356737069382], [38.07681710820338, 55.87266378153315], [38.0783107754045, 55.87176017428761], [38.079804373094724, 55.8708565489586], [38.08129790127826, 55.86995290554761], [38.08279135995933, 55.8690492440561], [38.084284749142114, 55.86814556448551], [38.08577806883083, 55.8672418668373], [38.08727131902967, 55.86633815111291], [38.088764499742844, 55.86543441731383], [38.09025761097456, 55.86453066544147], [38.09175065272902, 55.86362689549732], [38.09324362501042, 55.86272310748283], [38.09473652782297, 55.86181930139944], [38.09622936117087, 55.86091547724862], [38.09772212505831, 55.860011635031796], [38.099214819489525, 55.85910777475045], [38.10070744446869, 55.85820389640604], [38.10220000000001, 55.8573]]}, "properties": {"fa_flight_id": "RA86906-1581017508-adhoc-0", "registration": "RA-86906", "ident": "RA-86906", "ident_icao": NaN, "origin_code": "L 55.94760 37.95260", "origin_city": "Moscow", "destination_code": "L 55.85730 38.10220", "destination_city": "Moscow", "scheduled_out": NaN, "estimated_out": NaN, "actual_out": NaN, "scheduled_off": "2020-02-06T19:31:48Z", "estimated_off": "2020-02-06T19:31:48Z", "actual_off": "2020-02-06T19:31:48Z", "scheduled_on": NaN, "estimated_on": NaN, "actual_on": "2020-02-06T19:31:48Z", "scheduled_in": NaN, "estimated_in": NaN, "actual_in": NaN, "status": "result unknown", "route_distance": NaN, "diverted": false, "cancelled": false, "simplified_departure_date": "2020-02-06", "origin_coords": [55.9476, 37.9526], "destination_coords": [55.8573, 38.1022], "is_same_city": false}}, {"type": "Feature", "geometry": {"type": "LineString", "coordinates": [[38.00443, 55.926950000000005], [38.005370299966145, 55.92628285378737], [38.0063105675582, 55.92561570041362], [38.00725080277775, 55.92494853987917], [38.008191005626365, 55.92428137218445], [38.00913117610563, 55.923614197329904], [38.01007131421713, 55.922947015315934], [38.01101141996243, 55.92227982614298], [38.01195149334311, 55.921612629811456], [38.01289153436077, 55.92094542632179], [38.01383154301697, 55.92027821567443], [38.014771519313285, 55.91961099786977], [38.015711463251314, 55.91894377290826], [38.01665137483263, 55.9182765407903], [38.017591254058786, 55.91760930151634], [38.01853110093139, 55.916942055086814], [38.01947091545202, 55.91627480150212], [38.020410697622225, 55.91560754076269], [38.021350447443616, 55.91494027286896], [38.02229016491776, 55.91427299782137], [38.023229850046235, 55.9136057156203], [38.02416950283062, 55.912938426266216], [38.02510912327248, 55.91227112975954], [38.02604871137342, 55.911603826100674], [38.02698826713499, 55.91093651529006], [38.027927790558785, 55.91026919732813], [38.02886728164637, 55.90960187221529], [38.02980674039935, 55.90893453995199], [38.03074616681927, 55.908267200538624], [38.03168556090772, 55.907599853975654], [38.03262492266628, 55.90693250026348], [38.03356425209654, 55.90626513940253], [38.03450354920004, 55.90559777139324], [38.0354428139784, 55.904930396236026], [38.036382046433175, 55.90426301393133], [38.037321246565945, 55.90359562447954], [38.03826041437829, 55.90292822788113], [38.039199549871775, 55.90226082413647], [38.040138653048, 55.90159341324604], [38.04107772390852, 55.900925995210244], [38.042016762454935, 55.900258570029486], [38.0429557686888, 55.899591137704235], [38.04389474261169, 55.89892369823487], [38.0448336842252, 55.89825625162183], [38.0457725935309, 55.897588797865566], [38.04671147053036, 55.89692133696647], [38.04765031522516, 55.89625386892499], [38.048589127616886, 55.895586393741524], [38.0495279077071, 55.89491891141653], [38.05046665549738, 55.89425142195042], [38.05140537098932, 55.893583925343606], [38.05234405418447, 55.89291642159653], [38.05328270508443, 55.89224891070961], [38.054221323690754, 55.891581392683264], [38.05515991000503, 55.89091386751794], [38.056098464028835, 55.89024633521402], [38.05703698576374, 55.889578795771975], [38.05797547521133, 55.888911249192205], [38.05891393237317, 55.88824369547514], [38.05985235725084, 55.88757613462119], [38.0607907498459, 55.88690856663081], [38.061729110159966, 55.88624099150441], [38.062667438194566, 55.885573409242404], [38.06360573395132, 55.88490581984522], [38.06454399743176, 55.8842382233133], [38.06548222863749, 55.88357061964704], [38.06642042757008, 55.882903008846895], [38.067358594231095, 55.88223539091326], [38.06829672862212, 55.88156776584658], [38.06923483074473, 55.88090013364729], [38.0701729006005, 55.880232494315784], [38.071110938191, 55.87956484785251], [38.0720489435178, 55.878897194257874], [38.07298691658249, 55.878229533532306], [38.07392485738662, 55.87756186567623], [38.07486276593179, 55.87689419069008], [38.07580064221956, 55.87622650857426], [38.076738486251514, 55.87555881932922], [38.07767629802922, 55.874891122955376], [38.07861407755426, 55.87422341945314], [38.079551824828194, 55.87355570882294], [38.08048953985261, 55.87288799106521], [38.081427222629074, 55.87222026618036], [38.08236487315915, 55.871552534168835], [38.08330249144444, 55.87088479503103], [38.0842400774865, 55.870217048767394], [38.0851776312869, 55.869549295378334], [38.08611515284722, 55.86888153486428], [38.08705264216904, 55.86821376722566], [38.08799009925392, 55.867545992462894], [38.08892752410345, 55.8668782105764], [38.08986491671917, 55.86621042156662], [38.0908022771027, 55.86554262543396], [38.091739605255576, 55.86487482217884], [38.09267690117941, 55.864207011801696], [38.093614164875724, 55.86353919430295], [38.094551396346134, 55.86287136968303], [38.09548859559218, 55.86220353794236], [38.09642576261546, 55.86153569908133], [38.09736289741755, 55.860867853100416], [38.0983, 55.8602]]}, "properties": {"fa_flight_id": "RA86906-1581001529-adhoc-0", "registration": "RA-86906", "ident": "RA-86906", "ident_icao": NaN, "origin_code": "L 55.92695 38.00443", "origin_city": "Moscow", "destination_code": "L 55.86020 38.09830", "destination_city": "Moscow", "scheduled_out": NaN, "estimated_out": NaN, "actual_out": NaN, "scheduled_off": "2020-02-06T15:05:29Z", "estimated_off": "2020-02-06T15:05:29Z", "actual_off": "2020-02-06T15:05:29Z", "scheduled_on": NaN, "estimated_on": NaN, "actual_on": "2020-02-06T15:05:29Z", "scheduled_in": NaN, "estimated_in": NaN, "actual_in": NaN, "status": "result unknown", "route_distance": NaN, "diverted": false, "cancelled": false, "simplified_departure_date": "2020-02-06", "origin_coords": [55.92695, 38.00443], "destination_coords": [55.8602, 38.0983], "is_same_city": false}}, {"type": "Feature", "geometry": {"type": "LineString", "coordinates": [[38.06607, 56.004149999999996], [38.06643264925722, 56.00269155244411], [38.06679527114127, 56.00123310382422], [38.06715786565567, 55.99977465414049], [38.067520432803995, 55.998316203393045], [38.06788297258978, 55.99685775158202], [38.06824548501658, 55.99539929870756], [38.068607970087925, 55.99394084476981], [38.06897042780738, 55.99248238976891], [38.06933285817847, 55.991023933704966], [38.06969526120475, 55.989565476578164], [38.07005763688978, 55.98810701838861], [38.07041998523709, 55.98664855913646], [38.07078230625021, 55.98519009882183], [38.07114459993271, 55.98373163744488], [38.071506866288104, 55.982273175005744], [38.07186910531995, 55.980814711504564], [38.072231317031786, 55.97935624694145], [38.07259350142715, 55.97789778131659], [38.072955658509585, 55.97643931463008], [38.07331778828262, 55.974980846882076], [38.0736798907498, 55.973522378072715], [38.074041965914674, 55.97206390820213], [38.074404013780764, 55.970605437270464], [38.074766034351605, 55.969146965277865], [38.07512802763075, 55.967688492224454], [38.07548999362171, 55.96623001811037], [38.075851932328035, 55.96477154293576], [38.07621384375326, 55.963313066700756], [38.07657572790091, 55.961854589405505], [38.076937584774534, 55.96039611105014], [38.07729941437765, 55.9589376316348], [38.077661216713786, 55.95747915115962], [38.078022991786476, 55.95602066962473], [38.078384739599265, 55.9545621870303], [38.07874646015568, 55.95310370337642], [38.079108153459224, 55.951645218663266], [38.07946981951345, 55.95018673289097], [38.07983145832188, 55.94872824605964], [38.080193069888054, 55.94726975816946], [38.08055465421547, 55.945811269220535], [38.080916211307674, 55.94435277921302], [38.081277741168186, 55.942894288147045], [38.08163924380055, 55.94143579602274], [38.08200071920827, 55.939977302840255], [38.08236216739486, 55.938518808599724], [38.08272358836388, 55.93706031330129], [38.08308498211882, 55.93560181694508], [38.08344634866321, 55.93414331953124], [38.083807688000576, 55.9326848210599], [38.08416900013444, 55.9312263215312], [38.08453028506832, 55.929767820945294], [38.08489154280573, 55.92830931930229], [38.085252773350206, 55.92685081660235], [38.08561397670525, 55.92539231284559], [38.08597515287438, 55.92393380803218], [38.086336301861124, 55.922475302162226], [38.086697423668994, 55.92101679523587], [38.087058518301504, 55.919558287253274], [38.08741958576217, 55.91809977821455], [38.08778062605452, 55.91664126811983], [38.08814163918205, 55.91518275696929], [38.08850262514828, 55.91372424476302], [38.08886358395672, 55.912265731501186], [38.0892245156109, 55.91080721718392], [38.08958542011432, 55.90934870181136], [38.08994629747048, 55.90789018538364], [38.09030714768291, 55.9064316679009], [38.0906679707551, 55.90497314936327], [38.091028766690584, 55.903514629770896], [38.09138953549285, 55.90205610912391], [38.09175027716542, 55.90059758742246], [38.0921109917118, 55.89913906466666], [38.09247167913549, 55.897680540856676], [38.09283233944001, 55.89622201599261], [38.09319297262884, 55.89476349007464], [38.09355357870552, 55.893304963102864], [38.09391415767353, 55.891846435077454], [38.09427470953639, 55.89038790599852], [38.0946352342976, 55.88892937586621], [38.09499573196065, 55.887470844680664], [38.09535620252906, 55.88601231244203], [38.095716646006316, 55.8845537791504], [38.096077062395935, 55.88309524480596], [38.096437451701405, 55.88163670940882], [38.09679781392624, 55.88017817295912], [38.097158149073934, 55.87871963545702], [38.09751845714797, 55.87726109690262], [38.09787873815188, 55.87580255729607], [38.09823899208913, 55.87434401663752], [38.09859921896323, 55.87288547492711], [38.098959418777675, 55.87142693216495], [38.09931959153597, 55.8699683883512], [38.09967973724161, 55.86850984348598], [38.10003985589807, 55.867051297569446], [38.10039994750886, 55.865592750601714], [38.10076001207748, 55.86413420258293], [38.1011200496074, 55.862675653513236], [38.10148006010214, 55.86121710339275], [38.101840043565176, 55.85975855222163], [38.10220000000001, 55.85830000000001]]}, "properties": {"fa_flight_id": "RA86906-1580803044-adhoc-0", "registration": "RA-86906", "ident": "RA-86906", "ident_icao": NaN, "origin_code": "L 56.00415 38.06607", "origin_city": "Moscow", "destination_code": "L 55.85830 38.10220", "destination_city": "Moscow", "scheduled_out": NaN, "estimated_out": NaN, "actual_out": NaN, "scheduled_off": "2020-02-04T07:57:24Z", "estimated_off": "2020-02-04T07:57:24Z", "actual_off": "2020-02-04T07:57:24Z", "scheduled_on": NaN, "estimated_on": NaN, "actual_on": "2020-02-04T07:57:24Z", "scheduled_in": NaN, "estimated_in": NaN, "actual_in": NaN, "status": "result unknown", "route_distance": NaN, "diverted": false, "cancelled": false, "simplified_departure_date": "2020-02-04", "origin_coords": [56.00415, 38.06607], "destination_coords": [55.8583, 38.1022], "is_same_city": false}}, {"type": "Feature", "geometry": {"type": "LineString", "coordinates": [[38.17214, 55.76018], [38.13448786658591, 55.555258456273314], [38.0972263967469, 55.35032549096528], [38.06034862416822, 55.14538130836525], [38.02384774364097, 54.94042610801946], [37.98771710641955, 54.73546008486845], [37.9519502157381, 54.53048342937963], [37.91654072247951, 54.325496327675275], [37.88148242099119, 54.1204989616563], [37.846769245041585, 53.9154915091217], [37.8123952639122, 53.7104741438841], [37.77835467861975, 53.50544703588127], [37.7446418182634, 53.30041035128413], [37.711251136492415, 53.09536425260102], [37.678177208089544, 52.89030889877863], [37.64541472566571, 52.68524444529954], [37.61295849646194, 52.480171044276645], [37.580803439254396, 52.27508884454456], [37.548944581358676, 52.069997991747925], [37.51737705572972, 51.86489862842704], [37.486096098153794, 51.659790894100716], [37.455097044529175, 51.454674925346445], [37.42437532823221, 51.24955085587811], [37.39392647756577, 51.04441881662119], [37.36374611328696, 50.839278935785714], [37.33382994621145, 50.63413133893684], [37.30417377489143, 50.42897614906329], [37.27477348336473, 50.223813486643756], [37.24562503897256, 50.01864346971112], [37.21672449024332, 49.81346621391488], [37.1880679648404, 49.6082818325815], [37.15965166757143, 49.403090436773205], [37.131471878457205, 49.19789213534476], [37.103524950857725, 48.99268703499863], [37.07580730965396, 48.78747524033861], [37.04831544948296, 48.58225685392171], [37.02104593302472, 48.37703197630861], [36.993995389339034, 48.17180070611263], [36.96716051225046, 47.966563140047256], [36.9405380587801, 47.761319372972274], [36.914124847622354, 47.55606949793862], [36.887917757665214, 47.350813606231895], [36.86191372655273, 47.14555178741465], [36.836109749288184, 46.940284129367456], [36.810502876876676, 46.73501071832893], [36.78509021500579, 46.52973163893439], [36.75986892276308, 46.32444697425369], [36.73483621138935, 46.119156805827785], [36.709989343066276, 45.91386121370446], [36.68532562973755, 45.7085602764729], [36.66084243196233, 45.50325407129748], [36.63653715779997, 45.297942673950466], [36.612407261725075, 45.09262615884395], [36.588450243571955, 44.88730459906087], [36.564663647507395, 44.681978066385135], [36.54104506103111, 44.47664663133108], [36.51759211400279, 44.27131036317197], [36.494302477694994, 44.065969329967885], [36.471173863871186, 43.860623598592746], [36.44820402388796, 43.65527323476073], [36.425390747820835, 43.4499183030519], [36.40273186361298, 43.24455886693728], [36.38022523624584, 43.039194988803104], [36.357868766931496, 42.833826729974575], [36.3356603923256, 42.628454150739024], [36.31359808376067, 42.42307731036834], [36.29167984649886, 42.21769626714092], [36.269903719003835, 42.01231107836311], [36.24826777223104, 41.80692180038994], [36.2267701089358, 41.60152848864546], [36.20540886299893, 41.396131197642575], [36.184182198769115, 41.1907299810023], [36.16308831042164, 40.985324891472565], [36.142125421333176, 40.7799159809466], [36.121291783471754, 40.574503300480764], [36.100585676802, 40.369086900312105], [36.08000540870473, 40.16366682987525], [36.059549313410784, 39.9582431378191], [36.039215751448616, 39.75281587202304], [36.019003109105185, 39.54738507961265], [35.99890979789988, 39.34195080697528], [35.97893425407102, 39.13651309977494], [35.959074938074636, 38.93107200296714], [35.93933033409519, 38.72562756081319], [35.9196989495678, 38.52017981689414], [35.90017931471187, 38.31472881412455], [35.88076998207553, 38.10927459476577], [35.8614695260908, 37.90381720043905], [35.842276542639205, 37.698356672138225], [35.82318964862727, 37.492893050242124], [35.80420748157197, 37.2874263745268], [35.78532869919574, 37.08195668417733], [35.76655197903062, 36.876484017799484], [35.74787601803163, 36.67100841343097], [35.72929953219874, 36.465529908552575], [35.71082125620759, 36.26004854009896], [35.69243994304834, 36.05456434446923], [35.67415436367287, 35.84907735753729], [35.65596330664961, 35.643587614661975], [35.63786557782628, 35.43809515069686], [35.61986, 35.2326]]}, "properties": {"fa_flight_id": "RA86906-1581332626-adhoc-0", "registration": "RA-86906", "ident": "RFF7029", "ident_icao": "RFF7029", "origin_code": "L 55.76018 38.17214", "origin_city": "Moscow", "destination_code": "L 35.23260 35.61986", "destination_city": "Antakya", "scheduled_out": NaN, "estimated_out": NaN, "actual_out": NaN, "scheduled_off": "2020-02-10T11:03:46Z", "estimated_off": "2020-02-10T11:03:46Z", "actual_off": "2020-02-10T11:03:46Z", "scheduled_on": NaN, "estimated_on": NaN, "actual_on": "2020-02-10T11:03:46Z", "scheduled_in": NaN, "estimated_in": NaN, "actual_in": NaN, "status": "result unknown", "route_distance": NaN, "diverted": false, "cancelled": false, "simplified_departure_date": "2020-02-10", "origin_coords": [55.76018, 38.17214], "destination_coords": [35.2326, 35.61986], "is_same_city": false}}, {"type": "Feature", "geometry": {"type": "LineString", "coordinates": [[41.89899, 55.81282000000001], [41.929164762614384, 55.692756965403355], [41.95915475052245, 55.57268657743894], [41.98896190565183, 55.452608913831696], [42.01858814346441, 55.33252405123939], [42.04803535340553, 55.212432065270846], [42.07730539934406, 55.09233303050385], [42.10640012000364, 54.972227020502714], [42.13532132938534, 54.85211410783541], [42.16407081718183, 54.73199436409046], [42.19265034918335, 54.611867859893444], [42.22106166767563, 54.491734664923065], [42.24930649182983, 54.37159484792716], [42.27738651808504, 54.251448476738084], [42.305303420522996, 54.13129561828799], [42.33305885123568, 54.01113633862377], [42.36065444068553, 53.89097070292165], [42.38809179805888, 53.770798775501554], [42.41537251161231, 53.65062061984113], [42.44249814901252, 53.53043629858956], [42.46947025766942, 53.41024587358107], [42.49629036506301, 53.2900494058482], [42.52295997906392, 53.169846955634746], [42.549480588247775, 53.04963858240859], [42.57585366220372, 52.92942434487411], [42.60208065183689, 52.80920430098452], [42.62816298966536, 52.688978507953856], [42.65410209011133, 52.56874702226877], [42.67989934978688, 52.44850989970014], [42.705556147774445, 52.32826719531439], [42.73107384590192, 52.208018963484655], [42.75645378901272, 52.08776525790167], [42.78169730523076, 51.96750613158457], [42.806805706220636, 51.84724163689135], [42.83178028744285, 51.72697182552921], [42.856622328404406, 51.60669674856476], [42.881333092904846, 51.48641645643382], [42.9059138292777, 51.36613099895136], [42.93036577062758, 51.24584042532096], [42.954690135062904, 51.12554478414427], [42.97888812592449, 51.005244123430245], [43.002960932009906, 50.88493849060423], [43.02690972779385, 50.76462793251681], [43.05073567364448, 50.64431249545262], [43.074439916036, 50.52399222513889], [43.09802358775727, 50.40366716675388], [43.12148780811686, 50.28333736493514], [43.14483368314432, 50.163002863787725], [43.16806230578799, 50.04266370689204], [43.1911747561092, 49.92231993731182], [43.21417210147318, 49.80197159760171], [43.23705539673649, 49.681618729814936], [43.25982568443123, 49.56126137551068], [43.282483994946, 49.4408995757614], [43.30503134670374, 49.320533371159975], [43.327468746336464, 49.20016280182681], [43.34979718885692, 49.0797879074167], [43.37201765782732, 48.95940872712567], [43.39413112552522, 48.83902529969764], [43.416138553106435, 48.71863766343101], [43.438040890765194, 48.59824585618511], [43.459839077891665, 48.47784991538656], [43.48153404322661, 48.35744987803547], [43.50312670501358, 48.23704578071158], [43.524617971148444, 48.11663765958037], [43.54600873932634, 47.996225550398826], [43.567299897186345, 47.87580948852137], [43.588492322453426, 47.75538950890557], [43.609586883078265, 47.634965646117735], [43.63058443737465, 47.5145379343385], [43.651485834154485, 47.39410640736819], [43.67229191286076, 47.27367109863221], [43.69300350369806, 47.15323204118633], [43.713621427761204, 47.0327892677218], [43.73414649716145, 46.912342810570486], [43.75457951515092, 46.79189270170982], [43.77492127624476, 46.67143897276774], [43.795172566341414, 46.55098165502756], [43.81533416284094, 46.43052077943269], [43.83540683476129, 46.31005637659132], [43.85539134285286, 46.18958847678098], [43.875288439711085, 46.06911710995321], [43.8950988698872, 45.948642305737856], [43.91482336999732, 45.828164093447505], [43.934462668829624, 45.70768250208186], [43.95401748745, 45.58719756033187], [43.973488539305805, 45.46670929658402], [43.99287653032813, 45.34621773892436], [44.012182159032356, 45.225722915142526], [44.03140611661718, 45.105224852735816], [44.05054908706195, 44.98472357891301], [44.069611747222645, 44.86421912059828], [44.08859476692621, 44.743711504434934], [44.10749880906342, 44.62320075678918], [44.12632452968039, 44.50268690375381], [44.14507257806854, 44.38216997115174], [44.16374359685323, 44.26164998453966], [44.18233822208099, 44.14112696921148], [44.20085708330541, 44.02060095020179], [44.219300803671715, 43.90007195228927], [44.237670000000016, 43.77954]]}, "properties": {"fa_flight_id": "RA86906-1589534249-adhoc-0", "registration": "RA-86906", "ident": "RA-86906", "ident_icao": NaN, "origin_code": "L 55.81282 41.89899", "origin_city": "Nizhny Novgorod", "destination_code": "L 43.77954 44.23767", "destination_city": "Vladikavkaz", "scheduled_out": NaN, "estimated_out": NaN, "actual_out": NaN, "scheduled_off": "2020-05-15T09:17:29Z", "estimated_off": "2020-05-15T09:17:29Z", "actual_off": "2020-05-15T09:17:29Z", "scheduled_on": NaN, "estimated_on": NaN, "actual_on": "2020-05-15T09:17:29Z", "scheduled_in": NaN, "estimated_in": NaN, "actual_in": NaN, "status": "result unknown", "route_distance": NaN, "diverted": false, "cancelled": false, "simplified_departure_date": "2020-05-15", "origin_coords": [55.81282, 41.89899], "destination_coords": [43.77954, 44.23767], "is_same_city": false}}, {"type": "Feature", "geometry": {"type": "LineString", "coordinates": [[38.21756, 55.80627], [38.25532725729881, 55.806290176610354], [38.29309454251967, 55.80629878092754], [38.33086183320867, 55.8062958129427], [38.36862910691188, 55.80628127265888], [38.406396341175416, 55.806255160091034], [38.444163513545575, 55.80621747526605], [38.48193060156891, 55.806168218222695], [38.51969758279231, 55.806107389011665], [38.55746443476311, 55.806034987695554], [38.5952311350292, 55.80595101434886], [38.63299766113904, 55.80585546905798], [38.67076399064185, 55.80574835192123], [38.70853010108766, 55.805629663048855], [38.74629597002737, 55.80549940256295], [38.7840615750129, 55.80535757059758], [38.821826893597255, 55.80520416729865], [38.85959190333461, 55.805039192824005], [38.897356581780414, 55.804862647343384], [38.93512090649148, 55.80467453103844], [38.97288485502607, 55.8044748441027], [39.01064840494401, 55.80426358674163], [39.04841153380674, 55.80404075917254], [39.08617421917747, 55.803806361624694], [39.123936438621215, 55.80356039433922], [39.16169816970488, 55.80330285756915], [39.19945938999741, 55.80303375157941], [39.23722007706988, 55.802753076646816], [39.27498020849547, 55.80246083306007], [39.312739761849755, 55.80215702111977], [39.350498714710604, 55.80184164113842], [39.38825704465838, 55.80151469344037], [39.42601472927602, 55.80117617836189], [39.46377174614912, 55.80082609625113], [39.501528072866, 55.8004644474681], [39.53928368701782, 55.8000912323847], [39.5770385661987, 55.79970645138472], [39.61479268800575, 55.79931010486382], [39.65254603003919, 55.798902193229516], [39.69029856990247, 55.798482716901226], [39.72805028520233, 55.79805167631021], [39.7658011535489, 55.79760907189962], [39.80355115255578, 55.79715490412444], [39.84130025984015, 55.79668917345155], [39.87904845302286, 55.796211880359685], [39.91679570972851, 55.79572302533941], [39.95454200758555, 55.79522260889319], [39.99228732422637, 55.79471063153532], [40.030031637287394, 55.79418709379192], [40.06777492440914, 55.79365199620101], [40.10551716323641, 55.79310533931242], [40.14325833141821, 55.79254712368782], [40.18099840660804, 55.79197734990075], [40.21873736646383, 55.791396018536545], [40.25647518864812, 55.790803130192415], [40.294211850828084, 55.79019868547738], [40.33194733067569, 55.78958268501228], [40.369681605867754, 55.788955129429795], [40.407414654086026, 55.78831601937442], [40.445146453017315, 55.787665355502455], [40.4828769803535, 55.78700313848204], [40.52060621379175, 55.78632936899314], [40.55833413103449, 55.78564404772743], [40.59606070978956, 55.78494717538852], [40.63378592777029, 55.78423875269174], [40.67150976269559, 55.78351878036426], [40.70923219229005, 55.78278725914499], [40.746953194284, 55.782044189784685], [40.78467274641365, 55.78128957304586], [40.82239082642112, 55.7805234097028], [40.860107412054575, 55.77974570054162], [40.89782248106833, 55.77895644636011], [40.93553601122289, 55.778155647967964], [40.973247980285045, 55.77734330618652], [41.01095836602802, 55.77651942184895], [41.048667146231516, 55.77568399580017], [41.086374298681754, 55.774837028896826], [41.124079801171696, 55.77397852200735], [41.16178363150102, 55.77310847601186], [41.199485767476226, 55.772226891802276], [41.23718618691082, 55.771333770282254], [41.27488486762525, 55.770429112367125], [41.31258178744714, 55.76951291898401], [41.350276924211244, 55.768585191071686], [41.38797025575972, 55.7676459295807], [41.42566175994198, 55.7666951354733], [41.463351414615, 55.76573280972344], [41.50103919764328, 55.76475895331676], [41.53872508689898, 55.76377356725061], [41.576409060261966, 55.76277665253406], [41.614091095620005, 55.76176821018782], [41.6517711708687, 55.76074824124429], [41.6894492639117, 55.75971674674759], [41.72712535266074, 55.75867372775349], [41.76479941503575, 55.7576191853294], [41.80247142896493, 55.756553120554415], [41.8401413723848, 55.75547553451929], [41.877809223240384, 55.75438642832643], [41.91547495948523, 55.75328580308985], [41.953138559081474, 55.752173659935266], [41.99079999999999, 55.75105]]}, "properties": {"fa_flight_id": "RA86906-1589483270-adhoc-0", "registration": "RA-86906", "ident": "RA-86906", "ident_icao": NaN, "origin_code": "L 55.80627 38.21756", "origin_city": "Moscow", "destination_code": "L 55.75105 41.99080", "destination_city": "Nizhny Novgorod", "scheduled_out": NaN, "estimated_out": NaN, "actual_out": NaN, "scheduled_off": "2020-05-14T19:07:50Z", "estimated_off": "2020-05-14T19:07:50Z", "actual_off": "2020-05-14T19:07:50Z", "scheduled_on": NaN, "estimated_on": NaN, "actual_on": "2020-05-14T19:07:50Z", "scheduled_in": NaN, "estimated_in": NaN, "actual_in": NaN, "status": "result unknown", "route_distance": NaN, "diverted": false, "cancelled": false, "simplified_departure_date": "2020-05-14", "origin_coords": [55.80627, 38.21756], "destination_coords": [55.75105, 41.9908], "is_same_city": false}}, {"type": "Feature", "geometry": {"type": "LineString", "coordinates": [[38.061699, 55.8783], [38.081182654714084, 55.79288206971989], [38.10058103583835, 55.70746107250482], [38.11989478462409, 55.622037031526816], [38.13912453605488, 55.536609969730016], [38.15827091892302, 55.45117990983343], [38.17733455590493, 55.365746874333794], [38.196316063635265, 55.280310885508236], [38.2152160527802, 55.194871965416944], [38.234035128109426, 55.1094301359058], [38.25277388856728, 55.02398541860908], [38.27143292734281, 54.93853783495185], [38.290012831938746, 54.85308740615263], [38.30851418423967, 54.76763415322584], [38.32693756057901, 54.682178096984224], [38.345283531805265, 54.596719258041325], [38.3635526633471, 54.51125765681382], [38.38174551527775, 54.42579331352392], [38.39986264237832, 54.340326248201634], [38.41790459420026, 54.25485648068708], [38.435871915126974, 54.16938403063276], [38.45376514443463, 54.083908917505745], [38.47158481635192, 53.99843116058987], [38.48933146011922, 53.91295077898789], [38.50700560004679, 53.82746779162365], [38.52460775557218, 53.74198221724411], [38.54213844131686, 53.656494074421495], [38.55959816714209, 53.57100338155526], [38.57698743820396, 53.48551015687413], [38.59430675500773, 53.40001441843811], [38.61155661346138, 53.31451618414044], [38.62873750492848, 53.22901547170944], [38.64584991628025, 53.14351229871053], [38.662894329946965, 53.05800668254803], [38.679871223968725, 52.97249864046706], [38.69678107204541, 52.886988189555304], [38.71362434358598, 52.80147534674486], [38.73040150375724, 52.715960128814004], [38.74711301353176, 52.630442552388935], [38.76375932973528, 52.54492263394551], [38.780340905093446, 52.45940038981097], [38.796858188277874, 52.37387583616554], [38.81331162395167, 52.28834898904419], [38.82970165281428, 52.20281986433823], [38.84602871164578, 52.11728847779687], [38.86229323335057, 52.03175484502894], [38.87849564700047, 51.94621898150433], [38.89463637787729, 51.86068090255563], [38.91071584751476, 51.77514062337958], [38.926734473740005, 51.68959815903868], [38.942692670714365, 51.60405352446261], [38.95859084897382, 51.518506734449716], [38.974429415468734, 51.432957803668444], [38.990208773603186, 51.34740674665882], [39.00592932327372, 51.261853577833804], [39.02159146090768, 51.176298311480735], [39.03719557950092, 51.09074096176266], [39.05274206865515, 51.005181542719775], [39.06823131461473, 50.91962006827062], [39.083663700302985, 50.83405655221355], [39.099039605358115, 50.74849100822797], [39.114359406168504, 50.66292344987563], [39.12962347590783, 50.57735389060191], [39.14483218456942, 50.49178234373706], [39.159985899000375, 50.40620882249743], [39.17508498293522, 50.32063333998676], [39.190129797029066, 50.2350559091973], [39.20512069889042, 50.14947654301107], [39.22005804311352, 50.063895254200965], [39.23494218131033, 49.978312055432035], [39.249773462142066, 49.89272695926248], [39.26455223135035, 49.80713997814494], [39.279278831788005, 49.72155112442749], [39.29395360344942, 49.63596041035483], [39.3085768835005, 49.5503678480693], [39.32314900630839, 49.464773449612025], [39.33767030347064, 49.37917722692394], [39.35214110384418, 49.29357919184688], [39.36656173357375, 49.20797935612454], [39.3809325161202, 49.122377731403574], [39.395253772288186, 49.0367743292346], [39.40952582025383, 48.95116916107315], [39.42374897559173, 48.86556223828072], [39.43792355130179, 48.779953572125656], [39.452049857835824, 48.69434317378426], [39.466128203123574, 48.60873105434156], [39.480158892598645, 48.52311722479241], [39.49414222922403, 48.437501696042325], [39.50807851351728, 48.351884478908424], [39.52196804357548, 48.266265584120326], [39.535811115099825, 48.180645022321066], [39.549608021419935, 48.09502280406797], [39.563359053517914, 48.0093989398335], [39.57706450005199, 47.92377344000615], [39.5907246473801, 47.838146314891276], [39.60433977958295, 47.752517574711966], [39.61791017848691, 47.6668872296098], [39.6314361236867, 47.5812552896458], [39.64491789256766, 47.49562176480113], [39.658355760327886, 47.409986664977886], [39.67175, 47.32435]]}, "properties": {"fa_flight_id": "RA86906-1590047262-adhoc-0", "registration": "RA-86906", "ident": "RA-86906", "ident_icao": NaN, "origin_code": "UUMU", "origin_city": NaN, "destination_code": "L 47.32435 39.67175", "destination_city": "Krasnodar Krai", "scheduled_out": NaN, "estimated_out": NaN, "actual_out": NaN, "scheduled_off": "2020-05-21T07:47:42Z", "estimated_off": "2020-05-21T07:47:42Z", "actual_off": "2020-05-21T07:47:42Z", "scheduled_on": NaN, "estimated_on": NaN, "actual_on": "2020-05-21T07:47:42Z", "scheduled_in": NaN, "estimated_in": NaN, "actual_in": NaN, "status": "result unknown", "route_distance": NaN, "diverted": false, "cancelled": false, "simplified_departure_date": "2020-05-21", "origin_coords": [55.8783, 38.061699], "destination_coords": [47.32435, 39.67175], "is_same_city": false}}, {"type": "Feature", "geometry": {"type": "LineString", "coordinates": [[41.74963999999999, 48.47549999999999], [41.71751641152132, 48.55050864216497], [41.68529745028979, 48.62550832162716], [41.65298259154815, 48.700498987992155], [41.620571306942324, 48.77548059050929], [41.58806306449083, 48.85045307806843], [41.5554573285539, 48.925416399196855], [41.52275355980241, 49.000370502056], [41.48995121518643, 49.075315334438244], [41.457049747903426, 49.15025084376359], [41.42404860736627, 49.22517697707638], [41.39094723917076, 49.300093681042], [41.35774508506301, 49.37500090194338], [41.32444158290634, 49.44989858567768], [41.291036166647984, 49.524786677752786], [41.25752826628536, 49.59966512328386], [41.22391730783207, 49.67453386698975], [41.19020271328349, 49.74939285318949], [41.156383900582114, 49.8242420257987], [41.122460283582484, 49.89908132832585], [41.08843127201576, 49.97391070386873], [41.054296271453985, 50.04873009511062], [41.02005468327398, 50.1235394443166], [40.9857059046208, 50.198338693329696], [40.951249328370956, 50.27312778356709], [40.91668434309514, 50.34790665601625], [40.88201033302067, 50.42267525123096], [40.84722667799349, 50.49743350932743], [40.812332753439804, 50.572181369980186], [40.777327930327374, 50.646918772418196], [40.742211575126305, 50.721645655420595], [40.70698304976957, 50.796361957312655], [40.671641711613056, 50.8710676159616], [40.636186913395214, 50.94576256877237], [40.60061800319631, 51.020446752683355], [40.56493432439722, 51.095120104162085], [40.52913521563791, 51.16978255920087], [40.49322001077533, 51.24443405331233], [40.457188038841046, 51.31907452152509], [40.421038623998335, 51.39370389837909], [40.38477108549884, 51.468322117921176], [40.34838473763884, 51.542929113700424], [40.311878889715004, 51.61752481876349], [40.275252845979765, 51.692109165649974], [40.23850590559614, 51.76668208638752], [40.20163736259217, 51.84124351248716], [40.164646505814844, 51.91579337493837], [40.127532618883556, 51.99033160420414], [40.09029498014307, 52.06485813021611], [40.05293286261607, 52.139372882369365], [40.01544553395505, 52.21387578951756], [39.977832256393924, 52.288366779967625], [39.94009228669893, 52.36284578147466], [39.90222487611918, 52.43731272123663], [39.864229270336594, 52.51176752588909], [39.82610470941535, 52.5862101214998], [39.78785042775081, 52.66064043356331], [39.74946565401791, 52.735058386995455], [39.710949611119, 52.80946390612781], [39.672301516131114, 52.88385691470207], [39.633520580252764, 52.958237335864396], [39.594606008750105, 53.03260509215963], [39.555557000902525, 53.10696010552553], [39.516372749947756, 53.181302297286884], [39.47705244302629, 53.25563158814959], [39.43759526112527, 53.32994789819461], [39.398000379021816, 53.404251146871935], [39.35826696522569, 53.47854125299444], [39.31839418192136, 53.55281813473164], [39.27838118490953, 53.62708170960345], [39.23822712354792, 53.701331894473796], [39.19793114069157, 53.775568605544244], [39.157492372632355, 53.8497917583474], [39.11690994903797, 53.92400126774044], [39.07618299289021, 53.99819704789837], [39.03531062042263, 54.07237901230743], [38.994291941057476, 54.1465470737581], [38.95312605734205, 54.22070114433839], [38.911812064884245, 54.29484113542677], [38.870349052287544, 54.36896695768522], [38.82873610108523, 54.44307852105197], [38.786972285673876, 54.517175734734444], [38.74505667324622, 54.591258507201886], [38.7029883237232, 54.66532674617795], [38.66076628968537, 54.73938035863336], [38.61838961630345, 54.813419250778246], [38.57585734126828, 54.887443328054545], [38.53316849471987, 54.96145249512829], [38.490322099175785, 55.03544665588178], [38.447317169458714, 55.10942571340568], [38.40415271262324, 55.18338956999099], [38.360827727881905, 55.25733812712099], [38.31734120653033, 55.33127128546301], [38.273692131871655, 55.40518894486021], [38.22987947914007, 55.47909100432307], [38.185902215423575, 55.55297736202101], [38.14175929958586, 55.626847915273814], [38.09744968218735, 55.700702560542815], [38.052972305405376, 55.77454119342225], [38.008326102953525, 55.84836370863029], [37.96351, 55.92217]]}, "properties": {"fa_flight_id": "RA86906-1590654758-adhoc-0", "registration": "RA-86906", "ident": "RA-86906", "ident_icao": NaN, "origin_code": "L 48.47550 41.74964", "origin_city": "Volgograd", "destination_code": "L 55.92217 37.96351", "destination_city": "Moscow", "scheduled_out": NaN, "estimated_out": NaN, "actual_out": NaN, "scheduled_off": "2020-05-28T08:32:38Z", "estimated_off": "2020-05-28T08:32:38Z", "actual_off": "2020-05-28T08:32:38Z", "scheduled_on": NaN, "estimated_on": NaN, "actual_on": "2020-05-28T08:32:38Z", "scheduled_in": NaN, "estimated_in": NaN, "actual_in": NaN, "status": "result unknown", "route_distance": NaN, "diverted": false, "cancelled": false, "simplified_departure_date": "2020-05-28", "origin_coords": [48.4755, 41.74964], "destination_coords": [55.92217, 37.96351], "is_same_city": false}}, {"type": "Feature", "geometry": {"type": "LineString", "coordinates": [[33.47901, 44.86440000000001], [33.53736497680635, 44.88985436026498], [33.59577159714562, 44.9152789775681], [33.654229892068884, 44.94067379915917], [33.7127398924004, 44.96603877223309], [33.77130162873633, 44.9913738439301], [33.829915131443336, 45.01667896133584], [33.88858043065727, 45.04195407148171], [33.94729755628176, 45.06719912134493], [34.006066537986925, 45.092414057848785], [34.06488740520794, 45.1175988278629], [34.123760187143716, 45.14275337820329], [34.1826849127555, 45.16787765563266], [34.24166161076556, 45.192971606860645], [34.30069030965572, 45.218035178543914], [34.35977103766604, 45.24306831728648], [34.418903822793446, 45.2680709696398], [34.47808869279034, 45.29304308210312], [34.53732567516313, 45.31798460112356], [34.59661479717098, 45.34289547309644], [34.65595608582431, 45.36777564436542], [34.715349567883436, 45.39262506122277], [34.77479526985718, 45.417443669909545], [34.83429321800146, 45.44223141661587], [34.89384343831789, 45.46698824748112], [34.953445956552336, 45.491714108594145], [35.013100798193584, 45.51640894599353], [35.07280798847185, 45.54107270566782], [35.13256755235742, 45.56570533355574], [35.1923795145592, 45.59030677554644], [35.252243899523286, 45.614876977479724], [35.3121607314316, 45.63941588514631], [35.37213003420038, 45.663923444288066], [35.43215183147885, 45.6883996005982], [35.49222614664768, 45.712844299721624], [35.55235300281765, 45.73725748725509], [35.61253242282814, 45.76163910874747], [35.67276442924577, 45.78598910970005], [35.73304904436286, 45.81030743556672], [35.79338629019608, 45.83459403175431], [35.85377618848496, 45.85884884362277], [35.91421876069043, 45.88307181648545], [35.974714027993414, 45.90726289560942], [36.035262011293334, 45.931422026215614], [36.0958627312067, 45.95554915347925], [36.156516208065575, 45.97964422252997], [36.217222461916236, 46.003707178452174], [36.277981512517584, 46.02773796628528], [36.33879337933979, 46.051736531024], [36.39965808156276, 46.07570281761858], [36.4605756380747, 46.09963677097517], [36.52154606747062, 46.123538335956006], [36.5825693880509, 46.14740745737973], [36.643645617819764, 46.1712440800217], [36.7047747744839, 46.195048148614255], [36.76595687545086, 46.21881960784699], [36.82719193782766, 46.24255840236709], [36.888479978419305, 46.26626447677955], [36.949821013727245, 46.28993777564758], [37.01121505994795, 46.31357824349278], [37.07266213297141, 46.33718582479556], [37.13416224837962, 46.36076046399531], [37.19571542144511, 46.38430210549087], [37.25732166712949, 46.407810693640656], [37.31898100008189, 46.43128617276311], [37.38069343463751, 46.454728487136926], [37.442458984816106, 46.47813758100143], [37.504277664320504, 46.50151339855683], [37.56614948653512, 46.524855883964584], [37.6280744645244, 46.548164981347675], [37.69005261103139, 46.57144063479099], [37.75208393847618, 46.59468278834158], [37.81416845895446, 46.61789138600904], [37.87630618423593, 46.641066371765795], [37.938497125762865, 46.66420768954748], [38.000741294648606, 46.68731528325322], [38.06303870167597, 46.710389096745985], [38.12538935729588, 46.733429073852946], [38.18779327162573, 46.75643515836582], [38.250250454447915, 46.779407294041135], [38.312760915208365, 46.80234542460068], [38.37532466301494, 46.8252494937318], [38.43794170663603, 46.84811944508771], [38.50061205449892, 46.870955222287954], [38.56333571468837, 46.8937567689186], [38.62611269494506, 46.916524028532734], [38.68894300266407, 46.939256944650765], [38.75182664489335, 46.961955460760805], [38.81476362833227, 46.98461952031896], [38.877753959330015, 47.00724906674978], [38.940797643884125, 47.02984404344661], [39.00389468763894, 47.052404393771916], [39.06704509588411, 47.07493006105771], [39.130248873553064, 47.09742098860585], [39.19350602522147, 47.119877119688496], [39.25681655510576, 47.14229839754849], [39.32018046706156, 47.16468476539963], [39.383597764582206, 47.18703616642716], [39.4470684507972, 47.20935254378817], [39.510592528470696, 47.23163384061186], [39.57417000000002, 47.25388000000002]]}, "properties": {"fa_flight_id": "RA86906-1590602786-adhoc-0", "registration": "RA-86906", "ident": "RA-86906", "ident_icao": NaN, "origin_code": "L 44.86440 33.47901", "origin_city": "Simferopol", "destination_code": "L 47.25388 39.57417", "destination_city": "Krasnodar Krai", "scheduled_out": NaN, "estimated_out": NaN, "actual_out": NaN, "scheduled_off": "2020-05-27T18:06:26Z", "estimated_off": "2020-05-27T18:06:26Z", "actual_off": "2020-05-27T18:06:26Z", "scheduled_on": NaN, "estimated_on": NaN, "actual_on": "2020-05-27T18:06:26Z", "scheduled_in": NaN, "estimated_in": NaN, "actual_in": NaN, "status": "result unknown", "route_distance": NaN, "diverted": false, "cancelled": false, "simplified_departure_date": "2020-05-27", "origin_coords": [44.8644, 33.47901], "destination_coords": [47.25388, 39.57417], "is_same_city": false}}, {"type": "Feature", "geometry": {"type": "LineString", "coordinates": [[38.80145000000001, 46.88065], [38.74763519725362, 46.86180632944537], [38.69385818275599, 46.84293745729207], [38.64011895544939, 46.82404341785894], [38.58641751409017, 46.80512424545143], [38.532753857249624, 46.78617997436136], [38.47912798331436, 46.7672106388668], [38.425539890487165, 46.74821627323185], [38.371989576787534, 46.72919691170654], [38.318477040052315, 46.710152588526604], [38.26500227793644, 46.69108333791335], [38.211565287913416, 46.67198919407351], [38.15816606727612, 46.652870191199035], [38.104804613137354, 46.63372636346696], [38.0514809224305, 46.61455774503924], [37.99819499191019, 46.59536437006258], [37.944946818152886, 46.57614627266828], [37.89173639755763, 46.556903486972104], [37.83856372634656, 46.53763604707407], [37.785428800565626, 46.51834398705834], [37.73233161608524, 46.49902734099301], [37.67927216860086, 46.47968614293003], [37.6262504536337, 46.460320426904985], [37.57326646653129, 46.44093022693697], [37.52032020246822, 46.421515577028444], [37.467411656446664, 46.40207651116505], [37.41454082329711, 46.38261306331547], [37.36170769767898, 46.36312526743131], [37.308912274081216, 46.34361315744691], [37.25615454682301, 46.32407676727921], [37.203434510054365, 46.304516130827615], [37.15075215775676, 46.28493128197381], [37.09810748374381, 46.26532225458166], [37.04550048166188, 46.24568908249702], [36.99293114499073, 46.22603179954765], [36.94039946704414, 46.20635043954299], [36.88790544097055, 46.1866450362741], [36.83544905975375, 46.16691562351344], [36.78303031621343, 46.14716223501481], [36.73064920300585, 46.12738490451312], [36.678305712624535, 46.10758366572434], [36.625999837400805, 46.08775855234529], [36.573731569504474, 46.06790959805353], [36.52150090094449, 46.04803683650724], [36.46930782356954, 46.02814030134503], [36.41715232906868, 46.00822002618588], [36.365034408972, 45.98827604462893], [36.31295405465124, 45.968308390253405], [36.260911257320416, 45.948317096618446], [36.20890600803643, 45.92830219726295], [36.15693829769976, 45.90826372570555], [36.10500811705503, 45.88820171544434], [36.05311545669169, 45.86811619995684], [36.001260307044596, 45.84800721269984], [35.94944265839466, 45.82787478710926], [35.89766250086951, 45.80771895660005], [35.845919824444046, 45.787539754566026], [35.794214618941155, 45.767337214379786], [35.74254687403224, 45.74711136939252], [35.69091657923792, 45.72686225293395], [35.63932372392863, 45.70658989831218], [35.58776829732524, 45.686294338813596], [35.53625028849968, 45.66597560770267], [35.484769686375564, 45.64563373822192], [35.43332647972882, 45.625268763591755], [35.38192065718829, 45.60488071701034], [35.33055220723638, 45.58446963165351], [35.279221118209655, 45.56403554067465], [35.22792737829948, 45.54357847720453], [35.176670975552604, 45.523098474351215], [35.125451897871805, 45.50259556519998], [35.07427013301652, 45.48206978281315], [35.02312566860342, 45.46152116022997], [34.97201849210706, 45.44094973046659], [34.920948590860476, 45.42035552651583], [34.869915952055784, 45.399738581347115], [34.81892056274488, 45.37909892790641], [34.76796240983989, 45.35843659911602], [34.71704148011394, 45.33775162787455], [34.666157760201685, 45.317044047056775], [34.61531123659992, 45.2963138895135], [34.56450189566824, 45.27556118807147], [34.51372972362959, 45.25478597553331], [34.46299470657087, 45.233988284677345], [34.41229683044362, 45.21316814825755], [34.361636081064525, 45.19232559900339], [34.31101244411608, 45.17146066961975], [34.260425905147194, 45.15057339278684], [34.209876449573756, 45.12966380116007], [34.15936406267925, 45.10873192736996], [34.1088887296154, 45.08777780402202], [34.058450435402705, 45.066801463696635], [34.008049164931045, 45.04580293894906], [33.95768490296037, 45.02478226230918], [33.907357634121155, 45.00373946628153], [33.8570673429151, 44.98267458334513], [33.80681401371569, 44.961587645953365], [33.75659763076879, 44.940478686533986], [33.706418178193246, 44.919347737488934], [33.656275639981466, 44.898194831194246], [33.60617, 44.87702]]}, "properties": {"fa_flight_id": "RA86906-1590592619-adhoc-0", "registration": "RA-86906", "ident": "RA-86906", "ident_icao": NaN, "origin_code": "L 46.88065 38.80145", "origin_city": "Krasnodar Krai", "destination_code": "L 44.87702 33.60617", "destination_city": "Simferopol", "scheduled_out": NaN, "estimated_out": NaN, "actual_out": NaN, "scheduled_off": "2020-05-27T15:16:59Z", "estimated_off": "2020-05-27T15:16:59Z", "actual_off": "2020-05-27T15:16:59Z", "scheduled_on": NaN, "estimated_on": NaN, "actual_on": "2020-05-27T15:16:59Z", "scheduled_in": NaN, "estimated_in": NaN, "actual_in": NaN, "status": "result unknown", "route_distance": NaN, "diverted": false, "cancelled": false, "simplified_departure_date": "2020-05-27", "origin_coords": [46.88065, 38.80145], "destination_coords": [44.87702, 33.60617], "is_same_city": false}}, {"type": "Feature", "geometry": {"type": "LineString", "coordinates": [[38.18605999999999, 55.789730000000006], [38.20321307751958, 55.70457354794119], [38.220291558242664, 55.61941471582621], [38.23729600064294, 55.534253521539284], [38.25422695775481, 55.44908998278961], [38.271084977239624, 55.3639241171135], [38.28787060145076, 55.2787559418765], [38.304584367498066, 55.19358547427547], [38.321226807311035, 55.10841273134065], [38.33779844770136, 55.02323772993763], [38.35429981042441, 54.93806048676938], [38.370731412239884, 54.85288101837821], [38.38709376497162, 54.76769934114769], [38.40338737556652, 54.68251547130457], [38.41961274615262, 54.59732942492062], [38.43577037409644, 54.512141217914575], [38.45186075205935, 54.42695086605383], [38.46788436805327, 54.34175838495635], [38.483841705495585, 54.256563790092365], [38.49973324326318, 54.171367096786184], [38.51555945574588, 54.08616832021788], [38.531320812898954, 54.00096747542501], [38.54701778029507, 53.91576457730422], [38.562650819175374, 53.830559640613046], [38.57822038649996, 53.745352679971404], [38.59372693499759, 53.660143709863235], [38.60917091321473, 53.57493274463813], [38.62455276556397, 53.48971979851286], [38.639872932371645, 53.404504885572884], [38.65513184992494, 53.319288019773964], [38.67032995051829, 53.23406921494353], [38.68546766249911, 53.148848484782306], [38.70054541031296, 53.06362584286562], [38.7155636145481, 52.97840130264496], [38.730522691979345, 52.89317487744933], [38.745423055611454, 52.80794658048668], [38.760265114721804, 52.72271642484522], [38.77504927490265, 52.637484423494854], [38.7897759381026, 52.55225058928854], [38.80444550266775, 52.467014934963494], [38.819058363382084, 52.38177747314263], [38.833614911507524, 52.29653821633577], [38.84811553482322, 52.21129717694093], [38.862560617664506, 52.12605436724559], [38.876950540961246, 52.040809799427926], [38.891285682275715, 51.955563485558], [38.9055664158399, 51.87031543759903], [38.91979311259244, 51.78506566740852], [38.933966140214906, 51.69981418673945], [38.94808586316782, 51.614561007241434], [38.96215264272597, 51.52930614046187], [38.97616683701343, 51.444049597847076], [38.990128801038054, 51.35879139074337], [39.00403888672556, 51.273531530398174], [39.017897442953064, 51.18827002796113], [39.03170481558237, 51.10300689448514], [39.0454613474926, 51.01774214092743], [39.05916737861261, 50.93247577815061], [39.07282324595283, 50.847207816923614], [39.08642928363681, 50.76193826792285], [39.09998582293227, 50.676667141733134], [39.113493192281815, 50.59139444884864], [39.12695171733324, 50.506120199673944], [39.140361720969395, 50.42084440452493], [39.15372352333777, 50.33556707362982], [39.16703744187964, 50.250288217129985], [39.180303791358824, 50.16500784508105], [39.193522883890125, 50.0797259674536], [39.206695028967374, 49.994442594134284], [39.21982053349118, 49.90915773492656], [39.232899701796235, 49.82387139955164], [39.245932835678374, 49.73858359764938], [39.25892023442122, 49.65329433877908], [39.271862194822525, 49.56800363242034], [39.284759011220245, 49.48271148797397], [39.29761097551815, 49.397417914762755], [39.31041837721121, 49.312122922032245], [39.32318150341071, 49.22682651895161], [39.33590063886894, 49.14152871461447], [39.34857606600365, 49.056229518039586], [39.3612080649222, 48.97092893817169], [39.37379691344537, 48.885626983882254], [39.386342887130944, 48.80032366397028], [39.39884625929698, 48.715018987162935], [39.41130730104472, 48.62971296211644], [39.423726281281375, 48.54440559741669], [39.43610346674246, 48.45909690157998], [39.44843912201401, 48.37378688305381], [39.46073350955439, 48.2884755502175], [39.472986889716005, 48.20316291138288], [39.48519952076653, 48.11784897479506], [39.4973716589101, 48.032533748633014], [39.50950355830812, 47.94721724101031], [39.52159547109982, 47.86189945997575], [39.53364764742269, 47.77658041351404], [39.54566033543246, 47.69126010954641], [39.557633781323055, 47.60593855593126], [39.569568229346174, 47.52061576046481], [39.5814639218307, 47.43529173088171], [39.59332109920181, 47.34996647485566], [39.60514, 47.26464]]}, "properties": {"fa_flight_id": "RA86906-1590574722-adhoc-0", "registration": "RA-86906", "ident": "RA-86906", "ident_icao": NaN, "origin_code": "L 55.78973 38.18606", "origin_city": "Moscow", "destination_code": "L 47.26464 39.60514", "destination_city": "Krasnodar Krai", "scheduled_out": NaN, "estimated_out": NaN, "actual_out": NaN, "scheduled_off": "2020-05-27T10:18:42Z", "estimated_off": "2020-05-27T10:18:42Z", "actual_off": "2020-05-27T10:18:42Z", "scheduled_on": NaN, "estimated_on": NaN, "actual_on": "2020-05-27T10:18:42Z", "scheduled_in": NaN, "estimated_in": NaN, "actual_in": NaN, "status": "result unknown", "route_distance": NaN, "diverted": false, "cancelled": false, "simplified_departure_date": "2020-05-27", "origin_coords": [55.78973, 38.18606], "destination_coords": [47.26464, 39.60514], "is_same_city": false}}, {"type": "Feature", "geometry": {"type": "LineString", "coordinates": [[41.49148999999999, 49.00888], [41.461167904016996, 49.078564897118696], [41.43076060987072, 49.14824182956141], [41.40026767748851, 49.217910755270736], [41.369688663959934, 49.28757163190939], [41.33902312351423, 49.35722441685793], [41.3082706074974, 49.42686906721233], [41.27743066434923, 49.49650553978172], [41.246502839580046, 49.56613379108594], [41.21548667574713, 49.63575377735309], [41.1843817124312, 49.705365454517185], [41.15318748621233, 49.77496877821557], [41.12190353064594, 49.844563703786605], [41.090529376238386, 49.91415018626697], [41.059064550422406, 49.98372818038924], [41.02750857753226, 50.05329764057932], [40.99586097877872, 50.122858520953805], [40.96412127222381, 50.192410775317434], [40.93228897275522, 50.26195435716042], [40.90036359206061, 50.33148921965577], [40.868344638601606, 50.40101531565666], [40.83623161758756, 50.47053259769363], [40.804024030948995, 50.5400410179719], [40.77172137731095, 50.60954052836862], [40.73932315196601, 50.67903108042999], [40.70682884684693, 50.748512625368534], [40.674237950499275, 50.81798511406015], [40.64154994805355, 50.88744849704132], [40.60876432119726, 50.956902724506094], [40.57588054814656, 51.026347746303266], [40.542898103617695, 51.095783511933305], [40.509816458798234, 51.16520997054539], [40.476635081317866, 51.234627070934415], [40.44335343521912, 51.304034761537864], [40.409970980927596, 51.37343299043277], [40.37648717522212, 51.44282170533255], [40.34290147120443, 51.51220085358388], [40.309213318268704, 51.581570382163505], [40.27542216207073, 51.65093023767499], [40.24152744449678, 51.720280366345506], [40.207528603632255, 51.78962071402251], [40.17342507372989, 51.85895122617046], [40.139216285177824, 51.92827184786742], [40.10490166446721, 51.9975825238017], [40.07048063415964, 52.066883198268435], [40.03595261285414, 52.136173815166075], [40.00131701515394, 52.205454317993016], [39.96657325163288, 52.274724649843904], [39.931720728801444, 52.3439847534062], [39.89675884907261, 52.41323457095651], [39.86168701072719, 52.48247404435697], [39.826504607878945, 52.55170311505155], [39.791211030439385, 52.620921724062356], [39.755805664082054, 52.690129811985855], [39.720287890206706, 52.75932731898911], [39.684657085903, 52.82851418480591], [39.64891262391375, 52.89769034873293], [39.61305387259805, 52.96685574962577], [39.577080195893835, 53.03601032589506], [39.54099095328015, 53.10515401550242], [39.50478549973911, 53.17428675595643], [39.46846318571732, 53.243408484308546], [39.432023357087104, 53.31251913714898], [39.39546535510724, 53.38161865060254], [39.35878851638335, 53.450706960324396], [39.32199217282787, 53.519784001495864], [39.28507565161962, 53.58884970882004], [39.24803827516308, 53.65790401651751], [39.21087936104708, 53.726946858321924], [39.173598222003235, 53.79597816747558], [39.13619416586393, 53.8649978767249], [39.09866649551982, 53.93400591831593], [39.061014508877015, 54.003002223989775], [39.02323749881375, 54.07198672497783], [38.98533475313667, 54.14095935199731], [38.94730555453669, 54.20992003524636], [38.909149180544354, 54.2788687043993], [38.87086490348484, 54.34780528860185], [38.832451990432425, 54.41672971646612], [38.793909703164566, 54.48564191606585], [38.755237298115446, 54.55454181493125], [38.716434026329175, 54.623429340044005], [38.677499133412375, 54.69230441783223], [38.638431859486396, 54.76116697416521], [38.59923143913903, 54.830016934348286], [38.55989710137571, 54.89885422311751], [38.520428069570215, 54.967678764634364], [38.48082356141496, 55.036490482480325], [38.44108278887065, 55.10528929965147], [38.4012049581156, 55.17407513855295], [38.36118926949431, 55.24284792099342], [38.32103491746581, 55.311607568179404], [38.28074109055119, 55.38035400070963], [38.240306971280816, 55.449087138569254], [38.19973173614093, 55.51780690112407], [38.15901455551967, 55.58651320711461], [38.118154593652605, 55.65520597465024], [38.0771510085677, 55.72388512120308], [38.03600295202973, 55.792550563601964], [37.99470956948407, 55.86120221802634], [37.95327, 55.92984]]}, "properties": {"fa_flight_id": "RA86906-1591309928-adhoc-0", "registration": "RA-86906", "ident": "RA-86906", "ident_icao": NaN, "origin_code": "L 49.00888 41.49149", "origin_city": "Volgograd", "destination_code": "L 55.92984 37.95327", "destination_city": "Moscow", "scheduled_out": NaN, "estimated_out": NaN, "actual_out": NaN, "scheduled_off": "2020-06-04T22:32:08Z", "estimated_off": "2020-06-04T22:32:08Z", "actual_off": "2020-06-04T22:32:08Z", "scheduled_on": NaN, "estimated_on": NaN, "actual_on": "2020-06-04T22:32:08Z", "scheduled_in": NaN, "estimated_in": NaN, "actual_in": NaN, "status": "result unknown", "route_distance": NaN, "diverted": false, "cancelled": false, "simplified_departure_date": "2020-06-04", "origin_coords": [49.00888, 41.49149], "destination_coords": [55.92984, 37.95327], "is_same_city": false}}, {"type": "Feature", "geometry": {"type": "LineString", "coordinates": [[38.18531, 55.81724000000001], [38.20328293142549, 55.73208533677303], [38.22117762162911, 55.646928061533444], [38.238994656589, 55.56176819392284], [38.25673461657576, 55.476605753390444], [38.27439807622193, 55.39144075919557], [38.29198560459036, 55.30627323040982], [38.30949776524167, 55.22110318591952], [38.326935116300646, 55.13593064442777], [38.34429821052176, 55.05075562445694], [38.36158759535371, 54.96557814435055], [38.378803813003074, 54.88039822227566], [38.395947400496965, 54.79521587622489], [38.413018889744926, 54.71003112401851], [38.430018807599836, 54.62484398330658], [38.446947675918004, 54.53965447157092], [38.4638060116184, 54.45446260612709], [38.48059432674105, 54.36926840412645], [38.49731312850458, 54.28407188255806], [38.51396291936307, 54.198873058250605], [38.530544197061914, 54.113671947874295], [38.547057454693054, 54.02846856794274], [38.56350318074941, 53.94326293481477], [38.579881859178506, 53.858055064696295], [38.596193969435426, 53.77284497364202], [38.612439986534916, 53.68763267755734], [38.62862038110295, 53.602418192199885], [38.644735619427365, 53.51720153318145], [38.66078616350798, 53.43198271596953], [38.67677247110595, 53.346761755889084], [38.69269499579242, 53.26153866812411], [38.70855418699656, 53.17631346771934], [38.72435049005293, 53.09108616958179], [38.74008434624821, 53.005856788482355], [38.755756192867246, 52.92062533905736], [38.771366463238564, 52.83539183581015], [38.78691558677916, 52.75015629311249], [38.802403989038744, 52.66491872520619], [38.81783209174343, 52.5796791462045], [38.833200312838756, 52.49443757009359], [38.84850906653215, 52.40919401073397], [38.86375876333488, 52.32394848186195], [38.878949810103364, 52.23870099709096], [38.89408261007999, 52.15345156991301], [38.90915756293341, 52.0682002137], [38.92417506479818, 51.9829469417051], [38.93913550831402, 51.89769176706401], [38.9540392826645, 51.81243470279633], [38.968886773615175, 51.72717576180681], [38.98367836355128, 51.641914956886666], [38.99841443151486, 51.556652300714774], [39.01309535324154, 51.47138780585897], [39.027721501196666, 51.38612148477721], [39.04229324461107, 51.30085334981885], [39.0568109495163, 51.21558341322577], [39.07127497877951, 51.13031168713358], [39.08568569213777, 51.04503818357276], [39.10004344623198, 50.95976291446987], [39.114348594640354, 50.87448589164857], [39.128601487911524, 50.78920712683083], [39.14280247359709, 50.703926631637984], [39.156951896283836, 50.618644417591845], [39.17105009762563, 50.53336049611573], [39.18509741637465, 50.44807487853558], [39.199094188412495, 50.36278757608094], [39.21304074678073, 50.27749859988607], [39.226937421711106, 50.192207960990906], [39.24078454065539, 50.10691567034203], [39.2545824283148, 50.0216217387938], [39.26833140666908, 49.936326177109144], [39.28203179500524, 49.85102899596072], [39.295683909945865, 49.76573020593171], [39.30928806547715, 49.68042981751687], [39.32284457297651, 49.59512784112341], [39.3363537412399, 49.50982428707192], [39.3498158765088, 49.4245191655973], [39.36323128249677, 49.33921248684966], [39.37660026041583, 49.253904260895155], [39.38992310900234, 49.168594497716896], [39.40320012454273, 49.08328320721584], [39.416431600898825, 48.99797039921163], [39.429617829532766, 48.91265608344337], [39.442759099531884, 48.827340269570556], [39.455855697632956, 48.74202296717381], [39.46890790824644, 48.65670418575582], [39.4819160134802, 48.571383934741974], [39.49488029316311, 48.48606222348128], [39.507801024868236, 48.40073906124709], [39.520678483935846, 48.315414457237914], [39.533512943496056, 48.23008842057811], [39.54630467449126, 48.144760960318756], [39.55905394569825, 48.05943208543828], [39.57176102375009, 47.97410180484324], [39.58442617315778, 47.888770127369085], [39.59704965633149, 47.80343706178083], [39.6096317336018, 47.71810261677377], [39.62217266324041, 47.632766800974196], [39.634672701480824, 47.54742962294009], [39.64713210253864, 47.46209109116182], [39.65955111863172, 47.37675121406275], [39.67193, 47.29140999999999]]}, "properties": {"fa_flight_id": "RA86906-1591249638-adhoc-0", "registration": "RA-86906", "ident": "RA-86906", "ident_icao": NaN, "origin_code": "L 55.81724 38.18531", "origin_city": "Moscow", "destination_code": "L 47.29141 39.67193", "destination_city": "Krasnodar Krai", "scheduled_out": NaN, "estimated_out": NaN, "actual_out": NaN, "scheduled_off": "2020-06-04T05:47:18Z", "estimated_off": "2020-06-04T05:47:18Z", "actual_off": "2020-06-04T05:47:18Z", "scheduled_on": NaN, "estimated_on": NaN, "actual_on": "2020-06-04T05:47:18Z", "scheduled_in": NaN, "estimated_in": NaN, "actual_in": NaN, "status": "result unknown", "route_distance": NaN, "diverted": false, "cancelled": false, "simplified_departure_date": "2020-06-04", "origin_coords": [55.81724, 38.18531], "destination_coords": [47.29141, 39.67193], "is_same_city": false}}, {"type": "Feature", "geometry": {"type": "LineString", "coordinates": [[41.75977999999999, 48.30017], [41.727725859377884, 48.376998484195056], [41.695574833433206, 48.453818037351375], [41.663326377502635, 48.53062860821382], [41.630979943106695, 48.607430145157416], [41.598534977916714, 48.68422259618397], [41.565990925721195, 48.761005908918726], [41.53334722639208, 48.83778003060696], [41.5006033158505, 48.91454490811052], [41.46775862603226, 48.99130048790434], [41.43481258485297, 49.06804671607298], [41.4017646161728, 49.144783538306974], [41.368614139760844, 49.22151089989933], [41.33536057125924, 49.29822874574184], [41.3020033221468, 49.37493702032142], [41.268541799702305, 49.4516356677164], [41.23497540696745, 49.52832463159284], [41.2013035427094, 49.60500385520061], [41.167525601382934, 49.68167328136963], [41.13364097309225, 49.75833285250606], [41.099649043552326, 49.83498251058825], [41.0655491940499, 49.911622197162885], [41.0313408014041, 49.988251853340955], [40.99702323792657, 50.064871419793704], [40.96259587138125, 50.14148083674853], [40.92805806494375, 50.21808004398489], [40.89340917716025, 50.2946689808301], [40.85864856190602, 50.3712475861551], [40.8237755683435, 50.44781579837021], [40.7887895408799, 50.524373555420766], [40.75368981912443, 50.60092079478286], [40.71847573784504, 50.67745745345878], [40.68314662692472, 50.75398346797265], [40.64770181131731, 50.83049877436596], [40.61214061100294, 50.90700330819283], [40.576462340942875, 50.98349700451559], [40.54066631103403, 51.0599797979], [40.50475182606283, 51.13645162241062], [40.468718185658766, 51.21291241160594], [40.43256468424735, 51.28936209853366], [40.39629061100264, 51.36580061572576], [40.359895249799145, 51.442227895193575], [40.323377879163395, 51.518643868422885], [40.28673777222486, 51.595048466368695], [40.24997419666644, 51.6714416194504], [40.213086414674315, 51.747823257546386], [40.17607368288742, 51.82419330998896], [40.138935252346236, 51.90055170555907], [40.101670368441134, 51.97689837248089], [40.06427827086011, 52.05323323841654], [40.026758193536004, 52.12955623046056], [39.98910936459312, 52.20586727513441], [39.95133100629329, 52.28216629838093], [39.913422334981355, 52.358453225558655], [39.87538256103013, 52.43472798143613], [39.83721088878461, 52.51099049018613], [39.79890651650576, 52.587240675379874], [39.76046863631357, 52.66347845998102], [39.721896434129626, 52.739703766339815], [39.68318908961888, 52.81591651618697], [39.64434577613095, 52.89211663062757], [39.60536566064075, 52.96830403013493], [39.566247903688414, 53.044478634544305], [39.526991659318625, 53.120640363046576], [39.48759607501929, 53.19678913418185], [39.44806029165948, 53.27292486583302], [39.40838344342681, 53.34904747521919], [39.368564657764026, 53.42515687888903], [39.32860305530497, 53.50125299271412], [39.28849774980981, 53.57733573188217], [39.248247848099574, 53.65340501089014], [39.207852449989986, 53.72946074353728], [39.16731064822453, 53.805502842918195], [39.12662152840686, 53.88153122141565], [39.08578416893233, 53.95754579069339], [39.04479764091898, 54.03354646168898], [39.0036610081375, 54.109533144606296], [38.962373326940714, 54.18550574890822], [38.920933646192026, 54.26146418330897], [38.8793410071932, 54.33740835576659], [38.83759444361138, 54.41333817347521], [38.79569298140523, 54.489253542857185], [38.75363563875024, 54.56515436955529], [38.71142142596329, 54.64104055842464], [38.66904934542627, 54.716912013524635], [38.62651839150899, 54.79276863811085], [38.58382755049106, 54.868610334626595], [38.54097580048306, 54.94443700469468], [38.497962111346716, 55.02024854910883], [38.45478544461427, 55.096044867825185], [38.411444753406855, 55.171825859953536], [38.36793898235207, 55.24759142374855], [38.32426706750054, 55.323341456600915], [38.280427936241594, 55.39907585502826], [38.23642050721793, 55.47479451466607], [38.192243690239465, 55.55049733025847], [38.147896386196, 55.62618419564886], [38.10337748696913, 55.70185500377044], [38.05868587534298, 55.77750964663669], [38.01382042491405, 55.85314801533162], [37.96878, 55.92877]]}, "properties": {"fa_flight_id": "RA86906-1590967788-adhoc-0", "registration": "RA-86906", "ident": "RA-86906", "ident_icao": NaN, "origin_code": "L 48.30017 41.75978", "origin_city": "Volgograd", "destination_code": "L 55.92877 37.96878", "destination_city": "Moscow", "scheduled_out": NaN, "estimated_out": NaN, "actual_out": NaN, "scheduled_off": "2020-05-31T23:29:48Z", "estimated_off": "2020-05-31T23:29:48Z", "actual_off": "2020-05-31T23:29:48Z", "scheduled_on": NaN, "estimated_on": NaN, "actual_on": "2020-05-31T23:29:48Z", "scheduled_in": NaN, "estimated_in": NaN, "actual_in": NaN, "status": "result unknown", "route_distance": NaN, "diverted": false, "cancelled": false, "simplified_departure_date": "2020-05-31", "origin_coords": [48.30017, 41.75978], "destination_coords": [55.92877, 37.96878], "is_same_city": false}}, {"type": "Feature", "geometry": {"type": "LineString", "coordinates": [[50.02713000000001, 53.58884], [49.90930401223468, 53.5308300585373], [49.791800701252726, 53.47270461436978], [49.67461913858533, 53.414464227922586], [49.557758393305285, 53.3561094571848], [49.4412175321203, 53.297640857711514], [49.324995619464815, 53.23905898262587], [49.209091717590844, 53.1803643826215], [49.093504886657485, 53.121557605964874], [48.978234184819264, 53.062639198498104], [48.86327866831332, 53.00360970364169], [48.74863739154543, 52.944469662397545], [48.63430940717481, 52.88521961335211], [48.52029376619783, 52.825860092679754], [48.406589518030515, 52.76639163414608], [48.293195710589934, 52.706814769111716], [48.18011139037446, 52.647130026535955], [48.0673356025429, 52.58733793298069], [47.95486739099255, 52.52743901261446], [47.842705798435986, 52.46743378721664], [47.73084986647703, 52.40732277618174], [47.61929863568531, 52.34710649652388], [47.50805114567001, 52.28678546288135], [47.39710643515239, 52.226360187521294], [47.28646354203726, 52.1658311803446], [47.176121503483486, 52.105198948890774], [47.06607935597331, 52.04446399834306], [46.956336135380745, 51.98362683153363], [46.84689087703896, 51.9226879489488], [46.737742615806496, 51.86164784873453], [46.62889038613264, 51.80050702670191], [46.52033322212165, 51.73926597633272], [46.41207015759618, 51.67792518878521], [46.30410022615946, 51.61648515289991], [46.19642246125677, 51.55494635520555], [46.08903589623578, 51.49330927992505], [45.981939564405934, 51.431574408981604], [45.87513249909699, 51.36974222200495], [45.76861373371657, 51.307813196337584], [45.6623823018067, 51.24578780704116], [45.55643723709963, 51.18366652690292], [45.45077757357248, 51.12144982644223], [45.34540234550123, 51.05913817391724], [45.240310587513655, 50.99673203533146], [45.13550133464148, 50.93423187444066], [45.030973622371555, 50.87163815275959], [44.92672648669625, 50.80895132956892], [44.82275896416302, 50.74617186192224], [44.71907009192297, 50.68330020465309], [44.615658907778766, 50.620336810382035], [44.512524450231574, 50.55728212952384], [44.40966575852728, 50.494136610294724], [44.30708187270185, 50.43090069871958], [44.20477183362583, 50.367574838639406], [44.10273468304824, 50.30415947171863], [44.0009694636394, 50.240655037452555], [43.89947521903329, 50.17706197317492], [43.79825099386886, 50.113380714065414], [43.6972958338308, 50.049611693157225], [43.596608785689384, 49.985755341344756], [43.49618889733978, 49.92181208739127], [43.396035217840364, 49.85778235793665], [43.29614679745054, 49.79366657750513], [43.196522687667745, 49.72946516851313], [43.09716194126365, 49.66517855127709], [42.99806361231996, 49.60080714402135], [42.89922675626313, 49.53635136288614], [42.80065042989869, 49.47181162193538], [42.70233369144481, 49.40718833316482], [42.604275600565124, 49.34248190650995], [42.50647521840102, 49.27769274985411], [42.40893160760318, 49.21282126903652], [42.31164383236254, 49.147867867860356], [42.214610958440545, 49.08283294810097], [42.117832053198896, 49.01771690951392], [42.02130618562853, 48.95252014984318], [41.9250324263781, 48.88724306482938], [41.829009847781826, 48.821886048217905], [41.73323752388669, 48.75644949176725], [41.63771453047914, 48.69093378525718], [41.54243994511113, 48.62533931649697], [41.447412847125655, 48.559666471333784], [41.35263231768166, 48.49391563366085], [41.2580974397784, 48.428087185425845], [41.163807298279316, 48.36218150663915], [41.06976097993528, 48.29619897538225], [40.97595757340735, 48.23013996781593], [40.88239616928898, 48.1640048581888], [40.7890758601277, 48.09779401884551], [40.69599574044637, 48.03150782023512], [40.603154906763706, 47.965146630919556], [40.510552457614594, 47.89871081758182], [40.41818749356966, 47.83220074503453], [40.32605911725453, 47.76561677622818], [40.23416643336847, 47.69895927225949], [40.142508548702644, 47.63222859237994], [40.051084572157876, 47.56542509400398], [39.95989361476196, 47.498549132717436], [39.86893478968646, 47.43160106228599], [39.778207212263176, 47.36458123466341], [39.68771, 47.29749]]}, "properties": {"fa_flight_id": "RA86906-1590908864-adhoc-0", "registration": "RA-86906", "ident": "RA-86906", "ident_icao": NaN, "origin_code": "L 53.58884 50.02713", "origin_city": "Samara", "destination_code": "L 47.29749 39.68771", "destination_city": "Krasnodar Krai", "scheduled_out": NaN, "estimated_out": NaN, "actual_out": NaN, "scheduled_off": "2020-05-31T07:07:44Z", "estimated_off": "2020-05-31T07:07:44Z", "actual_off": "2020-05-31T07:07:44Z", "scheduled_on": NaN, "estimated_on": NaN, "actual_on": "2020-05-31T07:07:44Z", "scheduled_in": NaN, "estimated_in": NaN, "actual_in": NaN, "status": "result unknown", "route_distance": NaN, "diverted": false, "cancelled": false, "simplified_departure_date": "2020-05-31", "origin_coords": [53.58884, 50.02713], "destination_coords": [47.29749, 39.68771], "is_same_city": false}}, {"type": "Feature", "geometry": {"type": "LineString", "coordinates": [[38.44686999999999, 55.70918], [38.57112290909473, 55.69488501305738], [38.6952845808955, 55.68046466925253], [38.81935433687101, 55.66591912870268], [38.943331502370626, 55.65124855264408], [39.067215406642745, 55.63645310342369], [39.19100538285259, 55.62153294449101], [39.31470076809976, 55.6064882403897], [39.43830090343537, 55.59131915674931], [39.56180513387879, 55.576025860276914], [39.68521280843401, 55.560608518748715], [39.80852328010571, 55.545067301001694], [39.931735905914785, 55.52940237692508], [40.054850046913714, 55.51361391745195], [40.17786506820135, 55.49770209455077], [40.30078033893749, 55.48166708121681], [40.423595232356924, 55.46550905146369], [40.54630912578327, 55.44922818031476], [40.668921400642276, 55.43282464379459], [40.791431442474924, 55.4162986189203], [40.91383864094997, 55.39965028369303], [41.03614238987628, 55.382879817089226], [41.15834208721468, 55.365987399052045], [41.28043713508947, 55.34897321048269], [41.40242693979962, 55.331837433231684], [41.52431091182953, 55.31458025009019], [41.64608846585947, 55.297201844781334], [41.76775902077557, 55.27970240195143], [41.88932199967958, 55.26208210716128], [42.01077682989815, 55.24434114687738], [42.132122942991785, 55.22647970846322], [42.25335977476348, 55.20849798017046], [42.37448676526693, 55.19039615113023], [42.495503358814375, 55.17217441134418], [42.61640900398417, 55.153832951675916], [42.73720315362794, 55.13537196384201], [42.857885264877375, 55.116791640403264], [42.978454799150676, 55.0980921747559], [43.098911222158655, 55.079273761122785], [43.21925400391052, 55.0603365945445], [43.33948261871923, 55.04128087087065], [43.45959654520658, 55.02210678675093], [43.57959526630793, 55.002814539626385], [43.69947826927652, 54.98340432772056], [43.81924504568752, 54.963876350030645], [43.9388950914417, 54.94423080631868], [44.058427906768834, 54.92446789710277], [44.177842996230574, 54.904587823648214], [44.29713986872331, 54.8845907879587], [44.41631803748035, 54.86447699276755], [44.535377020074016, 54.844246641528834], [44.654316338417296, 54.82389993840869], [44.77313551876522, 54.80343708827637], [44.891834091715886, 54.78285829669564], [45.01041159221114, 54.76216376991588], [45.12886755953701, 54.74135371486336], [45.24720153732374, 54.72042833913249], [45.36541307354561, 54.699387850977075], [45.48350172052028, 54.67823245930156], [45.60146703490801, 54.65696237365234], [45.719308577710464, 54.63557780420903], [45.83702591426915, 54.61407896177577], [45.95461861426377, 54.59246605777254], [46.07208625171003, 54.57073930422651], [46.18942840495726, 54.548898913763374], [46.30664465668579, 54.52694509959869], [46.42373459390392, 54.50487807552928], [46.54069780794465, 54.48269805592468], [46.65753389446215, 54.46040525571843], [46.77424245342789, 54.437999890399624], [46.89082308912653, 54.415482176004275], [47.0072754101515, 54.392852329106844], [47.123599029400296, 54.370110566811704], [47.23979356406953, 54.34725710674466], [47.355858635649696, 54.32429216704444], [47.47179386991964, 54.3012159663543], [47.58759889694079, 54.27802872381363], [47.70327335105112, 54.25473065904939], [47.81881687085885, 54.231321992167985], [47.93422909923581, 54.20780294374666], [48.049509683310724, 54.18417373482533], [48.16465827446202, 54.160434586898205], [48.27967452831062, 54.136585721905575], [48.39455810471222, 54.11262736222547], [48.50930866774958, 54.0885597306655], [48.62392588572438, 54.064383050454616], [48.73840943114896, 54.04009754523499], [48.85275898073771, 54.01570343905381], [48.966974215398366, 53.991200956355186], [49.08105482022289, 53.966590321972106], [49.19500048447832, 53.9418717611183], [49.30881090159724, 53.917045499380286], [49.42248576916811, 53.892111762709334], [49.53602478892533, 53.86707077741352], [49.64942766673908, 53.84192277014975], [49.762694112605054, 53.81666796791591], [49.87582384063381, 53.79130659804301], [49.988816569040004, 53.765838888187226], [50.1016720201315, 53.74026506632226], [50.21438992029806, 53.71458536073143], [50.32697, 53.6888]]}, "properties": {"fa_flight_id": "RA86906-1590844607-adhoc-0", "registration": "RA-86906", "ident": "RA-86906", "ident_icao": NaN, "origin_code": "L 55.70918 38.44687", "origin_city": "Moscow", "destination_code": "L 53.68880 50.32697", "destination_city": "Samara", "scheduled_out": NaN, "estimated_out": NaN, "actual_out": NaN, "scheduled_off": "2020-05-30T13:16:47Z", "estimated_off": "2020-05-30T13:16:47Z", "actual_off": "2020-05-30T13:16:47Z", "scheduled_on": NaN, "estimated_on": NaN, "actual_on": "2020-05-30T13:16:47Z", "scheduled_in": NaN, "estimated_in": NaN, "actual_in": NaN, "status": "result unknown", "route_distance": NaN, "diverted": false, "cancelled": false, "simplified_departure_date": "2020-05-30", "origin_coords": [55.70918, 38.44687], "destination_coords": [53.6888, 50.32697], "is_same_city": false}}, {"type": "Feature", "geometry": {"type": "LineString", "coordinates": [[38.293350000000004, 55.86783], [38.29015017367199, 55.868355914778185], [38.28695026069113, 55.86888174655625], [38.283750261067034, 55.86940749533028], [38.28055017480931, 55.869933161096405], [38.27735000192761, 55.87045874385074], [38.27414974243153, 55.87098424358939], [38.27094939633071, 55.87150966030847], [38.26774896363478, 55.872034994004096], [38.26454844435339, 55.87256024467238], [38.26134783849614, 55.87308541230944], [38.2581471460727, 55.873610496911404], [38.25494636709269, 55.87413549847437], [38.251745501565765, 55.874660416994445], [38.24854454950155, 55.875185252467766], [38.24534351090971, 55.87571000489044], [38.24214238579989, 55.8762346742586], [38.23894117418175, 55.876759260568335], [38.23573987606492, 55.877283763815775], [38.23253849145907, 55.87780818399706], [38.229337020373855, 55.87833252110827], [38.22613546281894, 55.878856775145564], [38.22293381880399, 55.87938094610504], [38.21973208833867, 55.87990503398281], [38.216530271432624, 55.880429038775006], [38.21332836809556, 55.88095296047774], [38.210126378337115, 55.88147679908716], [38.20692430216698, 55.88200055459936], [38.203722139594845, 55.882524227010464], [38.20051989063037, 55.88304781631659], [38.197317555283234, 55.88357132251389], [38.19411513356314, 55.884094745598446], [38.190912625479754, 55.884618085566416], [38.18771003104277, 55.8851413424139], [38.18450735026188, 55.88566451613705], [38.18130458314678, 55.88618760673195], [38.178101729707166, 55.88671061419476], [38.17489878995273, 55.88723353852157], [38.171695763893176, 55.88775637970855], [38.1684926515382, 55.888279137751795], [38.16528945289751, 55.88880181264744], [38.16208616798082, 55.8893244043916], [38.158882796797826, 55.88984691298044], [38.15567933935825, 55.890369338410046], [38.1524757956718, 55.89089168067656], [38.149272165748194, 55.8914139397761], [38.146068449597145, 55.89193611570481], [38.142864647228386, 55.89245820845882], [38.13966075865162, 55.89298021803426], [38.1364567838766, 55.89350214442723], [38.13325272291303, 55.89402398763391], [38.130048575770644, 55.894545747650376], [38.126844342459194, 55.895067424472806], [38.12364002298838, 55.895589018097304], [38.120435617367974, 55.89611052852001], [38.11723112560769, 55.896631955737064], [38.11402654771728, 55.89715329974458], [38.11082188370648, 55.897674560538704], [38.10761713358505, 55.89819573811556], [38.10441229736272, 55.89871683247129], [38.10120737504926, 55.89923784360204], [38.09800236665441, 55.899758771503905], [38.09479727218794, 55.90027961617306], [38.09159209165959, 55.90080037760561], [38.088386825079134, 55.90132105579771], [38.085181472456306, 55.901841650745496], [38.081976033800906, 55.9023621624451], [38.078770509122684, 55.902882590892645], [38.075564898431416, 55.903402936084284], [38.072359201736866, 55.90392319801616], [38.06915341904882, 55.90444337668439], [38.06594755037703, 55.90496347208512], [38.062741595731296, 55.90548348421451], [38.05953555512139, 55.90600341306866], [38.056329428557106, 55.906523258643745], [38.05312321604821, 55.90704302093588], [38.049916917604506, 55.907562699941224], [38.046710533235775, 55.90808229565589], [38.04350406295182, 55.90860180807605], [38.040297506762414, 55.90912123719783], [38.03709086467739, 55.909640583017385], [38.0338841367065, 55.91015984553082], [38.030677322859596, 55.91067902473432], [38.02747042314645, 55.91119812062401], [38.02426343757686, 55.911717133196035], [38.02105636616066, 55.912236062446524], [38.01784920890765, 55.912754908371646], [38.01464196582764, 55.913273670967534], [38.01143463693045, 55.913792350230324], [38.0082272222259, 55.91431094615618], [38.005019721723805, 55.91482945874123], [38.00181213543398, 55.91534788798162], [37.99860446336628, 55.915866233873494], [37.99539670553048, 55.91638449641303], [37.99218886193647, 55.91690267559634], [37.988980932594025, 55.917420771419586], [37.985772917513025, 55.91793878387891], [37.982564816703274, 55.91845671297047], [37.97935663017463, 55.9189745586904], [37.97614835793692, 55.919492321034866], [37.972939999999994, 55.92001]]}, "properties": {"fa_flight_id": "RA86906-1591803292-adhoc-0", "registration": "RA-86906", "ident": "RA-86906", "ident_icao": NaN, "origin_code": "L 55.86783 38.29335", "origin_city": "Moscow", "destination_code": "L 55.92001 37.97294", "destination_city": "Moscow", "scheduled_out": NaN, "estimated_out": NaN, "actual_out": NaN, "scheduled_off": "2020-06-10T15:34:52Z", "estimated_off": "2020-06-10T15:34:52Z", "actual_off": "2020-06-10T15:34:52Z", "scheduled_on": NaN, "estimated_on": NaN, "actual_on": "2020-06-10T15:34:52Z", "scheduled_in": NaN, "estimated_in": NaN, "actual_in": NaN, "status": "result unknown", "route_distance": NaN, "diverted": false, "cancelled": false, "simplified_departure_date": "2020-06-10", "origin_coords": [55.86783, 38.29335], "destination_coords": [55.92001, 37.97294], "is_same_city": false}}, {"type": "Feature", "geometry": {"type": "LineString", "coordinates": [[38.18862, 55.71808], [38.205486878216334, 55.63357908981092], [38.22228116074817, 55.54907587599289], [38.23900338591166, 55.46457037569004], [38.255654086830425, 55.38006260588031], [38.272233791498095, 55.29555258337757], [38.28874302284, 55.211040324833455], [38.305182298773914, 55.12652584673946], [38.32155213227004, 55.04200916542879], [38.337853031410056, 54.95749029707824], [38.354085499445304, 54.87296925771019], [38.37025003485426, 54.78844606319429], [38.386347131399056, 54.70392072924941], [38.402377278181305, 54.61939327144536], [38.41834095969709, 54.534863705204664], [38.434238655891214, 54.45033204580435], [38.450070842210636, 54.36579830837763], [38.465837989657224, 54.28126250791556], [38.4815405648397, 54.19672465926885], [38.497179030024974, 54.11218477714931], [38.51275384318858, 54.027642876131644], [38.52826545806463, 53.943098970654965], [38.54371432419492, 53.8585530750244], [38.5591008869774, 53.774005203412635], [38.57442558771398, 53.68945536986149], [38.58968886365776, 53.604903588283356], [38.60489114805943, 53.52034987246278], [38.620032870213194, 53.435794236057845], [38.63511445550203, 53.35123669260174], [38.65013632544226, 53.26667725550405], [38.66509889772764, 53.182115938052306], [38.680002586272735, 53.09755275341328], [38.69484780125577, 53.01298771463442], [38.709634949160886, 52.92842083464516], [38.72436443281985, 52.843852126258305], [38.73903665145314, 52.759281602171306], [38.75365200071056, 52.674709274967604], [38.76821087271126, 52.59013515711788], [38.78271365608321, 52.50555926098135], [38.79716073600224, 52.420981598807], [38.81155249423041, 52.336402182734815], [38.825889309154014, 52.251821024797], [38.840171555820994, 52.16723813691921], [38.8543996059779, 52.082653530921675], [38.868573828106356, 51.99806721852042], [38.882694587459, 51.913479211328394], [38.89676224609503, 51.82888952085666], [38.91077716291525, 51.74429815851542], [38.924739693696644, 51.6597051356152], [38.93865019112649, 51.57511046336792], [38.952509004836074, 51.49051415288801], [38.96631648143396, 51.40591621519339], [38.98007296453874, 51.321316661206644], [38.99377879481151, 51.2367155017559], [39.00743430998783, 51.15211274757605], [39.02103984490923, 51.067508409309575], [39.03459573155446, 50.98290249750765], [39.048102299070194, 50.89829502263114], [39.06155987380143, 50.813685995051486], [39.074968779321416, 50.729075425051754], [39.088329336461335, 50.644463322827534], [39.10164186333944, 50.559849698487874], [39.11490667538997, 50.475234562056265], [39.12812408539159, 50.390617923471446], [39.141294403495564, 50.30599979258843], [39.15441793725346, 50.22138017917927], [39.167494991644645, 50.13675909293406], [39.18052586910332, 50.052136543461664], [39.193510869545236, 49.96751254029073], [39.20645029039417, 49.88288709287039], [39.21934442660793, 49.79826021057119], [39.232193570704126, 49.71363190268586], [39.24499801278564, 49.629002178430184], [39.25775804056565, 49.54437104694371], [39.27047393939253, 49.459738517290674], [39.283145992274264, 49.37510459846066], [39.295774479902725, 49.29046929936946], [39.30835968067747, 49.2058326288598], [39.32090187072944, 49.121194595702086], [39.33340132394422, 49.03655520859518], [39.34585831198508, 48.951914476167126], [39.35827310431572, 48.86727240697585], [39.37064596822275, 48.78262900950996], [39.38297716883786, 48.697984292189325], [39.395266969159785, 48.613338263365904], [39.40751563007598, 48.52869093132437], [39.419723410383924, 48.44404230428281], [39.43189056681239, 48.3593923903934], [39.444017354042266, 48.27474119774309], [39.45610402472718, 48.19008873435423], [39.46815082951392, 48.105435008185246], [39.48015801706257, 48.020780027131266], [39.49212583406642, 47.936123799024806], [39.504054525271656, 47.851466331636324], [39.51594433349671, 47.76680763267491], [39.52779549965157, 47.68214770978886], [39.539608262756694, 47.59748657056626], [39.55138285996179, 47.51282422253568], [39.563119526564314, 47.428160673166644], [39.57481849602781, 47.34349592987031], [39.586479999999995, 47.25883]]}, "properties": {"fa_flight_id": "RA86906-1592466984-adhoc-0", "registration": "RA-86906", "ident": "RA-86906", "ident_icao": NaN, "origin_code": "L 55.71808 38.18862", "origin_city": "Moscow", "destination_code": "L 47.25883 39.58648", "destination_city": "Krasnodar Krai", "scheduled_out": NaN, "estimated_out": NaN, "actual_out": NaN, "scheduled_off": "2020-06-18T07:56:24Z", "estimated_off": "2020-06-18T07:56:24Z", "actual_off": "2020-06-18T07:56:24Z", "scheduled_on": NaN, "estimated_on": NaN, "actual_on": "2020-06-18T07:56:24Z", "scheduled_in": NaN, "estimated_in": NaN, "actual_in": NaN, "status": "result unknown", "route_distance": NaN, "diverted": false, "cancelled": false, "simplified_departure_date": "2020-06-18", "origin_coords": [55.71808, 38.18862], "destination_coords": [47.25883, 39.58648], "is_same_city": false}}, {"type": "Feature", "geometry": {"type": "LineString", "coordinates": [[38.29159, 55.87010999999998], [38.288618989483034, 55.87054614628432], [38.28564791223764, 55.87098222101707], [38.2826767682722, 55.87141822419548], [38.27970555759504, 55.871854155816784], [38.27673428021454, 55.87229001587818], [38.27376293613905, 55.872725804376906], [38.27079152537692, 55.87316152131017], [38.267820047936546, 55.87359716667521], [38.26484850382627, 55.874032740469225], [38.26187689305448, 55.87446824268946], [38.25890521562951, 55.874903673333144], [38.25593347155977, 55.87533903239746], [38.25296166085362, 55.87577431987969], [38.24998978351942, 55.876209535777], [38.24701783956556, 55.876644680086656], [38.2440458290004, 55.877079752805855], [38.24107375183233, 55.87751475393184], [38.23810160806974, 55.877949683461836], [38.23512939772099, 55.878384541393054], [38.23215712079448, 55.87881932772273], [38.229184777298585, 55.87925404244809], [38.22621236724169, 55.87968868556635], [38.2232398906322, 55.88012325707476], [38.2202673474785, 55.880557756970525], [38.217294737788954, 55.88099218525088], [38.21432206157198, 55.881426541913065], [38.211349318835964, 55.88186082695429], [38.2083765095893, 55.88229504037179], [38.2054036338404, 55.882729182162784], [38.20243069159764, 55.883163252324515], [38.19945768286943, 55.88359725085421], [38.19648460766418, 55.88403117774911], [38.19351146599029, 55.884465033006414], [38.19053825785617, 55.88489881662337], [38.18756498327021, 55.88533252859721], [38.18459164224082, 55.88576616892516], [38.18161823477642, 55.886199737604464], [38.17864476088542, 55.88663323463234], [38.175671220576234, 55.88706666000602], [38.17269761385727, 55.88750001372275], [38.16972394073695, 55.88793329577973], [38.166750201223685, 55.888366506174236], [38.1637763953259, 55.88879964490347], [38.16080252305201, 55.88923271196468], [38.15782858441045, 55.8896657073551], [38.15485457940964, 55.890098631071965], [38.15188050805799, 55.89053148311249], [38.14890637036394, 55.89096426347393], [38.14593216633591, 55.89139697215351], [38.14295789598235, 55.891829609148466], [38.13998355931167, 55.89226217445605], [38.13700915633231, 55.89269466807348], [38.13403468705271, 55.893127089997996], [38.1310601514813, 55.89355944022683], [38.128085549626526, 55.89399171875723], [38.12511088149681, 55.89442392558643], [38.12213614710062, 55.89485606071165], [38.11916134644637, 55.89528812413017], [38.11618647954253, 55.89572011583918], [38.11321154639752, 55.896152035835954], [38.11023654701982, 55.89658388411771], [38.10726148141784, 55.897015660681696], [38.10428634960005, 55.89744736552516], [38.10131115157492, 55.89787899864532], [38.09833588735088, 55.898310560039434], [38.09536055693639, 55.89874204970472], [38.09238516033991, 55.89917346763845], [38.08940969756989, 55.89960481383785], [38.086434168634796, 55.90003608830016], [38.0834585735431, 55.90046729102262], [38.080482912303246, 55.90089842200249], [38.07750718492371, 55.901329481236985], [38.074531391412954, 55.90176046872335], [38.071555531779445, 55.90219138445886], [38.06857960603166, 55.90262222844072], [38.065603614178066, 55.903053000666205], [38.06262755622713, 55.90348370113254], [38.05965143218732, 55.90391432983697], [38.05667524206713, 55.904344886776734], [38.05369898587503, 55.90477537194911], [38.05072266361949, 55.905205785351306], [38.047746275309, 55.905636126980575], [38.04476982095204, 55.90606639683418], [38.041793300557096, 55.906496594909356], [38.03881671413264, 55.90692672120335], [38.035840061687175, 55.9073567757134], [38.03286334322918, 55.907786758436764], [38.029886558767146, 55.90821666937069], [38.02690970830955, 55.908646508512426], [38.023932791864915, 55.90907627585922], [38.020955809441716, 55.909505971408315], [38.017978761048454, 55.90993559515695], [38.01500164669362, 55.91036514710241], [38.01202446638571, 55.910794627241906], [38.00904722013325, 55.911224035572715], [38.006069907944706, 55.91165337209206], [38.003092529828606, 55.91208263679722], [38.00011508579345, 55.91251182968542], [37.997137575847745, 55.912940950753935], [37.99415999999999, 55.91337000000001]]}, "properties": {"fa_flight_id": "RA86906-1608722541-adhoc-0", "registration": "RA-86906", "ident": "RA-86906", "ident_icao": NaN, "origin_code": "L 55.87011 38.29159", "origin_city": "Moscow", "destination_code": "L 55.91337 37.99416", "destination_city": "Moscow", "scheduled_out": NaN, "estimated_out": NaN, "actual_out": NaN, "scheduled_off": "2020-12-23T11:22:21Z", "estimated_off": "2020-12-23T11:22:21Z", "actual_off": "2020-12-23T11:22:21Z", "scheduled_on": NaN, "estimated_on": NaN, "actual_on": "2020-12-23T11:22:21Z", "scheduled_in": NaN, "estimated_in": NaN, "actual_in": NaN, "status": "result unknown", "route_distance": NaN, "diverted": false, "cancelled": false, "simplified_departure_date": "2020-12-23", "origin_coords": [55.87011, 38.29159], "destination_coords": [55.91337, 37.99416], "is_same_city": false}}, {"type": "Feature", "geometry": {"type": "LineString", "coordinates": [[38.18836000000001, 55.86646], [38.18709377294682, 55.866579043585176], [38.18582753813232, 55.866698074173115], [38.18456129555726, 55.86681709176368], [38.1832950452224, 55.86693609635676], [38.18202878712852, 55.86705508795219], [38.180762521276385, 55.86717406654983], [38.17949624766674, 55.867293032149554], [38.17822996630037, 55.86741198475123], [38.176963677178044, 55.86753092435471], [38.17569738030051, 55.86764985095985], [38.174431075668544, 55.86776876456652], [38.17316476328291, 55.86788766517459], [38.17189844314437, 55.868006552783925], [38.170632115253696, 55.868125427394354], [38.169365779611645, 55.86824428900578], [38.16809943621899, 55.86836313761804], [38.16683308507649, 55.86848197323101], [38.165566726184906, 55.86860079584455], [38.16430035954504, 55.86871960545852], [38.16303398515761, 55.86883840207278], [38.161767603023414, 55.86895718568719], [38.16050121314319, 55.86907595630161], [38.15923481551773, 55.869194713915924], [38.15796841014779, 55.86931345852997], [38.156701997034126, 55.86943219014363], [38.155435576177524, 55.86955090875674], [38.154169147578735, 55.869669614369194], [38.152902711238525, 55.86978830698084], [38.15163626715768, 55.86990698659154], [38.15036981533693, 55.870025653201154], [38.14910335577707, 55.87014430680954], [38.14783688847886, 55.87026294741657], [38.146570413443065, 55.87038157502212], [38.14530393067046, 55.87050018962603], [38.144037440161775, 55.87061879122817], [38.14277094191782, 55.8707373798284], [38.14150443593934, 55.87085595542658], [38.140237922227115, 55.87097451802258], [38.1389714007819, 55.87109306761627], [38.137704871604456, 55.87121160420749], [38.13643833469555, 55.871330127796135], [38.13517179005596, 55.87144863838203], [38.13390523768646, 55.87156713596506], [38.1326386775878, 55.87168562054509], [38.13137210976074, 55.87180409212198], [38.130105534206066, 55.87192255069558], [38.12883895092454, 55.87204099626576], [38.12757235991692, 55.87215942883238], [38.126305761183986, 55.87227784839533], [38.12503915472648, 55.87239625495445], [38.123772540545204, 55.87251464850959], [38.122505918640904, 55.87263302906062], [38.12123928901433, 55.87275139660742], [38.11997265166629, 55.87286975114985], [38.11870600659752, 55.872988092687756], [38.1174393538088, 55.87310642122102], [38.11617269330089, 55.873224736749485], [38.11490602507456, 55.873343039273024], [38.11363934913058, 55.87346132879149], [38.112372665469714, 55.87357960530477], [38.11110597409273, 55.873697868812705], [38.10983927500039, 55.87381611931519], [38.108572568193466, 55.873934356812036], [38.107305853672734, 55.87405258130313], [38.10603913143894, 55.874170792788355], [38.10477240149288, 55.87428899126756], [38.1035056638353, 55.8744071767406], [38.10223891846697, 55.874525349207346], [38.10097216538866, 55.87464350866765], [38.099705404601146, 55.87476165512139], [38.09843863610517, 55.87487978856843], [38.09717185990153, 55.87499790900862], [38.095905075990984, 55.87511601644182], [38.09463828437429, 55.875234110867915], [38.093371485052224, 55.875352192286755], [38.09210467802554, 55.8754702606982], [38.09083786329503, 55.87558831610212], [38.08957104086144, 55.87570635849837], [38.08830421072555, 55.87582438788682], [38.087037372888126, 55.875942404267334], [38.08577052734994, 55.87606040763978], [38.08450367411175, 55.876178398004], [38.08323681317433, 55.87629637535988], [38.08196994453844, 55.87641433970727], [38.08070306820487, 55.87653229104603], [38.07943618417435, 55.87665022937605], [38.07816929244768, 55.87676815469717], [38.07690239302563, 55.87688606700925], [38.07563548590895, 55.87700396631217], [38.074368571098404, 55.87712185260577], [38.07310164859478, 55.877239725889936], [38.07183471839883, 55.87735758616452], [38.07056778051133, 55.877475433429396], [38.06930083493306, 55.877593267684425], [38.068033881664775, 55.87771108892945], [38.06676692070724, 55.877828897164356], [38.065499952061224, 55.877946692388996], [38.06423297572749, 55.878064474603256], [38.062965991706825, 55.878182243806954], [38.061699, 55.8783]]}, "properties": {"fa_flight_id": "RA86906-1611837882-adhoc-0", "registration": "RA-86906", "ident": "RA-86906", "ident_icao": NaN, "origin_code": "L 55.86646 38.18836", "origin_city": "Moscow", "destination_code": "UUMU", "destination_city": NaN, "scheduled_out": NaN, "estimated_out": NaN, "actual_out": NaN, "scheduled_off": "2021-01-28T12:44:42Z", "estimated_off": "2021-01-28T12:44:42Z", "actual_off": "2021-01-28T12:44:42Z", "scheduled_on": NaN, "estimated_on": NaN, "actual_on": "2021-01-28T12:44:42Z", "scheduled_in": NaN, "estimated_in": NaN, "actual_in": NaN, "status": "result unknown", "route_distance": NaN, "diverted": false, "cancelled": false, "simplified_departure_date": "2021-01-28", "origin_coords": [55.86646, 38.18836], "destination_coords": [55.8783, 38.061699], "is_same_city": false}}, {"type": "Feature", "geometry": {"type": "LineString", "coordinates": [[37.92976999999999, 55.95858], [37.951561603055275, 55.872718374773164], [37.97325704936682, 55.786852917368726], [37.9948570665583, 55.7009836569541], [38.01636237510418, 55.6151106224079], [38.03777368841724, 55.52923384232357], [38.059091712934816, 55.44335334501286], [38.080317148203854, 55.35746915850933], [38.101450686964625, 55.271581310571705], [38.122493015233346, 55.18568982868726], [38.14344481238346, 55.09979474007518], [38.16430675122594, 55.01389607168978], [38.185079498088314, 54.92799385022371], [38.20576371289249, 54.84208810211116], [38.22636004923173, 54.756178853531], [38.2468691544462, 54.670266130409814], [38.26729166969771, 54.584349958424966], [38.28762823004326, 54.49843036300758], [38.30787946450755, 54.41250736934552], [38.32804599615452, 54.32658100238627], [38.348128442157865, 54.2406512868398], [38.3681274138705, 54.154718247181414], [38.38804351689315, 54.06878190765451], [38.40787735114187, 53.98284229227337], [38.42762951091474, 53.89689942482581], [38.44730058495756, 53.8109533288759], [38.46689115652857, 53.72500402776653], [38.48640180346244, 53.639051544622134], [38.50583309823322, 53.55309590235111], [38.52518560801652, 53.46713712364841], [38.54445989475075, 53.381175230998046], [38.563656515197565, 53.29521024667547], [38.58277602100153, 53.20924219275009], [38.60181895874885, 53.12327109108762], [38.620785870025394, 53.03729696335236], [38.6396772914739, 52.95131983100964], [38.65849375485039, 52.86533971532802], [38.677235787079816, 52.77935663738161], [38.69590391031099, 52.69337061805222], [38.71449864197073, 52.60738167803166], [38.733020494817275, 52.52138983782381], [38.75146997699308, 52.43539511774681], [38.769847592076715, 52.34939753793517], [38.78815383913423, 52.26339711834181], [38.8063892127698, 52.17739387874017], [38.82455420317561, 52.091387838726185], [38.84264929618119, 52.00537901772032], [38.860674973302075, 51.91936743496952], [38.87863171178768, 51.83335310954914], [38.896519984668764, 51.74733606036487], [38.91434026080408, 51.661316306154674], [38.93209300492654, 51.57529386549062], [38.9497786776887, 51.48926875678071], [38.96739773570763, 51.4032409982707], [38.98495063160932, 51.31721060804593], [39.00243781407236, 51.23117760403307], [39.01985972787108, 51.145142004001876], [39.03721681391828, 51.059103825566886], [39.05450950930716, 50.97306308618918], [39.07173824735294, 50.887019803177985], [39.08890345763373, 50.800973993692416], [39.10600556603108, 50.71492567474304], [39.123044994769856, 50.628874863193545], [39.14002216245767, 50.54282157576228], [39.15693748412379, 50.45676582902391], [39.17379137125753, 50.37070763941087], [39.190584231846245, 50.284647023214966], [39.20731647041268, 50.19858399658887], [39.223988488051994, 50.11251857554764], [39.24060068246825, 50.026450775970126], [39.257153448010435, 49.9403806136005], [39.27364717570804, 49.85430810404968], [39.29008225330621, 49.76823326279669], [39.30645906530042, 49.68215610519014], [39.32277799297073, 49.596076646449575], [39.33903941441559, 49.509994901666836], [39.35524370458531, 49.42391088580743], [39.37139123531493, 49.3378246137118], [39.38748237535693, 49.25173610009677], [39.4035174904133, 49.165645359556706], [39.41949694316735, 49.07955240656488], [39.43542109331507, 48.993457255474695], [39.45129029759617, 48.907359920520975], [39.46710490982461, 48.821260415821165], [39.48286528091891, 48.7351587553766], [39.498571758931945, 48.64905495307362], [39.51422468908049, 48.56294902268488], [39.529824413774335, 48.47684097787041], [39.54537127264506, 48.39073083217887], [39.56086560257447, 48.304618599048645], [39.576307737722665, 48.21850429180897], [39.591698009555806, 48.13238792368108], [39.60703674687354, 48.046269507779336], [39.62232427583598, 47.96014905711223], [39.637560919990555, 47.87402658458356], [39.65274700029843, 47.78790210299346], [39.66788283516053, 47.7017756250394], [39.68296874044344, 47.61564716331731], [39.69800502950482, 47.52951673032258], [39.71299201321863, 47.44338433845103], [39.72792999999999, 47.35725]]}, "properties": {"fa_flight_id": "RA86906-1612527665-adhoc-0", "registration": "RA-86906", "ident": "RA-86906", "ident_icao": NaN, "origin_code": "L 55.95858 37.92977", "origin_city": "Moscow", "destination_code": "L 47.35725 39.72793", "destination_city": "Krasnodar Krai", "scheduled_out": NaN, "estimated_out": NaN, "actual_out": NaN, "scheduled_off": "2021-02-05T12:21:05Z", "estimated_off": "2021-02-05T12:21:05Z", "actual_off": "2021-02-05T12:21:05Z", "scheduled_on": NaN, "estimated_on": NaN, "actual_on": "2021-02-05T12:21:05Z", "scheduled_in": NaN, "estimated_in": NaN, "actual_in": NaN, "status": "result unknown", "route_distance": NaN, "diverted": false, "cancelled": false, "simplified_departure_date": "2021-02-05", "origin_coords": [55.95858, 37.92977], "destination_coords": [47.35725, 39.72793], "is_same_city": false}}, {"type": "Feature", "geometry": {"type": "LineString", "coordinates": [[38.22826, 55.87122000000001], [38.22597777951642, 55.87162989238196], [38.223695510856636, 55.87203974254387], [38.22141319402386, 55.872449550484184], [38.219130829021275, 55.87285931620136], [38.216848415852105, 55.873269039693845], [38.21456595451954, 55.87367872096012], [38.21228344502681, 55.87408835999864], [38.210000887377106, 55.874497956807836], [38.207718281573634, 55.87490751138621], [38.2054356276196, 55.8753170237322], [38.203152925518225, 55.875726493844255], [38.200870175272705, 55.87613592172085], [38.19858737688626, 55.87654530736042], [38.1963045303621, 55.87695465076147], [38.19402163570343, 55.877363951922426], [38.191738692913475, 55.877773210841745], [38.18945570199543, 55.8781824275179], [38.18717266295252, 55.87859160194935], [38.18488957578796, 55.87900073413455], [38.18260644050496, 55.879409824071956], [38.18032325710674, 55.87981887176003], [38.17804002559652, 55.88022787719726], [38.1757567459775, 55.88063684038205], [38.17347341825291, 55.881045761312905], [38.17119004242596, 55.88145463998828], [38.16890661849988, 55.88186347640662], [38.16662314647789, 55.882272270566396], [38.16433962636319, 55.88268102246606], [38.162056058159024, 55.88308973210409], [38.15977244186859, 55.88349839947892], [38.15748877749513, 55.88390702458904], [38.155205065041855, 55.88431560743289], [38.152921304512, 55.88472414800895], [38.15063749590877, 55.88513264631566], [38.1483536392354, 55.88554110235148], [38.14606973449513, 55.8859495161149], [38.14378578169116, 55.886357887604355], [38.14150178082672, 55.886766216818316], [38.139217731905056, 55.88717450375524], [38.13693363492937, 55.88758274841361], [38.13464948990291, 55.887990950791846], [38.1323652968289, 55.88839911088846], [38.13008105571057, 55.88880722870185], [38.127796766551135, 55.88921530423055], [38.12551242935385, 55.88962333747297], [38.12322804412193, 55.8900313284276], [38.12094361085861, 55.89043927709289], [38.118659129567135, 55.89084718346731], [38.11637460025071, 55.8912550475493], [38.11409002291261, 55.89166286933735], [38.111805397556026, 55.89207064882991], [38.10952072418422, 55.89247838602545], [38.107236002800434, 55.89288608092242], [38.10495123340788, 55.89329373351929], [38.10266641600982, 55.89370134381453], [38.100381550609455, 55.8941089118066], [38.09809663721006, 55.89451643749395], [38.095811675814865, 55.89492392087506], [38.0935266664271, 55.89533136194839], [38.091241609050016, 55.89573876071238], [38.08895650368684, 55.896146117165536], [38.086671350340836, 55.89655343130627], [38.08438614901523, 55.8969607031331], [38.08210089971327, 55.89736793264446], [38.0798156024382, 55.89777511983882], [38.07753025719325, 55.89818226471463], [38.07524486398168, 55.89858936727036], [38.07295942280675, 55.89899642750451], [38.07067393367167, 55.89940344541549], [38.068388396579714, 55.89981042100179], [38.06610281153412, 55.90021735426187], [38.06381717853814, 55.9006242451942], [38.06153149759502, 55.90103109379724], [38.059245768708, 55.90143790006946], [38.056959991880355, 55.901844664009325], [38.0546741671153, 55.902251385615294], [38.05238829441611, 55.90265806488583], [38.05010237378604, 55.903064701819396], [38.04781640522834, 55.903471296414466], [38.04553038874625, 55.90387784866951], [38.043244324343036, 55.90428435858297], [38.04095821202195, 55.904690826153335], [38.038672051786236, 55.905097251379054], [38.036385843639174, 55.90550363425861], [38.034099587583995, 55.90590997479045], [38.03181328362397, 55.906316272973044], [38.02952693176237, 55.90672252880487], [38.02724053200241, 55.907128742284385], [38.02495408434739, 55.90753491341006], [38.02266758880055, 55.90794104218035], [38.02038104536517, 55.908347128593725], [38.01809445404448, 55.90875317264866], [38.01580781484177, 55.90915917434361], [38.01352112776029, 55.90956513367705], [38.0112343928033, 55.909971050647435], [38.00894760997407, 55.910376925253246], [38.00666077927586, 55.91078275749294], [38.00437390071193, 55.91118854736499], [38.00208697428556, 55.911594294867854], [37.9998, 55.912]]}, "properties": {"fa_flight_id": "RA86906-1612261321-adhoc-0", "registration": "RA-86906", "ident": "RA-86906", "ident_icao": NaN, "origin_code": "L 55.87122 38.22826", "origin_city": "Moscow", "destination_code": "L 55.91200 37.99980", "destination_city": "Moscow", "scheduled_out": NaN, "estimated_out": NaN, "actual_out": NaN, "scheduled_off": "2021-02-02T10:22:01Z", "estimated_off": "2021-02-02T10:22:01Z", "actual_off": "2021-02-02T10:22:01Z", "scheduled_on": NaN, "estimated_on": NaN, "actual_on": "2021-02-02T10:22:01Z", "scheduled_in": NaN, "estimated_in": NaN, "actual_in": NaN, "status": "result unknown", "route_distance": NaN, "diverted": false, "cancelled": false, "simplified_departure_date": "2021-02-02", "origin_coords": [55.87122, 38.22826], "destination_coords": [55.912, 37.9998], "is_same_city": false}}, {"type": "Feature", "geometry": {"type": "LineString", "coordinates": [[38.05773, 56.00821], [38.057262931612584, 56.007230987110965], [38.056795886895074, 56.00625197245707], [38.05632886584544, 56.005272956038496], [38.05586186846164, 56.00429393785537], [38.05539489474166, 56.003314917907865], [38.054927944683456, 56.00233589619612], [38.05446101828501, 56.0013568727203], [38.05399411554429, 56.00037784748056], [38.05352723645929, 55.99939882047704], [38.05306038102795, 55.99841979170992], [38.05259354924824, 55.99744076117933], [38.05212674111816, 55.996461728885436], [38.05165995663567, 55.9954826948284], [38.051193195798746, 55.994503659008345], [38.050726458605354, 55.99352462142546], [38.050259745053474, 55.992545582079885], [38.04979305514108, 55.99156654097177], [38.04932638886614, 55.99058749810128], [38.04885974622664, 55.98960845346856], [38.04839312722054, 55.988629407073766], [38.047926531845825, 55.98765035891706], [38.04745996010047, 55.98667130899859], [38.04699341198244, 55.985692257318505], [38.046526887489726, 55.98471320387697], [38.04606038662028, 55.98373414867413], [38.045593909372116, 55.982755091710146], [38.04512745574317, 55.98177603298517], [38.04466102573144, 55.980796972499355], [38.04419461933489, 55.97981791025284], [38.04372823655151, 55.9788388462458], [38.04326187737928, 55.9778597804784], [38.04279554181616, 55.97688071295076], [38.04232922986013, 55.97590164366306], [38.04186294150919, 55.97492257261544], [38.04139667676128, 55.97394349980805], [38.04093043561441, 55.97296442524107], [38.04046421806655, 55.97198534891463], [38.039998024115675, 55.97100627082888], [38.039531853759755, 55.970027190984], [38.039065706996794, 55.96904810938011], [38.03859958382474, 55.968069026017396], [38.0381334842416, 55.967089940895995], [38.03766740824533, 55.966110854016065], [38.03720135583392, 55.96513176537775], [38.036735327005374, 55.964152674981214], [38.036269321757636, 55.96317358282662], [38.0358033400887, 55.96219448891409], [38.03533738199654, 55.96121539324382], [38.03487144747915, 55.960236295815925], [38.03440553653451, 55.95925719663059], [38.03393964916059, 55.958278095687945], [38.03347378535538, 55.95729899298815], [38.033007945116864, 55.95631988853137], [38.03254212844301, 55.95534078231774], [38.03207633533182, 55.95436167434744], [38.03161056578126, 55.9533825646206], [38.03114481978932, 55.95240345313737], [38.03067909735398, 55.95142433989792], [38.03021339847324, 55.950445224902396], [38.02974772314505, 55.949466108150965], [38.02928207136742, 55.94848698964376], [38.028816443138325, 55.94750786938093], [38.028350838455744, 55.94652874736266], [38.027885257317664, 55.94554962358908], [38.02741969972209, 55.94457049806036], [38.02695416566698, 55.94359137077663], [38.02648865515033, 55.942612241738054], [38.02602316817012, 55.941633110944785], [38.02555770472434, 55.94065397839698], [38.025092264810965, 55.93967484409479], [38.02462684842801, 55.93869570803837], [38.02416145557343, 55.93771657022788], [38.023696086245224, 55.93673743066345], [38.02323074044137, 55.93575828934526], [38.02276541815987, 55.93477914627345], [38.022300119398686, 55.93380000144816], [38.02183484415584, 55.932820854869576], [38.021369592429295, 55.931841706537824], [38.020904364217046, 55.93086255645307], [38.020439159517075, 55.92988340461546], [38.01997397832737, 55.92890425102515], [38.01950882064594, 55.9279250956823], [38.01904368647074, 55.92694593858706], [38.01857857579977, 55.925966779739575], [38.01811348863105, 55.92498761914], [38.01764842496252, 55.92400845678849], [38.017183384792204, 55.92302929268521], [38.01671836811808, 55.92205012683029], [38.01625337493813, 55.9210709592239], [38.015788405250355, 55.92009178986619], [38.01532345905274, 55.91911261875731], [38.014858536343276, 55.91813344589741], [38.01439363711996, 55.917154271286655], [38.013928761380775, 55.91617509492518], [38.013463909123715, 55.915195916813154], [38.012999080346766, 55.91421673695072], [38.01253427504794, 55.913237555338036], [38.0120694932252, 55.91225837197526], [38.011604734876556, 55.91127918686253], [38.01114, 55.91030000000001]]}, "properties": {"fa_flight_id": "RA86906-1613067237-adhoc-0", "registration": "RA-86906", "ident": "RA-86906", "ident_icao": NaN, "origin_code": "L 56.00821 38.05773", "origin_city": "Moscow", "destination_code": "L 55.91030 38.01114", "destination_city": "Moscow", "scheduled_out": NaN, "estimated_out": NaN, "actual_out": NaN, "scheduled_off": "2021-02-11T18:13:57Z", "estimated_off": "2021-02-11T18:13:57Z", "actual_off": "2021-02-11T18:13:57Z", "scheduled_on": NaN, "estimated_on": NaN, "actual_on": "2021-02-11T18:13:57Z", "scheduled_in": NaN, "estimated_in": NaN, "actual_in": NaN, "status": "result unknown", "route_distance": NaN, "diverted": false, "cancelled": false, "simplified_departure_date": "2021-02-11", "origin_coords": [56.00821, 38.05773], "destination_coords": [55.9103, 38.01114], "is_same_city": false}}, {"type": "Feature", "geometry": {"type": "LineString", "coordinates": [[38.14506, 55.8473], [38.14330652936085, 55.847888536221454], [38.141553005620445, 55.84847704751144], [38.1397994287783, 55.84906553386864], [38.13804579883386, 55.84965399529176], [38.13629211578658, 55.85024243177949], [38.13453837963595, 55.85083084333053], [38.132784590381426, 55.851419229943545], [38.131030748022475, 55.85200759161726], [38.12927685255858, 55.852595928350354], [38.12752290398921, 55.85318424014153], [38.12576890231382, 55.85377252698947], [38.12401484753189, 55.854360788892876], [38.1222607396429, 55.85494902585044], [38.12050657864629, 55.855537237860844], [38.11875236454155, 55.8561254249228], [38.116998097328164, 55.85671358703499], [38.11524377700559, 55.857301724196105], [38.11348940357329, 55.857889836404844], [38.11173497703075, 55.858477923659905], [38.10998049737744, 55.85906598595996], [38.108225964612835, 55.85965402330374], [38.106471378736394, 55.86024203568991], [38.10471673974761, 55.86083002311716], [38.102962047645946, 55.8614179855842], [38.10120730243087, 55.862005923089704], [38.099452504101876, 55.86259383563238], [38.09769765265842, 55.86318172321092], [38.095942748099965, 55.86376958582401], [38.09418779042601, 55.864357423470345], [38.09243277963603, 55.864945236148614], [38.09067771572949, 55.86553302385753], [38.088922598705864, 55.866120786595765], [38.08716742856464, 55.86670852436201], [38.08541220530528, 55.867296237154974], [38.083656928927276, 55.86788392497333], [38.08190159943008, 55.86847158781578], [38.0801462168132, 55.869059225681035], [38.07839078107609, 55.86964683856777], [38.07663529221825, 55.87023442647466], [38.07487975023912, 55.870821989400426], [38.073124155138224, 55.87140952734375], [38.07136850691501, 55.87199704030333], [38.06961280556896, 55.87258452827784], [38.067857051099566, 55.873171991265984], [38.066101243506296, 55.87375942926647], [38.06434538278864, 55.87434684227797], [38.06258946894607, 55.874934230299175], [38.06083350197806, 55.875521593328784], [38.05907748188411, 55.8761089313655], [38.057321408663675, 55.876696244408], [38.055565282316266, 55.877283532454975], [38.053809102841335, 55.87787079550513], [38.052052870238384, 55.87845803355715], [38.050296584506896, 55.87904524660973], [38.04854024564633, 55.879632434661545], [38.04678385365619, 55.88021959771132], [38.04502740853595, 55.8808067357577], [38.0432709102851, 55.881393848799426], [38.04151435890311, 55.881980936835156], [38.039757754389484, 55.88256799986361], [38.03800109674369, 55.883155037883455], [38.03624438596522, 55.883742050893396], [38.03448762205355, 55.88432903889211], [38.032730805008164, 55.88491600187831], [38.03097393482856, 55.885502939850674], [38.02921701151422, 55.88608985280789], [38.02746003506462, 55.88667674074867], [38.02570300547926, 55.88726360367168], [38.023945922757605, 55.88785044157562], [38.02218878689916, 55.8884372544592], [38.0204315979034, 55.88902404232108], [38.018674355769825, 55.889610805159975], [38.01691706049792, 55.89019754297456], [38.01515971208715, 55.89078425576355], [38.01340231053704, 55.891370943525615], [38.01164485584704, 55.89195760625944], [38.00988734801666, 55.89254424396374], [38.008129787045405, 55.8931308566372], [38.00637217293273, 55.8937174442785], [38.00461450567814, 55.89430400688634], [38.002856785281125, 55.8948905444594], [38.001099011741175, 55.89547705699639], [37.99934118505777, 55.89606354449599], [37.997583305230414, 55.8966500069569], [37.9958253722586, 55.89723644437778], [37.99406738614181, 55.89782285675736], [37.99230934687953, 55.8984092440943], [37.99055125447126, 55.898995606387324], [37.98879310891649, 55.899581943635084], [37.98703491021471, 55.900168255836306], [37.985276658365414, 55.90075454298965], [37.983518353368105, 55.90134080509384], [37.98175999522226, 55.90192704214755], [37.980001583927375, 55.90251325414945], [37.97824311948296, 55.90309944109828], [37.976484601888494, 55.90368560299267], [37.974726031143454, 55.90427173983136], [37.97296740724737, 55.90485785161301], [37.97120873019972, 55.90544393833634], [37.969449999999995, 55.90603]]}, "properties": {"fa_flight_id": "RA86906-1612952957-adhoc-0", "registration": "RA-86906", "ident": "RA-86906", "ident_icao": NaN, "origin_code": "L 55.84730 38.14506", "origin_city": "Moscow", "destination_code": "L 55.90603 37.96945", "destination_city": "Moscow", "scheduled_out": NaN, "estimated_out": NaN, "actual_out": NaN, "scheduled_off": "2021-02-10T10:29:17Z", "estimated_off": "2021-02-10T10:29:17Z", "actual_off": "2021-02-10T10:29:17Z", "scheduled_on": NaN, "estimated_on": NaN, "actual_on": "2021-02-10T10:29:17Z", "scheduled_in": NaN, "estimated_in": NaN, "actual_in": NaN, "status": "result unknown", "route_distance": NaN, "diverted": false, "cancelled": false, "simplified_departure_date": "2021-02-10", "origin_coords": [55.8473, 38.14506], "destination_coords": [55.90603, 37.96945], "is_same_city": false}}, {"type": "Feature", "geometry": {"type": "LineString", "coordinates": [[40.92742, 56.49483], [40.89831095705004, 56.48899569377207], [40.86921087077426, 56.48315458194347], [40.84011974686616, 56.47730666811576], [40.81103759100046, 56.47145195589215], [40.781964408833076, 56.46559044887756], [40.75290020600116, 56.45972215067859], [40.723844988123076, 56.45384706490346], [40.69479876079845, 56.44796519516209], [40.665761529608126, 56.44207654506601], [40.63673330011426, 56.43618111822843], [40.60771407786024, 56.43027891826415], [40.57870386837073, 56.424369948789604], [40.54970267715174, 56.418454213422855], [40.520710509690524, 56.41253171578353], [40.49172737145569, 56.40660245949289], [40.462753267897156, 56.400666448173766], [40.43378820444618, 56.39472368545054], [40.40483218651534, 56.38877417494923], [40.375885219498635, 56.38281792029732], [40.34694730877137, 56.37685492512392], [40.318018459690265, 56.370885193059664], [40.28909867759341, 56.3649087277367], [40.260187967800334, 56.35892553278872], [40.23128633561191, 56.3529356118509], [40.202393786310544, 56.34693896855999], [40.17351032515995, 56.34093560655417], [40.144635957405406, 56.334925529473146], [40.11577068827357, 56.3289087409581], [40.08691452297261, 56.32288524465168], [40.05806746669217, 56.31685504419802], [40.029229524603394, 56.31081814324268], [40.000400701858915, 56.30477454543268], [39.971581003592895, 56.2987242544165], [39.94277043492103, 56.292667273844025], [39.913969000940554, 56.28660360736656], [39.885176706730256, 56.28053325863684], [39.8563935573505, 56.27445623130899], [39.827619557843214, 56.26837252903856], [39.79885471323191, 56.262282155482445], [39.77009902852176, 56.25618511429896], [39.74135250869947, 56.25008140914776], [39.71261515873344, 56.243971043689896], [39.68388698357367, 56.23785402158773], [39.65516798815183, 56.23173034650502], [39.62645817738127, 56.22560002210681], [39.597757556157, 56.21946305205951], [39.56906612935571, 56.213319440030844], [39.54038390183584, 56.207169189689836], [39.51171087843748, 56.20101230470682], [39.48304706398253, 56.19484878875344], [39.45439246327456, 56.1886786455026], [39.42574708109895, 56.182501878628486], [39.3971109222228, 56.17631849180659], [39.36848399139505, 56.170128488713615], [39.339866293346404, 56.163931873027565], [39.311257832789366, 56.157728648427664], [39.282658614418274, 56.15151881859437], [39.2540686429093, 56.14530238720938], [39.22548792292049, 56.139079357955595], [39.196916459091725, 56.13284973451716], [39.16835425604475, 56.1266135205794], [39.13980131838324, 56.120370719828834], [39.11125765069276, 56.114121335953165], [39.08272325754076, 56.10786537264132], [39.05419814347667, 56.10160283358333], [39.025682313031844, 56.095333722470436], [38.99717577071958, 56.089058042995006], [38.96867852103519, 56.082775798850584], [38.94019056845595, 56.07648699373181], [38.911711917441096, 56.07019163133449], [38.88324257243197, 56.06388971535555], [38.854782537851875, 56.057581249493], [38.82633181810618, 56.051266237445994], [38.797890417582316, 56.04494468291475], [38.769458340649784, 56.0386165896006], [38.74103559166018, 56.03228196120593], [38.71262217494718, 56.025940801434224], [38.68421809482658, 56.01959311399001], [38.655823355596354, 56.01323890257892], [38.627437961536565, 56.00687817090755], [38.599061916909456, 56.0005109226836], [38.57069522595946, 55.9941371616158], [38.542337892913174, 55.98775689141389], [38.51398992197942, 55.981370115788614], [38.48565131734926, 55.974976838451745], [38.457322083195926, 55.96857706311604], [38.42900222367496, 55.962170793495275], [38.40069174292415, 55.95575803330419], [38.37239064506357, 55.94933878625847], [38.344098934195564, 55.94291305607485], [38.315816614404824, 55.93648084647094], [38.28754368975835, 55.93004216116535], [38.25928016430548, 55.92359700387763], [38.23102604207792, 55.91714537832825], [38.20278132708973, 55.91068728823863], [38.17454602333738, 55.904222737331075], [38.14632013479973, 55.897751729328846], [38.11810366543806, 55.89127426795608], [38.0898966191961, 55.88479035693783], [38.061699, 55.8783]]}, "properties": {"fa_flight_id": "RA86906-1612875414-adhoc-0", "registration": "RA-86906", "ident": "RA-86906", "ident_icao": NaN, "origin_code": "L 56.49483 40.92742", "origin_city": "Yaroslavl Oblast", "destination_code": "UUMU", "destination_city": NaN, "scheduled_out": NaN, "estimated_out": NaN, "actual_out": NaN, "scheduled_off": "2021-02-09T12:56:54Z", "estimated_off": "2021-02-09T12:56:54Z", "actual_off": "2021-02-09T12:56:54Z", "scheduled_on": NaN, "estimated_on": NaN, "actual_on": "2021-02-09T12:56:54Z", "scheduled_in": NaN, "estimated_in": NaN, "actual_in": NaN, "status": "result unknown", "route_distance": NaN, "diverted": false, "cancelled": false, "simplified_departure_date": "2021-02-09", "origin_coords": [56.49483, 40.92742], "destination_coords": [55.8783, 38.061699], "is_same_city": false}}, {"type": "Feature", "geometry": {"type": "LineString", "coordinates": [[38.15254, 55.83738000000001], [38.18031323057405, 55.85099560925461], [38.20810592379895, 55.86460495992486], [38.23591809431097, 55.87820804442145], [38.263749756740324, 55.89180485514654], [38.291600925711194, 55.9053953844937], [38.31947161584152, 55.91897962484795], [38.34736184174304, 55.932557568585764], [38.375271618021124, 55.94612920807503], [38.40320095927475, 55.95969453567505], [38.43114988009641, 55.973253543736575], [38.45911839507199, 55.98680622460178], [38.487106518780735, 56.00035257060424], [38.51511426579517, 56.01389257406899], [38.543141650680994, 56.0274262273124], [38.571188687997, 56.04095352264233], [38.59925539229499, 56.054474452358015], [38.62734177811975, 56.067989008750104], [38.65544786000886, 56.08149718410062], [38.683573652492726, 56.094998970683065], [38.711719170094405, 56.10849436076223], [38.739884427329564, 56.12198334659439], [38.768069438706405, 56.13546592042716], [38.79627421872557, 56.14894207449957], [38.82449878188005, 56.162411801042055], [38.85274314265511, 56.17587509227638], [38.88100731552817, 56.18933194041576], [38.909291314968804, 56.202782337664736], [38.93759515543855, 56.21622627621926], [38.9659188513909, 56.22966374826664], [38.994262417271194, 56.24309474598559], [39.02262586751652, 56.256519261546146], [39.05100921655563, 56.26993728710976], [39.07941247880888, 56.2833488148292], [39.10783566868809, 56.29675383684868], [39.13627880059653, 56.31015234530369], [39.16474188892876, 56.323544332321134], [39.19322494807059, 56.336929790019255], [39.221727992398975, 56.350308710507676], [39.25025103628192, 56.36368108588734], [39.27879409407842, 56.377046908250556], [39.30735718013832, 56.390406169681015], [39.335940308802265, 56.40375886225372], [39.364543494401616, 56.41710497803502], [39.39316675125834, 56.430444509082655], [39.42181009368491, 56.443777447445655], [39.450473535984244, 56.45710378516444], [39.479157092449604, 56.47042351427073], [39.50786077736447, 56.48373662678762], [39.536584605002524, 56.49704311472952], [39.56532858962748, 56.51034297010218], [39.594092745493036, 56.523636184902706], [39.62287708684278, 56.53692275111949], [39.65168162791007, 56.550202660732346], [39.68050638291799, 56.56347590571231], [39.70935136607919, 56.576742478021835], [39.738216591595844, 56.590002369614645], [39.767102073659565, 56.603255572435835], [39.79600782645126, 56.616502078421796], [39.824933864141066, 56.62974187950027], [39.85388020088826, 56.64297496759029], [39.88284685084116, 56.65620133460227], [39.911833828137034, 56.66942097243786], [39.94084114690196, 56.682633872990124], [39.96986882125082, 56.69584002814337], [39.998916865287086, 56.709039429773284], [40.02798529310287, 56.722232069746845], [40.05707411877868, 56.73541793992234], [40.08618335638343, 56.7485970321494], [40.11531301997425, 56.76176933826895], [40.1444631235965, 56.77493485011326], [40.17363368128359, 56.788093559505874], [40.20282470705688, 56.80124545826169], [40.23203621492565, 56.8143905381869], [40.26126821888691, 56.82752879107902], [40.290520732925394, 56.84066020872689], [40.319793771013366, 56.8537847829106], [40.34908734711061, 56.866902505401676], [40.378401475164274, 56.88001336796284], [40.40773616910876, 56.893117362348185], [40.43709144286568, 56.9062144803031], [40.46646731034371, 56.919304713564316], [40.4958637854385, 56.93238805385982], [40.52528088203258, 56.94546449290896], [40.55471861399524, 56.958534022422384], [40.584176995182446, 56.97159663410207], [40.61365603943673, 56.98465231964126], [40.643155760587085, 56.997701070724546], [40.672676172448874, 57.01074287902785], [40.702217288823704, 57.023777736218356], [40.73177912349935, 57.036805633954614], [40.76136169024963, 57.049826563886455], [40.7909650028343, 57.06284051765505], [40.82058907499896, 57.075847486892854], [40.85023392047497, 57.08884746322366], [40.87989955297926, 57.10184043826259], [40.90958598621436, 57.11482640361608], [40.93929323386816, 57.12780535088182], [40.96902130961391, 57.14077727164893], [40.998770227110015, 57.15374215749776], [41.02854000000001, 57.1667]]}, "properties": {"fa_flight_id": "RA86906-1612859328-adhoc-0", "registration": "RA-86906", "ident": "RA-86906", "ident_icao": NaN, "origin_code": "L 55.83738 38.15254", "origin_city": "Moscow", "destination_code": "L 57.16670 41.02854", "destination_city": "Yaroslavl Oblast", "scheduled_out": NaN, "estimated_out": NaN, "actual_out": NaN, "scheduled_off": "2021-02-09T08:28:48Z", "estimated_off": "2021-02-09T08:28:48Z", "actual_off": "2021-02-09T08:28:48Z", "scheduled_on": NaN, "estimated_on": NaN, "actual_on": "2021-02-09T08:28:48Z", "scheduled_in": NaN, "estimated_in": NaN, "actual_in": NaN, "status": "result unknown", "route_distance": NaN, "diverted": false, "cancelled": false, "simplified_departure_date": "2021-02-09", "origin_coords": [55.83738, 38.15254], "destination_coords": [57.1667, 41.02854], "is_same_city": false}}, {"type": "Feature", "geometry": {"type": "LineString", "coordinates": [[39.6243, 47.15869], [39.61133885699463, 47.24597749592747], [39.59833492825635, 47.33326352553341], [39.58528794164345, 47.420548079466364], [39.572197622821754, 47.50783114829918], [39.559063695242145, 47.59511272252834], [39.54588588011787, 47.68239279257314], [39.53266389640147, 47.76967134877489], [39.51939746076157, 47.85694838139613], [39.506086287559235, 47.94422388061979], [39.49273008882416, 48.031497836548375], [39.47932857423044, 48.1187702392031], [39.46588145107221, 48.20604107852313], [39.45238842423875, 48.293310344364556], [39.43884919618956, 48.38057802649974], [39.42526346692884, 48.467844114616234], [39.411630933979936, 48.555108598316025], [39.39795129235914, 48.64237146711457], [39.38422423454953, 48.72963271043992], [39.37044945047417, 48.81689231763174], [39.35662662746914, 48.904150277940424], [39.342755450256206, 48.991406580526146], [39.32883560091505, 49.07866121445785], [39.31486675885531, 49.16591416871235], [39.30084860078813, 49.25316543217325], [39.28678080069738, 49.34041499363006], [39.27266302981058, 49.4276628417771], [39.258494956569336, 49.514908965212484], [39.24427624659953, 49.60215335243715], [39.23000656268099, 49.689395991853736], [39.21568556471687, 49.77663687176552], [39.201312909702615, 49.863875980375404], [39.186888251694505, 49.951113305784794], [39.172411241777816, 50.03834883599243], [39.157881528034515, 50.12558255889338], [39.14329875551065, 50.21281446227783], [39.12866256618317, 50.300044533829926], [39.11397259892643, 50.38727276112668], [39.09922848947822, 50.474499131636726], [39.0844298704053, 50.56172363271912], [39.06957637106858, 50.64894625162221], [39.05466761758774, 50.73616697548231], [39.03970323280551, 50.82338579132252], [39.02468283625129, 50.91060268605145], [39.00960604410451, 50.997817646461925], [38.99447246915733, 51.085030659229716], [38.979281720776946, 51.172241710912225], [38.96403340486732, 51.25945078794716], [38.94872712383048, 51.346657876651165], [38.93336247652724, 51.43386296321847], [38.917939058237415, 51.521066033719535], [38.90245646061948, 51.608267074099594], [38.88691427166975, 51.6954660701773], [38.871312075680954, 51.78266300764322], [38.85564945320022, 51.86985787205842], [38.839925980986585, 51.95705064885298], [38.82414123196785, 52.04424132332445], [38.80829477519686, 52.13142988063644], [38.792386175807245, 52.21861630581694], [38.77641499496846, 52.30580058375684], [38.76038078984028, 52.39298269920836], [38.7442831135267, 52.4801626367834], [38.72812151502902, 52.56734038095191], [38.71189553919858, 52.65451591604028], [38.695604726688565, 52.741689226229646], [38.67924861390527, 52.82886029555421], [38.662826732958735, 52.91602910789944], [38.6463386116125, 53.003195647000474], [38.62978377323295, 53.0903598964402], [38.613161736737666, 53.17752183964758], [38.59647201654322, 53.26468145989573], [38.57971412251221, 53.35183874030016], [38.562887559899515, 53.438993663816866], [38.545991829297805, 53.52614621324043], [38.529026426582305, 53.61329637120209], [38.511990842854715, 53.700444120167816], [38.49488456438644, 53.7875894424363], [38.47770707256088, 53.874732320137], [38.46045784381503, 53.961872735228], [38.443136349580094, 54.04901066949405], [38.4257420562214, 54.13614610454442], [38.40827442497737, 54.22327902181078], [38.390732911897615, 54.31040940254507], [38.3731169677801, 54.397537227817224], [38.35542603810754, 54.48466247851306], [38.33765956298268, 54.57178513533197], [38.3198169770628, 54.65890517878462], [38.30189770949318, 54.74602258919069], [38.283901183839575, 54.83313734667644], [38.26582681801977, 54.92024943117237], [38.24767402423409, 55.007358822410815], [38.22944220889488, 55.09446549992344], [38.211130772554995, 55.18156944303876], [38.192739109835145, 55.26867063087963], [38.174266609350255, 55.355769042360606], [38.15571265363466, 55.44286465618544], [38.137076619066235, 55.52995745084432], [38.118357875789386, 55.617047404611284], [38.09955578763683, 55.70413449554138], [38.08066971205031, 55.791218701468004], [38.061699, 55.8783]]}, "properties": {"fa_flight_id": "RA86906-1612626717-adhoc-0", "registration": "RA-86906", "ident": "RA-86906", "ident_icao": NaN, "origin_code": "L 47.15869 39.62430", "origin_city": "Krasnodar Krai", "destination_code": "UUMU", "destination_city": NaN, "scheduled_out": NaN, "estimated_out": NaN, "actual_out": NaN, "scheduled_off": "2021-02-06T15:51:57Z", "estimated_off": "2021-02-06T15:51:57Z", "actual_off": "2021-02-06T15:51:57Z", "scheduled_on": NaN, "estimated_on": NaN, "actual_on": "2021-02-06T15:51:57Z", "scheduled_in": NaN, "estimated_in": NaN, "actual_in": NaN, "status": "result unknown", "route_distance": NaN, "diverted": false, "cancelled": false, "simplified_departure_date": "2021-02-06", "origin_coords": [47.15869, 39.6243], "destination_coords": [55.8783, 38.061699], "is_same_city": false}}, {"type": "Feature", "geometry": {"type": "LineString", "coordinates": [[38.17683, 55.85086], [38.397636110975036, 55.87947116553441], [38.61876566703694, 55.90768659416187], [38.840214960733014, 55.93550528935643], [39.06198024198075, 55.962926265383594], [39.2840577183536, 55.98994854745947], [39.50644355537947, 56.016571171908915], [39.72913387685218, 56.042793186322996], [39.95212476515574, 56.06861364971523], [40.17541226160146, 56.09403163267693], [40.39899236677803, 56.11904621753146], [40.62286104091438, 56.14365649848742], [40.847014204255316, 56.16786158179041], [41.07144773745011, 56.191660585873834], [41.29615748195368, 56.21505264150816], [41.52113924044068, 56.238036891948994], [41.74638877723215, 56.26061249308363], [41.971901818734764, 56.2827786135762], [42.19767405389278, 56.30453443501125], [42.423701134652354, 56.32587915203573], [42.64997867643832, 56.34681197249942], [42.87650225864335, 56.3673321175936], [43.10326742512918, 56.387438821988], [43.33026968474021, 56.40713133396594], [43.55750451182897, 56.42640891555764], [43.78496734679354, 56.445270842671626], [44.01265359662682, 56.46371640522418], [44.24055863547744, 56.48174490726674], [44.4686778052221, 56.499355667111324], [44.69700641604952, 56.51654801745371], [44.92553974705542, 56.533321305494646], [45.154273046848694, 56.549674893058715], [45.38320153416847, 56.56560815671088], [45.612320398511905, 56.581120487870926], [45.84162480077256, 56.59621129292539], [46.071109873889164, 56.61087999333704], [46.300770723504556, 56.625126025752174], [46.53060242863458, 56.63894884210505], [46.76060004234686, 56.652347909720085], [46.99075859244899, 56.66532271141134], [47.22107308218626, 56.67787274557934], [47.451538490948366, 56.68999752630535], [47.68214977498503, 56.701696583442796], [47.912901868130376, 56.71296946270613], [48.143789682535605, 56.72381572575663], [48.37480810940986, 56.734234950285725], [48.6059520197691, 56.74422673009512], [48.837216265192396, 56.75379067517427], [49.06859567858587, 56.7629264117748], [49.3000850749536, 56.771633582481996], [49.5316792521753, 56.77991184628335], [49.763372991790725, 56.787760878633904], [49.995161059790235, 56.79518037151885], [50.22703820741127, 56.80217003351267], [50.4589991719407, 56.808729589835565], [50.6910386775224, 56.81485878240633], [50.92315143596992, 56.820557369892484], [51.155332147584026, 56.8258251277569], [51.387575501974595, 56.830661848301375], [51.61987617888674, 56.83506734070702], [51.852228849030766, 56.839041431071266], [52.08462817491555, 56.84258396244179], [52.31706881168532, 56.84569479484697], [52.54954540795906, 56.84837380532326], [52.78205260667268, 56.85062088793912], [53.01458504592327, 56.85243595381567], [53.2471373598153, 56.85381893114408], [53.47970417930845, 56.854769765199585], [53.71228013306648, 56.85528841835213], [53.944859848307225, 56.855374870073796], [54.177437951653026, 56.85502911694275], [54.410009069981385, 56.85425117264395], [54.64256783127563, 56.85304106796645], [54.875108865475, 56.85139885079742], [55.10762680532405, 56.84932458611272], [55.34011628722105, 56.84681835596427], [55.57257195206467, 56.84388025946403], [55.80498844609924, 56.84051041276461], [56.03736042175762, 56.836708949036634], [56.26968253850195, 56.83247601844285], [56.50194946366134, 56.827811788108754], [56.73415587326674, 56.822716442090176], [56.9662964528823, 56.817190181337416], [57.19836589843301, 56.81123322365626], [57.43035891702841, 56.80484580366569], [57.66227022778185, 56.79802817275239], [57.89409456262513, 56.79078059902213], [58.125826667118204, 56.78310336724789], [58.357461301253664, 56.77499677881495], [58.588993240255505, 56.76646115166266], [58.82041727537222, 56.75749682022343], [59.0517282146636, 56.74810413535834], [59.28292088378113, 56.73828346428993], [59.51399012674179, 56.728035190531855], [59.744930806694605, 56.71735971381563], [59.975737806680186, 56.70625745001444], [60.20640603038255, 56.69472883106397], [60.436930402873166, 56.68277430488042], [60.6673058713471, 56.67039433527567], [60.89752740585052, 56.65758940186967], [61.127590000000005, 56.64436]]}, "properties": {"fa_flight_id": "RA86906-1613549465-adhoc-0", "registration": "RA-86906", "ident": "RA-86906", "ident_icao": NaN, "origin_code": "L 55.85086 38.17683", "origin_city": "Moscow", "destination_code": "L 56.64436 61.12759", "destination_city": "Yekaterinburg", "scheduled_out": NaN, "estimated_out": NaN, "actual_out": NaN, "scheduled_off": "2021-02-17T08:11:05Z", "estimated_off": "2021-02-17T08:11:05Z", "actual_off": "2021-02-17T08:11:05Z", "scheduled_on": NaN, "estimated_on": NaN, "actual_on": "2021-02-17T08:11:05Z", "scheduled_in": NaN, "estimated_in": NaN, "actual_in": NaN, "status": "result unknown", "route_distance": NaN, "diverted": false, "cancelled": false, "simplified_departure_date": "2021-02-17", "origin_coords": [55.85086, 38.17683], "destination_coords": [56.64436, 61.12759], "is_same_city": false}}, {"type": "Feature", "geometry": {"type": "LineString", "coordinates": [[37.11670000000001, 52.45141999999999], [37.125409943932915, 52.48572369165833], [37.134133483324874, 52.52002674276057], [37.14287065604597, 52.554329151510416], [37.1516215001023, 52.5886309161051], [37.160386053636536, 52.62293203473531], [37.169164354928526, 52.657232505585135], [37.17795644239597, 52.69153232683209], [37.186762354594975, 52.72583149664707], [37.19558213022073, 52.760130013194285], [37.204415808108116, 52.794427874631296], [37.21326342723232, 52.82872507910892], [37.222125026709506, 52.86302162477122], [37.23100064579743, 52.89731750975551], [37.23989032389608, 52.931612732192264], [37.24879410054833, 52.96590729020511], [37.25771201544059, 53.00020118191083], [37.26664410840345, 53.03449440541929], [37.27559041941235, 53.06878695883341], [37.28455098858824, 53.10307884024914], [37.2935258561982, 53.13737004775545], [37.30251506265616, 53.17166057943423], [37.31151864852357, 53.205950433360385], [37.320536654510015, 53.24023960760163], [37.32956912147396, 53.27452810021863], [37.33861609042341, 53.308815909264816], [37.347677602516555, 53.34310303278647], [37.35675369906251, 53.37738946882263], [37.36584442152202, 53.41167521540506], [37.37494981150806, 53.445960270558224], [37.38406991078666, 53.480244632299275], [37.39320476127752, 53.51452829863799], [37.40235440505475, 53.54881126757673], [37.41151888434758, 53.58309353711044], [37.42069824154109, 53.6173751052266], [37.42989251917687, 53.65165596990515], [37.43910175995386, 53.68593612911855], [37.44832600672892, 53.72021558083161], [37.45756530251771, 53.7544943230016], [37.46681969049533, 53.78877235357813], [37.476089213997085, 53.823049670503075], [37.48537391651928, 53.85732627171063], [37.49467384171985, 53.891602155127266], [37.50398903341923, 53.92587731867162], [37.51331953560106, 53.960151760254504], [37.522665392412954, 53.99442547777888], [37.53202664816722, 54.028698469139826], [37.54140334734171, 54.06297073222444], [37.55079553458054, 54.09724226491188], [37.56020325469487, 54.13151306507325], [37.56962655266369, 54.16578313057163], [37.57906547363462, 54.20005245926204], [37.58852006292468, 54.23432104899132], [37.597990366021094, 54.26858889759815], [37.607476428582096, 54.30285600291303], [37.616978296437715, 54.33712236275822], [37.62649601559058, 54.37138797494764], [37.63602963221679, 54.40565283728694], [37.645579192666645, 54.4399169475734], [37.65514474346553, 54.474180303595894], [37.6647263313147, 54.508442903134835], [37.67432400309216, 54.54270474396216], [37.68393780585344, 54.576965823841306], [37.69356778683248, 54.61122614052713], [37.70321399344248, 54.64548569176585], [37.7128764732767, 54.67974447529509], [37.72255527410936, 54.71400248884376], [37.73225044389648, 54.74825973013204], [37.741962030776754, 54.78251619687134], [37.75169008307242, 54.81677188676426], [37.7614346492901, 54.851026797504524], [37.771195778121715, 54.885280926776964], [37.7809735184454, 54.9195342722575], [37.7907679193263, 54.953786831613016], [37.80057903001754, 54.98803860250142], [37.81040689996109, 55.022289582571496], [37.82025157878869, 55.05653976946293], [37.83011311632275, 55.090789160806246], [37.839991562577254, 55.12503775422278], [37.849886967758685, 55.1592855473246], [37.85979938226697, 55.19353253771446], [37.86972885669638, 55.2277787229858], [37.879675441836476, 55.26202410072269], [37.88963918867306, 55.29626866849972], [37.89962014838912, 55.330512423882034], [37.90961837236575, 55.36475536442523], [37.91963391218316, 55.398997487675366], [37.929666819621595, 55.43323879116884], [37.93971714666232, 55.467479272432435], [37.9497849454886, 55.50171892898317], [37.959870268486675, 55.53595775832834], [37.96997316824671, 55.570195757965415], [37.98009369756385, 55.604432925382], [37.99023190943919, 55.63866925805583], [38.00038785708073, 55.67290475345464], [38.010561593904455, 55.70713940903619], [38.02075317353531, 55.741373222248185], [38.03096264980823, 55.77560619052823], [38.04119007676915, 55.80983831130375], [38.05143550867604, 55.84406958199202], [38.061699, 55.8783]]}, "properties": {"fa_flight_id": "RA86906-1614789730-adhoc-0", "registration": "RA-86906", "ident": "RA-86906", "ident_icao": NaN, "origin_code": "L 52.45142 37.11670", "origin_city": "Moscow", "destination_code": "UUMU", "destination_city": NaN, "scheduled_out": NaN, "estimated_out": NaN, "actual_out": NaN, "scheduled_off": "2021-03-03T16:42:10Z", "estimated_off": "2021-03-03T16:42:10Z", "actual_off": "2021-03-03T16:42:10Z", "scheduled_on": NaN, "estimated_on": NaN, "actual_on": "2021-03-03T16:42:10Z", "scheduled_in": NaN, "estimated_in": NaN, "actual_in": NaN, "status": "result unknown", "route_distance": NaN, "diverted": false, "cancelled": false, "simplified_departure_date": "2021-03-03", "origin_coords": [52.45142, 37.1167], "destination_coords": [55.8783, 38.061699], "is_same_city": false}}, {"type": "Feature", "geometry": {"type": "LineString", "coordinates": [[37.97646, 55.97622], [37.96799705683997, 55.93464634981113], [37.959552257500796, 55.89307212082964], [37.95112553508371, 55.851497315197676], [37.94271682301137, 55.809921935046965], [37.934326055025984, 55.76834598249901], [37.92595316518735, 55.72676945966504], [37.91759808787098, 55.685192368646184], [37.90926075776618, 55.643614711533445], [37.90094110987421, 55.60203649040778], [37.89263907950638, 55.560457707340184], [37.88435460228226, 55.518878364391746], [37.876087614127755, 55.47729846361369], [37.86783805127338, 55.435718007047456], [37.85960585025238, 55.394136996724725], [37.85139094789894, 55.3525554346675], [37.84319328134644, 55.310973322888174], [37.83501278802565, 55.26939066338957], [37.826849405662955, 55.22780745816502], [37.81870307227865, 55.186223709198366], [37.81057372618519, 55.144639418464074], [37.80246130598543, 55.103054587927296], [37.79436575057097, 55.061469219543866], [37.78628699912042, 55.019883315260394], [37.77822499109773, 54.97829687701434], [37.77017966625051, 54.936709906734], [37.76215096460835, 54.89512240633865], [37.7541388264812, 54.85353437773849], [37.74614319245771, 54.811945822834865], [37.738164003403604, 54.770356743520104], [37.73020120046005, 54.72876714167773], [37.722254725042085, 54.68717701918246], [37.71432451883699, 54.64558637790025], [37.70641052380273, 54.603995219688365], [37.69851268216635, 54.562403546395416], [37.690630936422465, 54.52081135986141], [37.68276522933163, 54.47921866191782], [37.67491550391889, 54.4376254543876], [37.66708170347217, 54.396031739085274], [37.65926377154083, 54.35443751781693], [37.65146165193407, 54.31284279238035], [37.643675288719514, 54.27124756456498], [37.635904626221674, 54.229651836152016], [37.62814960902049, 54.18805560891445], [37.62041018194986, 54.14645888461712], [37.61268629009616, 54.10486166501675], [37.604977878796845, 54.063263951861956], [37.59728489363896, 54.02166574689341], [37.58960728045775, 53.98006705184375], [37.581944985335205, 53.93846786843772], [37.574297954598684, 53.89686819839213], [37.56666613481951, 53.855268043416004], [37.55904947281157, 53.81366740521059], [37.55144791562996, 53.77206628546929], [37.54386141056952, 53.73046468587793], [37.536289905163635, 53.68886260811458], [37.52873334718276, 53.64726005384972], [37.521191684633095, 53.60565702474628], [37.5136648657553, 53.56405352245963], [37.5061528390231, 53.52244954863768], [37.49865555314205, 53.480845104920874], [37.49117295704812, 53.43924019294226], [37.483704999906536, 53.397634814327525], [37.47625163111037, 53.35602897069504], [37.468812800279316, 53.314422663655904], [37.461388457258394, 53.27281589481396], [37.453978552116716, 53.231208665765884], [37.44658303514619, 53.18960097810116], [37.43920185686033, 53.147992833402206], [37.43183496799295, 53.10638423324429], [37.42448231949698, 53.06477517919574], [37.41714386254322, 53.023165672817825], [37.40981954851915, 52.98155571566487], [37.4025093290277, 52.93994530928426], [37.39521315588606, 52.898334455216556], [37.38793098112451, 52.856723154995436], [37.38066275698519, 52.81511141014779], [37.37340843592097, 52.773499222193756], [37.366167970594276, 52.731886592646696], [37.35894131387591, 52.69027352301334], [37.351728418843905, 52.648660014793734], [37.344529238782414, 52.60704606948132], [37.33734372718053, 52.565431688562946], [37.33017183773117, 52.523816873518946], [37.32301352432997, 52.482201625823116], [37.31586874107416, 52.44058594694279], [37.30873744226146, 52.39896983833889], [37.30161958238895, 52.35735330146592], [37.29451511615204, 52.315736337772016], [37.287423998443344, 52.27411894869898], [37.28034618435159, 52.23250113568235], [37.27328162916059, 52.19088290015139], [37.266230288348126, 52.1492642435291], [37.259192117584945, 52.10764516723234], [37.252167072733684, 52.066025672671806], [37.245155109847786, 52.02440576125205], [37.23815618517058, 51.982785434371515], [37.2311702551341, 51.941164693422664], [37.22419727635818, 51.89954353979186], [37.21723720564938, 51.85792197485949], [37.21028999999999, 51.8163]]}, "properties": {"fa_flight_id": "RA86906-1614762814-adhoc-0", "registration": "RA-86906", "ident": "RA-86906", "ident_icao": NaN, "origin_code": "L 55.97622 37.97646", "origin_city": "Moscow", "destination_code": "L 51.81630 37.21029", "destination_city": "Moscow", "scheduled_out": NaN, "estimated_out": NaN, "actual_out": NaN, "scheduled_off": "2021-03-03T09:13:34Z", "estimated_off": "2021-03-03T09:13:34Z", "actual_off": "2021-03-03T09:13:34Z", "scheduled_on": NaN, "estimated_on": NaN, "actual_on": "2021-03-03T09:13:34Z", "scheduled_in": NaN, "estimated_in": NaN, "actual_in": NaN, "status": "result unknown", "route_distance": NaN, "diverted": false, "cancelled": false, "simplified_departure_date": "2021-03-03", "origin_coords": [55.97622, 37.97646], "destination_coords": [51.8163, 37.21029], "is_same_city": false}}, {"type": "Feature", "geometry": {"type": "LineString", "coordinates": [[37.943290000000005, 55.93549], [37.94500372486155, 55.93468397452235], [37.94671737841488, 55.93387792526118], [37.94843096066299, 55.933071852218205], [37.950144471608894, 55.93226575539513], [37.951857911255644, 55.931459634793676], [37.95357127960626, 55.93065349041554], [37.95528457666376, 55.92984732226245], [37.95699780243117, 55.929041130336074], [37.95871095691152, 55.92823491463818], [37.960424040107824, 55.92742867517044], [37.96213705202313, 55.926622411934574], [37.96384999266045, 55.9258161249323], [37.965562862022814, 55.92500981416531], [37.967275660113245, 55.92420347963532], [37.96898838693477, 55.92339712134405], [37.97070104249042, 55.922590739293184], [37.972413626783215, 55.92178433348447], [37.97412613981619, 55.920977903919585], [37.97583858159237, 55.92017145060025], [37.977550952114775, 55.919364973528175], [37.97926325138644, 55.91855847270505], [37.9809754794104, 55.917751948132604], [37.98268763618966, 55.916945399812555], [37.984399721727264, 55.916138827746586], [37.98611173602623, 55.91533223193641], [37.9878236790896, 55.914525612383756], [37.989535550920394, 55.913718969090304], [37.991247351521636, 55.912912302057784], [37.99295908089636, 55.912105611287885], [37.9946707390476, 55.91129889678234], [37.99638232597837, 55.91049215854283], [37.998093841691706, 55.90968539657107], [37.999805286190636, 55.90887861086878], [38.00151665947819, 55.908071801437664], [38.0032279615574, 55.907264968279414], [38.00493919243128, 55.90645811139574], [38.00665035210288, 55.90565123078836], [38.00836144057522, 55.90484432645898], [38.01007245785133, 55.9040373984093], [38.01178340393424, 55.90323044664103], [38.01349427882698, 55.90242347115588], [38.01520508253257, 55.90161647195555], [38.016915815054055, 55.900809449041745], [38.01862647639445, 55.90000240241616], [38.020337066556806, 55.899195332080545], [38.022047585544136, 55.89838823803654], [38.02375803335947, 55.89758112028592], [38.02546841000585, 55.89677397883035], [38.0271787154863, 55.89596681367154], [38.02888894980385, 55.89515962481119], [38.03059911296153, 55.89435241225102], [38.03230920496238, 55.893545175992735], [38.03401922580941, 55.89273791603802], [38.03572917550568, 55.891930632388615], [38.037439054054204, 55.891123325046195], [38.03914886145802, 55.89031599401247], [38.04085859772015, 55.88950863928915], [38.04256826284363, 55.888701260877944], [38.0442778568315, 55.88789385878056], [38.04598737968678, 55.88708643299867], [38.0476968314125, 55.88627898353401], [38.049406212011704, 55.88547151038828], [38.05111552148744, 55.884664013563174], [38.0528247598427, 55.88385649306041], [38.05453392708054, 55.88304894888167], [38.056243023204, 55.882241381028685], [38.05795204821609, 55.88143378950314], [38.05966100211986, 55.88062617430674], [38.061369884918335, 55.8798185354412], [38.06307869661456, 55.87901087290821], [38.06478743721155, 55.87820318670948], [38.06649610671235, 55.877395476846694], [38.06820470512, 55.87658774332159], [38.06991323243751, 55.87577998613585], [38.07162168866794, 55.87497220529118], [38.07333007381432, 55.874164400789276], [38.075038387879665, 55.87335657263184], [38.076746630867014, 55.872548720820596], [38.07845480277942, 55.87174084535723], [38.0801629036199, 55.870932946243435], [38.08187093339149, 55.87012502348094], [38.08357889209724, 55.86931707707141], [38.085286779740166, 55.86850910701658], [38.0869945963233, 55.86770111331813], [38.0887023418497, 55.86689309597777], [38.09041001632238, 55.86608505499721], [38.09211761974439, 55.86527699037814], [38.093825152118754, 55.86446890212226], [38.095532613448505, 55.86366079023127], [38.097240003736694, 55.86285265470689], [38.09894732298634, 55.862044495550805], [38.100654571200494, 55.86123631276472], [38.10236174838219, 55.860428106350334], [38.10406885453444, 55.85961987630934], [38.10577588966031, 55.858811622643444], [38.10748285376281, 55.858003345354355], [38.109189746845004, 55.85719504444376], [38.1108965689099, 55.85638671991338], [38.112603319960556, 55.85557837176489], [38.11431, 55.854769999999995]]}, "properties": {"fa_flight_id": "RA86906-1614679992-adhoc-0", "registration": "RA-86906", "ident": "RA-86906", "ident_icao": NaN, "origin_code": "L 55.93549 37.94329", "origin_city": "Moscow", "destination_code": "L 55.85477 38.11431", "destination_city": "Moscow", "scheduled_out": NaN, "estimated_out": NaN, "actual_out": NaN, "scheduled_off": "2021-03-02T10:13:12Z", "estimated_off": "2021-03-02T10:13:12Z", "actual_off": "2021-03-02T10:13:12Z", "scheduled_on": NaN, "estimated_on": NaN, "actual_on": "2021-03-02T10:13:12Z", "scheduled_in": NaN, "estimated_in": NaN, "actual_in": NaN, "status": "result unknown", "route_distance": NaN, "diverted": false, "cancelled": false, "simplified_departure_date": "2021-03-02", "origin_coords": [55.93549, 37.94329], "destination_coords": [55.85477, 38.11431], "is_same_city": false}}, {"type": "Feature", "geometry": {"type": "LineString", "coordinates": [[38.14254, 55.84814], [38.140786704712475, 55.849079737241965], [38.13903332463952, 55.85001944955742], [38.13727985977632, 55.85095913694427], [38.13552631011799, 55.85189879940041], [38.13377267565971, 55.85283843692377], [38.132018956396635, 55.853778049512265], [38.130265152323915, 55.8547176371638], [38.1285112634367, 55.8556571998763], [38.12675728973016, 55.85659673764766], [38.12500323119944, 55.85753625047583], [38.1232490878397, 55.858475738358685], [38.121494859646084, 55.859415201294155], [38.11974054661376, 55.860354639280146], [38.11798614873789, 55.861294052314584], [38.116231666013626, 55.862233440395364], [38.114477098436105, 55.86317280352042], [38.1127224460005, 55.86411214168764], [38.11096770870195, 55.86505145489494], [38.10921288653564, 55.86599074314025], [38.10745797949669, 55.86693000642148], [38.10570298758028, 55.8678692447365], [38.10394791078156, 55.86880845808327], [38.10219274909568, 55.86974764645969], [38.1004375025178, 55.87068680986366], [38.09868217104307, 55.87162594829309], [38.096926754666654, 55.8725650617459], [38.095171253383704, 55.87350415022], [38.09341566718937, 55.8744432137133], [38.09165999607881, 55.8753822522237], [38.08990424004718, 55.87632126574913], [38.088148399089626, 55.877260254287464], [38.08639247320132, 55.878199217836645], [38.08463646237741, 55.87913815639457], [38.082880366613054, 55.88007706995915], [38.081124185903384, 55.88101595852828], [38.079367920243584, 55.88195482209989], [38.0776115696288, 55.8828936606719], [38.075855134054194, 55.883832474242176], [38.0740986135149, 55.88477126280866], [38.07234200800608, 55.88571002636925], [38.0705853175229, 55.88664876492186], [38.068828542060515, 55.887587478464376], [38.06707168161407, 55.88852616699474], [38.06531473617872, 55.88946483051082], [38.06355770574963, 55.89040346901054], [38.061800590321944, 55.89134208249183], [38.06004338989082, 55.89228067095257], [38.05828610445141, 55.893219234390685], [38.056528733998874, 55.89415777280405], [38.05477127852838, 55.895096286190615], [38.05301373803505, 55.89603477454825], [38.05125611251406, 55.89697323787487], [38.04949840196056, 55.8979116761684], [38.04774060636971, 55.898850089426716], [38.04598272573666, 55.899788477647746], [38.044224760056565, 55.9007268408294], [38.04246670932458, 55.90166517896955], [38.04070857353585, 55.902603492066135], [38.038950352685546, 55.903541780117045], [38.037192046768816, 55.904480043120195], [38.03543365578081, 55.90541828107346], [38.03367517971668, 55.90635649397479], [38.03191661857159, 55.907294681822044], [38.03015797234069, 55.90823284461316], [38.028399241019144, 55.90917098234603], [38.026640424602085, 55.910109095018555], [38.02488152308468, 55.91104718262863], [38.02312253646209, 55.91198524517417], [38.021363464729454, 55.912923282653075], [38.01960430788194, 55.913861295063256], [38.01784506591469, 55.91479928240261], [38.01608573882287, 55.91573724466904], [38.01432632660163, 55.916675181860434], [38.01256682924612, 55.91761309397471], [38.010807246751504, 55.91855098100977], [38.00904757911293, 55.91948884296352], [38.00728782632554, 55.92042667983384], [38.00552798838451, 55.921364491618654], [38.00376806528498, 55.922302278315854], [38.00200805702211, 55.92324003992335], [38.00024796359104, 55.92417777643902], [37.998487784986956, 55.92511548786079], [37.99672752120498, 55.92605317418655], [37.99496717224028, 55.92699083541421], [37.993206738088006, 55.92792847154164], [37.99144621874333, 55.92886608256678], [37.98968561420137, 55.9298036684875], [37.9879249244573, 55.93074122930173], [37.986164149506294, 55.931678765007334], [37.984403289343476, 55.93261627560223], [37.982642343964, 55.93355376108433], [37.980881313363035, 55.934491221451516], [37.97912019753574, 55.93542865670168], [37.97735899647724, 55.93636606683273], [37.97559771018272, 55.937303451842574], [37.97383633864732, 55.93824081172909], [37.97207488186619, 55.9391781464902], [37.97031333983449, 55.9401154561238], [37.96855171254738, 55.941052740627754], [37.96679, 55.94199]]}, "properties": {"fa_flight_id": "RA86906-1615961516-adhoc-0", "registration": "RA-86906", "ident": "RA-86906", "ident_icao": NaN, "origin_code": "L 55.84814 38.14254", "origin_city": "Moscow", "destination_code": "L 55.94199 37.96679", "destination_city": "Moscow", "scheduled_out": NaN, "estimated_out": NaN, "actual_out": NaN, "scheduled_off": "2021-03-17T06:11:56Z", "estimated_off": "2021-03-17T06:11:56Z", "actual_off": "2021-03-17T06:11:56Z", "scheduled_on": NaN, "estimated_on": NaN, "actual_on": "2021-03-17T06:11:56Z", "scheduled_in": NaN, "estimated_in": NaN, "actual_in": NaN, "status": "result unknown", "route_distance": NaN, "diverted": false, "cancelled": false, "simplified_departure_date": "2021-03-17", "origin_coords": [55.84814, 38.14254], "destination_coords": [55.94199, 37.96679], "is_same_city": false}}, {"type": "Feature", "geometry": {"type": "LineString", "coordinates": [[37.932189999999984, 55.93743], [37.933487045863586, 55.93683937321518], [37.93478405217647, 55.93624873280661], [37.93608101893977, 55.93565807877503], [37.93737794615469, 55.93506741112115], [37.93867483382239, 55.93447672984568], [37.93997168194404, 55.93388603494935], [37.94126849052083, 55.93329532643288], [37.94256525955391, 55.93270460429696], [37.94386198904448, 55.932113868542345], [37.945158678993685, 55.93152311916972], [37.94645532940271, 55.930932356179824], [37.94775194027273, 55.93034157957337], [37.94904851160492, 55.92975078935108], [37.95034504340044, 55.929159985513664], [37.95164153566048, 55.92856916806184], [37.952937988386196, 55.92797833699635], [37.954234401578766, 55.92738749231786], [37.95553077523938, 55.92679663402713], [37.95682710936919, 55.926205762124866], [37.95812340396939, 55.925614876611775], [37.959419659041124, 55.92502397748859], [37.96071587458559, 55.92443306475603], [37.96201205060395, 55.9238421384148], [37.96330818709739, 55.923251198465614], [37.964604284067065, 55.9226602449092], [37.965900341514164, 55.92206927774629], [37.96719635943985, 55.921478296977575], [37.968492337845305, 55.92088730260378], [37.969788276731705, 55.92029629462562], [37.971084176100206, 55.91970527304381], [37.972380035952, 55.919114237859084], [37.97367585628825, 55.91852318907214], [37.97497163711014, 55.917932126683716], [37.97626737841883, 55.9173410506945], [37.97756308021551, 55.91674996110524], [37.978858742501345, 55.916158857916635], [37.980154365277514, 55.91556774112941], [37.981449948545176, 55.914976610744276], [37.98274549230552, 55.914385466761935], [37.98404099655973, 55.91379430918314], [37.985336461308954, 55.913203138008576], [37.98663188655437, 55.91261195323897], [37.98792727229718, 55.912020754875044], [37.989222618538534, 55.91142954291752], [37.99051792527961, 55.910838317367094], [37.99181319252159, 55.9102470782245], [37.99310842026564, 55.909655825490454], [37.99440360851295, 55.90906455916567], [37.99569875726467, 55.90847327925085], [37.996993866522, 55.90788198574673], [37.99828893628608, 55.907290678654014], [37.99958396655813, 55.90669935797343], [38.00087895733928, 55.9061080237057], [38.00217390863074, 55.90551667585151], [38.00346882043368, 55.904925314411585], [38.00476369274926, 55.904333939386675], [38.00605852557866, 55.90374255077745], [38.00735331892306, 55.903151148584676], [38.00864807278363, 55.90255973280904], [38.00994278716154, 55.901968303451234], [38.011237462057984, 55.90137686051203], [38.012532097474114, 55.900785403992096], [38.01382669341113, 55.900193933892176], [38.01512124987019, 55.89960245021297], [38.01641576685248, 55.899010952955216], [38.017710244359165, 55.89841944211959], [38.01900468239142, 55.89782791770686], [38.02029908095043, 55.8972363797177], [38.021593440037364, 55.896644828152844], [38.0228877596534, 55.896053263013], [38.02418203979972, 55.895461684298894], [38.02547628047748, 55.89487009201123], [38.026770481687876, 55.89427848615074], [38.02806464343209, 55.89368686671813], [38.02935876571127, 55.893095233714114], [38.03065284852661, 55.892503587139394], [38.03194689187927, 55.89191192699472], [38.033240895770454, 55.89132025328079], [38.03453486020132, 55.8907285659983], [38.03582878517304, 55.890136865148], [38.03712267068681, 55.88954515073058], [38.03841651674379, 55.88895342274676], [38.03971032334515, 55.888361681197274], [38.04100409049208, 55.88776992608282], [38.04229781818576, 55.88717815740411], [38.04359150642735, 55.886586375161876], [38.04488515521804, 55.88599457935681], [38.046178764558995, 55.88540276998966], [38.047472334451406, 55.88481094706111], [38.04876586489644, 55.88421911057188], [38.050059355895264, 55.88362726052271], [38.05135280744908, 55.883035396914295], [38.052646219559044, 55.88244351974735], [38.05393959222634, 55.88185162902258], [38.055232925452145, 55.88125972474072], [38.05652621923764, 55.88066780690248], [38.057819473584, 55.880075875508574], [38.05911268849239, 55.87948393055973], [38.060405863964, 55.87889197205662], [38.061699, 55.8783]]}, "properties": {"fa_flight_id": "RA86906-1616774219-adhoc-0", "registration": "RA-86906", "ident": "RA-86906", "ident_icao": NaN, "origin_code": "L 55.93743 37.93219", "origin_city": "Moscow", "destination_code": "UUMU", "destination_city": NaN, "scheduled_out": NaN, "estimated_out": NaN, "actual_out": NaN, "scheduled_off": "2021-03-26T15:56:59Z", "estimated_off": "2021-03-26T15:56:59Z", "actual_off": "2021-03-26T15:56:59Z", "scheduled_on": NaN, "estimated_on": NaN, "actual_on": "2021-03-26T15:56:59Z", "scheduled_in": NaN, "estimated_in": NaN, "actual_in": NaN, "status": "result unknown", "route_distance": NaN, "diverted": false, "cancelled": false, "simplified_departure_date": "2021-03-26", "origin_coords": [55.93743, 37.93219], "destination_coords": [55.8783, 38.061699], "is_same_city": false}}, {"type": "Feature", "geometry": {"type": "LineString", "coordinates": [[38.19019999999999, 55.84397], [38.187903653670354, 55.84478232168219], [38.18560721136797, 55.84559460060323], [38.18331067309096, 55.84640683676002], [38.181014038837425, 55.84721903014947], [38.17871730860549, 55.84803118076847], [38.17642048239327, 55.84884328861396], [38.17412356019888, 55.84965535368283], [38.17182654202043, 55.85046737597198], [38.16952942785605, 55.85127935547833], [38.16723221770386, 55.85209129219879], [38.164934911561964, 55.852903186130256], [38.1626375094285, 55.85371503726963], [38.16034001130157, 55.85452684561383], [38.15804241717931, 55.855338611159766], [38.15574472705985, 55.85615033390433], [38.153446940941286, 55.85696201384445], [38.15114905882177, 55.85777365097701], [38.14885108069941, 55.858585245298926], [38.14655300657234, 55.85939679680709], [38.144254836438684, 55.86020830549844], [38.141956570296564, 55.86101977136985], [38.13965820814412, 55.86183119441824], [38.137359749979474, 55.862642574640496], [38.13506119580075, 55.86345391203357], [38.132762545606106, 55.86426520659432], [38.13046379939364, 55.86507645831967], [38.128164957161495, 55.865887667206515], [38.125866018907814, 55.86669883325178], [38.12356698463073, 55.86750995645235], [38.12126785432835, 55.868321036805135], [38.118968627998846, 55.869132074307046], [38.11666930564034, 55.86994306895498], [38.114369887250966, 55.87075402074585], [38.112070372828875, 55.87156492967654], [38.109770762372186, 55.87237579574398], [38.107471055879046, 55.87318661894504], [38.105171253347606, 55.87399739927666], [38.102871354776, 55.87480813673574], [38.100571360162355, 55.87561883131914], [38.098271269504856, 55.87642948302381], [38.0959710828016, 55.877240091846645], [38.093670800050745, 55.878050657784534], [38.09137042125046, 55.878861180834384], [38.08906994639886, 55.879671660993104], [38.08676937549411, 55.88048209825758], [38.084468708534345, 55.88129249262474], [38.08216794551773, 55.88210284409146], [38.079867086442405, 55.88291315265466], [38.07756613130652, 55.88372341831123], [38.075265080108224, 55.884533641058106], [38.07296393284568, 55.88534382089214], [38.07066268951703, 55.88615395781025], [38.06836135012043, 55.88696405180935], [38.06605991465403, 55.88777410288635], [38.063758383115996, 55.88858411103812], [38.06145675550447, 55.889394076261574], [38.05915503181763, 55.89020399855363], [38.05685321205361, 55.89101387791117], [38.05455129621057, 55.89182371433109], [38.052249284286695, 55.89263350781031], [38.049947176280114, 55.89344325834572], [38.047644972189, 55.894252965934214], [38.04534267201152, 55.89506263057271], [38.04304027574583, 55.895872252258094], [38.04073778339011, 55.89668183098726], [38.03843519494249, 55.89749136675714], [38.03613251040115, 55.89830085956458], [38.03382972976428, 55.89911030940654], [38.031526853030016, 55.89991971627986], [38.02922388019654, 55.90072908018149], [38.026920811262, 55.901538401108304], [38.0246176462246, 55.90234767905721], [38.02231438508249, 55.90315691402509], [38.020011027833824, 55.903966106008866], [38.0177075744768, 55.90477525500541], [38.01540402500959, 55.905584361011655], [38.01310037943035, 55.90639342402448], [38.010796637737265, 55.90720244404076], [38.0084927999285, 55.908011421057445], [38.00618886600224, 55.908820355071406], [38.003884835956654, 55.90962924607952], [38.001580709789934, 55.910438094078714], [37.99927648750024, 55.91124689906589], [37.996972169085765, 55.91205566103791], [37.99466775454467, 55.912864379991696], [37.992363243875154, 55.91367305592416], [37.99005863707539, 55.91448168883216], [37.987753934143555, 55.91529027871263], [37.985449135077864, 55.91609882556244], [37.98314423987645, 55.9169073293785], [37.98083924853753, 55.91771579015772], [37.97853416105929, 55.918524207896965], [37.97622897743989, 55.91933258259316], [37.97392369767755, 55.920140914243184], [37.971618321770436, 55.92094920284393], [37.96931284971675, 55.921757448392306], [37.967007281514675, 55.92256565088521], [37.9647016171624, 55.92337381031953], [37.962395856658105, 55.92418192669216], [37.96009000000001, 55.92499]]}, "properties": {"fa_flight_id": "RA86906-1617081159-adhoc-0", "registration": "RA-86906", "ident": "RA-86906", "ident_icao": NaN, "origin_code": "L 55.84397 38.19020", "origin_city": "Moscow", "destination_code": "L 55.92499 37.96009", "destination_city": "Moscow", "scheduled_out": NaN, "estimated_out": NaN, "actual_out": NaN, "scheduled_off": "2021-03-30T05:12:39Z", "estimated_off": "2021-03-30T05:12:39Z", "actual_off": "2021-03-30T05:12:39Z", "scheduled_on": NaN, "estimated_on": NaN, "actual_on": "2021-03-30T05:12:39Z", "scheduled_in": NaN, "estimated_in": NaN, "actual_in": NaN, "status": "result unknown", "route_distance": NaN, "diverted": false, "cancelled": false, "simplified_departure_date": "2021-03-30", "origin_coords": [55.84397, 38.1902], "destination_coords": [55.92499, 37.96009], "is_same_city": false}}, {"type": "Feature", "geometry": {"type": "LineString", "coordinates": [[38.15007, 55.83923], [38.1485440171075, 55.83990283660249], [38.14701798139894, 55.840575654320695], [38.145491892872656, 55.8412484531535], [38.14396575152697, 55.84192123309977], [38.14243955736019, 55.84259399415836], [38.14091331037063, 55.843266736328154], [38.13938701055662, 55.84393945960803], [38.13786065791649, 55.84461216399684], [38.136334252448535, 55.84528484949347], [38.1348077941511, 55.84595751609676], [38.133281283022484, 55.8466301638056], [38.13175471906103, 55.847302792618855], [38.130228102265036, 55.84797540253539], [38.128701432632845, 55.84864799355409], [38.127174710162755, 55.84932056567379], [38.125647934853106, 55.849993118893394], [38.124121106702205, 55.85066565321175], [38.12259422570838, 55.851338168627734], [38.12106729186996, 55.85201066514019], [38.11954030518526, 55.85268314274803], [38.1180132656526, 55.85335560145009], [38.116486173270296, 55.854028041245236], [38.11495902803667, 55.85470046213237], [38.11343182995006, 55.85537286411032], [38.11190457900877, 55.85604524717797], [38.110377275211135, 55.85671761133419], [38.10884991855547, 55.85738995657786], [38.107322509040095, 55.85806228290782], [38.105795046663346, 55.85873459032295], [38.104267531423524, 55.85940687882212], [38.102739963318975, 55.8600791484042], [38.101212342348, 55.86075139906805], [38.099684668508935, 55.861423630812546], [38.0981569418001, 55.862095843636546], [38.09662916221981, 55.86276803753892], [38.09510132976641, 55.863440212518555], [38.093573444438206, 55.864112368574276], [38.09204550623352, 55.86478450570499], [38.09051751515067, 55.86545662390954], [38.088989471188, 55.86612872318679], [38.087461374343825, 55.86680080353563], [38.08593322461647, 55.867472864954934], [38.084405022004255, 55.86814490744353], [38.08287676650549, 55.86881693100031], [38.081348458118526, 55.869488935624126], [38.079820096841665, 55.87016092131387], [38.07829168267326, 55.87083288806837], [38.076763215611614, 55.87150483588654], [38.07523469565504, 55.87217676476721], [38.07370612280189, 55.87284867470926], [38.07217749705046, 55.87352056571156], [38.07064881839911, 55.874192437772955], [38.069120086846134, 55.87486429089234], [38.067591302389864, 55.875536125068564], [38.066062465028644, 55.87620794030049], [38.06453357476078, 55.87687973658701], [38.063004631584604, 55.87755151392696], [38.06147563549844, 55.87822327231922], [38.0599465865006, 55.878895011762644], [38.058417484589434, 55.879566732256116], [38.05688832976327, 55.8802384337985], [38.055359122020405, 55.88091011638864], [38.05382986135918, 55.88158178002542], [38.052300547777925, 55.8822534247077], [38.050771181274975, 55.88292505043435], [38.04924176184864, 55.883596657204244], [38.04771228949725, 55.88426824501622], [38.046182764219125, 55.884939813869174], [38.04465318601261, 55.88561136376196], [38.04312355487603, 55.88628289469343], [38.041593870807695, 55.88695440666245], [38.040064133805934, 55.88762589966791], [38.03853434386909, 55.88829737370865], [38.03700450099547, 55.88896882878357], [38.03547460518344, 55.889640264891476], [38.033944656431274, 55.89031168203128], [38.03241465473733, 55.89098308020185], [38.030884600099945, 55.891654459402005], [38.02935449251742, 55.89232581963066], [38.02782433198811, 55.89299716088666], [38.02629411851031, 55.89366848316887], [38.02476385208239, 55.89433978647614], [38.02323353270263, 55.89501107080736], [38.0217031603694, 55.89568233616137], [38.02017273508102, 55.89635358253706], [38.01864225683579, 55.89702480993327], [38.01711172563207, 55.89769601834889], [38.01558114146819, 55.89836720778275], [38.01405050434246, 55.899038378233755], [38.01251981425322, 55.899709529700736], [38.010989071198786, 55.90038066218257], [38.009458275177494, 55.90105177567813], [38.00792742618769, 55.90172287018626], [38.00639652422768, 55.902393945705846], [38.004865569295816, 55.90306500223572], [38.00333456139041, 55.90373603977478], [38.00180350050979, 55.90440705832187], [38.00027238665229, 55.90507805787587], [37.99874121981625, 55.905749038435616], [37.99721, 55.906420000000004]]}, "properties": {"fa_flight_id": "RA86906-1622747965-adhoc-0", "registration": "RA-86906", "ident": "RA-86906", "ident_icao": NaN, "origin_code": "L 55.83923 38.15007", "origin_city": "Moscow", "destination_code": "L 55.90642 37.99721", "destination_city": "Moscow", "scheduled_out": NaN, "estimated_out": NaN, "actual_out": NaN, "scheduled_off": "2021-06-03T19:19:25Z", "estimated_off": "2021-06-03T19:19:25Z", "actual_off": "2021-06-03T19:19:25Z", "scheduled_on": NaN, "estimated_on": NaN, "actual_on": "2021-06-03T19:19:25Z", "scheduled_in": NaN, "estimated_in": NaN, "actual_in": NaN, "status": "result unknown", "route_distance": NaN, "diverted": false, "cancelled": false, "simplified_departure_date": "2021-06-03", "origin_coords": [55.83923, 38.15007], "destination_coords": [55.90642, 37.99721], "is_same_city": false}}, {"type": "Feature", "geometry": {"type": "LineString", "coordinates": [[38.045320000000004, 56.01132], [38.04317508657637, 56.01148244321585], [38.04103015511546, 56.01164484921258], [38.038885205621135, 56.011807217989656], [38.03674023809726, 56.011969549546535], [38.03459525254773, 56.01213184388267], [38.0324502489764, 56.012294100997536], [38.03030522738716, 56.01245632089059], [38.02816018778386, 56.01261850356127], [38.02601513017037, 56.01278064900907], [38.02387005455059, 56.012942757233425], [38.02172496092838, 56.0131048282338], [38.019579849307604, 56.013266862009665], [38.01743471969214, 56.013428858560474], [38.01528957208588, 56.013590817885685], [38.013144406492664, 56.01375273998477], [38.010999222916396, 56.01391462485716], [38.008854021360946, 56.01407647250237], [38.00670880183017, 56.01423828291981], [38.00456356432797, 56.014400056108954], [38.00241830885819, 56.01456179206928], [38.00027303542474, 56.01472349080024], [37.998127744031464, 56.01488515230129], [37.99598243468227, 56.0150467765719], [37.993837107381, 56.01520836361153], [37.99169176213155, 56.01536991341963], [37.989546398937804, 56.01553142599569], [37.98740101780362, 56.01569290133914], [37.98525561873289, 56.01585433944947], [37.98311020172949, 56.01601574032612], [37.980964766797285, 56.01617710396855], [37.97881931394016, 56.016338430376244], [37.976673843162, 56.01649971954866], [37.97452835446668, 56.01666097148526], [37.972382847858064, 56.01682218618549], [37.97023732334005, 56.01698336364883], [37.96809178091651, 56.01714450387475], [37.96594622059133, 56.01730560686269], [37.96380064236837, 56.01746667261213], [37.96165504625153, 56.017627701122535], [37.95950943224469, 56.01778869239335], [37.957363800351715, 56.01794964642406], [37.95521815057649, 56.01811056321413], [37.953072482922906, 56.018271442762995], [37.950926797394835, 56.01843228507015], [37.94878109399615, 56.01859309013504], [37.946635372730746, 56.01875385795715], [37.944489633602515, 56.018914588535914], [37.94234387661532, 56.01907528187083], [37.940198101773035, 56.01923593796135], [37.938052309079566, 56.019396556806925], [37.93590649853878, 56.01955713840704], [37.93376067015457, 56.01971768276114], [37.93161482393081, 56.019878189868706], [37.929468959871386, 56.0200386597292], [37.92732307798018, 56.02019909234208], [37.92517717826109, 56.02035948770683], [37.92303126071798, 56.02051984582288], [37.920885325354746, 56.020680166689736], [37.91873937217526, 56.02084045030684], [37.91659340118342, 56.02100069667367], [37.91444741238311, 56.02116090578968], [37.9123014057782, 56.02132107765434], [37.910155381372604, 56.02148121226712], [37.90800933917018, 56.02164130962749], [37.90586327917482, 56.0218013697349], [37.903717201390414, 56.02196139258885], [37.90157110582085, 56.02212137818877], [37.899424992470024, 56.02228132653414], [37.89727886134179, 56.02244123762442], [37.89513271244008, 56.0226011114591], [37.89298654576874, 56.022760948037636], [37.89084036133168, 56.02292074735948], [37.88869415913279, 56.02308050942412], [37.88654793917595, 56.023240234231004], [37.88440170146504, 56.02339992177963], [37.88225544600395, 56.02355957206943], [37.8801091727966, 56.02371918509989], [37.87796288184684, 56.023878760870474], [37.87581657315857, 56.024038299380656], [37.8736702467357, 56.024197800629906], [37.871523902582084, 56.02435726461768], [37.869377540701635, 56.02451669134346], [37.86723116109823, 56.02467608080671], [37.86508476377578, 56.02483543300687], [37.86293834873817, 56.02499474794347], [37.86079191598926, 56.02515402561592], [37.85864546553297, 56.02531326602373], [37.8564989973732, 56.02547246916634], [37.85435251151383, 56.02563163504323], [37.852206007958735, 56.025790763653895], [37.85005948671182, 56.025949854997755], [37.84791294777699, 56.02610890907431], [37.84576639115811, 56.02626792588303], [37.84361981685909, 56.02642690542338], [37.84147322488382, 56.02658584769482], [37.8393266152362, 56.02674475269684], [37.83717998792011, 56.0269036204289], [37.835033342939454, 56.027062450890455], [37.83288668029811, 56.027221244081005], [37.83074, 56.02738]]}, "properties": {"fa_flight_id": "RA86906-1622745289-adhoc-0", "registration": "RA-86906", "ident": "RA-86906", "ident_icao": NaN, "origin_code": "L 56.01132 38.04532", "origin_city": "Moscow", "destination_code": "L 56.02738 37.83074", "destination_city": "Moscow", "scheduled_out": NaN, "estimated_out": NaN, "actual_out": NaN, "scheduled_off": "2021-06-03T18:34:49Z", "estimated_off": "2021-06-03T18:34:49Z", "actual_off": "2021-06-03T18:34:49Z", "scheduled_on": NaN, "estimated_on": NaN, "actual_on": "2021-06-03T18:40:55Z", "scheduled_in": NaN, "estimated_in": NaN, "actual_in": NaN, "status": "Arrived", "route_distance": NaN, "diverted": false, "cancelled": false, "simplified_departure_date": "2021-06-03", "origin_coords": [56.01132, 38.04532], "destination_coords": [56.02738, 37.83074], "is_same_city": false}}, {"type": "Feature", "geometry": {"type": "LineString", "coordinates": [[40.83293, 57.14333000000001], [40.80429215407266, 57.13099073901356], [40.77567339636372, 57.118644957553926], [40.74707371520278, 57.10629266304651], [40.718493098906116, 57.09393386290951], [40.689931535776786, 57.08156856455397], [40.66138901410468, 57.0691967753837], [40.63286552216662, 57.05681850279534], [40.604361048226465, 57.04443375417831], [40.57587558053516, 57.032042536914844], [40.547409107330864, 57.01964485837998], [40.518961616839, 57.007240725941536], [40.49053309727236, 56.99483014696015], [40.46212353683117, 56.98241312878927], [40.433732923703225, 56.96998967877507], [40.4053612460639, 56.95755980425661], [40.37700849207628, 56.9451235125657], [40.34867464989124, 56.932680811026934], [40.32035970764755, 56.92023170695773], [40.2920636534719, 56.907776207668284], [40.263786475479016, 56.89531432046158], [40.23552816177177, 56.88284605263341], [40.20728870044123, 56.87037141147234], [40.179068079566726, 56.85789040425974], [40.15086628721599, 56.84540303826978], [40.122683311445186, 56.83290932076939], [40.094519140299006, 56.8204092590183], [40.06637376181077, 56.807902860269074], [40.03824716400249, 56.79539013176701], [40.01013933488496, 56.782871080750205], [39.982050262457804, 56.770345714449576], [39.95397993470963, 56.75781404008881], [39.925928339618025, 56.74527606488436], [39.8978954651497, 56.73273179604552], [39.869881299260555, 56.72018124077434], [39.841885829895716, 56.70762440626565], [39.813909044989664, 56.69506129970709], [39.785950932466335, 56.68249192827909], [39.7580114802391, 56.669916299154856], [39.73009067621095, 56.65733441950039], [39.70218850827453, 56.64474629647449], [39.674304964312206, 56.63215193722871], [39.64644003219617, 56.61955134890746], [39.618593699788484, 56.606944538647866], [39.59076595494121, 56.59433151357992], [39.56295678549643, 56.58171228082634], [39.53516617928638, 56.56908684750267], [39.50739412413345, 56.556455220717226], [39.47964060785036, 56.54381740757114], [39.45190561824014, 56.53117341515832], [39.4241891430963, 56.51852325056549], [39.39649117020281, 56.5058669208721], [39.36881168733425, 56.49320443315051], [39.34115068225586, 56.48053579446577], [39.313508142723606, 56.4678610118758], [39.28588405648428, 56.455180092431235], [39.25827841127551, 56.442493043175595], [39.23069119482597, 56.42979987114514], [39.20312239485529, 56.41710058336898], [39.17557199907427, 56.40439518686894], [39.14803999518484, 56.39168368865973], [39.120526370880214, 56.37896609574884], [39.09303111384495, 56.366242415136526], [39.06555421175501, 56.35351265381588], [39.03809565227779, 56.34077681877282], [39.01065542307229, 56.32803491698601], [38.98323351178912, 56.31528695542696], [38.955829906070576, 56.30253294105998], [38.92844459355074, 56.28977288084219], [38.90107756185553, 56.277006781723536], [38.873728798602755, 56.26423465064673], [38.846398291402245, 56.25145649454733], [38.81908602785587, 56.2386723203537], [38.79179199555764, 56.22588213498704], [38.764516182093736, 56.213085945361335], [38.73725857504266, 56.20028375838339], [38.7100191619752, 56.18747558095285], [38.68279793045459, 56.17466141996215], [38.655594868036545, 56.16184128229657], [38.62840996226934, 56.14901517483421], [38.60124320069381, 56.136183104446005], [38.57409457084358, 56.12334507799569], [38.54696406024496, 56.11050110233983], [38.51985165641712, 56.09765118432784], [38.492757346872125, 56.08479533080196], [38.46568111911502, 56.07193354859724], [38.43862296064386, 56.0590658445416], [38.411582858949835, 56.04619222545577], [38.384560801517274, 56.033312698153324], [38.35755677582379, 56.02042726944068], [38.33057076934025, 56.00753594611708], [38.30360276953095, 55.99463873497464], [38.2766527638536, 55.981735642798284], [38.24972073975942, 55.9688266763658], [38.222806684693225, 55.95591184244785], [38.19591058609345, 55.9429911478079], [38.16903243139226, 55.9300645992023], [38.14217220801559, 55.91713220338022], [38.1153299033832, 55.904193967083735], [38.08850550490878, 55.89124989704774], [38.061699, 55.8783]]}, "properties": {"fa_flight_id": "RA86906-1622643126-adhoc-0", "registration": "RA-86906", "ident": "RA-86906", "ident_icao": NaN, "origin_code": "L 57.14333 40.83293", "origin_city": "Yaroslavl Oblast", "destination_code": "UUMU", "destination_city": NaN, "scheduled_out": NaN, "estimated_out": NaN, "actual_out": NaN, "scheduled_off": "2021-06-02T14:12:06Z", "estimated_off": "2021-06-02T14:12:06Z", "actual_off": "2021-06-02T14:12:06Z", "scheduled_on": NaN, "estimated_on": "2021-06-02T14:49:27Z", "actual_on": "2021-06-02T14:49:27Z", "scheduled_in": NaN, "estimated_in": NaN, "actual_in": NaN, "status": "Arrived", "route_distance": NaN, "diverted": false, "cancelled": false, "simplified_departure_date": "2021-06-02", "origin_coords": [57.14333, 40.83293], "destination_coords": [55.8783, 38.061699], "is_same_city": false}}, {"type": "Feature", "geometry": {"type": "LineString", "coordinates": [[38.22959, 55.8377], [38.25820962136671, 55.85070000351135], [38.28684839071322, 55.863693361347735], [38.31550632039878, 55.87668006581553], [38.344183422770854, 55.88966010921344], [38.37287971016494, 55.9026334838324], [38.401595194904594, 55.91560018195566], [38.43032988930125, 55.928560195858736], [38.459083805654195, 55.94151351780942], [38.487856956250454, 55.95446014006779], [38.51664935336469, 55.967400054886205], [38.54546100925918, 55.98033325450929], [38.574291936183634, 55.993259731173964], [38.603142146375184, 56.006179477109455], [38.63201165205825, 56.01909248453723], [38.66090046544449, 56.03199874567106], [38.68980859873268, 56.044898252717], [38.71873606410865, 56.0577909978734], [38.747682873745134, 56.07067697333085], [38.77664903980178, 56.083556171272306], [38.80563457442498, 56.096428583872935], [38.83463948974783, 56.10929420330025], [38.863663797889984, 56.12215302171401], [38.89270751095763, 56.1350050312663], [38.92177064104335, 56.147850224101475], [38.95085320022606, 56.1606885923562], [38.97995520057087, 56.17352012815941], [39.00907665412908, 56.18634482363236], [39.03821757293799, 56.19916267088859], [39.067377969020875, 56.21197366203394], [39.09655785438688, 56.22477778916656], [39.125757241030904, 56.237575044376875], [39.15497614093351, 56.250365419747645], [39.1842145660609, 56.26314890735391], [39.213472528364704, 56.27592549926302], [39.242750039781974, 56.288695187534636], [39.27204711223508, 56.301457964220766], [39.30136375763156, 56.31421382136562], [39.33069998786415, 56.32696275100583], [39.36005581481051, 56.33970474517031], [39.389431250333274, 56.35243979588027], [39.418826306279925, 56.36516789514924], [39.44824099448267, 56.37788903498309], [39.477675326758316, 56.39060320738001], [39.50712931490828, 56.40331040433049], [39.5366029707184, 56.41601061781737], [39.566096305958844, 56.42870383981579], [39.595609332384086, 56.44139006229325], [39.62514206173272, 56.45406927720958], [39.65469450572741, 56.4667414765169], [39.684266676074806, 56.47940665215974], [39.71385858446542, 56.492064796074914], [39.74347024257353, 56.504715900191584], [39.77310166205708, 56.51735995643127], [39.802752854557596, 56.52999695670783], [39.83242383170008, 56.5426268929275], [39.862114605092934, 56.5552497569888], [39.8918251863278, 56.56786554078267], [39.921555586979515, 56.58047423619237], [39.95130581860601, 56.59307583509354], [39.98107589274817, 56.60567032935419], [40.01086582092981, 56.61825771083464], [40.04067561465745, 56.63083797138765], [40.07050528542036, 56.64341110285831], [40.10035484469033, 56.65597709708408], [40.13022430392168, 56.668535945894824], [40.16011367455108, 56.68108764111276], [40.19002296799747, 56.693632174552505], [40.21995219566198, 56.70616953802107], [40.249901368927794, 56.71869972331783], [40.279870499160076, 56.73122272223457], [40.30985959770586, 56.74373852655548], [40.339868675893925, 56.75624712805712], [40.36989774503473, 56.76874851850848], [40.39994681642027, 56.78124268967096], [40.43001590132401, 56.79372963329833], [40.46010501100076, 56.806209341136835], [40.490214156686584, 56.81868180492508], [40.520343349598676, 56.831147016394134], [40.55049260093525, 56.843604967267474], [40.580661921875475, 56.85605564926101], [40.61085132357937, 56.86849905408306], [40.641060817187594, 56.880935173434416], [40.6712904138215, 56.89336399900831], [40.70154012458292, 56.905785522490376], [40.731809960554095, 56.91819973555874], [40.762099932797554, 56.93060662988397], [40.792410052356, 56.94300619712909], [40.822740330252266, 56.955398428949565], [40.853090777489115, 56.96778331699336], [40.8834614050492, 56.980160852900894], [40.91385222389494, 56.992531028305066], [40.94426324496838, 57.00489383483125], [40.974694479191136, 57.017249264097295], [41.00514593746425, 57.02959730771357], [41.03561763066807, 57.0419379572829], [41.0661095696622, 57.05427120440062], [41.09662176528534, 57.0665970406546], [41.12715422835517, 57.07891545762514], [41.157706969668276, 57.091226446885166], [41.18828, 57.10353]]}, "properties": {"fa_flight_id": "RA86906-1622632053-adhoc-0", "registration": "RA-86906", "ident": "RA-86906", "ident_icao": NaN, "origin_code": "L 55.83770 38.22959", "origin_city": "Moscow", "destination_code": "L 57.10353 41.18828", "destination_city": "Yaroslavl Oblast", "scheduled_out": NaN, "estimated_out": NaN, "actual_out": NaN, "scheduled_off": "2021-06-02T11:07:33Z", "estimated_off": "2021-06-02T11:07:33Z", "actual_off": "2021-06-02T11:07:33Z", "scheduled_on": NaN, "estimated_on": NaN, "actual_on": "2021-06-02T11:07:33Z", "scheduled_in": NaN, "estimated_in": NaN, "actual_in": NaN, "status": "result unknown", "route_distance": NaN, "diverted": false, "cancelled": false, "simplified_departure_date": "2021-06-02", "origin_coords": [55.8377, 38.22959], "destination_coords": [57.10353, 41.18828], "is_same_city": false}}, {"type": "Feature", "geometry": {"type": "LineString", "coordinates": [[36.719800000000006, 55.69474], [36.73364810603998, 55.69624256556712], [36.74749727617186, 55.69774357280382], [36.7613475094329, 55.699243021502745], [36.77519880485975, 55.70074091145668], [36.789051161488544, 55.702237242458565], [36.802904578354806, 55.70373201430159], [36.816759054493524, 55.70522522677909], [36.83061458893913, 55.706716879684556], [36.84447118072547, 55.70820697281171], [36.85832882888586, 55.70969550595439], [36.872187532453026, 55.71118247890668], [36.88604729045917, 55.7126678914628], [36.89990810193588, 55.71415174341716], [36.91376996591425, 55.715634034564374], [36.927632881424756, 55.71711476469919], [36.941496847497355, 55.7185939336166], [36.95536186316143, 55.72007154111171], [36.9692279274458, 55.72154758697984], [36.98309503937875, 55.723022071016516], [36.99696319798798, 55.72449499301739], [37.01083240230066, 55.72596635277835], [37.024702651343375, 55.727436150095414], [37.03857394414218, 55.728904384764846], [37.05244627972254, 55.730371056583], [37.06631965710942, 55.73183616534651], [37.080194075327164, 55.73329971085213], [37.09406953339962, 55.73476169289683], [37.10794603035005, 55.73622211127773], [37.12182356520116, 55.73768096579215], [37.13570213697513, 55.7391382562376], [37.14958174469355, 55.74059398241176], [37.16346238737749, 55.742048144112516], [37.17734406404744, 55.7435007411379], [37.19122677372337, 55.74495177328612], [37.205110515424664, 55.74640124035565], [37.21899528817018, 55.74784914214507], [37.2328810909782, 55.74929547845315], [37.2467679228665, 55.75074024907887], [37.260655782852254, 55.752183453821374], [37.27454466995212, 55.75362509248002], [37.2884345831822, 55.755065164854294], [37.30232552155804, 55.75650367074393], [37.31621748409463, 55.75794060994881], [37.33011046980645, 55.75937598226899], [37.344004477707394, 55.76080978750476], [37.35789950681081, 55.762242025456544], [37.371795556129534, 55.76367269592496], [37.38569262467579, 55.765101798710845], [37.39959071146134, 55.766529333615175], [37.413489815497336, 55.76795530043915], [37.427389935794416, 55.76937969898412], [37.441291071362656, 55.77080252905167], [37.455193221211594, 55.772223790443505], [37.46909638435022, 55.773643482961575], [37.483000559787, 55.77506160640799], [37.49690574652984, 55.77647816058505], [37.51081194358608, 55.77789314529522], [37.52471914996257, 55.779306560341176], [37.538627364665565, 55.7807184055258], [37.55253658670083, 55.7821286806521], [37.56644681507353, 55.783537385523324], [37.580358048788355, 55.7849445199429], [37.594270286849394, 55.786350083714424], [37.60818352826023, 55.787754076641676], [37.62209777202389, 55.789156498528634], [37.636013017142886, 55.79055734917949], [37.649929262619146, 55.79195662839858], [37.66384650745411, 55.793354335990436], [37.67776475064866, 55.79475047175979], [37.69168399120313, 55.796145035511564], [37.70560422811732, 55.797538027050884], [37.7195254603905, 55.798929446183], [37.733447687021396, 55.80031929271342], [37.74737090700822, 55.80170756644781], [37.76129511934861, 55.80309426719202], [37.7752203230397, 55.804479394752114], [37.789146517078066, 55.805862948934305], [37.803073700459784, 55.807244929545035], [37.817001872180356, 55.80862533639091], [37.830931031234776, 55.81000416927873], [37.844861176617485, 55.81138142801549], [37.85879230732241, 55.812757112408356], [37.87272442234296, 55.81413122226473], [37.88665752067195, 55.81550375739214], [37.90059160130172, 55.81687471759836], [37.91452666322407, 55.818244102691324], [37.928462705430256, 55.819611912479154], [37.942399726911006, 55.82097814677017], [37.95633772665652, 55.822342805372905], [37.97027670365649, 55.82370588809602], [37.984216656900024, 55.82506739474845], [37.99815758537575, 55.82642732513925], [38.01209948807176, 55.82778567907769], [38.0260423639756, 55.82914245637325], [38.03998621207431, 55.83049765683557], [38.05393103135439, 55.83185128027451], [38.067876820801814, 55.83320332650008], [38.08182357940203, 55.834553795322556], [38.09577130613995, 55.83590268655232], [38.10972, 55.83725]]}, "properties": {"fa_flight_id": "RA86906-1622555041-adhoc-0", "registration": "RA-86906", "ident": "RA-86906", "ident_icao": NaN, "origin_code": "L 55.69474 36.71980", "origin_city": "Moscow", "destination_code": "L 55.83725 38.10972", "destination_city": "Moscow", "scheduled_out": NaN, "estimated_out": NaN, "actual_out": NaN, "scheduled_off": "2021-06-01T13:44:01Z", "estimated_off": "2021-06-01T13:44:01Z", "actual_off": "2021-06-01T13:44:01Z", "scheduled_on": NaN, "estimated_on": NaN, "actual_on": "2021-06-01T13:44:01Z", "scheduled_in": NaN, "estimated_in": NaN, "actual_in": NaN, "status": "result unknown", "route_distance": NaN, "diverted": false, "cancelled": false, "simplified_departure_date": "2021-06-01", "origin_coords": [55.69474, 36.7198], "destination_coords": [55.83725, 38.10972], "is_same_city": false}}, {"type": "Feature", "geometry": {"type": "LineString", "coordinates": [[38.16599, 55.83633999999999], [38.14942063102657, 55.8335837059023], [38.13285361156815, 55.83082518555236], [38.1162889429443, 55.82806443949657], [38.099726626472915, 55.8253014682816], [38.083166663470216, 55.822536272454414], [38.06660905525075, 55.819768852562184], [38.05005380312738, 55.81699920915239], [38.0335009084113, 55.81422734277275], [38.01695037241201, 55.81145325397125], [38.00040219643738, 55.80867694329615], [37.98385638179352, 55.80589841129596], [37.96731292978494, 55.803117658519454], [37.95077184171445, 55.80033468551568], [37.934233118883164, 55.79754949283391], [37.91769676259053, 55.79476208102373], [37.90116277413433, 55.79197245063493], [37.88463115481064, 55.789180602217584], [37.868101905913896, 55.78638653632206], [37.851575028736846, 55.78359025349891], [37.83505052457053, 55.780791754298995], [37.818528394704344, 55.77799103927343], [37.802008640425996, 55.77518810897357], [37.78549126302151, 55.772382963951046], [37.768976263775244, 55.76957560475772], [37.75246364396986, 55.766766031945714], [37.73595340488638, 55.763954246067435], [37.719445547804106, 55.76114024767552], [37.702940074000686, 55.75832403732284], [37.68643698475208, 55.75550561556257], [37.66993628133256, 55.75268498294809], [37.65343796501477, 55.74986214003306], [37.636942037069616, 55.747037087371375], [37.62044849876636, 55.74420982551721], [37.603957351372564, 55.74138035502496], [37.58746859615414, 55.73854867644929], [37.57098223437529, 55.7357147903451], [37.55449826729859, 55.73287869726755], [37.53801669618487, 55.73004039777205], [37.52153752229334, 55.727199892414255], [37.505060746881504, 55.72435718175007], [37.48858637120519, 55.721512266335665], [37.47211439651855, 55.71866514672741], [37.45564482407406, 55.715815823481975], [37.439177655122535, 55.71296429715623], [37.42271289091306, 55.71011056830735], [37.40625053269313, 55.70725463749269], [37.389790581708475, 55.70439650526989], [37.37333303920319, 55.70153617219683], [37.35687790641968, 55.69867363883162], [37.34042518459871, 55.69580890573265], [37.323974874979314, 55.69294197345849], [37.30752697879886, 55.69007284256802], [37.29108149729308, 55.68720151362032], [37.27463843169598, 55.68432798717472], [37.25819778323991, 55.6814522637908], [37.241759553155546, 55.67857434402838], [37.22532374267186, 55.675694228447526], [37.20889035301621, 55.67281191760851], [37.192459385414196, 55.669927412071885], [37.17603084108981, 55.667040712398446], [37.159604721265325, 55.66415181914916], [37.14318102716135, 55.66126073288533], [37.126759759996816, 55.658367454168435], [37.11034092098898, 55.65547198356018], [37.093924511353435, 55.65257432162256], [37.077510532304075, 55.64967446891775], [37.06109898505312, 55.64677242600822], [37.04468987081113, 55.64386819345662], [37.02828319078698, 55.640961771825864], [37.011878946187856, 55.63805316167911], [36.9954771382193, 55.63514236357971], [36.97907776808515, 55.6322293780913], [36.96268083698756, 55.62931420577772], [36.94628634612704, 55.62639684720303], [36.929894296702415, 55.623477302931576], [36.913504689910816, 55.62055557352785], [36.897117526947724, 55.61763165955667], [36.880732809006915, 55.61470556158302], [36.86435053728053, 55.61177728017214], [36.84797071295898, 55.60884681588949], [36.83159333723107, 55.605914169300775], [36.81521841128386, 55.602979340971906], [36.798845936302776, 55.60004233146904], [36.782475913471565, 55.59710314135857], [36.766108343972306, 55.59416177120709], [36.749743228985366, 55.591218221581435], [36.733380569689494, 55.58827249304868], [36.71702036726171, 55.585324586176114], [36.70066262287741, 55.58237450153124], [36.68430733771027, 55.579422239681804], [36.667954512932326, 55.57646780119578], [36.65160414971392, 55.57351118664134], [36.63525624922374, 55.570552396586926], [36.61891081262877, 55.56759143160115], [36.60256784109436, 55.5646282922529], [36.58622733578415, 55.56166297911123], [36.56988929786014, 55.55869549274547], [36.55355372848263, 55.55572583372514], [36.537220628810275, 55.55275400261999], [36.52089, 55.54978]]}, "properties": {"fa_flight_id": "RA86906-1622545947-adhoc-0", "registration": "RA-86906", "ident": "RA-86906", "ident_icao": NaN, "origin_code": "L 55.83634 38.16599", "origin_city": "Moscow", "destination_code": "L 55.54978 36.52089", "destination_city": "Moscow", "scheduled_out": NaN, "estimated_out": NaN, "actual_out": NaN, "scheduled_off": "2021-06-01T11:12:27Z", "estimated_off": "2021-06-01T11:12:27Z", "actual_off": "2021-06-01T11:12:27Z", "scheduled_on": NaN, "estimated_on": NaN, "actual_on": "2021-06-01T11:12:27Z", "scheduled_in": NaN, "estimated_in": NaN, "actual_in": NaN, "status": "result unknown", "route_distance": NaN, "diverted": false, "cancelled": false, "simplified_departure_date": "2021-06-01", "origin_coords": [55.83634, 38.16599], "destination_coords": [55.54978, 36.52089], "is_same_city": false}}, {"type": "Feature", "geometry": {"type": "LineString", "coordinates": [[38.13415, 55.98572], [38.135051189784726, 55.9843757240524], [38.13595231691455, 55.98303144153261], [38.13685338139667, 55.98168715244138], [38.13775438323831, 55.980342856779544], [38.138655322446695, 55.97899855454786], [38.13955619902904, 55.97765424574712], [38.14045701299255, 55.97630993037813], [38.14135776434445, 55.974965608441664], [38.14225845309195, 55.97362127993852], [38.14315907924227, 55.97227694486947], [38.14405964280261, 55.970932603235326], [38.144960143780175, 55.969588255036854], [38.1458605821822, 55.968243900274864], [38.14676095801586, 55.96689953895013], [38.14766127128839, 55.96555517106344], [38.148561522006986, 55.96421079661559], [38.149461710178855, 55.96286641560736], [38.15036183581118, 55.96152202803954], [38.15126189891121, 55.96017763391291], [38.152161899486096, 55.95883323322828], [38.15306183754307, 55.95748882598641], [38.15396171308933, 55.9561444121881], [38.154861526132066, 55.95479999183415], [38.155761276678476, 55.95345556492532], [38.15666096473576, 55.95211113146241], [38.15756059031111, 55.95076669144622], [38.15846015341173, 55.949422244877525], [38.159359654044806, 55.948077791757086], [38.16025909221754, 55.946733332085735], [38.161158467937106, 55.945388865864224], [38.162057781210706, 55.94404439309335], [38.16295703204553, 55.94269991377391], [38.163856220448764, 55.94135542790668], [38.164755346427604, 55.940010935492445], [38.16565440998922, 55.93866643653198], [38.166553411140825, 55.9373219310261], [38.16745234988957, 55.93597741897555], [38.16835122624265, 55.93463290038116], [38.16925004020726, 55.93328837524368], [38.17014879179057, 55.93194384356392], [38.17104748099976, 55.93059930534264], [38.17194610784201, 55.92925476058064], [38.17284467232451, 55.9279102092787], [38.173743174454415, 55.92656565143762], [38.174641614238915, 55.925221087058155], [38.1755399916852, 55.92387651614111], [38.176438306800414, 55.92253193868726], [38.177336559591744, 55.92118735469739], [38.178234750066366, 55.9198427641723], [38.17913287823144, 55.91849816711275], [38.18003094409415, 55.917153563519555], [38.18092894766166, 55.91580895339346], [38.18182688894113, 55.91446433673527], [38.18272476793974, 55.91311971354577], [38.18362258466464, 55.911775083825724], [38.184520339123004, 55.91043044757594], [38.185418031322, 55.909085804797186], [38.186315661268786, 55.90774115549025], [38.18721322897052, 55.90639649965591], [38.188110734434375, 55.90505183729496], [38.1890081776675, 55.90370716840819], [38.189905558677054, 55.902362492996346], [38.1908028774702, 55.90101781106022], [38.19170013405409, 55.89967312260063], [38.19259732843587, 55.898328427618324], [38.19349446062273, 55.896983726114094], [38.194391530621786, 55.89563901808872], [38.19528853844021, 55.89429430354299], [38.19618548408513, 55.89294958247768], [38.19708236756373, 55.89160485489356], [38.19797918888314, 55.89026012079144], [38.19887594805051, 55.888915380172065], [38.19977264507299, 55.88757063303625], [38.20066927995773, 55.88622587938476], [38.201565852711866, 55.88488111921838], [38.20246236334255, 55.883536352537874], [38.20335881185693, 55.88219157934404], [38.204255198262125, 55.880846799637666], [38.20515152256531, 55.879502013419504], [38.2060477847736, 55.87815722069036], [38.20694398489414, 55.876812421451014], [38.20784012293407, 55.875467615702235], [38.20873619890053, 55.87412280344481], [38.209632212800656, 55.872777984679495], [38.21052816464157, 55.8714331594071], [38.211424054430424, 55.870088327628395], [38.212319882174356, 55.868743489344155], [38.21321564788047, 55.86739864455516], [38.214111351555914, 55.866053793262196], [38.21500699320782, 55.86470893546604], [38.21590257284331, 55.86336407116747], [38.216798090469524, 55.86201920036725], [38.21769354609358, 55.86067432306617], [38.2185889397226, 55.85932943926502], [38.21948427136372, 55.857984548964566], [38.22037954102405, 55.85663965216558], [38.22127474871073, 55.85529474886887], [38.22216989443086, 55.85394983907517], [38.22306497819158, 55.8526049227853], [38.223960000000005, 55.85126]]}, "properties": {"fa_flight_id": "RA86906-1623215327-adhoc-0", "registration": "RA-86906", "ident": "RA-86906", "ident_icao": NaN, "origin_code": "L 55.98572 38.13415", "origin_city": "Moscow", "destination_code": "L 55.85126 38.22396", "destination_city": "Moscow", "scheduled_out": NaN, "estimated_out": NaN, "actual_out": NaN, "scheduled_off": "2021-06-09T05:08:47Z", "estimated_off": "2021-06-09T05:08:47Z", "actual_off": "2021-06-09T05:08:47Z", "scheduled_on": NaN, "estimated_on": NaN, "actual_on": "2021-06-09T05:08:47Z", "scheduled_in": NaN, "estimated_in": NaN, "actual_in": NaN, "status": "result unknown", "route_distance": NaN, "diverted": false, "cancelled": false, "simplified_departure_date": "2021-06-09", "origin_coords": [55.98572, 38.13415], "destination_coords": [55.85126, 38.22396], "is_same_city": false}}, {"type": "Feature", "geometry": {"type": "LineString", "coordinates": [[37.91078, 55.95264], [37.910205772450276, 55.95296153227827], [37.909631535362465, 55.95328306188675], [37.90905728873636, 55.953604588825364], [37.90848303257178, 55.95392611309406], [37.907908766868516, 55.954247634692734], [37.9073344916264, 55.95456915362132], [37.9067602068452, 55.95489066987974], [37.90618591252475, 55.955212183467914], [37.90561160866484, 55.95553369438578], [37.90503729526529, 55.95585520263324], [37.90446297232589, 55.95617670821023], [37.90388863984644, 55.95649821111667], [37.90331429782679, 55.95681971135249], [37.90273994626668, 55.95714120891759], [37.90216558516597, 55.95746270381193], [37.90159121452444, 55.9577841960354], [37.901016834341895, 55.958105685587945], [37.90044244461814, 55.95842717246948], [37.89986804535299, 55.95874865667993], [37.89929363654625, 55.959070138219204], [37.898719218197705, 55.95939161708726], [37.89814479030719, 55.95971309328399], [37.89757035287449, 55.96003456680933], [37.896995905899416, 55.96035603766319], [37.89642144938178, 55.96067750584552], [37.895846983321384, 55.96099897135621], [37.89527250771802, 55.961320434195216], [37.894698022571504, 55.961641894362444], [37.89412352788164, 55.961963351857804], [37.89354902364824, 55.96228480668125], [37.89297450987111, 55.96260625883268], [37.89239998655004, 55.96292770831204], [37.89182545368485, 55.96324915511923], [37.891250911275336, 55.96357059925418], [37.890676359321304, 55.96389204071682], [37.89010179782257, 55.96421347950708], [37.88952722677894, 55.96453491562487], [37.8889526461902, 55.96485634907011], [37.88837805605616, 55.965177779842726], [37.887803456376645, 55.96549920794265], [37.88722884715144, 55.9658206333698], [37.886654228380365, 55.966142056124106], [37.88607960006321, 55.96646347620549], [37.885504962199796, 55.966784893613855], [37.88493031478991, 55.967106308349145], [37.88435565783338, 55.96742772041128], [37.88378099133, 55.967749129800175], [37.88320631527956, 55.96807053651576], [37.882631629681896, 55.968391940557964], [37.88205693453679, 55.9687133419267], [37.88148222984405, 55.9690347406219], [37.880907515603504, 55.969356136643476], [37.88033279181492, 55.969677529991365], [37.87975805847814, 55.96999892066548], [37.87918331559293, 55.970320308665755], [37.87860856315914, 55.970641693992086], [37.87803380117654, 55.97096307664442], [37.877459029644946, 55.97128445662268], [37.876884248564174, 55.971605833926795], [37.87630945793401, 55.97192720855667], [37.875734657754286, 55.972248580512236], [37.875159848024786, 55.97256994979341], [37.874585028745315, 55.97289131640013], [37.87401019991569, 55.97321268033232], [37.873435361535705, 55.973534041589886], [37.87286051360516, 55.973855400172745], [37.87228565612389, 55.97417675608085], [37.87171078909167, 55.97449810931411], [37.87113591250833, 55.974819459872435], [37.87056102637364, 55.975140807755785], [37.869986130687444, 55.97546215296404], [37.86941122544953, 55.97578349549714], [37.8688363106597, 55.97610483535502], [37.86826138631776, 55.976426172537586], [37.86768645242353, 55.97674750704477], [37.86711150897679, 55.97706883887649], [37.86653655597736, 55.977390168032684], [37.86596159342505, 55.97771149451325], [37.86538662131966, 55.97803281831813], [37.86481163966099, 55.97835413944724], [37.86423664844886, 55.97867545790051], [37.863661647683045, 55.978996773677856], [37.86308663736339, 55.97931808677921], [37.86251161748967, 55.97963939720449], [37.86193658806171, 55.979960704953605], [37.861361549079305, 55.980282010026514], [37.86078650054226, 55.9806033124231], [37.86021144245038, 55.980924612143305], [37.85963637480348, 55.98124590918705], [37.85906129760135, 55.98156720355427], [37.8584862108438, 55.98188849524487], [37.857911114530644, 55.982209784258785], [37.85733600866168, 55.982531070595925], [37.85676089323672, 55.982852354256224], [37.856185768255564, 55.983173635239595], [37.855610633718, 55.98349491354598], [37.855035489623866, 55.98381618917529], [37.85446033597295, 55.98413746212745], [37.853885172765054, 55.98445873240238], [37.85331, 55.98478]]}, "properties": {"fa_flight_id": "RA86906-1626849451-adhoc-0", "registration": "RA-86906", "ident": "RA-86906", "ident_icao": NaN, "origin_code": "L 55.95264 37.91078", "origin_city": "Moscow", "destination_code": "L 55.98478 37.85331", "destination_city": "Moscow", "scheduled_out": NaN, "estimated_out": NaN, "actual_out": NaN, "scheduled_off": "2021-07-21T06:37:31Z", "estimated_off": "2021-07-21T06:37:31Z", "actual_off": "2021-07-21T06:37:31Z", "scheduled_on": NaN, "estimated_on": NaN, "actual_on": "2021-07-21T06:37:31Z", "scheduled_in": NaN, "estimated_in": NaN, "actual_in": NaN, "status": "result unknown", "route_distance": NaN, "diverted": false, "cancelled": false, "simplified_departure_date": "2021-07-21", "origin_coords": [55.95264, 37.91078], "destination_coords": [55.98478, 37.85331], "is_same_city": false}}, {"type": "Feature", "geometry": {"type": "LineString", "coordinates": [[67.97802, 56.29161], [67.68487678288028, 56.323199274455554], [67.39125339237272, 56.354095322814544], [67.09715918673837, 56.384296209490046], [66.80260363773526, 56.41380003559106], [66.50759632894965, 56.44260493948102], [66.21214695406378, 56.47070909732879], [65.91626531506074, 56.49811072365163], [65.619961320367, 56.524808071849954], [65.32324498293282, 56.55079943473346], [65.02612641825186, 56.5760831450382], [64.72861584231993, 56.60065757593432], [64.43072356953417, 56.624521141524156], [64.13246001053338, 56.647672297330246], [63.83383566998033, 56.67010954077293], [63.53486114428703, 56.691831411637345], [63.23554711928394, 56.71283649252927], [62.93590436783437, 56.733123409319724], [62.635943747395075, 56.75269083157775], [62.33567619752417, 56.771537472991305], [62.03511273733795, 56.78966209177585], [61.73426446291753, 56.807063491070316], [61.43314254466702, 56.82374051932016], [61.13175822462446, 56.839692070647395], [60.83012281372716, 56.85491708520699], [60.52824768903281, 56.869414549529736], [60.226144290898205, 56.88318349685104], [59.92382412011699, 56.896223007425625], [59.62129873501824, 56.90853220882765], [59.31857974852767, 56.92011027623634], [59.01567882519302, 56.93095643270655], [58.712607678175914, 56.94106994942441], [58.409378066211445, 56.950450145947485], [58.10600179053801, 56.959096390429735], [57.80249069179884, 56.96700809983058], [57.498856646917574, 56.97418474010827], [57.19511156594965, 56.98062582639735], [56.89126738891173, 56.98633092316995], [56.587336082591115, 56.99129964438089], [56.28332963733721, 56.99553165359645], [55.97926006383739, 56.99902666410679], [55.67513938987912, 57.00178443902171], [55.37097965710064, 57.00380479134992], [55.0667929177324, 57.005087584061634], [54.762591231331285, 57.0056327301345], [54.4583866615101, 57.005440192582675], [54.15419127266408, 57.0045099844693], [53.850017126697075, 57.00284216890206], [53.54587627974934, 57.000436859012076], [53.24178077892917, 56.99729421791599], [52.93774265905066, 56.993414458661384], [52.63377393937964, 56.98879784415544], [52.32988662039014, 56.98344468707704], [52.02609268053338, 56.97735534977231], [51.72240407302144, 56.97053024413371], [51.41883272262799, 56.96296983146264], [51.115390522507745, 56.95467462231587], [50.81208933103716, 56.94564517633591], [50.50894096867821, 56.93588210206507], [50.20595721486722, 56.92538605674402], [49.903149804930955, 56.914157746094226], [49.60053042703172, 56.90219792408526], [49.2981107191436, 56.889507392686355], [48.995902266061535, 56.876087001603], [48.69391659644519, 56.86193764799852], [48.392165179899514, 56.84706027620084], [48.09065942409345, 56.831455877394674], [47.78941067191895, 56.8151254892995], [47.48843019869159, 56.79807019583334], [47.18772920939454, 56.78029112676288], [46.887318835967555, 56.7617894573398], [46.58721013464238, 56.74256640792402], [46.287414083326055, 56.72262324359381], [45.987941579033574, 56.70196127374319], [45.68880343537119, 56.6805818516669], [45.3900103800717, 56.658486374133346], [45.091573052583, 56.63567628094541], [44.79350200171089, 56.612153054490136], [44.4958076833175, 56.58791821927693], [44.19850045807617, 56.562973341465], [43.901590589283906, 56.537320028380314], [43.60508824073235, 56.51095992802222], [43.309003474637976, 56.48389472856029], [43.013346249632484, 56.456126157821735], [42.718126418814045, 56.42765598276947], [42.42335372786014, 56.398486008971496], [42.12903781320249, 56.368618080061765], [41.83518820026469, 56.33805407719303], [41.54181430176308, 56.30679591848183], [41.248925416071266, 56.27484555844621], [40.956530725648456, 56.24220498743632], [40.664639295532204, 56.2088762310585], [40.373260071895665, 56.17486134959294], [40.08240188066941, 56.140162437405465], [39.792073426228114, 56.104781622353826], [39.502283290142145, 56.06872106518869], [39.213039929993855, 56.031982958949904], [38.92435167825881, 55.99456952835818], [38.63622674125157, 55.95648302920271], [38.34867319813602, 55.91772574772516], [38.061699, 55.8783]]}, "properties": {"fa_flight_id": "RA86906-1628769822-adhoc-0", "registration": "RA-86906", "ident": "RA-86906", "ident_icao": NaN, "origin_code": "L 56.29161 67.97802", "origin_city": "Kurgan", "destination_code": "UUMU", "destination_city": NaN, "scheduled_out": NaN, "estimated_out": NaN, "actual_out": NaN, "scheduled_off": "2021-08-12T12:03:42Z", "estimated_off": "2021-08-12T12:03:42Z", "actual_off": "2021-08-12T12:03:42Z", "scheduled_on": NaN, "estimated_on": NaN, "actual_on": "2021-08-12T12:03:42Z", "scheduled_in": NaN, "estimated_in": NaN, "actual_in": NaN, "status": "result unknown", "route_distance": NaN, "diverted": false, "cancelled": false, "simplified_departure_date": "2021-08-12", "origin_coords": [56.29161, 67.97802], "destination_coords": [55.8783, 38.061699], "is_same_city": false}}, {"type": "Feature", "geometry": {"type": "LineString", "coordinates": [[81.83172, 55.05486], [81.8190583505374, 55.05609575655909], [81.80639591982207, 55.057330199315636], [81.79373270860108, 55.058563328128315], [81.78106871762198, 55.05979514285595], [81.76840394763256, 55.06102564335747], [81.75573839938102, 55.06225482949197], [81.74307207361583, 55.06348270111863], [81.73040497108592, 55.064709258096826], [81.71773709254043, 55.06593450028598], [81.70506843872892, 55.067158427545706], [81.69239901040133, 55.06838103973574], [81.67972880830784, 55.06960233671594], [81.6670578331991, 55.0708223183463], [81.65438608582593, 55.07204098448696], [81.6417135669397, 55.07325833499814], [81.62904027729195, 55.074474369740244], [81.61636621763466, 55.07568908857379], [81.60369138872011, 55.07690249135943], [81.59101579130095, 55.078114577957926], [81.57833942613014, 55.07932534823023], [81.56566229396101, 55.08053480203734], [81.55298439554723, 55.08174293924047], [81.54030573164276, 55.08294975970091], [81.52762630300197, 55.08415526328011], [81.51494611037953, 55.085359449839615], [81.50226515453046, 55.086562319241175], [81.48958343621014, 55.0877638713466], [81.47690095617422, 55.08896410601787], [81.46421771517879, 55.09016302311708], [81.4515337139802, 55.091360622506464], [81.43884895333517, 55.092556904048394], [81.42616343400074, 55.09375186760538], [81.41347715673432, 55.094945513040024], [81.40079012229363, 55.09613784021513], [81.38810233143676, 55.09732884899358], [81.37541378492207, 55.0985185392384], [81.36272448350833, 55.099706910812756], [81.35003442795463, 55.10089396357996], [81.33734361902034, 55.10207969740341], [81.32465205746526, 55.103264112146725], [81.31195974404945, 55.10444720767355], [81.29926667953332, 55.10562898384775], [81.28657286467767, 55.106809440533276], [81.27387830024354, 55.10798857759422], [81.2611829869924, 55.109166394894814], [81.24848692568598, 55.110342892299435], [81.23579011708638, 55.11151806967259], [81.22309256195608, 55.1126919268789], [81.21039426105777, 55.113864463783116], [81.1976952151546, 55.11503568025019], [81.18499542500997, 55.11620557614509], [81.17229489138766, 55.11737415133304], [81.15959361505178, 55.118541405679316], [81.14689159676671, 55.11970733904936], [81.13418883729726, 55.12087195130875], [81.1214853374085, 55.1220352423232], [81.10878109786584, 55.123197211958534], [81.09607611943507, 55.12435786008074], [81.08337040288224, 55.125517186555925], [81.0706639489738, 55.126675191250335], [81.05795675847648, 55.12783187403034], [81.04524883215736, 55.12898723476249], [81.03254017078385, 55.13014127331339], [81.01983077512367, 55.131293989549846], [81.00712064594491, 55.13244538333879], [80.99440978401596, 55.13359545454727], [80.98169819010553, 55.134744203042466], [80.96898586498268, 55.13589162869171], [80.9562728094168, 55.13703773136247], [80.94355902417759, 55.13818251092235], [80.93084451003509, 55.13932596723905], [80.91812926775965, 55.14046810018047], [80.90541329812199, 55.141608909614604], [80.89269660189309, 55.142748395409605], [80.87997917984434, 55.14388655743371], [80.86726103274738, 55.14502339555537], [80.8545421613742, 55.14615890964312], [80.84182256649713, 55.14729309956564], [80.82910224888883, 55.148425965191755], [80.81638120932227, 55.1495575063904], [80.80365944857074, 55.1506877230307], [80.79093696740786, 55.151816614981875], [80.77821376660758, 55.15294418211327], [80.76548984694416, 55.15407042429441], [80.75276520919222, 55.15519534139492], [80.74003985412666, 55.15631893328458], [80.72731378252273, 55.15744119983331], [80.71458699515597, 55.15856214091112], [80.7018594928023, 55.15968175638824], [80.6891312762379, 55.16080004613499], [80.67640234623931, 55.16191701002179], [80.66367270358337, 55.16303264791927], [80.65094234904728, 55.16414695969815], [80.63821128340852, 55.16525994522931], [80.62547950744492, 55.166371604383734], [80.61274702193458, 55.1674819370326], [80.60001382765599, 55.168590943047164], [80.5872799253879, 55.16969862229885], [80.57454531590945, 55.170804974659234], [80.56181, 55.171910000000004]]}, "properties": {"fa_flight_id": "RA86906-1628765045-adhoc-0", "registration": "RA-86906", "ident": "RA-86906", "ident_icao": NaN, "origin_code": "L 55.05486 81.83172", "origin_city": "Novosibirsk", "destination_code": "L 55.17191 80.56181", "destination_city": "Novosibirsk", "scheduled_out": NaN, "estimated_out": NaN, "actual_out": NaN, "scheduled_off": "2021-08-12T10:44:05Z", "estimated_off": "2021-08-12T10:44:05Z", "actual_off": "2021-08-12T10:44:05Z", "scheduled_on": NaN, "estimated_on": NaN, "actual_on": "2021-08-12T10:44:05Z", "scheduled_in": NaN, "estimated_in": NaN, "actual_in": NaN, "status": "result unknown", "route_distance": NaN, "diverted": false, "cancelled": false, "simplified_departure_date": "2021-08-12", "origin_coords": [55.05486, 81.83172], "destination_coords": [55.17191, 80.56181], "is_same_city": false}}, {"type": "Feature", "geometry": {"type": "LineString", "coordinates": [[85.03375999999999, 54.30786], [85.01546698831837, 54.313147539482046], [84.99716927631297, 54.3184323109743], [84.97886686432379, 54.3237143132266], [84.96055975269401, 54.32899354498872], [84.94224794177008, 54.33427000501032], [84.92393143190156, 54.33954369204099], [84.90561022344129, 54.34481460483028], [84.8872843167453, 54.35008274212764], [84.86895371217283, 54.3553481026824], [84.85061841008634, 54.36061068524388], [84.83227841085153, 54.36587048856128], [84.81393371483732, 54.371127511383754], [84.79558432241579, 54.376381752460375], [84.77723023396241, 54.381633210540144], [84.7588714498557, 54.38688188437198], [84.74050797047758, 54.39212777270474], [84.72213979621309, 54.39737087428722], [84.70376692745057, 54.40261118786813], [84.68538936458162, 54.407848712196134], [84.66700710800106, 54.413083446019805], [84.64862015810698, 54.418315388087684], [84.63022851530074, 54.42354453714821], [84.61183217998695, 54.42877089194979], [84.59343115257349, 54.43399445124075], [84.57502543347147, 54.43921521376934], [84.55661502309536, 54.44443317828379], [84.53819992186283, 54.449648343532246], [84.51978013019482, 54.45486070826279], [84.50135564851563, 54.460070271223444], [84.48292647725279, 54.465277031162216], [84.46449261683709, 54.47048098682699], [84.44605406770268, 54.475682136965645], [84.42761083028694, 54.48088048032598], [84.40916290503063, 54.486076015655755], [84.3907102923777, 54.491268741702676], [84.37225299277553, 54.49645865721439], [84.3537910066747, 54.50164576093851], [84.33532433452916, 54.50683005162257], [84.31685297679617, 54.512011528014085], [84.29837693393627, 54.51719018886051], [84.2798962064134, 54.52236603290925], [84.2614107946947, 54.52753905890767], [84.24292069925079, 54.5327092656031], [84.22442592055549, 54.5378766517428], [84.20592645908603, 54.543041216074016], [84.18742231532295, 54.548202957343925], [84.16891348975012, 54.55336187429968], [84.1503999828548, 54.55851796568841], [84.13188179512754, 54.56367123025717], [84.11335892706228, 54.568821666752996], [84.09483137915629, 54.57396927392288], [84.07629915191022, 54.57911405051378], [84.05776224582807, 54.58425599527263], [84.03922066141719, 54.589395106946334], [84.02067439918832, 54.59453138428172], [84.00212345965555, 54.59966482602565], [83.98356784333636, 54.60479543092489], [83.96500755075158, 54.60992319772621], [83.94644258242546, 54.61504812517638], [83.92787293888561, 54.62017021202205], [83.90929862066302, 54.625289457009956], [83.89071962829209, 54.63040585888671], [83.87213596231057, 54.63551941639898], [83.85354762325966, 54.64063012829333], [83.83495461168393, 54.64573799331638], [83.81635692813136, 54.65084301021468], [83.79775457315331, 54.65594517773474], [83.7791475473046, 54.661044494623106], [83.76053585114343, 54.66614095962629], [83.74191948523142, 54.67123457149076], [83.72329845013358, 54.67632532896295], [83.7046727464184, 54.681413230789346], [83.68604237465777, 54.68649827571638], [83.66740733542697, 54.69158046249045], [83.64876762930477, 54.696659789857975], [83.63012325687333, 54.70173625656533], [83.61147421871829, 54.70680986135892], [83.59282051542867, 54.7118806029851], [83.574162147597, 54.71694848019023], [83.55549911581922, 54.72201349172067], [83.5368314206947, 54.72707563632279], [83.51815906282634, 54.73213491274288], [83.49948204282042, 54.73719131972731], [83.48080036128673, 54.74224485602242], [83.46211401883848, 54.74729552037449], [83.44342301609237, 54.752343311529906], [83.42472735366856, 54.75738822823495], [83.4060270321907, 54.76243026923596], [83.38732205228594, 54.76746943327927], [83.36861241458482, 54.772505719111194], [83.34989811972146, 54.77753912547807], [83.33117916833339, 54.78256965112623], [83.31245556106167, 54.78759729480201], [83.29372729855086, 54.79262205525176], [83.27499438144899, 54.79764393122184], [83.25625681040758, 54.8026629214586], [83.23751458608169, 54.807679024708406], [83.21876770912985, 54.81269223971764], [83.20001618021409, 54.81770256523271], [83.18126, 54.82271]]}, "properties": {"fa_flight_id": "RA86906-1628753928-adhoc-0", "registration": "RA-86906", "ident": "RA-86906", "ident_icao": NaN, "origin_code": "L 54.30786 85.03376", "origin_city": "Kemerovo", "destination_code": "L 54.82271 83.18126", "destination_city": "Novosibirsk", "scheduled_out": NaN, "estimated_out": NaN, "actual_out": NaN, "scheduled_off": "2021-08-12T07:38:48Z", "estimated_off": "2021-08-12T07:38:48Z", "actual_off": "2021-08-12T07:38:48Z", "scheduled_on": NaN, "estimated_on": NaN, "actual_on": "2021-08-12T07:38:48Z", "scheduled_in": NaN, "estimated_in": NaN, "actual_in": NaN, "status": "result unknown", "route_distance": NaN, "diverted": false, "cancelled": false, "simplified_departure_date": "2021-08-12", "origin_coords": [54.30786, 85.03376], "destination_coords": [54.82271, 83.18126], "is_same_city": false}}, {"type": "Feature", "geometry": {"type": "LineString", "coordinates": [[80.21281, 54.68254], [80.31151796978317, 54.67146788732025], [80.41017193570677, 54.66031559192404], [80.50877156056359, 54.64908319088325], [80.60731650858156, 54.63777076172562], [80.70580644542979, 54.626378382432236], [80.80424103822453, 54.614906131435106], [80.9026199555351, 54.60335408761456], [81.00094286738954, 54.59172233029691], [81.09920944528047, 54.58001093925175], [81.19741936217056, 54.568219994689585], [81.29557229249814, 54.556349577259255], [81.39366791218258, 54.544399768045366], [81.49170589862966, 54.532370648565816], [81.58968593073678, 54.5202623007692], [81.68760768889824, 54.50807480703225], [81.78547085501015, 54.49580825015729], [81.88327511247562, 54.48346271336968], [81.98102014620942, 54.471038280315184], [82.07870564264309, 54.45853503505745], [82.17633128972942, 54.44595306207536], [82.27389677694717, 54.43329244626048], [82.37140179530567, 54.42055327291442], [82.46884603734924, 54.407735627746256], [82.56622919716155, 54.3948395968699], [82.66355097036995, 54.38186526680147], [82.76081105414963, 54.36881272445666], [82.85800914722779, 54.355682057148144], [82.9551449498876, 54.3424733525829], [83.05221816397214, 54.3291866988596], [83.14922849288833, 54.31582218446592], [83.24617564161063, 54.302379898275944], [83.3430593166847, 54.28885992954744], [83.43987922623101, 54.27526236791928], [83.53663507994841, 54.26158730340872], [83.63332658911743, 54.24783482640871], [83.72995346660372, 54.23400502768534], [83.82651542686115, 54.220097998374996], [83.92301218593519, 54.2061138299818], [84.01944346146573, 54.192052614374916], [84.11580897269023, 54.17791444378581], [84.21210844044663, 54.16369941080561], [84.308341587176, 54.1494076083824], [84.40450813692554, 54.135039129818495], [84.50060781535092, 54.12059406876781], [84.5966403497191, 54.10607251923311], [84.69260546891059, 54.09147457556333], [84.78850290342206, 54.07680033245084], [84.88433238536845, 54.06204988492878], [84.98009364848535, 54.047223328368354], [85.07578642813104, 54.032320758476075], [85.17141046128857, 54.0173422712911], [85.26696548656778, 54.002287963182496], [85.36245124420712, 53.98715793084654], [85.45786747607553, 53.971952271304026], [85.55321392567414, 53.956671081897476], [85.6484903381379, 53.94131446028852], [85.74369646023716, 53.9258825044551], [85.83883204037913, 53.910375312688835], [85.93389682860936, 53.89479298359223], [86.02889057661298, 53.87913561607599], [86.12381303771598, 53.863403309356336], [86.21866396688635, 53.847596162952236], [86.31344312073517, 53.83171427668272], [86.40815025751766, 53.81575775066417], [86.50278513713403, 53.799726685307576], [86.59734752113037, 53.78362118131588], [86.69183717269944, 53.7674413396812], [86.78625385668128, 53.75118726168216], [86.88059733956393, 53.73485904888116], [86.97486738948389, 53.7184568031217], [87.06906377622659, 53.70198062652563], [87.16318627122678, 53.68543062149048], [87.25723464756892, 53.66880689068673], [87.35120867998721, 53.65210953705512], [87.44510814486598, 53.63533866380399], [87.53893282023962, 53.61849437440651], [87.63268248579266, 53.60157677259804], [87.72635692285964, 53.5845859623734], [87.81995591442505, 53.567522047984276], [87.91347924512303, 53.550385133936366], [88.0069267012372, 53.53317532498684], [88.10029807070022, 53.51589272614162], [88.19359314309332, 53.498537442652676], [88.28681170964595, 53.481109580015385], [88.37995356323506, 53.46360924396583], [88.47301849838455, 53.44603654047817], [88.5660063112645, 53.42839157576192], [88.65891679969045, 53.410674456259386], [88.7517497631225, 53.392885288642915], [88.84450500266442, 53.37502417981225], [88.93718232106268, 53.357091236891975], [89.02978152270532, 53.3390865672288], [89.12230241362091, 53.32101027838886], [89.2147448014774, 53.302862478155255], [89.30710849558066, 53.284643274525244], [89.39939330687343, 53.26635277570771], [89.49159904793376, 53.24799109012055], [89.58372553297357, 53.229558326388016], [89.67577257783728, 53.21105459333811], [89.76774, 53.19248]]}, "properties": {"fa_flight_id": "RA86906-1628728190-adhoc-0", "registration": "RA-86906", "ident": "RA-86906", "ident_icao": NaN, "origin_code": "L 54.68254 80.21281", "origin_city": "Novosibirsk", "destination_code": "L 53.19248 89.76774", "destination_city": "Abakan", "scheduled_out": NaN, "estimated_out": NaN, "actual_out": NaN, "scheduled_off": "2021-08-12T00:29:50Z", "estimated_off": "2021-08-12T00:29:50Z", "actual_off": "2021-08-12T00:29:50Z", "scheduled_on": NaN, "estimated_on": NaN, "actual_on": "2021-08-12T00:29:50Z", "scheduled_in": NaN, "estimated_in": NaN, "actual_in": NaN, "status": "result unknown", "route_distance": NaN, "diverted": false, "cancelled": false, "simplified_departure_date": "2021-08-12", "origin_coords": [54.68254, 80.21281], "destination_coords": [53.19248, 89.76774], "is_same_city": false}}, {"type": "Feature", "geometry": {"type": "LineString", "coordinates": [[38.50014999999999, 55.835019999999986], [38.77811044468017, 55.86971179307075], [39.056563426931504, 55.90377618753953], [39.33550141441157, 55.93721127589142], [39.61491677168289, 55.97001517845675], [39.894801761217785, 56.00218604389583], [40.17514854445286, 56.033722049679966], [40.45594918289367, 56.064621402567845], [40.73719563926888, 56.09488233907767], [41.01887977873433, 56.12450312595417], [41.30099337012644, 56.1534820606308], [41.58352808726496, 56.18181747168631], [41.866475510304745, 56.20950771929579], [42.14982712713631, 56.23655119567581], [42.4335743348347, 56.26294632552329], [42.71770844115644, 56.28869156644806], [43.00222066608398, 56.313785409398534], [43.28710214341734, 56.3382263790806], [43.572343922412244, 56.362013034369085], [43.857936969464326, 56.38514396871191], [44.1438721698387, 56.40761781052632], [44.43014032944428, 56.42943322358726], [44.71673217665224, 56.45058890740746], [45.00363836415759, 56.47108359760894], [45.29084947088344, 56.49091606628591], [45.57835600392689, 56.510085122358674], [45.86614840054573, 56.52858961191822], [46.15421703018507, 56.54642841856148], [46.442552196542806, 56.56360046371703], [46.731144139673226, 56.580104706960626], [47.019983038127336, 56.59594014632099], [47.30905901112916, 56.61110581857507], [47.59836212078665, 56.62560079953293], [47.88788237433623, 56.639424204311936], [48.17760972641968, 56.652575187599986], [48.46753408139224, 56.66505294390789], [48.75764529566047, 56.676856707810224], [49.04793318004893, 56.6879857541751], [49.33838750219391, 56.6984393983822], [49.62899798896333, 56.70821699652908], [49.91975432890095, 56.71731794562581], [50.21064617469393, 56.725741683777386], [50.501663145661944, 56.73348769035423], [50.79279483026674, 56.74055548615034], [51.0840307886402, 56.74694463352914], [51.37536055512987, 56.75265473655681], [51.66677364086028, 56.75768544112321], [51.958259536308155, 56.76203643505001], [52.249807713890725, 56.765707448186205], [52.541407630564706, 56.76869825249089], [52.83304873043498, 56.77100866210302], [53.124720447371196, 56.77263853339853], [53.41641220763058, 56.77358776503429], [53.7081134324854, 56.7738562979793], [53.99981354085369, 56.77344411553275], [54.291501951931146, 56.772351243329176], [54.58316808782313, 56.77057774933059], [54.87480137617469, 56.76812374380562], [55.16639125279723, 56.764989379295635], [55.45792716429018, 56.761174850567976], [55.74939857065599, 56.75668039455626], [56.0407949479069, 56.75150629028776], [56.332105790661885, 56.74565285879797], [56.62332061473223, 56.73912046303242], [56.91442895969399, 56.73190950773592], [57.205420391446125, 56.72402043932885], [57.49628450475242, 56.71545374577134], [57.787010925765756, 56.706209956414725], [58.077589314533576, 56.696289641840785], [58.36800936748244, 56.685693413688774], [58.65826081988087, 56.674421924470316], [58.94833344827853, 56.66247586737242], [59.238217072920655, 56.64985597604859], [59.52790156013632, 56.63656302439833], [59.817376824698954, 56.62259782633505], [60.1066328321582, 56.607961235542696], [60.39565960114144, 56.59265414522119], [60.684447205624025, 56.57667748782071], [60.97298577716671, 56.560032234765366], [61.26126550711946, 56.542719396166035], [61.54927664879021, 56.52474002052286], [61.837009519577556, 56.506095194417476], [62.124454503066325, 56.486786042195156], [62.411602051084955, 56.466813725637216], [62.698442685723876, 56.446179443623706], [62.98496700131356, 56.42488443178687], [63.271165666361725, 56.402929962155234], [63.55702942544862, 56.380317342789], [63.842549101079705, 56.35704791740662], [64.12771559549469, 56.33312306500294], [64.4125198924326, 56.30854419945922], [64.6969530588517, 56.28331276914514], [64.98100624660412, 56.257430256513096], [65.26467069406421, 56.23089817768517], [65.54793772771025, 56.20371808203273], [65.83079876365893, 56.17589155174939], [66.1132453091521, 56.14742020141697], [66.39526896399566, 56.118305677565374], [66.67686142194967, 56.08854965822611], [66.95801447206985, 56.05815385248014], [67.23871999999999, 56.02712000000001]]}, "properties": {"fa_flight_id": "RA86906-1628713699-adhoc-0", "registration": "RA-86906", "ident": "RA-86906", "ident_icao": NaN, "origin_code": "L 55.83502 38.50015", "origin_city": "Moscow", "destination_code": "L 56.02712 67.23872", "destination_city": "Kurgan", "scheduled_out": NaN, "estimated_out": NaN, "actual_out": NaN, "scheduled_off": "2021-08-11T20:28:19Z", "estimated_off": "2021-08-11T20:28:19Z", "actual_off": "2021-08-11T20:28:19Z", "scheduled_on": NaN, "estimated_on": NaN, "actual_on": "2021-08-11T20:28:19Z", "scheduled_in": NaN, "estimated_in": NaN, "actual_in": NaN, "status": "result unknown", "route_distance": NaN, "diverted": false, "cancelled": false, "simplified_departure_date": "2021-08-11", "origin_coords": [55.83502, 38.50015], "destination_coords": [56.02712, 67.23872], "is_same_city": false}}, {"type": "Feature", "geometry": {"type": "LineString", "coordinates": [[41.24929, 55.86151], [41.21682805193875, 55.86245328436563], [41.184364534491706, 55.86338802554114], [41.151899461808355, 55.86431422281533], [41.119432848042905, 55.865231875483374], [41.08696470735424, 55.86614098284686], [41.05449505390587, 55.86704154421386], [41.02202390186593, 55.867933558898834], [40.98955126540707, 55.86881702622269], [40.957077158706454, 55.8696919455128], [40.92460159594573, 55.8705583161029], [40.89212459131096, 55.87141613733327], [40.8596461589926, 55.87226540855056], [40.8271663131854, 55.87310612910789], [40.79468506808846, 55.873938298364834], [40.762202437905096, 55.87476191568742], [40.729718436842866, 55.87557698044813], [40.69723307911348, 55.87638349202587], [40.66474637893277, 55.87718144980608], [40.63225835052066, 55.87797085318057], [40.5997690081011, 55.87875170154769], [40.56727836590207, 55.879523994312216], [40.534786438155464, 55.8802877308854], [40.50229323909711, 55.88104291068497], [40.46979878296673, 55.88178953313513], [40.43730308400782, 55.882527597666524], [40.404806156467686, 55.883257103716325], [40.37230801459739, 55.88397805072815], [40.33980867265168, 55.88469043815212], [40.30730814488893, 55.885394265444816], [40.27480644557118, 55.88608953206933], [40.242303588964, 55.8867762374952], [40.20979958933652, 55.88745438119851], [40.17729446096129, 55.88812396266179], [40.14478821811438, 55.88878498137407], [40.112280875075186, 55.889437436830896], [40.07977244612651, 55.89008132853429], [40.04726294555445, 55.89071665599281], [40.01475238764834, 55.891343418721455], [39.9822407867008, 55.89196161624175], [39.949728157007556, 55.892571248081765], [39.91721451286753, 55.89317231377603], [39.884699868582715, 55.893764812865584], [39.852184238458165, 55.89434874489801], [39.81966763680193, 55.89492410942734], [39.78715007792503, 55.89549090601419], [39.754631576141406, 55.89604913422566], [39.72211214576787, 55.89659879363537], [39.68959180112409, 55.89713988382344], [39.657070556532496, 55.89767240437652], [39.6245484263183, 55.8981963548878], [39.59202542480935, 55.89871173495696], [39.55950156633626, 55.899218544190234], [39.52697686523215, 55.89971678220035], [39.49445133583281, 55.9002064486066], [39.461924992476476, 55.90068754303478], [39.429397849503935, 55.90116006511721], [39.39686992125839, 55.90162401449276], [39.36434122208542, 55.90207939080683], [39.331811766333004, 55.902526193711346], [39.29928156835141, 55.90296442286477], [39.266750642493164, 55.903394077932106], [39.23421900311305, 55.90381515858488], [39.201686664567966, 55.90422766450117], [39.16915364121704, 55.90463159536562], [39.13661994742142, 55.90502695086937], [39.10408559754435, 55.9054137307101], [39.07155060595101, 55.90579193459209], [39.039014987008635, 55.906161562226096], [39.00647875508631, 55.906522613329486], [38.973941924555035, 55.906875087626126], [38.9414045097876, 55.90721898484644], [38.908866525158615, 55.90755430472743], [38.876327985044426, 55.90788104701259], [38.843788903823054, 55.90819921145203], [38.81124929587423, 55.908508797802384], [38.7787091755792, 55.908809805826806], [38.7461685573209, 55.90910223529506], [38.713627455483696, 55.90938608598344], [38.681085884453466, 55.90966135767478], [38.648543858617536, 55.9099280501585], [38.61600139236457, 55.91018616323054], [38.583458500084674, 55.91043569669344], [38.550915196169164, 55.910676650356265], [38.51837149501065, 55.910909024034666], [38.48582741100299, 55.911132817550836], [38.45328295854116, 55.911348030733535], [38.42073815202129, 55.911554663418066], [38.38819300584061, 55.911752715446326], [38.355647534397356, 55.91194218666675], [38.32310175209078, 55.91212307693435], [38.29055567332107, 55.91229538611069], [38.25800931248935, 55.91245911406392], [38.22546268399757, 55.91261426066872], [38.19291580224852, 55.912760825806366], [38.160368681645785, 55.91289880936468], [38.127821336593634, 55.913028211238064], [38.09527378149707, 55.91314903132747], [38.062726030761695, 55.91326126954044], [38.03017809879375, 55.913364925791065], [37.99763, 55.91346000000001]]}, "properties": {"fa_flight_id": "RA86906-1628610719-adhoc-0", "registration": "RA-86906", "ident": "RA-86906", "ident_icao": NaN, "origin_code": "L 55.86151 41.24929", "origin_city": "Yaroslavl Oblast", "destination_code": "L 55.91346 37.99763", "destination_city": "Moscow", "scheduled_out": NaN, "estimated_out": NaN, "actual_out": NaN, "scheduled_off": "2021-08-10T15:51:59Z", "estimated_off": "2021-08-10T15:51:59Z", "actual_off": "2021-08-10T15:51:59Z", "scheduled_on": NaN, "estimated_on": NaN, "actual_on": "2021-08-10T15:51:59Z", "scheduled_in": NaN, "estimated_in": NaN, "actual_in": NaN, "status": "result unknown", "route_distance": NaN, "diverted": false, "cancelled": false, "simplified_departure_date": "2021-08-10", "origin_coords": [55.86151, 41.24929], "destination_coords": [55.91346, 37.99763], "is_same_city": false}}, {"type": "Feature", "geometry": {"type": "LineString", "coordinates": [[43.979839999999996, 56.26465], [43.978142396693414, 56.264968450958946], [43.976444765129784, 56.26528687868793], [43.974747105310314, 56.26560528318632], [43.97304941723632, 56.26592366445339], [43.971351700909, 56.26624202248854], [43.96965395632962, 56.266560357291056], [43.96795618349945, 56.2668786688603], [43.96625838241973, 56.26719695719559], [43.964560553091715, 56.26751522229626], [43.96286269551664, 56.267833464161654], [43.961164809695795, 56.26815168279111], [43.95946689563039, 56.268469878183936], [43.957768953321704, 56.268788050339495], [43.956070982770996, 56.2691061992571], [43.954372983979496, 56.2694243249361], [43.95267495694847, 56.269742427375824], [43.95097690167918, 56.270060506575604], [43.949278818172864, 56.27037856253478], [43.9475807064308, 56.27069659525269], [43.94588256645421, 56.27101460472864], [43.94418439824436, 56.27133259096199], [43.94248620180253, 56.27165055395207], [43.94078797712994, 56.27196849369822], [43.93908972422788, 56.272286410199754], [43.937391443097574, 56.27260430345603], [43.935693133740294, 56.27292217346637], [43.93399479615728, 56.27324002023011], [43.932296430349815, 56.27355784374659], [43.93059803631914, 56.27387564401513], [43.928899614066516, 56.274193421035065], [43.92720116359318, 56.27451117480575], [43.92550268490042, 56.2748289053265], [43.92380417798948, 56.27514661259668], [43.92210564286162, 56.27546429661557], [43.920407079518085, 56.275781957382556], [43.91870848796013, 56.27609959489694], [43.91700986818904, 56.27641720915808], [43.91531122020606, 56.27673480016529], [43.913612544012445, 56.27705236791792], [43.91191383960945, 56.277369912415296], [43.910215106998336, 56.27768743365676], [43.90851634618038, 56.27800493164164], [43.90681755715681, 56.27832240636928], [43.905118739928916, 56.278639857838996], [43.90341989449794, 56.27895728605014], [43.90172102086514, 56.27927469100203], [43.90002211903178, 56.27959207269403], [43.898323188999136, 56.279909431125446], [43.89662423076845, 56.280226766295634], [43.894925244340975, 56.28054407820392], [43.89322622971799, 56.28086136684962], [43.89152718690076, 56.28117863223209], [43.88982811589052, 56.28149587435068], [43.888129016688566, 56.28181309320469], [43.88642988929613, 56.28213028879349], [43.8847307337145, 56.282447461116384], [43.88303154994491, 56.28276461017273], [43.881332337988646, 56.28308173596183], [43.87963309784695, 56.28339883848305], [43.877933829521105, 56.283715917735734], [43.876234533012365, 56.28403297371919], [43.87453520832198, 56.284350006432774], [43.87283585545124, 56.28466701587579], [43.871136474401396, 56.28498400204761], [43.869437065173706, 56.28530096494755], [43.867737627769436, 56.28561790457495], [43.86603816218986, 56.28593482092914], [43.86433866843624, 56.28625171400946], [43.86263914650983, 56.286568583815246], [43.8609395964119, 56.28688543034584], [43.859240018143716, 56.28720225360055], [43.857540411706545, 56.28751905357875], [43.85584077710165, 56.28783583027975], [43.854141114330304, 56.28815258370289], [43.852441423393756, 56.2884693138475], [43.85074170429329, 56.28878602071294], [43.849041957030174, 56.28910270429852], [43.84734218160565, 56.28941936460358], [43.845642378021005, 56.28973600162747], [43.8439425462775, 56.290052615369504], [43.84224268637641, 56.29036920582904], [43.840542798318985, 56.2906857730054], [43.83884288210651, 56.29100231689792], [43.83714293774025, 56.291318837505926], [43.83544296522147, 56.29163533482878], [43.83374296455143, 56.291951808865804], [43.8320429357314, 56.29226825961633], [43.83034287876267, 56.292584687079696], [43.82864279364648, 56.29290109125524], [43.82694268038412, 56.2932174721423], [43.825242538976845, 56.293533829740205], [43.82354236942594, 56.293850164048294], [43.82184217173265, 56.294166475065914], [43.820141945898264, 56.29448276279238], [43.81844169192405, 56.29479902722703], [43.81674140981128, 56.29511526836923], [43.815041099561206, 56.295431486218284], [43.813340761175134, 56.29574768077354], [43.81164039465431, 56.29606385203433], [43.80994, 56.29637999999999]]}, "properties": {"fa_flight_id": "RA86906-1628603135-adhoc-0", "registration": "RA-86906", "ident": "RA-86906", "ident_icao": NaN, "origin_code": "L 56.26465 43.97984", "origin_city": "Nizhny Novgorod", "destination_code": "L 56.29638 43.80994", "destination_city": "Nizhny Novgorod", "scheduled_out": NaN, "estimated_out": NaN, "actual_out": NaN, "scheduled_off": "2021-08-10T13:45:35Z", "estimated_off": "2021-08-10T13:45:35Z", "actual_off": "2021-08-10T13:45:35Z", "scheduled_on": NaN, "estimated_on": NaN, "actual_on": "2021-08-10T13:45:35Z", "scheduled_in": NaN, "estimated_in": NaN, "actual_in": NaN, "status": "result unknown", "route_distance": NaN, "diverted": false, "cancelled": false, "simplified_departure_date": "2021-08-10", "origin_coords": [56.26465, 43.97984], "destination_coords": [56.29638, 43.80994], "is_same_city": false}}, {"type": "Feature", "geometry": {"type": "LineString", "coordinates": [[38.18846, 55.83344], [38.21433240064914, 55.84731824505063], [38.24022327983373, 55.86119105853876], [38.26613265314621, 55.875058433751], [38.292060536180216, 55.888920363965774], [38.31800694453045, 55.90277684245325], [38.3439718937926, 55.91662786247532], [38.36995539956335, 55.93047341728566], [38.39595747744026, 55.94431350012968], [38.42197814302177, 55.958148104244515], [38.44801741190707, 55.97197722285903], [38.4740752996961, 55.98580084919384], [38.50015182198949, 55.999618976461235], [38.52624699438843, 56.01343159786524], [38.55236083249472, 56.02723870660161], [38.578493351910616, 56.04104029585775], [38.60464456823885, 56.0548363588128], [38.63081449708249, 56.06862688863756], [38.65700315404495, 56.08241187849454], [38.68321055472988, 56.096191321537894], [38.70943671474114, 56.109965210913494], [38.735681649682725, 56.12373353975883], [38.7619453751587, 56.13749630120308], [38.788227906773145, 56.151253488367075], [38.81452926013011, 56.16500509436326], [38.8408494508335, 56.17875111229577], [38.86718849448709, 56.19249153526037], [38.89354640669439, 56.20622635634442], [38.91992320305863, 56.21995556862695], [38.9463188991827, 56.233679165178565], [38.97273351066903, 56.247397139061526], [38.99916705311962, 56.26110948332968], [39.02561954213586, 56.274816191028506], [39.05209099331859, 56.28851725519504], [39.07858142226794, 56.30221266885791], [39.105090844583316, 56.31590242503739], [39.13161927586332, 56.32958651674528], [39.158166731705684, 56.34326493698499], [39.18473322770722, 56.35693767875146], [39.211318779463745, 56.370604735031236], [39.23792340256998, 56.3842660988024], [39.26454711261957, 56.39792176303462], [39.29118992520494, 56.411571720689075], [39.31785185591723, 56.42521596471851], [39.344532920346325, 56.4388544880672], [39.371233134080654, 56.45248728367097], [39.39795251270719, 56.46611434445717], [39.42469107181144, 56.47973566334465], [39.45144882697725, 56.49335123324381], [39.47822579378683, 56.506961047056535], [39.50502198782067, 56.52056509767625], [39.531837424657446, 56.53416337798785], [39.55867211987398, 56.54775588086776], [39.58552608904517, 56.56134259918388], [39.612399347743875, 56.574923525795604], [39.63929191154092, 56.588498653553806], [39.66620379600496, 56.60206797530082], [39.693135016702435, 56.61563148387051], [39.720085589197545, 56.62918917208813], [39.74705552905208, 56.64274103277048], [39.77404485182545, 56.656287058725745], [39.80105357307455, 56.66982724275362], [39.8280817083537, 56.68336157764523], [39.855129273214615, 56.696890056183115], [39.88219628320628, 56.710412671141306], [39.9092827538749, 56.723929415285234], [39.936388700763814, 56.73744028137177], [39.96351413941346, 56.750945262149216], [39.99065908536129, 56.76444435035729], [40.017823554141636, 56.77793753872713], [40.045007561285715, 56.79142481998127], [40.07221112232153, 56.80490618683369], [40.09943425277378, 56.81838163198972], [40.12667696816381, 56.831851148146164], [40.153939284009496, 56.8453147279911], [40.18122121582522, 56.85877236420412], [40.20852277912178, 56.87222404945613], [40.2358439894063, 56.88566977640946], [40.26318486218214, 56.89910953771775], [40.290545412948866, 56.912543326026096], [40.31792565720216, 56.925971133970904], [40.34532561043371, 56.93939295417995], [40.372745288131156, 56.952808779272395], [40.40018470577803, 56.966218601858735], [40.42764387885366, 56.97962241454081], [40.45512282283307, 56.99302020991183], [40.482621553186966, 57.006411980556344], [40.510140085381586, 57.01979771905022], [40.53767843487867, 57.03317741796067], [40.565236617135376, 57.04655106984626], [40.59281464760414, 57.05991866725683], [40.62041254173272, 57.0732802027336], [40.648030314963975, 57.08663566880908], [40.67566798273591, 57.09998505800708], [40.7033255604815, 57.113328362842765], [40.73100306362866, 57.12666557582256], [40.758700507600174, 57.13999668944423], [40.78641790781356, 57.15332169619683], [40.81415527968101, 57.166640588560675], [40.84191263860939, 57.17995335900742], [40.86969, 57.19326]]}, "properties": {"fa_flight_id": "RA86906-1628590337-adhoc-0", "registration": "RA-86906", "ident": "RA-86906", "ident_icao": NaN, "origin_code": "L 55.83344 38.18846", "origin_city": "Moscow", "destination_code": "L 57.19326 40.86969", "destination_city": "Yaroslavl Oblast", "scheduled_out": NaN, "estimated_out": NaN, "actual_out": NaN, "scheduled_off": "2021-08-10T10:12:17Z", "estimated_off": "2021-08-10T10:12:17Z", "actual_off": "2021-08-10T10:12:17Z", "scheduled_on": NaN, "estimated_on": NaN, "actual_on": "2021-08-10T10:12:17Z", "scheduled_in": NaN, "estimated_in": NaN, "actual_in": NaN, "status": "result unknown", "route_distance": NaN, "diverted": false, "cancelled": false, "simplified_departure_date": "2021-08-10", "origin_coords": [55.83344, 38.18846], "destination_coords": [57.19326, 40.86969], "is_same_city": false}}, {"type": "Feature", "geometry": {"type": "LineString", "coordinates": [[38.17574, 55.82160999999999], [38.192267764959205, 55.735895318682005], [38.208723097619796, 55.650178428697], [38.22510654442477, 55.56445934676385], [38.24141864645196, 55.47873808943657], [38.2576599394799, 55.3930146731063], [38.27383095405256, 55.307289114003375], [38.28993221554339, 55.22156142819928], [38.30596424421818, 55.13583163160853], [38.32192755529721, 55.050099739990706], [38.337822659016375, 54.96436576895222], [38.353650060687485, 54.87862973394829], [38.369410260757654, 54.79289165028465], [38.385103754867885, 54.7071515331195], [38.40073103391077, 54.621409397465165], [38.41629258408741, 54.53566525818992], [38.43178888696347, 54.44991913001968], [38.44722041952447, 54.36417102753977], [38.462587654230276, 54.2784209651965], [38.477891059068845, 54.19266895729894], [38.49313109760918, 54.106915018020466], [38.50830822905352, 54.02115916140043], [38.523422908288836, 53.9354014013457], [38.53847558593764, 53.84964175163226], [38.55346670840795, 53.76388022590673], [38.56839671794268, 53.67811683768791], [38.58326605266832, 53.59235160036826], [38.59807514664285, 53.50658452721541], [38.61282442990313, 53.420815631373586], [38.62751432851149, 53.33504492586502], [38.64214526460182, 53.24927242359149], [38.65671765642488, 53.16349813733555], [38.67123191839308, 53.07772207976206], [38.685688461124634, 52.99194426341947], [38.70008769148709, 52.90616470074115], [38.71443001264023, 52.820383404046744], [38.72871582407851, 52.7346003855435], [38.742945521672716, 52.64881565732749], [38.75711949771133, 52.56302923138493], [38.77123814094101, 52.47724111959343], [38.78530183660683, 52.39145133372317], [38.79931096649178, 52.305659885438246], [38.8132659089558, 52.2198667862977], [38.82716703897428, 52.13407204775688], [38.84101472817606, 52.04827568116846], [38.85480934488094, 51.96247769778371], [38.8685512541366, 51.87667810875356], [38.8822408177551, 51.790876925129744], [38.895878394348934, 51.705074157865944], [38.9094643393665, 51.61926981781885], [38.922999005127195, 51.533463915749174], [38.93648274085599, 51.4476564623229], [38.94991589271757, 51.36184746811211], [38.963298803849995, 51.27603694359621], [38.97663181439802, 51.1902248991628], [38.98991526154583, 51.104411345108815], [39.003149479549485, 51.01859629164144], [39.016334799768835, 50.9327797488791], [39.02947155069909, 50.84696172685248], [39.04256005800197, 50.761142235505424], [39.0556006445364, 50.6753212846959], [39.06859363038887, 50.58949888419696], [39.08153933290341, 50.503675043697626], [39.094438066711085, 50.417849772803834], [39.107290143759236, 50.33202308103927], [39.12009587334027, 50.24619497784632], [39.13285556212007, 50.16036547258693], [39.14556951416612, 50.074534574543456], [39.15823803097519, 49.98870229291951], [39.1708614115007, 49.90286863684082], [39.183439952179775, 49.817033615356046], [39.195973946959896, 49.731197237437584], [39.20846368732523, 49.645359511982484], [39.22090946232267, 49.55952044781304], [39.23331155858752, 49.47368005367781], [39.24567026036882, 49.38783833825224], [39.2579858495544, 49.30199531013947], [39.27025860569563, 49.216150977871145], [39.28248880603186, 49.13030534990809], [39.29467672551445, 49.04445843464113], [39.30682263683068, 48.95861024039173], [39.31892681042727, 48.87276077541279], [39.330989514533535, 48.786910047889364], [39.343011015184395, 48.70105806593931], [39.35499157624302, 48.61520483761397], [39.36693145942324, 48.529350370898996], [39.37883092431161, 48.44349467371487], [39.39069022838927, 48.35763775391765], [39.40250962705352, 48.27177961929963], [39.414289373639136, 48.18592027758996], [39.42602971943942, 48.10005973645537], [39.43773091372696, 48.01419800350071], [39.44939320377423, 47.92833508626962], [39.46101683487384, 47.84247099224524], [39.4726020503586, 47.75660572885064], [39.48414909162133, 47.67073930344962], [39.49565819813444, 47.58487172334717], [39.50712960746921, 47.49900299579016], [39.518563555315005, 47.41313312796782], [39.52996027549801, 47.327262127012496], [39.541320000000006, 47.241389999999996]]}, "properties": {"fa_flight_id": "RA86906-1629357494-adhoc-0", "registration": "RA-86906", "ident": "RA-86906", "ident_icao": NaN, "origin_code": "L 55.82161 38.17574", "origin_city": "Moscow", "destination_code": "L 47.24139 39.54132", "destination_city": "Krasnodar Krai", "scheduled_out": NaN, "estimated_out": NaN, "actual_out": NaN, "scheduled_off": "2021-08-19T07:18:14Z", "estimated_off": "2021-08-19T07:18:14Z", "actual_off": "2021-08-19T07:18:14Z", "scheduled_on": NaN, "estimated_on": NaN, "actual_on": "2021-08-19T07:18:14Z", "scheduled_in": NaN, "estimated_in": NaN, "actual_in": NaN, "status": "result unknown", "route_distance": NaN, "diverted": false, "cancelled": false, "simplified_departure_date": "2021-08-19", "origin_coords": [55.82161, 38.17574], "destination_coords": [47.24139, 39.54132], "is_same_city": false}}, {"type": "Feature", "geometry": {"type": "LineString", "coordinates": [[20.525710000000007, 55.09043000000001], [20.695097500847435, 55.11079736685351], [20.864656788708306, 55.13092954196621], [21.03438616520702, 55.15082611171101], [21.204283918652806, 55.1704866663665], [21.374348324127254, 55.18991080015583], [21.544577643574133, 55.20909811128541], [21.714970125891647, 55.22804820198323], [21.88552400702711, 55.246760678537164], [22.056237510073935, 55.26523515133283], [22.22710884537098, 55.28347123489131], [22.398136210604353, 55.3014685479066], [22.569317790911473, 55.31922671328273], [22.74065175898755, 55.33674535817067], [22.91213627519436, 55.35402411400492], [23.08376948767139, 55.371062616539845], [23.255549532449294, 55.387860505885676], [23.42747453356566, 55.40441742654418], [23.599542603183068, 55.42073302744403], [23.771751841709456, 55.43680696197597], [23.944100337920766, 55.452638888027415], [24.116586169085817, 55.46822846801693], [24.28920740109348, 55.48357536892822], [24.46196208858204, 55.49867926234384], [24.6348482750708, 55.513539824478514], [24.807863993093886, 55.52815673621209], [24.981007264336196, 55.54252968312212], [25.15427609977159, 55.556658355516035], [25.327668499803167, 55.57054244846299], [25.501182454405647, 55.58418166182519], [25.67481594326994, 55.59757570028897], [25.848566935949734, 55.61072427339527], [26.022433392010125, 55.62362709556988], [26.196413261178385, 55.63628388615314], [26.37050448349664, 55.64869436942919], [26.544704989476553, 55.66085827465488], [26.71901270025609, 55.67277533608813], [26.893425527757994, 55.68444529301588], [27.06794137485046, 55.695867889781596], [27.242558135509423, 55.707042875812206], [27.41727369498288, 55.717970005644716], [27.592085929956983, 55.728649038952234], [27.76699270872391, 55.73907974056947], [27.941991891351552, 55.74926188051793], [28.11708132985488, 55.75919523403032], [28.292258868369085, 55.76887958157473], [28.467522343324315, 55.77831470887813], [28.64286958362213, 55.78750040694938], [28.818298410813505, 55.79643647210177], [28.9938066392784, 55.80512270597491], [29.169392076406996, 55.813558915556264], [29.34505252278223, 55.82174491320197], [29.520785772363922, 55.829680516657184], [29.69658961267437, 55.837365549075926], [29.87246182498521, 55.844799839040235], [30.04840018450574, 55.85198322057892], [30.224402460572534, 55.85891553318563], [30.400466416840278, 55.86559662183639], [30.576589811473966, 55.87202633700654], [30.7527703973421, 55.87820453468717], [30.929005922211303, 55.88413107640089], [31.10529412894186, 55.88980582921703], [31.281632755684363, 55.89522866576625], [31.45801953607749, 55.90039946425462], [31.634452199446667, 55.90531810847695], [31.810928471003724, 55.909984487829696], [31.9874460720475, 55.914398497323134], [32.164002720165236, 55.91856003759295], [32.34059612943484, 55.92246901491129], [32.51722401062795, 55.92612534119708], [32.693884071413635, 55.92952893402581], [32.870574016562905, 55.932679716638695], [33.047291548153815, 55.93557761795116], [33.224034365777115, 55.93822257256074], [33.40080016674251, 55.94061452075438], [33.57758664628549, 55.94275340851503], [33.75439149777448, 55.94463918752769], [33.931212412918484, 55.94627181518475], [34.10804708197514, 55.94765125459078], [34.28489319395902, 55.948777474566604], [34.46174843685027, 55.94965044965276], [34.6386104978034, 55.95027016011237], [34.81547706335638, 55.95063659193335], [34.99234581963977, 55.95074973682995], [35.169214452586004, 55.95060959224363], [35.34608064813862, 55.950216161343455], [35.52294209246163, 55.949569453025624], [35.6997964721488, 55.94866948191258], [35.87664147443269, 55.94751626835132], [36.05347478739376, 55.946109838411125], [36.23029410016918, 55.94445022388069], [36.40709710316136, 55.94253746226457], [36.58388148824631, 55.94037159677898], [36.76064494898161, 55.937952676346995], [36.93738518081396, 55.93528075559317], [37.1140998812864, 55.93235589483734], [37.29078675024501, 55.929178160088], [37.467443490045106, 55.92574762303499], [37.64406780575686, 55.922064361041436], [37.820657405370376, 55.91812845713529], [37.997209999999995, 55.91394]]}, "properties": {"fa_flight_id": "RA86906-1629303997-adhoc-0", "registration": "RA-86906", "ident": "RA-86906", "ident_icao": NaN, "origin_code": "L 55.09043 20.52571", "origin_city": "Kaliningrad", "destination_code": "L 55.91394 37.99721", "destination_city": "Moscow", "scheduled_out": NaN, "estimated_out": NaN, "actual_out": NaN, "scheduled_off": "2021-08-18T16:26:37Z", "estimated_off": "2021-08-18T16:26:37Z", "actual_off": "2021-08-18T16:26:37Z", "scheduled_on": NaN, "estimated_on": NaN, "actual_on": "2021-08-18T16:26:37Z", "scheduled_in": NaN, "estimated_in": NaN, "actual_in": NaN, "status": "result unknown", "route_distance": NaN, "diverted": false, "cancelled": false, "simplified_departure_date": "2021-08-18", "origin_coords": [55.09043, 20.52571], "destination_coords": [55.91394, 37.99721], "is_same_city": false}}, {"type": "Feature", "geometry": {"type": "LineString", "coordinates": [[38.074209999999994, 55.97658], [37.8981230085006, 55.985613809784205], [37.721954863824166, 55.99439657143018], [37.54570779195112, 56.00292808780088], [37.369384025889836, 56.01120816720449], [37.192985805488114, 56.0192366234153], [37.016515377243124, 56.0270132756943], [36.839974994109994, 56.03453794880885], [36.66336691530886, 56.04181047305213], [36.48669340613061, 56.048830684261766], [36.30995673774128, 56.055598423837985], [36.13315918698519, 56.0621135387611], [35.95630303618674, 56.06837588160848], [35.77939057295109, 56.074385310570925], [35.602424089963584, 56.08014168946835], [35.42540588478814, 56.08564488776492], [35.24833825966448, 56.09089478058361], [35.071223521304304, 56.095891248720115], [34.8940639806866, 56.100634178656065], [34.71686195285185, 56.105123462571775], [34.53961975669538, 56.10935899835827], [34.36233971475986, 56.11334068962868], [34.18502415302705, 56.117068445729075], [34.007675400708614, 56.120542181748526], [33.83029579003634, 56.123761818528735], [33.652887656051654, 56.12672728267284], [33.47545333639451, 56.12943850655367], [33.29799517109161, 56.13189542832136], [33.12051550234422, 56.13409799191026], [32.943016674315416, 56.13604614704529], [32.765501032916866, 56.13773984924758], [32.58797092559529, 56.13917905983942], [32.41042870111852, 56.140363745948704], [32.2328767093613, 56.14129388051257], [32.05531730109075, 56.14196944228046], [31.87775282775179, 56.14239041581652], [31.70018564125221, 56.14255679150135], [31.52261809374781, 56.142468565533086], [31.345052537427378, 56.14212573992779], [31.16749132429772, 56.141528322519264], [30.98993680596867, 56.14067632695814], [30.812391333438253, 56.139569772710416], [30.634857256877936, 56.138208685055126], [30.457336925418122, 56.136593095081636], [30.279832686933812, 56.13472303968604], [30.1023468878306, 56.132598561567], [29.92488187283098, 56.13021970922111], [29.747439984761034, 56.1275865369372], [29.570023564337564, 56.12469910479039], [29.392634949955674, 56.12155747863527], [29.215276477476877, 56.11816173009857], [29.03795048001781, 56.11451193657102], [28.860659287739534, 56.11060818119878], [28.683405227637472, 56.106450552874], [28.50619062333211, 56.102039146224946], [28.32901779486046, 56.0973740616054], [28.151889058468264, 56.09245540508339], [27.97480672640308, 56.08728328842939], [27.797773106708306, 56.0818578291038], [27.620790503018046, 56.07617915024386], [27.443861214353085, 56.07024738064994], [27.266987534917718, 56.06406265477121], [27.090171753897867, 56.05762511269068], [26.913416155260105, 56.05093490010963], [26.736723017552006, 56.04399216833152], [26.560094613703544, 56.03679707424515], [26.38353321082985, 56.02934978030735], [26.207041070035213, 56.02165045452508], [26.030620446218364, 56.01369927043679], [25.854273587879185, 56.005496407093446], [25.678002736926768, 55.99704204903874], [25.501810128488987, 55.98833638628889], [25.325697990723445, 55.97937961431178], [25.14966854463003, 55.97017193400565], [24.973724003864973, 55.96071355167703], [24.797866574556565, 55.951004679018375], [24.622098455122412, 55.94104553308497], [24.446421836088398, 55.930836336271334], [24.270838899909368, 55.92037731628723], [24.09535182079152, 55.90966870613287], [23.91996276451654, 55.89871074407389], [23.74467388826759, 55.88750367361564], [23.569487340457066, 55.876047743477], [23.39440526055625, 55.86434320756374], [23.219429778926887, 55.85239032494132], [23.0445630166546, 55.8401893598072], [22.86980708538434, 55.82774058146277], [22.69516408715775, 55.81504426428474], [22.520636114252593, 55.80210068769597], [22.346225249024155, 55.78891013613599], [22.171933563748752, 55.775472899031016], [21.99776312046933, 55.76178927076348], [21.8237159708431, 55.74785955064115], [21.649794155991415, 55.73368404286584], [21.47599970635171, 55.71926305650162], [21.30233464153166, 55.70459690544274], [21.128800970165546, 55.689685908381016], [20.95540068977283, 55.67453038877286], [20.782135786618934, 55.65913067480596], [20.60900823557835, 55.643487099365466], [20.43602, 55.6276]]}, "properties": {"fa_flight_id": "RA86906-1629216795-adhoc-0", "registration": "RA-86906", "ident": "RA-86906", "ident_icao": NaN, "origin_code": "L 55.97658 38.07421", "origin_city": "Moscow", "destination_code": "L 55.62760 20.43602", "destination_city": "Palanga", "scheduled_out": NaN, "estimated_out": NaN, "actual_out": NaN, "scheduled_off": "2021-08-17T16:13:15Z", "estimated_off": "2021-08-17T16:13:15Z", "actual_off": "2021-08-17T16:13:15Z", "scheduled_on": NaN, "estimated_on": NaN, "actual_on": "2021-08-17T16:13:15Z", "scheduled_in": NaN, "estimated_in": NaN, "actual_in": NaN, "status": "result unknown", "route_distance": NaN, "diverted": false, "cancelled": false, "simplified_departure_date": "2021-08-17", "origin_coords": [55.97658, 38.07421], "destination_coords": [55.6276, 20.43602], "is_same_city": false}}, {"type": "Feature", "geometry": {"type": "LineString", "coordinates": [[59.87962, 56.80073], [59.65931931061298, 56.81109741694347], [59.43889898737893, 56.8210765847884], [59.21836349295012, 56.8306671489566], [58.997717306235955, 56.83986876827699], [58.77696492179785, 56.848681115045046], [58.5561108492388, 56.85710387507987], [58.33515961258757, 56.86513674777908], [58.11411574967799, 56.87277944617136], [57.89298381152331, 56.88003169696678], [57.671768361686006, 56.88689324060479], [57.45047397564321, 56.89336383129976], [57.229105240147895, 56.89944323708432], [57.00766675258605, 56.90513123985023], [56.78616312033025, 56.91042763538684], [56.56459896008956, 56.91533223341723], [56.3429788972562, 56.91984485763184], [56.12130756524914, 56.923965345719665], [55.89958960485473, 56.92769354939712], [55.677829663564935, 56.93102933443419], [55.45603239491298, 56.93397258067844], [55.23420245780695, 56.936523182076215], [55.01234451586142, 56.93868104669158], [54.79046323672747, 56.94044609672267], [54.56856329142118, 56.94181826851548], [54.34664935365104, 56.94279751257526], [54.12472609914424, 56.9433837935753], [53.9027982049724, 56.94357709036323], [53.68087034887667, 56.94337739596479], [53.45894720859273, 56.94278471758506], [53.23703346117572, 56.94179907660721], [53.01513378232535, 56.94042050858865], [52.793252845711656, 56.93864906325471], [52.571395322301356, 56.936484804489794], [52.34956587968517, 56.93392781032599], [52.12776918140643, 56.930978172929215], [51.90600988629106, 56.92763599858276], [51.684292647779266, 56.92390140766845], [51.46262211325916, 56.919774534645256], [51.241002923402455, 56.91525552802535], [51.01943971150273, 56.91034455034785], [50.797937102816086, 56.905041778149965], [50.5764997139048, 56.89934740193573], [50.3551321519841, 56.8932616261423], [50.13383901427204, 56.88678466910386], [49.91262488734317, 56.8799167630131], [49.69149434648573, 56.87265815388019], [49.470451955063005, 56.86500910148961], [49.24950226387873, 56.85696987935439], [49.02864981054696, 56.84854077466813], [48.807899118866615, 56.83972208825472], [48.5872546982007, 56.830514134515646], [48.36672104286074, 56.820917241375135], [48.1463026314963, 56.810931750222984], [47.926003926490004, 56.80055801585517], [47.70582937335823, 56.78979640641219], [47.48578340015748, 56.77864730331538], [47.26587041689695, 56.767111101200875], [47.04609481495715, 56.75518820785158], [46.82646096651489, 56.74287904412696], [46.606973223974954, 56.73018404389076], [46.38763591940839, 56.71710365393675], [46.16845336399767, 56.703638333912345], [45.94942984748899, 56.689788556240266], [45.73056963765172, 56.67555480603831], [45.511876979745246, 56.66093758103714], [45.29335609599331, 56.645937391496055], [45.075011185066046, 56.63055476011724], [44.856846421569855, 56.61479022195775], [44.638865955545086, 56.59864432434004], [44.42107391197195, 56.58211762676059], [44.203474390284505, 56.56521070079676], [43.98607146389314, 56.54792413001205], [43.76886917971524, 56.5302585098597], [43.55187155771469, 56.512214447584526], [43.33508259044979, 56.49379256212343], [43.118506242630126, 56.474993484004045], [42.90214645068217, 56.45581785524215], [42.6860071223239, 56.43626632923749], [42.47009213614843, 56.41633957066807], [42.25440534121679, 56.396038255383296], [42.038950556659884, 56.37536307029552], [41.823731571289684, 56.35431471327035], [41.60875214321984, 56.33289389301577], [41.394015999495686, 56.31110132896988], [41.179526835733526, 56.2889377511875], [40.965288315769705, 56.266403900225654], [40.75130407131903, 56.2435005270278], [40.537577701642874, 56.22022839280716], [40.32411277322685, 56.196588268928835], [40.110912819468226, 56.17258093679104], [39.897981340372965, 56.14820718770533], [39.68532180226254, 56.12346782277586], [39.47293763749042, 56.098363652777884], [39.260832244168284, 56.072895498035244], [39.049008985902105, 56.04706418829725], [38.83747119153784, 56.02087056261461], [38.62622215491695, 55.994315469214776], [38.41526513464165, 55.967399765376555], [38.20460335384987, 55.94012431730403], [37.994240000000005, 55.91249]]}, "properties": {"fa_flight_id": "RA86906-1629124691-adhoc-0", "registration": "RA-86906", "ident": "RA-86906", "ident_icao": NaN, "origin_code": "L 56.80073 59.87962", "origin_city": "Yekaterinburg", "destination_code": "L 55.91249 37.99424", "destination_city": "Moscow", "scheduled_out": NaN, "estimated_out": NaN, "actual_out": NaN, "scheduled_off": "2021-08-16T14:38:11Z", "estimated_off": "2021-08-16T14:38:11Z", "actual_off": "2021-08-16T14:38:11Z", "scheduled_on": NaN, "estimated_on": NaN, "actual_on": "2021-08-16T14:38:11Z", "scheduled_in": NaN, "estimated_in": NaN, "actual_in": NaN, "status": "result unknown", "route_distance": NaN, "diverted": false, "cancelled": false, "simplified_departure_date": "2021-08-16", "origin_coords": [56.80073, 59.87962], "destination_coords": [55.91249, 37.99424], "is_same_city": false}}, {"type": "Feature", "geometry": {"type": "LineString", "coordinates": [[37.94677999999999, 55.97538], [38.1699653072663, 56.00307703770666], [38.39346844931212, 56.03037048082476], [38.617285520431366, 56.057259342930436], [38.84141257188005, 56.08374264913058], [39.06584561220856, 56.10981943622494], [39.29058060760752, 56.13548875286713], [39.51561348226699, 56.16074965972468], [39.740940118749116, 56.185601229637705], [39.966556358374255, 56.21004254777645], [40.192458001620295, 56.23407271179764], [40.41864080853549, 56.25769083199924], [40.64510049916453, 56.28089603147408], [40.871832753987825, 56.30368744626185], [41.098833214373975, 56.326064225499636], [41.3260974830455, 56.34802553157082], [41.55362112455745, 56.369570540252454], [41.781399665789074, 56.39069844086088], [42.00942859644842, 56.41140843639552], [42.23770336958964, 56.431699743681015], [42.466219402143025, 56.45157159350739], [42.69497207545766, 56.47102323076836], [42.923956735856486, 56.490053914597574], [43.15316869520368, 56.508662918503], [43.38260323148432, 56.52684953049898], [43.61225558939602, 56.544613053236354], [43.84212098095256, 56.561952804130364], [44.07219458609917, 56.578868115486145], [44.30247155333949, 56.59535833462215], [44.532947000373866, 56.611422823991035], [44.763616014748976, 56.627060961298255], [44.99447365451843, 56.642272139618214], [45.225514948914245, 56.65705576750778], [45.45673489902894, 56.671411269117414], [45.688128478508176, 56.68533808429963], [45.91969063425347, 56.6988356687148], [46.15141628713506, 56.711903493934265], [46.383300332714455, 56.724541047540775], [46.615337641976524, 56.73674783322607], [46.8475230620709, 56.74852337088569], [47.07985141706247, 56.759867196710935], [47.31231750869054, 56.7707788632778], [47.54491611713667, 56.78125793963319], [47.7776420018006, 56.79130401137793], [48.01048990208435, 56.80091668074691], [48.24345453818382, 56.81009556668604], [48.47653061188799, 56.81884030492628], [48.70971280738514, 56.82715054805443], [48.94299579207588, 56.835025965580776], [49.17637421739288, 56.84246624400357], [49.409842719626624, 56.849471086870345], [49.64339592075715, 56.85604021483591], [49.87702842929148, 56.86217336571708], [50.11073484110621, 56.8678702945442], [50.34450974029512, 56.87313077360923], [50.578347700021496, 56.877954592510605], [50.81224328337456, 56.882341558194675], [51.046191044230085, 56.88629149499373], [51.28018552811454, 56.88980424466073], [51.514221273072565, 56.892879666400546], [51.74829281053741, 56.89551763689777], [51.98239466620401, 56.89771805034116], [52.21652136090429, 56.89948081844456], [52.45066741148445, 56.90080587046434], [52.68482733168384, 56.90169315321351], [52.91899563301496, 56.90214263107217], [53.15316682564456, 56.90215428599463], [53.387335419275026, 56.901728117512945], [53.62149592402613, 56.90086414273704], [53.855642851316546, 56.89956239635131], [54.08977071474487, 56.8978229306077], [54.32387403096973, 56.89564581531545], [54.55794732058873, 56.89303113782717], [54.79198510901581, 56.88997900302156], [55.02598192735668, 56.886489533282685], [55.25993231328206, 56.88256286847573], [55.493830811898164, 56.878199165919376], [55.72767197661445, 56.873398600354655], [55.96145037000792, 56.868161363910545], [56.195160564683846, 56.86248766606603], [56.428797144132574, 56.856377733608845], [56.66235470358198, 56.849831810590814], [56.89582785084535, 56.84285015827996], [57.12921120716429, 56.83543305510911], [57.362499408046375, 56.827580796621376], [57.595687104097216, 56.81929369541231], [57.82876896184659, 56.81057208106879], [58.06173966456848, 56.801416300104705], [58.294593913094374, 56.791826715893436], [58.52732642662003, 56.781803708597245], [58.759931943504874, 56.771347675093494], [58.992405222064164, 56.76045902889775], [59.22474104135341, 56.74913820008385], [59.456934201944755, 56.73738563520101], [59.68897952669525, 56.72520179718784], [59.92087186150652, 56.712587165283516], [60.15260607607567, 56.69954223493596], [60.38417706463723, 56.686067517707215], [60.61557974669569, 56.672163541176], [60.84680906774862, 56.65783084883742], [61.07786, 56.64307]]}, "properties": {"fa_flight_id": "RA86906-1628926882-adhoc-0", "registration": "RA-86906", "ident": "RA-86906", "ident_icao": NaN, "origin_code": "L 55.97538 37.94678", "origin_city": "Moscow", "destination_code": "L 56.64307 61.07786", "destination_city": "Yekaterinburg", "scheduled_out": NaN, "estimated_out": NaN, "actual_out": NaN, "scheduled_off": "2021-08-14T07:41:22Z", "estimated_off": "2021-08-14T07:41:22Z", "actual_off": "2021-08-14T07:41:22Z", "scheduled_on": NaN, "estimated_on": NaN, "actual_on": "2021-08-14T07:41:22Z", "scheduled_in": NaN, "estimated_in": NaN, "actual_in": NaN, "status": "result unknown", "route_distance": NaN, "diverted": false, "cancelled": false, "simplified_departure_date": "2021-08-14", "origin_coords": [55.97538, 37.94678], "destination_coords": [56.64307, 61.07786], "is_same_city": false}}, {"type": "Feature", "geometry": {"type": "LineString", "coordinates": [[43.30853, 55.44885], [43.25667615279497, 55.454245105763306], [43.20480814807259, 55.459618286236385], [43.15292603682439, 55.46496953104062], [43.10102987014679, 55.470298829833446], [43.049119699240855, 55.47560617230833], [42.99719557541198, 55.48089154819494], [42.945257550069606, 55.48615494725914], [42.893305674726975, 55.49139635930319], [42.841340001000795, 55.49661577416581], [42.789360580610975, 55.50181318172223], [42.73736746538031, 55.506988571884285], [42.68536070723423, 55.51214193460063], [42.63334035820046, 55.5172732598566], [42.58130647040875, 55.522382537674545], [42.529259096090556, 55.52746975811374], [42.47719828757879, 55.53253491127058], [42.42512409730742, 55.53757798727864], [42.37303657781128, 55.54259897630873], [42.32093578172567, 55.54759786856907], [42.26882176178611, 55.552574654305275], [42.216694570828004, 55.55752932380052], [42.164554261786336, 55.56246186737563], [42.11240088769533, 55.567372275389104], [42.06023450168819, 55.57226053823728], [42.00805515699673, 55.577126646354344], [41.955862906951104, 55.58197059021255], [41.903657804979424, 55.5867923603221], [41.85143990460749, 55.59159194723148], [41.799209259458465, 55.59636934152732], [41.746965923252525, 55.60112453383466], [41.69470994980652, 55.60585751481691], [41.6424413930337, 55.610568275175986], [41.590160306943325, 55.61525680565245], [41.53786674564038, 55.61992309702547], [41.48556076332519, 55.62456714011304], [41.43324241429315, 55.62918892577197], [41.38091175293432, 55.633788444898016], [41.328568833733144, 55.638365688425964], [41.276213711268056, 55.64292064732969], [41.223846440211176, 55.64745331262227], [41.17146707532795, 55.651963675356065], [41.11907567147682, 55.65645172662278], [41.066672283608845, 55.66091745755356], [41.01425696676736, 55.66536085931907], [40.96182977608767, 55.669781923129634], [40.90939076679662, 55.67418064023519], [40.85693999421231, 55.67855700192552], [40.80447751374371, 55.68291099953022], [40.752003380890265, 55.68724262441883], [40.69951765124163, 55.691551868000914], [40.64702038047721, 55.69583872172616], [40.59451162436584, 55.7001031770844], [40.54199143876544, 55.70434522560574], [40.48945987962261, 55.70856485886063], [40.436917002972294, 55.71276206845997], [40.38436286493737, 55.71693684605511], [40.33179752172835, 55.72108918333803], [40.279221029642905, 55.72521907204134], [40.22663344506559, 55.729326503938395], [40.174034824467405, 55.73341147084339], [40.12142522440546, 55.737473964611375], [40.068804701522545, 55.7415139771384], [40.0161733125468, 55.74553150036158], [39.96353111429129, 55.74952652625912], [39.91087816365367, 55.75349904685046], [39.858214517615735, 55.75744905419631], [39.80554023324309, 55.76137654039872], [39.752855367684745, 55.76528149760121], [39.7001599781727, 55.76916391798879], [39.647454122021585, 55.77302379378805], [39.59473785662825, 55.776861117267224], [39.542011239471385, 55.78067588073632], [39.48927432811108, 55.78446807654709], [39.43652718018849, 55.78823769709325], [39.383769853425385, 55.79198473481039], [39.331002405623785, 55.79570918217616], [39.27822489466554, 55.799411031710314], [39.22543737851189, 55.80309027597478], [39.172639915203135, 55.80674690757371], [39.119832562858186, 55.81038091915358], [39.06701537967412, 55.81399230340327], [39.014188423925845, 55.81758105305407], [38.961351753965644, 55.82114716087985], [38.90850542822277, 55.82469061969705], [38.855649505203, 55.828211422364795], [38.80278404348829, 55.831709561784905], [38.74990910173628, 55.83518503090206], [38.69702473867994, 55.83863782270379], [38.644131013127115, 55.84206793022054], [38.591227983960096, 55.84547534652581], [38.5383157101352, 55.848860064736165], [38.48539425068239, 55.8522220780113], [38.432463664704784, 55.85556137955417], [38.37952401137826, 55.85887796261091], [38.32657534995102, 55.8621718204711], [38.27361773974318, 55.86544294646768], [38.220651240146296, 55.86869133397709], [38.16767591062298, 55.87191697641928], [38.11469181070644, 55.875119867257844], [38.061699, 55.8783]]}, "properties": {"fa_flight_id": "RA86906-1635252221-adhoc-0", "registration": "RA-86906", "ident": "RA-86906", "ident_icao": NaN, "origin_code": "L 55.44885 43.30853", "origin_city": "Nizhny Novgorod", "destination_code": "UUMU", "destination_city": NaN, "scheduled_out": NaN, "estimated_out": NaN, "actual_out": NaN, "scheduled_off": "2021-10-26T12:43:41Z", "estimated_off": "2021-10-26T12:43:41Z", "actual_off": "2021-10-26T12:43:41Z", "scheduled_on": NaN, "estimated_on": NaN, "actual_on": "2021-10-26T12:43:41Z", "scheduled_in": NaN, "estimated_in": NaN, "actual_in": NaN, "status": "result unknown", "route_distance": NaN, "diverted": false, "cancelled": false, "simplified_departure_date": "2021-10-26", "origin_coords": [55.44885, 43.30853], "destination_coords": [55.8783, 38.061699], "is_same_city": false}}, {"type": "Feature", "geometry": {"type": "LineString", "coordinates": [[36.37099, 55.61295], [36.38778207902078, 55.615717948640146], [36.40457652814179, 55.618483603288354], [36.421373345977145, 55.621246963383314], [36.43817253113923, 55.624008028364024], [36.4549740822387, 55.62676679766974], [36.47177799788445, 55.62952327074002], [36.48858427668367, 55.63227744701474], [36.50539291724177, 55.63502932593398], [36.522203918162475, 55.63777890693818], [36.53901727804774, 55.640526189468076], [36.55583299549777, 55.64327117296464], [36.57265106911106, 55.646013856869175], [36.589471497484375, 55.64875424062325], [36.60629427921272, 55.651492323668734], [36.623119412889366, 55.65422810544782], [36.63994689710586, 55.656961585402925], [36.656776730452, 55.65969276297681], [36.67360891151588, 55.662421637612525], [36.6904434388838, 55.665148208753386], [36.70728031114038, 55.667872475843026], [36.724119526868485, 55.67059443832539], [36.74096108464922, 55.67331409564466], [36.75780498306201, 55.67603144724538], [36.77465122068448, 55.67874649257233], [36.79149979609258, 55.68145923107063], [36.80835070786049, 55.68416966218567], [36.82520395456066, 55.686877785363166], [36.84205953476383, 55.689583600049104], [36.858917447038955, 55.692287105689786], [36.87577768995331, 55.69498830173178], [36.892640262072405, 55.69768718762203], [36.90950516196002, 55.70038376280768], [36.92637238817823, 55.70307802673624], [36.94324193928735, 55.705769978855514], [36.96011381384594, 55.70845961861359], [36.9769880104109, 55.71114694545886], [36.99386452753731, 55.71383195884003], [37.01074336377858, 55.7165146582061], [37.02762451768636, 55.71919504300637], [37.04450798781059, 55.72187311269047], [37.061393772699454, 55.72454886670828], [37.07828187089943, 55.72722230451005], [37.09517228095524, 55.729893425546294], [37.11206500140989, 55.73256222926783], [37.12896003080464, 55.7352287151258], [37.14585736767905, 55.73789288257165], [37.16275701057093, 55.74055473105712], [37.17965895801635, 55.74321426003428], [37.19656320854967, 55.74587146895547], [37.213469760703504, 55.748526357273406], [37.23037861300876, 55.75117892444102], [37.24728976399461, 55.75382916991164], [37.264203212188455, 55.75647709313887], [37.28111895611604, 55.7591226935766], [37.29803699430133, 55.76176597067906], [37.31495732526656, 55.7644069239008], [37.331879947532286, 55.767045552696665], [37.348804859617296, 55.76968185652179], [37.36573206003865, 55.77231583483168], [37.382661547311706, 55.7749474870821], [37.399593319950085, 55.777576812729166], [37.41652737646564, 55.78020381122929], [37.43346371536858, 55.78282848203919], [37.450402335167325, 55.78545082461593], [37.467343234368606, 55.788070838416864], [37.4842864114774, 55.790688522899664], [37.50123186499696, 55.79330387752235], [37.51817959342884, 55.79591690174319], [37.53512959527287, 55.79852759502085], [37.55208186902713, 55.801135956814264], [37.56903641318797, 55.803741986582715], [37.58599322625006, 55.80634568378578], [37.60295230670632, 55.80894704788338], [37.619913653047945, 55.81154607833571], [37.63687726376441, 55.814142774603354], [37.65384313734349, 55.81673713614716], [37.67081127227119, 55.81932916242834], [37.68778166703185, 55.82191885290838], [37.704754320108044, 55.82450620704914], [37.72172922998065, 55.827091224312774], [37.73870639512883, 55.829673904161766], [37.75568581403, 55.83225424605892], [37.77266748515987, 55.834832249467375], [37.78965140699245, 55.837407913850605], [37.80663757800001, 55.83998123867236], [37.82362599665308, 55.842552223396765], [37.84061666142052, 55.845120867488276], [37.85760957076944, 55.84768717041163], [37.874604723165255, 55.85025113163195], [37.89160211707162, 55.852812750614625], [37.90860175095054, 55.85537202682543], [37.925603623262234, 55.85792895973043], [37.942607732465255, 55.860483548796026], [37.9596140770164, 55.86303579348898], [37.9766226553708, 55.86558569327634], [37.99363346598182, 55.868133247625515], [38.01064650730115, 55.87067845600424], [38.027661777778754, 55.87322131788057], [38.044679275862855, 55.875761832722915], [38.061699, 55.8783]]}, "properties": {"fa_flight_id": "RA86906-1636726346-adhoc-0", "registration": "RA-86906", "ident": "RA-86906", "ident_icao": NaN, "origin_code": "L 55.61295 36.37099", "origin_city": "Moscow", "destination_code": "UUMU", "destination_city": NaN, "scheduled_out": NaN, "estimated_out": NaN, "actual_out": NaN, "scheduled_off": "2021-11-12T14:12:26Z", "estimated_off": "2021-11-12T14:12:26Z", "actual_off": "2021-11-12T14:12:26Z", "scheduled_on": NaN, "estimated_on": NaN, "actual_on": "2021-11-12T14:12:26Z", "scheduled_in": NaN, "estimated_in": NaN, "actual_in": NaN, "status": "result unknown", "route_distance": NaN, "diverted": false, "cancelled": false, "simplified_departure_date": "2021-11-12", "origin_coords": [55.61295, 36.37099], "destination_coords": [55.8783, 38.061699], "is_same_city": false}}, {"type": "Feature", "geometry": {"type": "LineString", "coordinates": [[30.138790000000004, 59.82548], [30.211071611060536, 59.78509006999127], [30.28317835749782, 59.74466058085771], [30.355110774766896, 59.70419169222622], [30.42686939730933, 59.663683563029224], [30.498454758544355, 59.623136351507185], [30.569867390860264, 59.5825502152112], [30.6411078256059, 59.54192531100566], [30.712176593082372, 59.50126179507067], [30.78307422253496, 59.46055982290477], [30.853801242145117, 59.41981954932744], [30.92435817902274, 59.37904112848166], [30.994745559198538, 59.33822471383652], [31.064963907616562, 59.297370458189796], [31.135013748126983, 59.25647851367053], [31.20489560347892, 59.21554903174155], [31.274609995313508, 59.174582163202125], [31.34415744415709, 59.13357805819047], [31.41353846941459, 59.09253686618638], [31.482753589362996, 59.051458736013686], [31.55180332114502, 59.01034381584302], [31.62068818076298, 58.969192253194194], [31.68940868307266, 58.92800419493883], [31.757965341777528, 58.886779787302956], [31.826358669422888, 58.84551917586953], [31.894589177390355, 58.80422250558104], [31.962657375892356, 58.76288992074202], [32.03056377396684, 58.72152156502159], [32.09830887947207, 58.68011758145607], [32.1658931990816, 58.638678112451444], [32.23331723827934, 58.59720329978606], [32.30058150135482, 58.555693284612964], [32.36768649139849, 58.514148207462604], [32.43463271029725, 58.472568208245264], [32.50142065873005, 58.43095342625371], [32.56805083616362, 58.389304000165566], [32.63452374084832, 58.34762006804601], [32.700839869814196, 58.30590176735014], [32.76699971886699, 58.2641492349256], [32.83300378258445, 58.22236260701506], [32.89885255431262, 58.18054201925867], [32.96454652616232, 58.1386876066967], [33.03008618900578, 58.096799503771926], [33.09547203247323, 58.054877844332104], [33.16070454494981, 58.012922761632616], [33.2257842135724, 57.970934388338776], [33.2907115242267, 57.92891285652845], [33.35548696154435, 57.88685829769445], [33.42011100890014, 57.84477084274707], [33.48458414840944, 57.80265062201647], [33.54890686092551, 57.760497765255245], [33.61307962603719, 57.71831240164079], [33.67710292206645, 57.67609465977781], [33.74097722606623, 57.633844667700735], [33.80470301381819, 57.59156255287618], [33.868280759830725, 57.54924844220537], [33.93171093733701, 57.506902462026545], [33.99499401829307, 57.4645247381175], [34.058130473376096, 57.4221153956978], [34.121120771982675, 57.37967455943139], [34.18396538222724, 57.33720235342893], [34.246664770940605, 57.29469890125009], [34.3092194036685, 57.25216432590615], [34.37162974467024, 57.209598749862245], [34.43389625691751, 57.16700229503975], [34.496019402093204, 57.12437508281873], [34.55799964059031, 57.08171723404024], [34.619837431510994, 57.03902886900874], [34.68153323266557, 56.996310107494395], [34.7430875005718, 56.95356106873551], [34.80450069045401, 56.910781871440804], [34.86577325624249, 56.86797263379173], [34.92690565057287, 56.82513347344489], [34.98789832478556, 56.78226450753429], [35.04875172892535, 56.73936585267369], [35.10946631174097, 56.69643762495891], [35.17004252068479, 56.65347993997007], [35.230480801912606, 56.610492912774035], [35.29078160028346, 56.567476657926555], [35.350945359359464, 56.52443128947461], [35.41097252140589, 56.48135692095869], [35.47086352739106, 56.43825366541507], [35.53061881698655, 56.39512163537804], [35.59023882856728, 56.35196094288219], [35.64972399921175, 56.308771699464636], [35.70907476470232, 56.265554016167286], [35.768291559525586, 56.222308003539034], [35.827374816872734, 56.17903377163801], [35.88632496863999, 56.13573143003382], [35.94514244542926, 56.09240108780972], [36.00382767654852, 56.04904285356483], [36.062381090012614, 56.005656835416325], [36.12080311254384, 55.96224314100166], [36.179094169572785, 55.91880187748071], [36.23725468523902, 55.87533315153795], [36.29528508239201, 55.831837069384655], [36.35318578259204, 55.78831373676103], [36.41095720611108, 55.744763258938335], [36.46859977193392, 55.7011857407211], [36.52611389775907, 55.65758128644919], [36.5835, 55.61395]]}, "properties": {"fa_flight_id": "RA86906-1636715297-adhoc-0", "registration": "RA-86906", "ident": "RA-86906", "ident_icao": NaN, "origin_code": "L 59.82548 30.13879", "origin_city": "Saint Petersburg", "destination_code": "L 55.61395 36.58350", "destination_city": "Moscow", "scheduled_out": NaN, "estimated_out": NaN, "actual_out": NaN, "scheduled_off": "2021-11-12T11:08:17Z", "estimated_off": "2021-11-12T11:08:17Z", "actual_off": "2021-11-12T11:08:17Z", "scheduled_on": NaN, "estimated_on": NaN, "actual_on": "2021-11-12T11:08:17Z", "scheduled_in": NaN, "estimated_in": NaN, "actual_in": NaN, "status": "result unknown", "route_distance": NaN, "diverted": false, "cancelled": false, "simplified_departure_date": "2021-11-12", "origin_coords": [59.82548, 30.13879], "destination_coords": [55.61395, 36.5835], "is_same_city": false}}, {"type": "Feature", "geometry": {"type": "LineString", "coordinates": [[38.19684, 55.80129], [38.12499975574377, 55.84303699527985], [38.05300512918124, 55.884742049914294], [37.980855701855006, 55.92640500783007], [37.90855105483268, 55.96802571235094], [37.836090768715906, 56.00960400619596], [37.76347442364948, 56.051139731477754], [37.69070159933072, 56.09263272970073], [37.61777187501886, 56.13408284175938], [37.54468482954463, 56.17548990793651], [37.47144004131998, 56.21685376790152], [37.398037088347984, 56.258174260708685], [37.32447554823277, 56.29945122479547], [37.25075499818977, 56.34068449798078], [37.17687501505595, 56.38187391746329], [37.10283517530033, 56.423019319819716], [37.02863505503447, 56.4641205410032], [36.9542742300234, 56.50517741634156], [36.87975227569637, 56.54618978053566], [36.80506876715799, 56.58715746765773], [36.73022327919941, 56.62808031114975], [36.65521538630974, 56.66895814382176], [36.58004466268752, 56.70979079785029], [36.50471068225246, 56.750578104776615], [36.42921301865727, 56.79131989550533], [36.35355124529966, 56.832016000302524], [36.277724935334575, 56.87266624879438], [36.20173366168644, 56.91327046996546], [36.12557699706176, 56.95382849215721], [36.04925451396174, 56.99434014306633], [35.972765784695156, 57.03480524974327], [35.89611038139135, 57.07522363859067], [35.819287876013426, 57.11559513536184], [35.74229784037163, 57.15591956515924], [35.66513984613684, 57.19619675243293], [35.5878134648543, 57.23642652097915], [35.51031826795751, 57.27660869393882], [35.4326538267823, 57.316743093796], [35.35481971258104, 57.35682954237654], [35.2768154965371, 57.39686786084655], [35.19864074977944, 57.436857869711055], [35.120295043397434, 57.47679938881248], [35.041777948455795, 57.51669223732935], [34.96308903600979, 57.55653623377486], [34.88422787712059, 57.59633119599545], [34.80519404287077, 57.63607694116957], [34.7259871043801, 57.67577328580629], [34.64660663282146, 57.71542004574387], [34.56705219943693, 57.75501703614863], [34.48732337555412, 57.79456407151356], [34.40741973260272, 57.83406096565701], [34.32734084213118, 57.87350753172153], [34.247086275823605, 57.912903582172596], [34.166655605516915, 57.95224892879729], [34.08604840321813, 57.991543382703284], [34.00526424112187, 58.030786754317475], [33.92430269162813, 58.06997885338493], [33.84316332736019, 58.10911948896772], [33.761845721182695, 58.14820846944369], [33.680349446220106, 58.18724560250553], [33.59867407587517, 58.22623069515953], [33.51681918384774, 58.265163553724605], [33.43478434415373, 58.30404398383119], [33.352569131144335, 58.34287179042024], [33.270173119525445, 58.38164677774227], [33.187595884377224, 58.420368749356236], [33.10483700117405, 58.45903750812877], [33.02189604580449, 58.497652856233074], [32.93877259459167, 58.53621459514807], [32.85546622431373, 58.574722525657556], [32.7719765122246, 58.61317644784922], [32.68830303607494, 58.65157616111396], [32.604445374133334, 58.6899214641449], [32.52040310520775, 58.72821215493671], [32.43617580866708, 58.766448030784815], [32.351763064463135, 58.80462888828458], [32.26716445315269, 58.842754523330726], [32.18237955591984, 58.880824731116505], [32.09740795459854, 58.91883930613316], [32.01224923169549, 58.9567980421692], [31.92690297041315, 58.994700732309845], [31.84136875467296, 59.032547168936404], [31.75564616913896, 59.070337143725794], [31.669734799241517, 59.108070447649936], [31.58363423120129, 59.14574687097533], [31.497344052053567, 59.18336620326257], [31.410863849672666, 59.22092823336592], [31.324193212796715, 59.258432749432906], [31.23733173105265, 59.29587953890397], [31.150278994981388, 59.33326838851208], [31.06303459606338, 59.37059908428251], [30.97559812674424, 59.407871411532504], [30.887969180460843, 59.445085154871094], [30.800147351667427, 59.48224009819881], [30.71213223586215, 59.519336024707584], [30.623923429613825, 59.55637271688066], [30.535520530588848, 59.593349956492354], [30.446923137578505, 59.6302675246081], [30.358130850526393, 59.6671252015844], [30.269143270556285, 59.7039227670688], [30.179959999999998, 59.740660000000005]]}, "properties": {"fa_flight_id": "RA86906-1636702270-adhoc-0", "registration": "RA-86906", "ident": "RA-86906", "ident_icao": NaN, "origin_code": "L 55.80129 38.19684", "origin_city": "Moscow", "destination_code": "L 59.74066 30.17996", "destination_city": "Saint Petersburg", "scheduled_out": NaN, "estimated_out": NaN, "actual_out": NaN, "scheduled_off": "2021-11-12T07:31:10Z", "estimated_off": "2021-11-12T07:31:10Z", "actual_off": "2021-11-12T07:31:10Z", "scheduled_on": NaN, "estimated_on": NaN, "actual_on": "2021-11-12T07:31:10Z", "scheduled_in": NaN, "estimated_in": NaN, "actual_in": NaN, "status": "result unknown", "route_distance": NaN, "diverted": false, "cancelled": false, "simplified_departure_date": "2021-11-12", "origin_coords": [55.80129, 38.19684], "destination_coords": [59.74066, 30.17996], "is_same_city": false}}, {"type": "Feature", "geometry": {"type": "LineString", "coordinates": [[35.80616, 35.20765], [35.81272495842705, 35.20489004104847], [35.81928947059917, 35.20212972778516], [35.825853536535085, 35.19936906027038], [35.8324171562535, 35.19660803856447], [35.83898032977318, 35.19384666272771], [35.84554305711288, 35.19108493282043], [35.8521053382914, 35.18832284890291], [35.85866717332756, 35.18556041103547], [35.86522856224024, 35.18279761927838], [35.87178950504828, 35.18003447369197], [35.87835000177057, 35.177270974336494], [35.884910052426065, 35.17450712127225], [35.89146965703367, 35.17174291455951], [35.89802881561238, 35.168978354258556], [35.90458752818118, 35.16621344042966], [35.911145794759086, 35.16344817313309], [35.91770361536514, 35.160682552429115], [35.924260990018425, 35.157916578377986], [35.93081791873801, 35.15515025103997], [35.93737440154302, 35.15238357047532], [35.9439304384526, 35.14961653674429], [35.950486029485894, 35.146849149907105], [35.957041174662116, 35.14408141002403], [35.96359587400047, 35.14131331715529], [35.970150127520185, 35.13854487136113], [35.97670393524053, 35.135776072701766], [35.983257297180785, 35.13300692123744], [35.98981021336027, 35.13023741702836], [35.99636268379831, 35.12746756013476], [36.00291470851427, 35.124697350616856], [36.009466287527516, 35.12192678853485], [36.01601742085748, 35.119155873948955], [36.02256810852358, 35.116384606919375], [36.029118350545275, 35.1136129875063], [36.03566814694202, 35.11084101576994], [36.04221749773336, 35.108068691770484], [36.048766402938796, 35.105296015568115], [36.05531486257789, 35.10252298722301], [36.06186287667021, 35.099749606795385], [36.06841044523537, 35.096975874345375], [36.07495756829297, 35.09420178993318], [36.08150424586269, 35.091427353618954], [36.08805047796418, 35.08865256546288], [36.09459626461714, 35.085877425525105], [36.1011416058413, 35.08310193386579], [36.107686501656396, 35.08032609054509], [36.11423095208219, 35.07754989562315], [36.120774957138494, 35.07477334916013], [36.127318516845115, 35.07199645121617], [36.13386163122189, 35.0692192018514], [36.1404043002887, 35.06644160112595], [36.14694652406542, 35.063663649099965], [36.15348830257195, 35.060885345833555], [36.16002963582825, 35.058106691386854], [36.166570523854276, 35.05532768581998], [36.17311096667001, 35.05254832919306], [36.17965096429547, 35.04976862156618], [36.18619051675066, 35.04698856299945], [36.192729624055666, 35.04420815355301], [36.19926828623056, 35.04142739328691], [36.205806503295456, 35.03864628226129], [36.21234427527045, 35.03586482053621], [36.218881602175735, 35.033083008171765], [36.225418484031465, 35.03030084522805], [36.231954920857845, 35.02751833176514], [36.2384909126751, 35.024735467843094], [36.245026459503464, 35.02195225352201], [36.25156156136324, 35.019168688861946], [36.25809621827469, 35.01638477392296], [36.264630430258144, 35.01360050876512], [36.27116419733395, 35.01081589344849], [36.277697519522484, 35.0080309280331], [36.284230396844116, 35.00524561257902], [36.29076282931927, 35.00245994714628], [36.29729481696838, 34.999673931794916], [36.30382635981192, 34.996887566585], [36.31035745787037, 34.994100851576526], [36.31688811116423, 34.991313786829544], [36.323418319714044, 34.988526372404074], [36.32994808354036, 34.98573860836013], [36.33647740266377, 34.98295049475773], [36.34300627710487, 34.980162031656896], [36.349534706884285, 34.97737321911764], [36.35606269202267, 34.97458405719994], [36.36259023254071, 34.97179454596384], [36.36911732845908, 34.969004685469294], [36.375643979798525, 34.966214475776326], [36.382170186579785, 34.96342391694492], [36.388695948823624, 34.960633009035035], [36.39522126655084, 34.957841752106695], [36.40174613978225, 34.955050146219854], [36.40827056853869, 34.952258191434474], [36.41479455284102, 34.94946588781055], [36.42131809271015, 34.946673235408014], [36.42784118816696, 34.943880234286866], [36.43436383923241, 34.94108688450704], [36.440886045927435, 34.938293186128476], [36.44740780827304, 34.93549913921117], [36.45392912629022, 34.93270474381502], [36.46045, 34.92991]]}, "properties": {"fa_flight_id": "RA86906-1636524937-adhoc-0", "registration": "RA-86906", "ident": "RA-86906", "ident_icao": NaN, "origin_code": "L 35.20765 35.80616", "origin_city": "Antakya", "destination_code": "L 34.92991 36.46045", "destination_city": "Antakya", "scheduled_out": NaN, "estimated_out": NaN, "actual_out": NaN, "scheduled_off": "2021-11-10T06:15:37Z", "estimated_off": "2021-11-10T06:15:37Z", "actual_off": "2021-11-10T06:15:37Z", "scheduled_on": NaN, "estimated_on": NaN, "actual_on": "2021-11-10T06:15:37Z", "scheduled_in": NaN, "estimated_in": NaN, "actual_in": NaN, "status": "result unknown", "route_distance": NaN, "diverted": false, "cancelled": false, "simplified_departure_date": "2021-11-10", "origin_coords": [35.20765, 35.80616], "destination_coords": [34.92991, 36.46045], "is_same_city": false}}, {"type": "Feature", "geometry": {"type": "LineString", "coordinates": [[37.92517000000001, 55.96372], [37.94766681617598, 55.87759052984416], [37.97006403649785, 55.79145697580267], [37.992362416796034, 55.705319369059445], [38.01456270545582, 55.61917774048875], [38.03666564350875, 55.5330321206591], [38.05867196472256, 55.44688253983688], [38.08058239568997, 55.36072902799021], [38.10239765591606, 55.27457161479261], [38.124118457904395, 55.18841032962653], [38.14574550724202, 55.10224520158694], [38.16727950268308, 55.01607625948492], [38.18872113623131, 54.92990353185101], [38.210071093221394, 54.84372704693869], [38.23133005239903, 54.757546832727726], [38.252498685999946, 54.67136291692745], [38.27357765982782, 54.58517532698008], [38.29456763333099, 54.49898409006389], [38.315469259678125, 54.412789233096404], [38.33628318583284, 54.32659078273752], [38.357010052627295, 54.24038876539259], [38.37765049483464, 54.154183207215425], [38.39820514124051, 54.067974134111374], [38.418674614713616, 53.98176157174019], [38.43905953227513, 53.89554554551895], [38.45936050516729, 53.809326080625], [38.47957813892099, 53.72310320199868], [38.49971303342237, 53.636876934346205], [38.51976578297859, 53.55064730214232], [38.539736976382606, 53.464414329633136], [38.559627196977125, 53.37817804083866], [38.57943702271758, 53.29193845955555], [38.59916702623436, 53.205695609359644], [38.61881777489408, 53.11944951360857], [38.63838983086009, 53.033200195444216], [38.65788375115212, 52.946947677795315], [38.67730008770511, 52.86069198337979], [38.696639387427254, 52.77443313470726], [38.71590219225724, 52.68817115408145], [38.73508903922076, 52.60190606360246], [38.754200460486196, 52.51563788516918], [38.77323698341959, 52.4293666404815], [38.79219913063888, 52.343092351042664], [38.81108742006737, 52.256815038161484], [38.82990236498656, 52.170534722954464], [38.84864447408815, 52.084251426348075], [38.867314251525464, 51.99796516908087], [38.885912196964206, 51.911675971705534], [38.90443880563235, 51.82538385459108], [38.922894568369614, 51.739088837924825], [38.941279971676124, 51.652790941714464], [38.95959549776048, 51.56649018579006], [38.977841624587214, 51.48018658980601], [38.99601882592358, 51.39388017324303], [39.014127571385764, 51.30757095541007], [39.03216832648446, 51.22125895544619], [39.05014155266989, 51.134944192322436], [39.0680477073762, 51.04862668484378], [39.08588724406532, 50.962306451650804], [39.1036606122702, 50.87598351122161], [39.121368257637506, 50.789657881873566], [39.139010621969845, 50.70332958176503], [39.156588143267314, 50.61699862889718], [39.17410125576858, 50.53066504111559], [39.19155038999145, 50.44432883611203], [39.2089359727729, 50.35799003142608], [39.226258427308565, 50.27164864444679], [39.24351817319184, 50.18530469241431], [39.26071562645223, 50.09895819242148], [39.27785119959358, 50.01260916141539], [39.29492530163145, 49.92625761619904], [39.311938338130304, 49.839903573432736], [39.32889071124004, 49.75354704963575], [39.34578281973219, 49.66718806118774], [39.36261505903555, 49.58082662433026], [39.379387821271436, 49.49446275516823], [39.39610149528853, 49.408096469671385], [39.412756466697175, 49.3217277836757], [39.429353117903354, 49.23535671288477], [39.445891828142194, 49.14898327287128], [39.462372973511044, 49.062607479078316], [39.47879692700219, 48.97622934682071], [39.495164058535096, 48.889848891286476], [39.51147473498835, 48.80346612753802], [39.52772932023107, 48.717081070513544], [39.543928175154065, 48.63069373502825], [39.56007165770058, 48.54430413577571], [39.576160122896574, 48.457912287329066], [39.592193922880696, 48.37151820414227], [39.608173406933965, 48.285121900551346], [39.624098921508946, 48.19872339077562], [39.63997081025869, 48.11232268891883], [39.65578941406523, 48.02591980897045], [39.67155507106783, 47.93951476480673], [39.68726811669077, 47.853107570191916], [39.702928883670936, 47.766698238779405], [39.71853770208499, 47.680286784112845], [39.73409489937619, 47.59387321962724], [39.74960080038099, 47.50745755865009], [39.765055727355204, 47.42103981440245], [39.78045999999999, 47.33462000000001]]}, "properties": {"fa_flight_id": "RA86906-1636370382-adhoc-0", "registration": "RA-86906", "ident": "RA-86906", "ident_icao": NaN, "origin_code": "L 55.96372 37.92517", "origin_city": "Moscow", "destination_code": "L 47.33462 39.78046", "destination_city": "Stavropol", "scheduled_out": NaN, "estimated_out": NaN, "actual_out": NaN, "scheduled_off": "2021-11-08T11:19:42Z", "estimated_off": "2021-11-08T11:19:42Z", "actual_off": "2021-11-08T11:19:42Z", "scheduled_on": NaN, "estimated_on": NaN, "actual_on": "2021-11-08T11:19:42Z", "scheduled_in": NaN, "estimated_in": NaN, "actual_in": NaN, "status": "result unknown", "route_distance": NaN, "diverted": false, "cancelled": false, "simplified_departure_date": "2021-11-08", "origin_coords": [55.96372, 37.92517], "destination_coords": [47.33462, 39.78046], "is_same_city": false}}, {"type": "Feature", "geometry": {"type": "LineString", "coordinates": [[36.73827, 34.62646999999999], [36.730272590826445, 34.632326348210256], [36.72227405243944, 34.63818217435646], [36.7142743845334, 34.64403747825076], [36.70627358680271, 34.649892259705254], [36.69827165894177, 34.65574651853196], [36.69026860064493, 34.66160025454288], [36.682264411606525, 34.667453467549926], [36.67425909152091, 34.67330615736495], [36.66625264008237, 34.67915832379977], [36.6582450569852, 34.685009966666115], [36.65023634192369, 34.69086108577568], [36.6422264945921, 34.696711680940105], [36.63421551468467, 34.70256175197095], [36.626203401895644, 34.708411298679714], [36.61819015591921, 34.71426032087787], [36.61017577644958, 34.720108818376815], [36.60216026318093, 34.72595679098787], [36.594143615807404, 34.73180423852233], [36.586125834023186, 34.73765116079141], [36.578106917522376, 34.74349755760627], [36.57008686599911, 34.74934342877802], [36.562065679147466, 34.75518877411769], [36.55404335666154, 34.761033593436295], [36.54601989823539, 34.76687788654473], [36.537995303563086, 34.7727216532539], [36.52996957233864, 34.778564893374586], [36.52194270425609, 34.784407606717565], [36.51391469900942, 34.790249793093516], [36.50588555629263, 34.79609145231309], [36.497855275799694, 34.80193258418685], [36.48982385722457, 34.80777318852533], [36.48179130026119, 34.81361326513898], [36.4737576046035, 34.81945281383822], [36.46572276994538, 34.82529183443337], [36.457686795980756, 34.831130326734716], [36.44964968240348, 34.836968290552505], [36.44161142890744, 34.8428057256969], [36.43357203518649, 34.848642631977995], [36.425531500934426, 34.85447900920587], [36.417489825845095, 34.86031485719048], [36.40944700961231, 34.86615017574179], [36.40140305192984, 34.87198496466965], [36.39335795249147, 34.8778192237839], [36.38531171099097, 34.883652952894295], [36.37726432712207, 34.88948615181051], [36.369215800578495, 34.8953188203422], [36.361166131053984, 34.90115095829896], [36.353115318242224, 34.90698256549029], [36.34506336183691, 34.91281364172567], [36.33701026153168, 34.918644186814504], [36.32895601702023, 34.92447420056612], [36.3209006279962, 34.93030368278983], [36.312844094153206, 34.93613263329485], [36.304786415184864, 34.94196105189034], [36.29672759078478, 34.947788938385436], [36.288667620646535, 34.953616292589174], [36.280606504463705, 34.95944311431055], [36.27254424192985, 34.9652694033585], [36.26448083273851, 34.971095159541896], [36.256416276583224, 34.976920382669554], [36.248350573157495, 34.98274507255024], [36.24028372215482, 34.98856922899264], [36.232215723268716, 34.99439285180541], [36.22414657619264, 35.000215940797126], [36.21607628062006, 35.006038495776295], [36.20800483624441, 35.011860516551394], [36.199932242759125, 35.01768200293082], [36.19185849985765, 35.02350295472292], [36.18378360723337, 35.02932337173598], [36.17570756457969, 35.03514325377822], [36.16763037158998, 35.04096260065782], [36.15955202795762, 35.046781412182895], [36.15147253337596, 35.052599688161465], [36.143391887538336, 35.05841742840154], [36.135310090138084, 35.06423463271104], [36.127227140868506, 35.07005130089786], [36.119143039422916, 35.0758674327698], [36.11105778549461, 35.08168302813459], [36.10297137877685, 35.08749808679996], [36.0948838189629, 35.09331260857352], [36.08679510574601, 35.09912659326286], [36.078705238819424, 35.1049400406755], [36.070614217876376, 35.11075295061889], [36.06252204261006, 35.11656532290041], [36.0544287127137, 35.122377157327435], [36.04633422788046, 35.12818845370721], [36.03823858780352, 35.13399921184699], [36.03014179217606, 35.139809431553914], [36.02204384069122, 35.145619112635075], [36.01394473304214, 35.15142825489753], [36.00584446892194, 35.15723685814827], [35.99774304802375, 35.1630449221942], [35.98964047004065, 35.16885244684219], [35.981536734665745, 35.17465943189905], [35.973431841592124, 35.18046587717153], [35.965325790512836, 35.18627178246629], [35.95721858112094, 35.19207714759], [35.94911021310949, 35.19788197234918], [35.9410006861715, 35.20368625655036], [35.93289, 35.20949]]}, "properties": {"fa_flight_id": "RA86906-1637220220-adhoc-0", "registration": "RA-86906", "ident": "RA-86906", "ident_icao": NaN, "origin_code": "L 34.62647 36.73827", "origin_city": "Damascus", "destination_code": "L 35.20949 35.93289", "destination_city": "Antakya", "scheduled_out": NaN, "estimated_out": NaN, "actual_out": NaN, "scheduled_off": "2021-11-18T07:23:40Z", "estimated_off": "2021-11-18T07:23:40Z", "actual_off": "2021-11-18T07:23:40Z", "scheduled_on": NaN, "estimated_on": NaN, "actual_on": "2021-11-18T07:23:40Z", "scheduled_in": NaN, "estimated_in": NaN, "actual_in": NaN, "status": "result unknown", "route_distance": NaN, "diverted": false, "cancelled": false, "simplified_departure_date": "2021-11-18", "origin_coords": [34.62647, 36.73827], "destination_coords": [35.20949, 35.93289], "is_same_city": false}}, {"type": "Feature", "geometry": {"type": "LineString", "coordinates": [[35.81887999999999, 35.17304], [35.82927010460655, 35.16653983506687], [35.83965854826041, 35.160038783152935], [35.85004533140076, 35.1535368446137], [35.86043045446685, 35.147034019804536], [35.87081391789798, 35.140530309080695], [35.881195722133555, 35.134025712797346], [35.89157586761299, 35.12752023130951], [35.90195435477582, 35.12101386497214], [35.91233118406157, 35.11450661414003], [35.92270635590991, 35.10799847916791], [35.93307987076053, 35.10148946041037], [35.94345172905317, 35.09497955822189], [35.95382193122768, 35.08846877295687], [35.964190477723925, 35.08195710496955], [35.97455736898186, 35.0754445546141], [35.9849226054415, 35.068931122244564], [35.99528618754291, 35.06241680821487], [36.00564811572622, 35.05590161287885], [36.01600839043164, 35.049385536590215], [36.026367012099406, 35.04286857970256], [36.036723981169864, 35.036350742569375], [36.04707929808337, 35.02983202554405], [36.05743296328038, 35.02331242897986], [36.06778497720139, 35.016791953229955], [36.07813534028696, 35.010270598647374], [36.08848405297774, 35.003748365585075], [36.09883111571437, 34.99722525439588], [36.109176528937624, 34.99070126543251], [36.11952029308829, 34.984176399047556], [36.129862408607245, 34.97765065559354], [36.1402028759354, 34.97112403542283], [36.15054169551374, 34.964596538887704], [36.1608788677833, 34.958068166340325], [36.171214393185195, 34.951538918132755], [36.18154827216056, 34.94500879461694], [36.19188050515064, 34.938477796144696], [36.20221109259669, 34.93194592306777], [36.21254003494004, 34.92541317573776], [36.222867332622094, 34.91887955450617], [36.233192986084305, 34.9123450597244], [36.243516995768154, 34.90580969174373], [36.25383936211524, 34.89927345091531], [36.26416008556714, 34.89273633759024], [36.27447916656557, 34.88619835211945], [36.284796605552245, 34.87965949485378], [36.29511240296896, 34.87311976614395], [36.30542655925757, 34.866579166340614], [36.31573907485998, 34.86003769579424], [36.32604995021812, 34.85349535485526], [36.336359185774036, 34.84695214387394], [36.34666678196979, 34.84040806320047], [36.356972739247496, 34.833863113184925], [36.36727705804936, 34.827317294177256], [36.3775797388176, 34.82077060652731], [36.38788078199451, 34.81422305058484], [36.398180188022444, 34.80767462669945], [36.4084779573438, 34.801125335220675], [36.41877409040102, 34.79457517649792], [36.42906858763663, 34.78802415088048], [36.43936144949318, 34.78147225871755], [36.4496526764133, 34.77491950035821], [36.45994226883965, 34.7683658761514], [36.47023022721495, 34.76181138644601], [36.480516551981985, 34.75525603159077], [36.490801243583576, 34.74869981193432], [36.501084302462615, 34.7421427278252], [36.51136572906203, 34.73558477961182], [36.521645523824816, 34.72902596764247], [36.531923687194, 34.72246629226537], [36.542200219612674, 34.71590575382861], [36.552475121524004, 34.709344352680155], [36.56274839337116, 34.70278208916788], [36.57302003559739, 34.69621896363954], [36.58329004864601, 34.689654976442775], [36.59355843296036, 34.68309012792513], [36.60382518898383, 34.67652441843404], [36.614090317159885, 34.66995784831682], [36.624353817932004, 34.663390417920674], [36.634615691743754, 34.6568221275927], [36.64487593903875, 34.6502529776799], [36.65513456026062, 34.64368296852913], [36.66539155585308, 34.63711210048718], [36.675646926259866, 34.630540373900715], [36.6859006719248, 34.623967789116264], [36.6961527932917, 34.617394346480275], [36.7064032908045, 34.61082004633907], [36.716652164907124, 34.6042448890389], [36.72689941604359, 34.59766887492585], [36.737145044657915, 34.59109200434593], [36.74738905119421, 34.58451427764503], [36.75763143609662, 34.577935695168925], [36.767872199809304, 34.571356257263304], [36.77811134277654, 34.56477596427372], [36.78834886544259, 34.55819481654562], [36.7985847682518, 34.55161281442437], [36.80881905164853, 34.54502995825518], [36.819051716077226, 34.53844624838319], [36.82928276198234, 34.53186168515341], [36.83951218980842, 34.52527626891075], [36.84974, 34.51869]]}, "properties": {"fa_flight_id": "RA86906-1637210756-adhoc-0", "registration": "RA-86906", "ident": "RA-86906", "ident_icao": NaN, "origin_code": "L 35.17304 35.81888", "origin_city": "Antakya", "destination_code": "L 34.51869 36.84974", "destination_city": "Damascus", "scheduled_out": NaN, "estimated_out": NaN, "actual_out": NaN, "scheduled_off": "2021-11-18T04:45:56Z", "estimated_off": "2021-11-18T04:45:56Z", "actual_off": "2021-11-18T04:45:56Z", "scheduled_on": NaN, "estimated_on": NaN, "actual_on": "2021-11-18T04:45:56Z", "scheduled_in": NaN, "estimated_in": NaN, "actual_in": NaN, "status": "result unknown", "route_distance": NaN, "diverted": false, "cancelled": false, "simplified_departure_date": "2021-11-18", "origin_coords": [35.17304, 35.81888], "destination_coords": [34.51869, 36.84974], "is_same_city": false}}, {"type": "Feature", "geometry": {"type": "LineString", "coordinates": [[48.2044, 55.87598], [48.10333138446357, 55.880126679056886], [48.00224139098315, 55.88419055095831], [47.90113044326283, 55.88817158571247], [47.79999896562193, 55.892069753925114], [47.69884738298291, 55.8958850268006], [47.597676120859305, 55.899617376142956], [47.49648560534364, 55.90326677435688], [47.3952762630952, 55.9068331944487], [47.294048521327866, 55.910316610027465], [47.19280280779787, 55.91371699530575], [47.0915395507915, 55.917034325100715], [46.990259179112776, 55.920268574835006], [46.88896212207111, 55.923419720537545], [46.787648809468855, 55.92648773884455], [46.68631967158898, 55.92947260700025], [46.584975139182475, 55.932374302857816], [46.48361564345591, 55.935192804880074], [46.382241616058934, 55.937928092140424], [46.280853489071646, 55.94058014432343], [46.179451694992025, 55.943148941725724], [46.07803666672327, 55.945634465256596], [45.97660883756123, 55.948036696438784], [45.875168641181595, 55.9503556174091], [45.77371651162728, 55.952591210919095], [45.67225288329559, 55.95474346033571], [45.570778190925566, 55.956812349641844], [45.469292869585075, 55.958797863436956], [45.367797354658094, 55.96069998693768], [45.26629208183179, 55.962518705978255], [45.16477748708371, 55.96425400701117], [45.063254006668835, 55.96590587710758], [44.96172207710676, 55.96747430395779], [44.86018213516869, 55.96895927587175], [44.75863461786458, 55.97036078177941], [44.65707996243007, 55.97167881123122], [44.55551860631359, 55.97291335439842], [44.453950987163346, 55.97406440207347], [44.3523775428143, 55.97513194567036], [44.25079871127516, 55.97611597722492], [44.14921493071536, 55.97701648939512], [44.04762663945198, 55.977833475461345], [43.94603427593668, 55.97856692932665], [43.84443827874273, 55.97921684551693], [43.7428390865518, 55.97978321918124], [43.64123713814095, 55.98026604609184], [43.53963287236957, 55.98066532264439], [43.43802672816622, 55.98098104585818], [43.33641914451554, 55.981213213376066], [43.23481056044513, 55.98136182346473], [43.13320141501257, 55.98142687501461], [43.03159214729208, 55.98140836754004], [42.929983196361604, 55.98130630117918], [42.82837500128961, 55.98112067669409], [42.72676800112199, 55.98085149547063], [42.62516263486896, 55.980498759518504], [42.52355934149192, 55.980062471471044], [42.421958559890406, 55.97954263458529], [42.32036072888896, 55.97893925274171], [42.218766287223986, 55.97825233044413], [42.11717567353076, 55.977481872819595], [42.015589326330286, 55.97662788561813], [41.914007684016234, 55.975690375212544], [41.8124311848419, 55.97466934859818], [41.710860266907076, 55.973564813392706], [41.609295368145155, 55.9723767778358], [41.50773692630997, 55.971105250788824], [41.406185378962824, 55.96975024173456], [41.30464116345949, 55.96831176077682], [41.203104716937254, 55.96678981864005], [41.10157647630188, 55.965184426669026], [41.00005687821472, 55.96349559682831], [40.89854635907975, 55.96172334170194], [40.79704535503065, 55.95986767449289], [40.695554301917916, 55.95792860902258], [40.59407363529597, 55.95590615973044], [40.492603790410385, 55.9538003416733], [40.391145202184916, 55.95161117052489], [40.28969830520878, 55.94933866257523], [40.18826353372391, 55.94698283473009], [40.08684132161211, 55.94454370451028], [39.98543210238236, 55.94202129005113], [39.884036309158155, 55.939415610101705], [39.78265437466472, 55.93672668402421], [39.68128673121652, 55.93395453179322], [39.57993381070448, 55.931099173995], [39.47859604458357, 55.928160631826735], [39.377273863860054, 55.92513892709575], [39.27596769907917, 55.92203408221872], [39.17467798031248, 55.91884612022087], [39.073405137145535, 55.915575064735094], [38.972149598665396, 55.912220940001134], [38.87091179344824, 55.90878377086471], [38.76969214954709, 55.905263582776584], [38.66849109447944, 55.901660401791624], [38.56730905521501, 55.8979742545679], [38.46614645816351, 55.89420516836574], [38.36500372916248, 55.89035317104662], [38.263881293465126, 55.8864182910723], [38.1627795757282, 55.88240055750375], [38.061699, 55.8783]]}, "properties": {"fa_flight_id": "RA86906-1637751816-adhoc-0", "registration": "RA-86906", "ident": "RA-86906", "ident_icao": NaN, "origin_code": "L 55.87598 48.20440", "origin_city": "Cheboksary", "destination_code": "UUMU", "destination_city": NaN, "scheduled_out": NaN, "estimated_out": NaN, "actual_out": NaN, "scheduled_off": "2021-11-24T11:03:36Z", "estimated_off": "2021-11-24T11:03:36Z", "actual_off": "2021-11-24T11:03:36Z", "scheduled_on": NaN, "estimated_on": NaN, "actual_on": "2021-11-24T11:03:36Z", "scheduled_in": NaN, "estimated_in": NaN, "actual_in": NaN, "status": "result unknown", "route_distance": NaN, "diverted": false, "cancelled": false, "simplified_departure_date": "2021-11-24", "origin_coords": [55.87598, 48.2044], "destination_coords": [55.8783, 38.061699], "is_same_city": false}}, {"type": "Feature", "geometry": {"type": "LineString", "coordinates": [[38.24130000000001, 55.82889], [38.34967941234029, 55.834022158843055], [38.45808716875111, 55.83905903172467], [38.56652275040374, 55.84400057592237], [38.67498563753235, 55.848846749497845], [38.78347530945065, 55.853597511298716], [38.89199124456873, 55.85825282096027], [39.000532920409874, 55.86281263890706], [39.10909981362753, 55.86727692635461], [39.21769140002227, 55.871645645311006], [39.32630715455889, 55.87591875857847], [39.434946551383554, 55.88009622975495], [39.54360906384102, 55.88417802323555], [39.65229416449182, 55.88816410421411], [39.76100132512976, 55.89205443868461], [39.86973001679921, 55.895848993442584], [39.978479709812596, 55.89954773608654], [40.08724987376797, 55.90315063501932], [40.19603997756654, 55.90665765944937], [40.30484948943039, 55.910068779392084], [40.41367787692009, 55.913383965671], [40.52252460695258, 55.91660318991914], [40.63138914581886, 55.919726424580055], [40.74027095920193, 55.9227536429091], [40.849169512194734, 55.92568481897451], [40.95808426931803, 55.92851992765846], [41.06701469453848, 55.9312589446582], [41.175960251286746, 55.93390184648701], [41.284920402475485, 55.936448610475225], [41.3938946105176, 55.938899214771176], [41.50288233734438, 55.941253638342125], [41.6118830444238, 55.94351186097512], [41.7208961927787, 55.94567386327793], [41.82992124300518, 55.94773962667975], [41.93895765529089, 55.949709133432066], [42.04800488943347, 55.951582366609394], [42.15706240485893, 55.95335931010995], [42.266129660640054, 55.95503994865642], [42.375206115515, 55.95662426779651], [42.48429122790568, 55.95811225390363], [42.59338445593636, 55.95950389417741], [42.702485257452196, 55.960799176644315], [42.81159309003784, 55.96199809015808], [42.920707411036, 55.963100624400234], [43.02982767756608, 55.9641067698805], [43.138953346542884, 55.96501651793726], [43.24808387469516, 55.96582986073781], [43.357218718584406, 55.966546791278816], [43.46635733462345, 55.96716730338653], [43.57549917909522, 55.96769139171712], [43.684643708171414, 55.968119051756794], [43.79379037793128, 55.96845027982207], [43.90293864438032, 55.96868507305997], [44.01208796346899, 55.96882342944802], [44.121237791111504, 55.96886534779443], [44.23038758320454, 55.96881082773811], [44.33953679564602, 55.96865986974871], [44.44868488435381, 55.96841247512655], [44.55783130528451, 55.96806864600263], [44.66697551445218, 55.96762838533849], [44.7761169679471, 55.9670916969261], [44.88525512195442, 55.96645858538772], [44.994389432773, 55.96572905617565], [45.10351935683403, 55.96490311557205], [45.21264435071979, 55.963980770688686], [45.3217638711823, 55.96296202946653], [45.43087737516199, 55.96184690067554], [45.539984319806436, 55.960635393914245], [45.6490841624889, 55.959327519609296], [45.75817636082699, 55.95792328901506], [45.867260372701296, 55.95642271421321], [45.97633565627393, 55.95482580811206], [46.08540167000707, 55.953132584446145], [46.19445787268153, 55.951343057775595], [46.30350372341524, 55.94945724348552], [46.4125386816817, 55.94747515778535], [46.52156220732847, 55.94539681770816], [46.63057376059553, 55.94322224110996], [46.7395728021337, 55.94095144666893], [46.84855879302295, 55.93858445388463], [46.95753119479077, 55.93612128307713], [47.06648946943032, 55.93356195538627], [47.175433079418795, 55.93090649277064], [47.28436148773552, 55.928154918006726], [47.393274157880136, 55.92530725468795], [47.50217055389071, 55.922363527223624], [47.61105014036173, 55.91932376083797], [47.71991238246225, 55.91618798156907], [47.82875674595366, 55.91295621626769], [47.93758269720779, 55.909628492596255], [48.04638970322463, 55.90620483902762], [48.15517723165019, 55.9026852848439], [48.263944750794316, 55.89906986013519], [48.37269172964827, 55.89535859579839], [48.48141763790242, 55.891551523535895], [48.590121945963865, 55.88764867585415], [48.69880412497392, 55.88365008606247], [48.80746364682557, 55.87955578827148], [48.91609998418087, 55.87536581739183], [49.0247126104883, 55.871080209132614], [49.133301, 55.866699]]}, "properties": {"fa_flight_id": "RA86906-1637741925-adhoc-0", "registration": "RA-86906", "ident": "RA-86906", "ident_icao": NaN, "origin_code": "L 55.82889 38.24130", "origin_city": "Moscow", "destination_code": "UWKG", "destination_city": "Kazan", "scheduled_out": NaN, "estimated_out": NaN, "actual_out": NaN, "scheduled_off": "2021-11-24T08:18:45Z", "estimated_off": "2021-11-24T08:18:45Z", "actual_off": "2021-11-24T08:18:45Z", "scheduled_on": NaN, "estimated_on": NaN, "actual_on": "2021-11-24T08:18:45Z", "scheduled_in": NaN, "estimated_in": NaN, "actual_in": NaN, "status": "result unknown", "route_distance": NaN, "diverted": false, "cancelled": false, "simplified_departure_date": "2021-11-24", "origin_coords": [55.82889, 38.2413], "destination_coords": [55.866699, 49.133301], "is_same_city": false}}, {"type": "Feature", "geometry": {"type": "LineString", "coordinates": [[58.14155999999999, 57.36128], [58.17001777625796, 57.35533411119211], [58.1984663292502, 57.349381804377295], [58.2269056541338, 57.34342308310374], [58.2553357460841, 57.33745795092087], [58.28375660029476, 57.33148641137935], [58.31216821197762, 57.32550846803106], [58.340570576362836, 57.31952412442911], [58.36896368869876, 57.31353338412781], [58.39734754425198, 57.307536250682695], [58.42572213830725, 57.301532727650454], [58.454087466167586, 57.295522818589], [58.4824435231541, 57.2895065270574], [58.51079030460611, 57.283483856615895], [58.539127805881115, 57.277454810825915], [58.56745602235466, 57.271419393249985], [58.59577494942053, 57.26537760745184], [58.624084582490525, 57.259329456996305], [58.65238491699458, 57.25327494544938], [58.68067594838068, 57.24721407637813], [58.708957672114934, 57.241146853350784], [58.73723008368147, 57.235073279936664], [58.76549317858246, 57.22899335970617], [58.793746952338076, 57.222907096230806], [58.82199140048654, 57.21681449308319], [58.85022651858405, 57.210715553836934], [58.87845230220479, 57.20461028206681], [58.90666874694091, 57.198498681348575], [58.934875848402505, 57.19238075525909], [58.96307360221765, 57.18625650737621], [58.99126200403228, 57.18012594127887], [59.01944104951029, 57.173989060547], [59.04761073433346, 57.16784586876158], [59.075771054201404, 57.16169636950457], [59.103922004831695, 57.155540566358944], [59.132063581959684, 57.14937846290868], [59.16019578133856, 57.14321006273874], [59.188318598739365, 57.137035369435054], [59.216432029950916, 57.13085438658455], [59.24453607077986, 57.12466711777512], [59.27263071705059, 57.11847356659556], [59.30071596460527, 57.112273736635686], [59.328791809303794, 57.106067631486205], [59.3568582470238, 57.0998552547388], [59.38491527366067, 57.09363660998602], [59.412962885127406, 57.08741170082142], [59.441001077354784, 57.081180530839376], [59.46902984629121, 57.07494310363522], [59.49704918790272, 57.06869942280516], [59.525059098173024, 57.0624494919463], [59.55305957310344, 57.05619331465661], [59.5810506087129, 57.04993089453498], [59.60903220103791, 57.04366223518109], [59.63700434613257, 57.037387340195515], [59.66496704006854, 57.0311062131797], [59.692920278935, 57.0248188577359], [59.72086405883868, 57.018525277467205], [59.748798375903824, 57.01222547597757], [59.77672322627214, 57.005919456871716], [59.80463860610288, 56.99960722375521], [59.83254451157268, 56.993288780234415], [59.86044093887568, 56.98696412991647], [59.88832788422344, 56.98063327640936], [59.916205343844915, 56.97429622332177], [59.94407331398648, 56.96795297426323], [59.971931790911896, 56.961603532843995], [59.999780770902255, 56.9552479026751], [60.02762025025607, 56.94888608736831], [60.055450225289086, 56.942518090536154], [60.08327069233446, 56.936143915791895], [60.111081647742594, 56.92976356674953], [60.138883087881204, 56.923377047023735], [60.16667500913523, 56.916984360229954], [60.19445740790693, 56.91058550998432], [60.222230280615726, 56.90418049990366], [60.249993623698316, 56.89776933360548], [60.277747433608546, 56.891352014708], [60.30549170681746, 56.88492854683009], [60.333226439813316, 56.87849893359131], [60.36095162910147, 56.87206317861187], [60.388667271204405, 56.86562128551265], [60.41637336266176, 56.859173257915145], [60.44406990003022, 56.852719099441536], [60.47175687988362, 56.846258813714584], [60.499434298812815, 56.839792404357745], [60.52710215342569, 56.833319874995006], [60.55476044034719, 56.82684122925105], [60.58240915621926, 56.82035647075111], [60.61004829770086, 56.81386560312104], [60.6376778614679, 56.807368629987245], [60.66529784421327, 56.800865554976774], [60.69290824264678, 56.79435638171722], [60.72050905349518, 56.78784111383672], [60.74810027350215, 56.781319754964024], [60.775681899428214, 56.77479230872837], [60.803253928050786, 56.76825877875961], [60.83081635616416, 56.76171916868808], [60.85836918057945, 56.755173482144684], [60.88591239812455, 56.748621722760845], [60.913446005644246, 56.74206389416847], [60.94096999999999, 56.73550000000001]]}, "properties": {"fa_flight_id": "RA86906-1638532887-adhoc-0", "registration": "RA-86906", "ident": "RA-86906", "ident_icao": NaN, "origin_code": "L 57.36128 58.14156", "origin_city": "Perm", "destination_code": "L 56.73550 60.94097", "destination_city": "Yekaterinburg", "scheduled_out": NaN, "estimated_out": NaN, "actual_out": NaN, "scheduled_off": "2021-12-03T12:01:27Z", "estimated_off": "2021-12-03T12:01:27Z", "actual_off": "2021-12-03T12:01:27Z", "scheduled_on": NaN, "estimated_on": NaN, "actual_on": "2021-12-03T12:01:27Z", "scheduled_in": NaN, "estimated_in": NaN, "actual_in": NaN, "status": "result unknown", "route_distance": NaN, "diverted": false, "cancelled": false, "simplified_departure_date": "2021-12-03", "origin_coords": [57.36128, 58.14156], "destination_coords": [56.7355, 60.94097], "is_same_city": false}}, {"type": "Feature", "geometry": {"type": "LineString", "coordinates": [[41.37556, 59.53144], [41.38327296731822, 59.530308778165214], [41.39098541687922, 59.52917710257121], [41.39869734853357, 59.528044973268976], [41.40640876213188, 59.52691239030947], [41.4141196575249, 59.52577935374371], [41.421830034563406, 59.524645863622695], [41.4295398930983, 59.52351191999745], [41.437249232980555, 59.522377522918994], [41.44495805406123, 59.52124267243841], [41.45266635619148, 59.52010736860672], [41.460374139222516, 59.518971611475024], [41.46808140300566, 59.51783540109439], [41.475788147392294, 59.51669873751591], [41.483494372233935, 59.515561620790706], [41.4912000773821, 59.5144240509699], [41.4989052626885, 59.513286028104645], [41.506609928004835, 59.512147552246056], [41.51431407318293, 59.51100862344534], [41.52201769807469, 59.50986924175364], [41.52972080253212, 59.508729407222134], [41.537423386407276, 59.50758911990203], [41.54512544955233, 59.506448379844564], [41.55282699181952, 59.50530718710095], [41.560528013061194, 59.50416554172241], [41.568228513129746, 59.50302344376022], [41.57592849187768, 59.50188089326562], [41.583627949157595, 59.50073789028989], [41.591326884822145, 59.49959443488434], [41.59902529872408, 59.49845052710024], [41.606723190716245, 59.497306166988935], [41.61442056065157, 59.49616135460174], [41.62211740838305, 59.495016089989974], [41.62981373376379, 59.49387037320501], [41.63750953664695, 59.49272420429822], [41.64520481688582, 59.491577583320975], [41.65289957433372, 59.490430510324636], [41.6605938088441, 59.48928298536064], [41.668287520270475, 59.488135008480384], [41.675980708466426, 59.486986579735316], [41.683673373285664, 59.48583769917685], [41.691365514581946, 59.484688366856446], [41.699057132209134, 59.483538582825574], [41.70674822602117, 59.482388347135704], [41.71443879587209, 59.48123765983834], [41.72212884161599, 59.48008652098499], [41.72981836310706, 59.47893493062712], [41.73750736019959, 59.47778288881631], [41.745195832747925, 59.47663039560407], [41.75288378060657, 59.47547745104196], [41.76057120362999, 59.47432405518156], [41.76825810167285, 59.473170208074414], [41.775944474589835, 59.47201590977213], [41.78363032223575, 59.47086116032633], [41.791315644465456, 59.46970595978859], [41.79900044113392, 59.46855030821057], [41.806684712096164, 59.467394205643885], [41.81436845720735, 59.46623765214017], [41.82205167632267, 59.46508064775113], [41.829734369297434, 59.46392319252844], [41.83741653598701, 59.462765286523734], [41.845098176246886, 59.461606929788765], [41.85277928993259, 59.46044812237523], [41.86045987689978, 59.45928886433485], [41.86813993700418, 59.458129155719384], [41.87581947010159, 59.456968996580535], [41.8834984760479, 59.455808386970105], [41.89117695469909, 59.45464732693985], [41.89885490591122, 59.45348581654155], [41.906532329540454, 59.452323855827046], [41.914209225442995, 59.4511614448481], [41.92188559347518, 59.44999858365654], [41.9295614334934, 59.44883527230422], [41.937236745354156, 59.44767151084298], [41.94491152891401, 59.44650729932469], [41.95258578402962, 59.445342637801204], [41.960259510557734, 59.4441775263244], [41.967932708355164, 59.44301196494621], [41.97560537727883, 59.441845953718506], [41.983277517185726, 59.44067949269322], [41.990949127932936, 59.439512581922294], [41.998620209377634, 59.438345221457645], [42.00629076137705, 59.437177411351264], [42.01396078378854, 59.43600915165511], [42.021630276469516, 59.43484044242114], [42.029299239277485, 59.43367128370137], [42.036967672070034, 59.43250167554782], [42.04463557470484, 59.43133161801245], [42.05230294703968, 59.430161111147335], [42.05996978893238, 59.42899015500452], [42.06763610024087, 59.427818749636025], [42.075301880823176, 59.426646895093945], [42.082967130537384, 59.42547459143033], [42.090631849241696, 59.42430183869731], [42.09829603679437, 59.42312863694695], [42.10595969305378, 59.42195498623137], [42.11362281787835, 59.42078088660269], [42.1212854111266, 59.41960633811307], [42.128947472657146, 59.418431340814635], [42.13660900232869, 59.41725589475955], [42.14427, 59.41608]]}, "properties": {"fa_flight_id": "RA86906-1638527892-adhoc-0", "registration": "RA-86906", "ident": "RA-86906", "ident_icao": NaN, "origin_code": "L 59.53144 41.37556", "origin_city": "Yaroslavl Oblast", "destination_code": "L 59.41608 42.14427", "destination_city": "Yaroslavl Oblast", "scheduled_out": NaN, "estimated_out": NaN, "actual_out": NaN, "scheduled_off": "2021-12-03T10:38:12Z", "estimated_off": "2021-12-03T10:38:12Z", "actual_off": "2021-12-03T10:38:12Z", "scheduled_on": NaN, "estimated_on": NaN, "actual_on": "2021-12-03T10:38:12Z", "scheduled_in": NaN, "estimated_in": NaN, "actual_in": NaN, "status": "result unknown", "route_distance": NaN, "diverted": false, "cancelled": false, "simplified_departure_date": "2021-12-03", "origin_coords": [59.53144, 41.37556], "destination_coords": [59.41608, 42.14427], "is_same_city": false}}, {"type": "Feature", "geometry": {"type": "LineString", "coordinates": [[37.984659999999984, 55.985859999999995], [37.970398658679976, 56.02129708700534], [37.956111118930714, 56.056732525846435], [37.94179729876074, 56.09216631128816], [37.92745711584752, 56.12759843807373], [37.913090487535676, 56.16302890092478], [37.8986973308355, 56.19845769454109], [37.88427756242111, 56.23388481360053], [37.86983109862885, 56.269310252759034], [37.855357855455615, 56.30473400665034], [37.840857748557056, 56.34015606988599], [37.826330693246014, 56.375576437055145], [37.811776604490646, 56.41099510272451], [37.79719539691277, 56.44641206143821], [37.78258698478612, 56.481827307717666], [37.76795128203457, 56.51724083606146], [37.7532882022304, 56.55265264094527], [37.73859765859244, 56.5880627168217], [37.723879563984426, 56.6234710581202], [37.70913383091306, 56.6588776592469], [37.694360371526294, 56.69428251458451], [37.679559097611474, 56.72968561849223], [37.66472992059353, 56.765086965305585], [37.64987275153311, 56.80048654933632], [37.634987501124776, 56.835884364872264], [37.620074079695065, 56.87128040617722], [37.60513239720072, 56.90667466749084], [37.59016236322671, 56.94206714302846], [37.57516388698441, 56.97745782698107], [37.560136877309645, 57.012846713515046], [37.54508124266076, 57.048233796772145], [37.52999689111676, 57.08361907086932], [37.514883730375324, 57.11900252989858], [37.499741667750826, 57.15438416792689], [37.484570610172405, 57.189763978996005], [37.46937046418202, 57.22514195712238], [37.454141135932396, 57.26051809629702], [37.43888253118505, 57.2958923904853], [37.42359455530829, 57.33126483362688], [37.4082771132752, 57.366635419635614], [37.39293010966153, 57.40200414239927], [37.377553448643766, 57.43737099577955], [37.36214703399698, 57.47273597361181], [37.346710769092766, 57.50809906970506], [37.3312445568972, 57.54346027784172], [37.31574829996866, 57.5788195917775], [37.300221900455824, 57.61417700524132], [37.28466526009542, 57.64953251193506], [37.26907828021022, 57.684886105533494], [37.25346086170676, 57.72023777968414], [37.23781290507327, 57.75558752800709], [37.22213431037745, 57.790935344094855], [37.20642497726429, 57.82628122151228], [37.19068480495388, 57.861625153796275], [37.174913692239194, 57.896967134455814], [37.159111537483795, 57.93230715697167], [37.1432782386197, 57.96764521479631], [37.12741369314503, 58.002981301353756], [37.11151779812177, 58.038315410039374], [37.09559045017349, 58.07364753421979], [37.079631545483025, 58.108977667232715], [37.0636409797902, 58.14430580238671], [37.04761864838944, 58.179631932961215], [37.03156444612747, 58.21495605220613], [37.01547826740097, 58.25027815334187], [36.99936000615414, 58.285598229559156], [36.983209555876364, 58.32091627401875], [36.96702680959983, 58.356232279851454], [36.950811659897035, 58.39154624015782], [36.9345639988784, 58.42685814800802], [36.918283718189834, 58.462167996441714], [36.90197070901029, 58.49747577846785], [36.885624862049184, 58.53278148706449], [36.869246067544026, 58.56808511517868], [36.85283421525785, 58.60338665572625], [36.83638919447668, 58.63868610159161], [36.819910894007016, 58.673983445627705], [36.80339920217331, 58.70927868065567], [36.78685400681529, 58.74457179946476], [36.77027519528549, 58.77986279481218], [36.75366265444656, 58.81515165942285], [36.737016270668704, 58.850438385989285], [36.720335929826994, 58.88572296717137], [36.70362151729878, 58.9210053955962], [36.68687291796092, 58.956285663857926], [36.670090016187224, 58.99156376451753], [36.65327269584563, 59.02683969010262], [36.63642084029556, 59.062113433107335], [36.61953433238513, 59.09738498599209], [36.60261305444847, 59.13265434118339], [36.58565688830282, 59.16792149107366], [36.56866571524591, 59.20318642802106], [36.55163941605302, 59.23844914434928], [36.534577870974196, 59.27370963234735], [36.5174809597314, 59.30896788426944], [36.50034856151571, 59.34422389233469], [36.48318055498432, 59.379477648727004], [36.465976818257765, 59.41472914559481], [36.44873722891689, 59.449978375050954], [36.43146166400004, 59.48522532917236], [36.41415, 59.52047]]}, "properties": {"fa_flight_id": "RA86906-1638511967-adhoc-0", "registration": "RA-86906", "ident": "RA-86906", "ident_icao": NaN, "origin_code": "L 55.98586 37.98466", "origin_city": "Moscow", "destination_code": "L 59.52047 36.41415", "destination_city": "Cherepovetsky District", "scheduled_out": NaN, "estimated_out": NaN, "actual_out": NaN, "scheduled_off": "2021-12-03T06:12:47Z", "estimated_off": "2021-12-03T06:12:47Z", "actual_off": "2021-12-03T06:12:47Z", "scheduled_on": NaN, "estimated_on": NaN, "actual_on": "2021-12-03T06:12:47Z", "scheduled_in": NaN, "estimated_in": NaN, "actual_in": NaN, "status": "result unknown", "route_distance": NaN, "diverted": false, "cancelled": false, "simplified_departure_date": "2021-12-03", "origin_coords": [55.98586, 37.98466], "destination_coords": [59.52047, 36.41415], "is_same_city": false}}, {"type": "Feature", "geometry": {"type": "LineString", "coordinates": [[38.23322999999999, 55.74203000000001], [38.24964728511687, 55.65730968808868], [38.26599366372354, 55.57258719445712], [38.28226966342094, 55.48786253539461], [38.29847580670187, 55.40313572703203], [38.3146126110128, 55.31840678534378], [38.330680588814765, 55.23367572614967], [38.34668024764339, 55.148942565116805], [38.362612090168085, 55.064207317761394], [38.37847661425031, 54.97946999945063], [38.39427431300113, 54.89473062540441], [38.410005674837805, 54.80998921069716], [38.42567118353975, 54.72524577025954], [38.44127131830351, 54.64050031888017], [38.45680655379711, 54.555752871207325], [38.47227736021357, 54.4710034417506], [38.48768420332365, 54.38625204488254], [38.50302754452794, 54.301498694840284], [38.51830784090806, 54.21674340572715], [38.53352554527735, 54.13198619151424], [38.54868110623067, 54.04722706604189], [38.563774968193655, 53.962466043021344], [38.57880757147112, 53.877703136036175], [38.59377935229497, 53.7929383585438], [38.608690742871346, 53.708171723876916], [38.62354217142708, 53.62340324524501], [38.638334062255666, 53.53863293573571], [38.653066835762424, 53.453860808316286], [38.667740908509174, 53.36908687583492], [38.68235669325822, 53.284311151022216], [38.696914599015784, 53.19953364649242], [38.711415031074814, 53.11475437474482], [38.72585839105724, 53.029973348165065], [38.740245076955595, 52.94519057902642], [38.75457548317422, 52.8604060794911], [38.768850000569685, 52.775619861611474], [38.78306901649092, 52.69083193733134], [38.797232914818544, 52.606042318487134], [38.81134207600396, 52.52125101680919], [38.82539687710766, 52.43645804392287], [38.839397691837114, 52.35166341134976], [38.85334489058427, 52.26686713050888], [38.8672388404624, 52.182069212717764], [38.88107990534245, 52.09726966919361], [38.89486844588913, 52.01246851105446], [38.90860481959619, 51.9276657493202], [38.92228938082154, 51.84286139491371], [38.935922480821716, 51.758055458661936], [38.94950446778598, 51.673247951296936], [38.96303568686994, 51.58843888345691], [38.97651648022875, 51.503628265687254], [38.98994718704988, 51.41881610844158], [39.00332814358539, 51.33400242208271], [39.016659683183946, 51.24918721688364], [39.029942136322205, 51.16437050302859], [39.04317583063602, 51.0795522906139], [39.056361090951, 50.994732589649004], [39.06949823931295, 50.909911410057376], [39.08258759501769, 50.82508876167749], [39.0956294746406, 50.740264654263676], [39.10862419206573, 50.65543909748707], [39.121572058514694, 50.57061210093646], [39.13447338257493, 50.485783674119226], [39.14732847022782, 50.40095382646219], [39.16013762487641, 50.316122567312455], [39.1729011473727, 50.231289905938276], [39.185619336044645, 50.14645585152988], [39.19829248672285, 50.061620413200295], [39.21092089276687, 49.9767835999862], [39.223504845091156, 49.8919454208487], [39.236044632190804, 49.807105884674115], [39.248540540166836, 49.722265000274774], [39.260992852751265, 49.63742277638983], [39.27340185133176, 49.552579221685974], [39.28576781497614, 49.46773434475819], [39.2980910204564, 49.382888154130576], [39.31037174227254, 49.29804065825698], [39.32261025267613, 49.21319186552183], [39.334806821693476, 49.12834178424074], [39.346961717148595, 49.04349042266136], [39.35907520468583, 48.95863778896394], [39.37114754779228, 48.873783891262136], [39.3831790078199, 48.78892873760364], [39.395169844007306, 48.704072335970835], [39.40712031350137, 48.619214694281524], [39.41903067137854, 48.53435582038955], [39.430901170665855, 48.44949572208547], [39.442732062361806, 48.36463440709718], [39.45452359545677, 48.279771883090554], [39.46627601695346, 48.19490815767009], [39.477989571886845, 48.11004323837953], [39.489664503344024, 48.025177132702446], [39.5013010524838, 47.940309848062874], [39.51289945855602, 47.855441391825906], [39.52445995892067, 47.770571771298286], [39.535982789066786, 47.68570099372899], [39.54746818263107, 47.6008290663098], [39.55891637141638, 47.51595599617588], [39.57032758540993, 47.43108179040637], [39.58170205280123, 47.346206456024845], [39.59304, 47.26133]]}, "properties": {"fa_flight_id": "RA86906-1638869747-adhoc-0", "registration": "RA-86906", "ident": "RA-86906", "ident_icao": NaN, "origin_code": "L 55.74203 38.23323", "origin_city": "Moscow", "destination_code": "L 47.26133 39.59304", "destination_city": "Krasnodar Krai", "scheduled_out": NaN, "estimated_out": NaN, "actual_out": NaN, "scheduled_off": "2021-12-07T09:35:47Z", "estimated_off": "2021-12-07T09:35:47Z", "actual_off": "2021-12-07T09:35:47Z", "scheduled_on": NaN, "estimated_on": NaN, "actual_on": "2021-12-07T09:35:47Z", "scheduled_in": NaN, "estimated_in": NaN, "actual_in": NaN, "status": "result unknown", "route_distance": NaN, "diverted": false, "cancelled": false, "simplified_departure_date": "2021-12-07", "origin_coords": [55.74203, 38.23323], "destination_coords": [47.26133, 39.59304], "is_same_city": false}}, {"type": "Feature", "geometry": {"type": "LineString", "coordinates": [[60.55906000000002, 56.75036000000001], [60.33332566621988, 56.76229206355643], [60.10745026994058, 56.77381615316599], [59.881438577351446, 56.78493183911368], [59.65529537479294, 56.79563870635023], [59.42902546808815, 56.8059363545677], [59.20263368186726, 56.815824398272476], [58.976124858885136, 56.82530246685587], [58.74950385933231, 56.83437020466203], [58.522775560139664, 56.84302727105321], [58.29594485427687, 56.85127334047249], [58.069016650045, 56.85910810250377], [57.841995870363554, 56.86653126192908], [57.61488745205191, 56.873542538783234], [57.387696345105844, 56.88014166840554], [57.16042751196904, 56.88632840148912], [56.933085926800004, 56.892102504127], [56.705676574734674, 56.89746375785579], [56.478204451144855, 56.90241195969623], [56.250674560892925, 56.906946922191146], [56.02309191758294, 56.91106847344038], [55.795461542808475, 56.914776457132874], [55.56778846539749, 56.918070732575984], [55.34007772065449, 56.92095117472171], [55.11233434960023, 56.92341767419016], [54.884563398209295, 56.9254701372901], [54.6567699166458, 56.92710848603638], [54.428958958497525, 56.928332658164706], [54.20113558000879, 56.92914260714322], [53.97330483931226, 56.92953830218131], [53.745471795660116, 56.9295197282353], [53.51764150865472, 56.92908688601136], [53.28981903747925, 56.92823979196535], [53.06200944012845, 56.92697847829969], [52.834217772639704, 56.92530299295738], [52.60644908832515, 56.92321339961293], [52.37870843700443, 56.9207097776605], [52.15100086423907, 56.9177922221989], [51.923331410568366, 56.91446084401386], [51.695705110747056, 56.91071576955724], [51.468126992985276, 56.906557140923326], [51.24060207819097, 56.90198511582226], [51.01313537921497, 56.89699986755059], [50.78573190009913, 56.89160158495884], [50.558396635327775, 56.8857904724163], [50.3311345690827, 56.879566749772906], [50.10395067450198, 56.87293065231835], [49.87684991294293, 56.86588243073827], [49.64983723324947, 56.8584223510677], [49.42291757102402, 56.850550694641754], [49.19609584790447, 56.842267758043484], [48.96937697084615, 56.83357385304905], [48.742765831409315, 56.82446930657017], [48.51626730505227, 56.81495446059386], [48.28988625043038, 56.805029672119524], [48.06362750870129, 56.794695313093364], [47.83749590283649, 56.78395177034034], [47.6114962369395, 56.77279944549328], [47.385633295571026, 56.76123875491964], [47.15991184308102, 56.749270129645744], [46.93433662294818, 56.736894015278416], [46.70891235712691, 56.72411087192425], [46.48364374540198, 56.71092117410647], [46.25853546475125, 56.697325410679234], [46.03359216871634, 56.683324084739894], [45.80881848678179, 56.66891771353867], [45.584219023762635, 56.654106828386126], [45.35979835920072, 56.63889197455848], [45.1355610467699, 56.62327371120062], [44.91151161369028, 56.607252611226976], [44.687654560151685, 56.59082926122035], [44.46399435874647, 56.574004261328525], [44.24053545391194, 56.55677822515901], [44.01728226138236, 56.539151779671556], [43.794239167650886, 56.52112556506902], [43.57141052944138, 56.502700234685996], [43.34880067319033, 56.48387645487582], [43.126413894539105, 56.46465490489566], [42.904254457836295, 56.44503627678979], [42.68232659565084, 56.42502127527121], [42.460634508295385, 56.40461061760152], [42.23918236336051, 56.383805033469194], [42.017974295259606, 56.3626052648662], [41.7970144047846, 56.341012065963135], [41.57630675867267, 56.31902620298286], [41.35585538918382, 56.29664845407257], [41.135664293689686, 56.27387960917457], [40.91573743427322, 56.25072046989572], [40.69607873733983, 56.22717184937539], [40.47669209323956, 56.203234572152375], [40.25758135590058, 56.178909474030405], [40.038750342474025, 56.154197401942575], [39.82020283299016, 56.12909921381467], [39.60194257002587, 56.10361577842739], [39.3839732583836, 56.07774797527752], [39.16629856478163, 56.051496694438164], [38.9489221175558, 56.02486283641807], [38.731847506372674, 55.997847312020006], [38.515078281954, 55.970451042198356], [38.29861795581266, 55.94267495791592], [38.08247, 55.91452]]}, "properties": {"fa_flight_id": "RA86906-1638721679-adhoc-0", "registration": "RA-86906", "ident": "RA-86906", "ident_icao": NaN, "origin_code": "L 56.75036 60.55906", "origin_city": "Yekaterinburg", "destination_code": "L 55.91452 38.08247", "destination_city": "Moscow", "scheduled_out": NaN, "estimated_out": NaN, "actual_out": NaN, "scheduled_off": "2021-12-05T16:27:59Z", "estimated_off": "2021-12-05T16:27:59Z", "actual_off": "2021-12-05T16:27:59Z", "scheduled_on": NaN, "estimated_on": NaN, "actual_on": "2021-12-05T16:27:59Z", "scheduled_in": NaN, "estimated_in": NaN, "actual_in": NaN, "status": "result unknown", "route_distance": NaN, "diverted": false, "cancelled": false, "simplified_departure_date": "2021-12-05", "origin_coords": [56.75036, 60.55906], "destination_coords": [55.91452, 38.08247], "is_same_city": false}}, {"type": "Feature", "geometry": {"type": "LineString", "coordinates": [[60.50564, 56.76070000000001], [60.27963688577249, 56.77248018894531], [60.05349432189062, 56.783851498373416], [59.82721709671591, 56.79481350320533], [59.600810018574286, 56.805365793113275], [59.374277915081564, 56.815507972595725], [59.14762563246171, 56.82523966104977], [58.920858034858526, 56.83456049284087], [58.69398000364059, 56.84347011737017], [58.466996436699944, 56.851968199138945], [58.23991224774482, 56.8600544178106], [58.012732365586324, 56.86772846826981], [57.7854617334198, 56.87499006067901], [57.55810530810064, 56.881838920532175], [57.33066805941518, 56.88827478870576], [57.10315496934669, 56.89429742150692], [56.87557103133694, 56.899906590718885], [56.647921249543394, 56.905102083643484], [56.42021063809245, 56.90988370314091], [56.19244422032892, 56.914251267666494], [55.96462702806213, 56.918204611304716], [55.73676410080878, 56.92174358380028], [55.50886048503286, 56.92486805058621], [55.28092123338316, 56.927577892809175], [55.05295140392818, 56.929873007351716], [54.824956059389265, 56.93175330685165], [54.59694026637174, 56.93321871971849], [54.368909094594805, 56.93426919014687], [54.14086761612008, 56.934904678127076], [53.9128209045794, 56.935125159452554], [53.68477403440192, 56.93493062572443], [53.45673208004095, 56.93432108435315], [53.22870011520082, 56.93329655855705], [53.000683212064, 56.93185708735799], [52.772686440518726, 56.93000272557403], [52.54471486738762, 56.92773354380909], [52.31677355565739, 56.92504962843972], [52.08886756370996, 56.92195108159887], [51.86100194455537, 56.91843802115665], [51.633181745066715, 56.914510580698284], [51.40541200521736, 56.91016890949899], [51.1776977573207, 56.90541317249609], [50.950044025272916, 56.900243550258025], [50.722455823798796, 56.89466023895061], [50.49493815770102, 56.888663450300385], [50.267496021113104, 56.88225341155511], [50.04013439675646, 56.875430365441325], [49.81285825520153, 56.868194570119186], [49.58567255413363, 56.86054629913445], [49.35858223762339, 56.85248584136765], [49.13159223540241, 56.844013500980545], [48.904707462144124, 56.835129597359774], [48.67793281675024, 56.82583446505786], [48.451273181643074, 56.816128453731466], [48.22473342206372, 56.80601192807696], [47.99831838537685, 56.795485267763446], [47.77203290038169, 56.78454886736306], [47.54588177663012, 56.77320313627873], [47.31986980375145, 56.76144849866947], [47.09400175078468, 56.74928539337299], [46.86828236551799, 56.73671427382595], [46.64271637383614, 56.72373560798167], [46.41730847907541, 56.71034987822556], [46.19206336138696, 56.69655758128794], [45.96698567710815, 56.68235922815477], [45.74208005814259, 56.66775534397587], [45.51735111134864, 56.65274646797093], [45.29280341793686, 56.63733315333333], [45.068441532876435, 56.621515967131714], [44.84426998431079, 56.605295490209436], [44.620293272982494, 56.58867231708184], [44.396515871667845, 56.571647055831534], [44.17294222462088, 56.55422032800162], [43.949576747027365, 56.536392768486856], [43.72642382446869, 56.51816502542301], [43.503487812395804, 56.49953776007418], [43.280773035613414, 56.480511646718355], [43.0582837877745, 56.46108737253105], [42.83602433088528, 56.44126563746736], [42.61399889482075, 56.42104715414206], [42.392211676850856, 56.40043264770823], [42.17066684117748, 56.37942285573411], [41.94936851848224, 56.35801852807848], [41.72832080548523, 56.3362204267644], [41.50752776451482, 56.31402932585154], [41.28699342308847, 56.291446011307066], [41.06672177350478, 56.26847128087504], [40.84671677244672, 56.24510594394465], [40.626982340596065, 56.22135082141694], [40.40752236225931, 56.19720674557042], [40.18834068500477, 56.17267455992549], [39.969441119311135, 56.14775511910759], [39.75082743822752, 56.1224492887094], [39.532503377044804, 56.096757945151815], [39.31447263297859, 56.07068197554409], [39.096738864863525, 56.04422227754289], [38.87930569285911, 56.017379759210534], [38.662176698167094, 55.990155338872256], [38.44535542276016, 55.96254994497276], [38.228845369122205, 55.934564515931946], [38.01265, 55.9062]]}, "properties": {"fa_flight_id": "RA86906-1642778138-adhoc-0", "registration": "RA-86906", "ident": "RA-86906", "ident_icao": NaN, "origin_code": "L 56.76070 60.50564", "origin_city": "Yekaterinburg", "destination_code": "L 55.90620 38.01265", "destination_city": "Moscow", "scheduled_out": NaN, "estimated_out": NaN, "actual_out": NaN, "scheduled_off": "2022-01-21T15:15:38Z", "estimated_off": "2022-01-21T15:15:38Z", "actual_off": "2022-01-21T15:15:38Z", "scheduled_on": NaN, "estimated_on": NaN, "actual_on": "2022-01-21T15:15:38Z", "scheduled_in": NaN, "estimated_in": NaN, "actual_in": NaN, "status": "result unknown", "route_distance": NaN, "diverted": false, "cancelled": false, "simplified_departure_date": "2022-01-21", "origin_coords": [56.7607, 60.50564], "destination_coords": [55.9062, 38.01265], "is_same_city": false}}, {"type": "Feature", "geometry": {"type": "LineString", "coordinates": [[38.03412999999999, 55.99766], [38.25624400115256, 56.02601298976723], [38.47868216609758, 56.053966365586426], [38.70144068825308, 56.081519126470305], [38.924515717667944, 56.10867028255959], [39.14790336132652, 56.13541885528535], [39.37159968346663, 56.16176387753045], [39.595600705910655, 56.18770439378993], [39.819902408410194, 56.21323946033042], [40.04450072900387, 56.238368145348446], [40.26939156438852, 56.26308952912745], [40.49457077030357, 56.28740270419376], [40.72003416192875, 56.31130677547115], [40.94577751429498, 56.33480086043419], [41.17179656270845, 56.357884089260025], [41.39808700318779, 56.38055560497889], [41.62464449291436, 56.402814563623004], [41.851464650695476, 56.42466013437395], [42.07854305744066, 56.44609149970841], [42.30587525665066, 56.467107855542174], [42.533456754919264, 56.48770841137255], [42.761283022447806, 56.50789239041889], [42.98934949357222, 56.52765902976116], [43.21765156730254, 56.5470075804769], [43.44618460787477, 56.56593730777594], [43.67494394531494, 56.584447491133254], [43.90392487601527, 56.60253742441971], [44.13312266332224, 56.62020641603067], [44.36253253813651, 56.63745378901253], [44.59214969952442, 56.6542788811869], [44.82196931534094, 56.67068104527255], [45.051986522864034, 56.686659649005094], [45.28219642944003, 56.702214075254204], [45.512594113139976, 56.717343722138466], [45.74317462342677, 56.73204800313773], [45.973932981832725, 56.74632634720291], [46.204864182647626, 56.76017819886331], [46.43596319361679, 56.77360301833118], [46.667224956649044, 56.78660028160377], [46.89864438853444, 56.79916948056256], [47.13021638167135, 56.81131012306981], [47.361935804802755, 56.82302173306228], [47.593797503761515, 56.834303850642144], [47.825796302224305, 56.84515603216498], [48.05792700247407, 56.85557785032492], [48.290184386170495, 56.865568894236816], [48.52256321512853, 56.87512876951542], [48.75505823210448, 56.884257098351505], [48.98766416158933, 56.89295351958502], [49.22037571060937, 56.901217688775056], [49.45318756953332, 56.909049278266764], [49.68609441288606, 56.9164479772551], [49.91909090016849, 56.923413491845395], [50.152171676683274, 56.92994554511067], [50.38533137436603, 56.93604387714582], [50.61856461262188, 56.94170824511846], [50.851865999166776, 56.946938423316475], [51.085230130873555, 56.95173420319237], [51.318651594622125, 56.9560953934042], [51.552124968153635, 56.96002181985315], [51.785644820928276, 56.96351332571789], [52.019205714986334, 56.9665697714854], [52.25280220581214, 56.96919103497848], [52.48642884320057, 56.97137701137984], [52.72008017212604, 56.973127613252835], [52.953750733612985, 56.97444277055867], [53.187435065608376, 56.975322430670246], [53.421127703855035, 56.97576655838261], [53.65482318276618, 56.975775135919875], [53.88851603630019, 56.97534816293869], [54.122200798835784, 56.974485656528415], [54.35587200604691, 56.97318765120763], [54.58952419577715, 56.9714541989174], [54.82315190891327, 56.96928536901096], [55.05674969025757, 56.96668124824003], [55.29031208939865, 56.96364194073767], [55.52383366158032, 56.96016756799779], [55.75730896856831, 56.95625826885109], [55.99073257951422, 56.951914199437766], [56.22409907181683, 56.94713553317671], [56.4574030319799, 56.94192246073143], [56.69063905646655, 56.93627518997253], [56.92380175254963, 56.93019394593681], [57.15688573915792, 56.92367897078328], [57.38988564771764, 56.916730523745514], [57.622796122989214, 56.90934888108108], [57.855611823898656, 56.901534336017384], [58.08832742436355, 56.893287198694566], [58.32093761411314, 56.88460779610499], [58.553437099502304, 56.875496472029646], [58.785820604318985, 56.86595358697141], [59.018082870585, 56.85597951808507], [59.2502186593497, 56.84557465910445], [59.48222275147641, 56.83473942026629], [59.71408994842111, 56.82347422823124], [59.9458150730034, 56.811779526001764], [60.17739297016917, 56.79965577283718], [60.40881850774488, 56.787103444165716], [60.640086577183176, 56.77412303149376], [60.871192094299616, 56.76071504231219], [61.10213, 56.746880000000004]]}, "properties": {"fa_flight_id": "RA86906-1642572550-adhoc-0", "registration": "RA-86906", "ident": "RA-86906", "ident_icao": NaN, "origin_code": "L 55.99766 38.03413", "origin_city": "Moscow", "destination_code": "L 56.74688 61.10213", "destination_city": "Yekaterinburg", "scheduled_out": NaN, "estimated_out": NaN, "actual_out": NaN, "scheduled_off": "2022-01-19T06:09:10Z", "estimated_off": "2022-01-19T06:09:10Z", "actual_off": "2022-01-19T06:09:10Z", "scheduled_on": NaN, "estimated_on": NaN, "actual_on": "2022-01-19T06:09:10Z", "scheduled_in": NaN, "estimated_in": NaN, "actual_in": NaN, "status": "result unknown", "route_distance": NaN, "diverted": false, "cancelled": false, "simplified_departure_date": "2022-01-19", "origin_coords": [55.99766, 38.03413], "destination_coords": [56.74688, 61.10213], "is_same_city": false}}, {"type": "Feature", "geometry": {"type": "LineString", "coordinates": [[44.08367, 48.62546], [44.040233928731965, 48.61355562533959], [43.99681834954631, 48.60163492469269], [43.953423272228235, 48.58969791260815], [43.91004870648371, 48.57774460363814], [43.86669466193965, 48.56577501233806], [43.823361148143995, 48.55378915326653], [43.78004817456588, 48.54178704098533], [43.736755750595684, 48.52976869005927], [43.69348388554527, 48.517734115056236], [43.65023258864798, 48.505683330546994], [43.60700186905884, 48.49361635110528], [43.56379173585467, 48.48153319130759], [43.52060219803418, 48.46943386573325], [43.47743326451816, 48.457318388964275], [43.43428494414953, 48.445186775585334], [43.39115724569349, 48.43303904018367], [43.3480501778377, 48.42087519734908], [43.30496374919231, 48.408695261673856], [43.26189796829019, 48.39649924775263], [43.218852843586994, 48.384287170182446], [43.17582838346127, 48.37205904356262], [43.13282459621468, 48.35981488249468], [43.08984149007202, 48.347554701582396], [43.046879073181415, 48.33527851543158], [43.00393735361445, 48.32298633865013], [42.96101633936624, 48.31067818584795], [42.91811603835564, 48.29835407163685], [42.87523645842534, 48.28601401063058], [42.83237760734196, 48.27365801744463], [42.78953949279626, 48.261286106696346], [42.74672212240316, 48.24889829300469], [42.70392550370202, 48.236494590990354], [42.661149644156616, 48.22407501527555], [42.6183945511554, 48.211639580484054], [42.57566023201154, 48.19918830124115], [42.53294669396312, 48.18672119217348], [42.49025394417323, 48.174238267909075], [42.44758198973011, 48.161739543077275], [42.404930837647306, 48.14922503230867], [42.36230049486378, 48.13669475023501], [42.31969096824406, 48.124148711489205], [42.277102264578325, 48.11158693070526], [42.234534390582645, 48.09900942251815], [42.191987352899005, 48.08641620156384], [42.149461158095505, 48.073807282479244], [42.10695581266649, 48.06118267990206], [42.064471323032656, 48.048542408470816], [42.02200769554121, 48.03588648282479], [41.97956493646602, 48.023214917603944], [41.93714305200771, 48.01052772744886], [41.89474204829386, 47.997824927000686], [41.85236193137904, 47.98510653090112], [41.810002707245104, 47.97237255379232], [41.767664381801154, 47.95962301031684], [41.72534696088382, 47.94685791511761], [41.683050450257305, 47.934077282837826], [41.640774855613586, 47.92128112812098], [41.5985201825725, 47.90846946561075], [41.556286436681944, 47.89564230995091], [41.51407362341794, 47.88279967578539], [41.471881748184856, 47.86994157775809], [41.42971081631548, 47.85706803051295], [41.387560833071205, 47.844179048693775], [41.345431803642114, 47.83127464694428], [41.30332373314722, 47.818354839908004], [41.26123662663447, 47.80541964222823], [41.21917048908103, 47.79246906854798], [41.177125325393305, 47.779503133509934], [41.13510114040716, 47.766521851756366], [41.09309793888803, 47.75352523792911], [41.05111572553105, 47.740513306669534], [41.009154504961245, 47.72748607261843], [40.96721428173361, 47.714443550416], [40.92529506033331, 47.701385754701796], [40.88339684517579, 47.68831270011468], [40.8415196406069, 47.675224401292745], [40.79966345090308, 47.66212087287329], [40.75782828027152, 47.64900212949276], [40.71601413285022, 47.635868185786684], [40.6742210127082, 47.622719056389634], [40.63244892384563, 47.60955475593521], [40.590697870194, 47.59637529905591], [40.54896785561618, 47.58318070038314], [40.50725888390667, 47.56997097454713], [40.46557095879167, 47.556746136176976], [40.423904083929266, 47.54350619990043], [40.382258262909545, 47.53025118034395], [40.34063349925476, 47.51698109213269], [40.2990297964195, 47.50369594989033], [40.25744715779073, 47.49039576823915], [40.21588558668811, 47.47708056179991], [40.174345086363964, 47.46375034519178], [40.132825660003554, 47.450405133032376], [40.09132731072515, 47.43704493993766], [40.049850041580214, 47.42366978052182], [40.00839385555355, 47.41027966939742], [39.966958755563404, 47.39687462117512], [39.92554474446167, 47.383454650463804], [39.88415182503402, 47.37001977187041], [39.84278, 47.356570000000005]]}, "properties": {"fa_flight_id": "RA86906-1643384144-adhoc-0", "registration": "RA-86906", "ident": "RA-86906", "ident_icao": NaN, "origin_code": "L 48.62546 44.08367", "origin_city": "Volgograd", "destination_code": "L 47.35657 39.84278", "destination_city": "Stavropol", "scheduled_out": NaN, "estimated_out": NaN, "actual_out": NaN, "scheduled_off": "2022-01-28T15:35:44Z", "estimated_off": "2022-01-28T15:35:44Z", "actual_off": "2022-01-28T15:35:44Z", "scheduled_on": NaN, "estimated_on": NaN, "actual_on": "2022-01-28T15:35:44Z", "scheduled_in": NaN, "estimated_in": NaN, "actual_in": NaN, "status": "result unknown", "route_distance": NaN, "diverted": false, "cancelled": false, "simplified_departure_date": "2022-01-28", "origin_coords": [48.62546, 44.08367], "destination_coords": [47.35657, 39.84278], "is_same_city": false}}, {"type": "Feature", "geometry": {"type": "LineString", "coordinates": [[48.86673999999999, 54.314019999999985], [48.812159188053656, 54.25765275708201], [48.75772742457535, 54.20126092987719], [48.703444059260576, 54.144844636290784], [48.649308445036276, 54.088403993542286], [48.595319938044476, 54.03193911817002], [48.54147789762622, 53.97545012603575], [48.48778168630539, 53.918937132329134], [48.43423066977258, 53.862400251572254], [48.38082421686913, 53.80583959762409], [48.327561699571135, 53.74925528368492], [48.27444249297346, 53.692647422300716], [48.22146597527393, 53.63601612536759], [48.16863152775752, 53.57936150413602], [48.11593853478058, 53.52268366921521], [48.06338638375509, 53.46598273057738], [48.010974465133074, 53.409258797561975], [47.95870217239097, 53.35251197887991], [47.906568902014115, 53.295742382617746], [47.854574053481265, 53.238950116241845], [47.80271702924913, 53.18213528660249], [47.75099723473709, 53.12529799993796], [47.69941407831184, 53.06843836187868], [47.64796697127214, 53.011556477451144], [47.59665532783365, 52.95465245108204], [47.5454785651138, 52.89772638660215], [47.49443610311668, 52.840778387250296], [47.4435273647181, 52.783808555677375], [47.39275177565056, 52.726816993950116], [47.34210876448848, 52.66980380355504], [47.291597762633174, 52.61276908540227], [47.24121820429832, 52.555712939829355], [47.19096952649503, 52.498635466605045], [47.140851169017374, 52.44153676493307], [47.09086257442767, 52.38441693345584], [47.041003188042026, 52.327276070258236], [46.991272457915834, 52.27011427287117], [46.941669834829426, 52.212931638275315], [46.892194772273626, 52.155728262904724], [46.84284672643561, 52.098504242650456], [46.79362515618458, 52.04125967286405], [46.74452952305758, 51.98399464836126], [46.69555929124552, 51.92670926342537], [46.64671392757908, 51.86940361181085], [46.59799290151466, 51.81207778674679], [46.54939568512063, 51.75473188094028], [46.50092175306336, 51.69736598657998], [46.45257058259345, 51.63998019533939], [46.40434165353204, 51.58257459838029], [46.35623444825715, 51.52514928635609], [46.30824845169001, 51.46770434941513], [46.26038315128162, 51.41023987720405], [46.21263803699922, 51.35275595887099], [46.16501260131288, 51.295252683068945], [46.11750633918213, 51.237730137958906], [46.07011874804272, 51.18018841121311], [46.02284932779335, 51.12262759001829], [45.97569758078255, 51.06504776107875], [45.9286630117955, 51.00744901061956], [45.881745128041075, 50.94983142438965], [45.834943439138804, 50.892195087664966], [45.78825745710598, 50.834540085251504], [45.74168669634482, 50.77686650148834], [45.69523067362962, 50.719174420250766], [45.64888890809406, 50.66146392495316], [45.60266092121855, 50.603735098552136], [45.55654623681756, 50.545988023549356], [45.510544381027145, 50.48822278199462], [45.46465488229241, 50.43043945548871], [45.418877271355086, 50.37263812518632], [45.37321108124119, 50.314818871798934], [45.3276558472487, 50.25698177559772], [45.28221110693533, 50.199126916416354], [45.23687640010635, 50.141254373653844], [45.19165126880244, 50.083364226277354], [45.146535257287645, 50.02545655282496], [45.10152791203739, 49.96753143140848], [45.05662878172651, 49.909588939716116], [45.01183741721741, 49.851629155015274], [44.967153371548186, 49.79365215415525], [44.92257619992095, 49.73565801356987], [44.87810545969002, 49.677646809280255], [44.83374071035041, 49.61961861689736], [44.78948151352612, 49.561573511624694], [44.745327432958725, 49.50351156826088], [44.70127803449581, 49.4454328612023], [44.65733288607966, 49.387337464445594], [44.61349155773586, 49.32922545159031], [44.569753621562036, 49.27109689584139], [44.526118651716565, 49.21295187001169], [44.4825862244075, 49.15479044652451], [44.4391559178814, 49.09661269741603], [44.39582731241229, 49.03841869433789], [44.35259999029064, 48.98020850855952], [44.309473535812465, 48.92198221097061], [44.266447535268455, 48.86373987208358], [44.22352157693307, 48.805481562035915], [44.180695251053855, 48.74720735059259], [44.13796814984071, 48.6889173071484], [44.09533986745519, 48.63061150073036], [44.05281, 48.57229]]}, "properties": {"fa_flight_id": "RA86906-1643364558-adhoc-0", "registration": "RA-86906", "ident": "RA-86906", "ident_icao": NaN, "origin_code": "L 54.31402 48.86674", "origin_city": "Ulyanovsk", "destination_code": "L 48.57229 44.05281", "destination_city": "Volgograd", "scheduled_out": NaN, "estimated_out": NaN, "actual_out": NaN, "scheduled_off": "2022-01-28T10:09:18Z", "estimated_off": "2022-01-28T10:09:18Z", "actual_off": "2022-01-28T10:09:18Z", "scheduled_on": NaN, "estimated_on": NaN, "actual_on": "2022-01-28T10:09:18Z", "scheduled_in": NaN, "estimated_in": NaN, "actual_in": NaN, "status": "result unknown", "route_distance": NaN, "diverted": false, "cancelled": false, "simplified_departure_date": "2022-01-28", "origin_coords": [54.31402, 48.86674], "destination_coords": [48.57229, 44.05281], "is_same_city": false}}, {"type": "Feature", "geometry": {"type": "LineString", "coordinates": [[38.174499999999995, 55.82019], [38.28576165940675, 55.81047616150966], [38.396967511568825, 55.80066194546357], [38.50811703219951, 55.79074743942081], [38.61920969896449, 55.78073273173377], [38.73024499149647, 55.770617911544264], [38.84122239140957, 55.760403068779844], [38.95214138231375, 55.75008829415004], [39.06300144982884, 55.739673679142456], [39.17380208159861, 55.729159316019064], [39.2845427673045, 55.71854529781225], [39.39522299867932, 55.70783171832094], [39.50584226952073, 55.697018672106715], [39.61640007570453, 55.68610625448995], [39.72689591519788, 55.67509456154572], [39.83732928807215, 55.66398369009991], [39.94769969651589, 55.652773737725234], [40.05800664484737, 55.64146480273719], [40.16824963952711, 55.630056984189984], [40.27842818917015, 55.61855038187255], [40.388541804558244, 55.6069450963044], [40.49858999865178, 55.595241228731545], [40.6085722866016, 55.58343888112235], [40.71848818576064, 55.57153815616346], [40.82833721569536, 55.55953915725559], [40.93811889819705, 55.54744198850931], [41.04783275729293, 55.535246754740925], [41.15747831925714, 55.52295356146818], [41.267055112621414, 55.51056251490609], [41.37656266818578, 55.498073721962676], [41.48600051902891, 55.485487290234666], [41.59536820051842, 55.4728033280032], [41.70466525032094, 55.460021944229624], [41.813891208411995, 55.44714324855103], [41.92304561708573, 55.43416735127604], [42.03212802096455, 55.42109436338039], [42.14113796700839, 55.40792439650264], [42.25007500452403, 55.39465756293966], [42.35893868517405, 55.38129397564241], [42.46772856298576, 55.36783374821141], [42.576444194359865, 55.35427699489239], [42.68508513807896, 55.340623830571786], [42.79365095531593, 55.32687437077236], [42.90214120964206, 55.31302873164875], [43.01055546703508, 55.29908702998294], [43.11889329588697, 55.285049383179874], [43.22715426701159, 55.2709159092628], [43.335337953652235, 55.256686726869006], [43.44344393148883, 55.24236195524509], [43.551471778645166, 55.22794171424256], [43.659421075695796, 55.213426124313266], [43.76729140567287, 55.19881530650486], [43.875082354072696, 55.18410938245625], [43.98279350886227, 55.169308474393056], [44.09042446048547, 55.154412705122986], [44.197974801869194, 55.13942219803137], [44.30544412842932, 55.12433707707645], [44.41283203807642, 55.10915746678488], [44.52013813122137, 55.093883492247116], [44.62736201078084, 55.078515279112786], [44.734503282182445, 55.06305295358611], [44.841561553369885, 55.047496642421244], [44.94853643480789, 55.03184647291772], [45.05542753948692, 55.0161025729158], [45.1622344829278, 55.00026507079182], [45.26895688318608, 54.984334095453555], [45.37559436085636, 54.96830977633562], [45.48214653907629, 54.95219224339486], [45.58861304353061, 54.93598162710557], [45.69499350245475, 54.919678058455005], [45.8012875466386, 54.90328166893861], [45.90749480942979, 54.88679259055543], [46.013614926737034, 54.87021095580347], [46.11964753703323, 54.85353689767499], [46.225592281358416, 54.83677054965185], [46.3314488033225, 54.81991204570091], [46.437216749107925, 54.80296152026929], [46.54289576747213, 54.78591910827979], [46.6484855097499, 54.76878494512618], [46.753985629855364, 54.751559166668535], [46.859395784284196, 54.7342419092286], [46.9647156321153, 54.71683330958516], [47.06994483501252, 54.69933350496931], [47.17508305722618, 54.681742633059876], [47.28012996559449, 54.66406083197869], [47.38508522954469, 54.64628824028601], [47.48994852109415, 54.628424996975816], [47.594719514851285, 54.61047124147118], [47.699397888016335, 54.59242711361968], [47.803983320381924, 54.57429275368864], [47.908475494333594, 54.55606830236063], [48.01287409485005, 54.53775390072869], [48.11717880950336, 54.51934969029187], [48.22138932845902, 54.50085581295046], [48.32550534447574, 54.482272411001475], [48.429526552905216, 54.463599627133945], [48.53345265169178, 54.4448376044244], [48.637283341371756, 54.42598648633222], [48.74101832507276, 54.40704641669503], [48.844657308512964, 54.38801753972415], [48.94820000000001, 54.3689]]}, "properties": {"fa_flight_id": "RA86906-1643352189-adhoc-0", "registration": "RA-86906", "ident": "RA-86906", "ident_icao": NaN, "origin_code": "L 55.82019 38.17450", "origin_city": "Moscow", "destination_code": "L 54.36890 48.94820", "destination_city": "Ulyanovsk", "scheduled_out": NaN, "estimated_out": NaN, "actual_out": NaN, "scheduled_off": "2022-01-28T06:43:09Z", "estimated_off": "2022-01-28T06:43:09Z", "actual_off": "2022-01-28T06:43:09Z", "scheduled_on": NaN, "estimated_on": NaN, "actual_on": "2022-01-28T06:43:09Z", "scheduled_in": NaN, "estimated_in": NaN, "actual_in": NaN, "status": "result unknown", "route_distance": NaN, "diverted": false, "cancelled": false, "simplified_departure_date": "2022-01-28", "origin_coords": [55.82019, 38.1745], "destination_coords": [54.3689, 48.9482], "is_same_city": false}}, {"type": "Feature", "geometry": {"type": "LineString", "coordinates": [[20.983209999999993, 54.77194], [21.282757005130293, 54.716888970531706], [21.581486201482498, 54.661101535673176], [21.87939072721034, 54.604581231535136], [22.176463903650294, 54.54733161810374], [22.472699234888346, 54.48935627831907], [22.768090407249133, 54.430658817158964], [23.06263128870964, 54.37124286072872], [23.35631592823916, 54.31111205535698], [23.649138555067463, 54.25027006669813], [23.941093577883088, 54.18872057884178], [24.232175583963716, 54.12646729342945], [24.52237933824067, 54.06351392877894], [24.811699782299378, 53.99986421901677], [25.100132033317912, 53.93552191321876], [25.387671382945612, 53.87049077455944], [25.674313296123763, 53.8047745794701], [25.960053409850296, 53.73837711680623], [26.244887531890743, 53.67130218702428], [26.52881163943722, 53.603553601368176], [26.811821877717588, 53.53513518106564], [27.093914558556783, 53.46605075653484], [27.375086158892373, 53.39630416660118], [27.65533331924616, 53.32589925772482], [27.934652842154076, 53.2548398832388], [28.21304169055608, 53.183129902598154], [28.49049698614819, 53.11077318064006], [28.767016007698512, 53.037773586855174], [29.042596189329128, 52.96413499467033], [29.317235118765918, 52.88986128074272], [29.590930535557888, 52.81495632426566], [29.863680329268217, 52.73942400628594], [30.13548253763847, 52.66326820903306], [30.40633534472809, 52.58649281526033], [30.676237079030688, 52.50910170759763], [30.94518621156899, 52.43109876791655], [31.213181353970178, 52.3524878767071], [31.480221256523183, 52.273272912466865], [31.74630480621959, 52.19345775110193], [32.0114310247799, 52.11304626534009], [32.275599066666494, 52.032042324156116], [32.53880821708509, 51.950449792209035], [32.801057889975915, 51.86827252929169], [33.062347625996324, 51.78551438979219], [33.32267709049612, 51.7021792221675], [33.58204607148705, 51.618270868429114], [33.84045447760778, 51.53379316364055], [34.09790233608569, 51.4487499354269], [34.35438979069688, 51.3631450034963], [34.609917099725344, 51.276982179173], [34.8644846339229, 51.190265264942475], [35.118092874470705, 51.10299805400802], [35.370742410943706, 51.015184329858954], [35.622433939279084, 50.92682786585048], [35.873168259749534, 50.83793242479476], [36.122946274942855, 50.748501758563584], [36.37176898774834, 50.658539607702004], [36.61963749935122, 50.568049701053276], [36.866553007236035, 50.47703575539475], [37.112516803199654, 50.385501475084716], [37.35753027137497, 50.29345055172], [37.601594886266014, 50.20088666380424], [37.844712210795215, 50.10781347642673], [38.086883894363524, 50.01423464095168], [38.328111670924265, 49.92015379471781], [38.56839735707116, 49.825574560748045], [38.8077428501414, 49.730500547469255], [39.04615012633414, 49.63493534844197], [39.28362123884516, 49.53888254209975], [39.52015831601813, 49.44234569149822], [39.75576355951315, 49.34532834407359], [39.99043924249276, 49.24783403141052], [40.22418770782627, 49.14986626901908], [40.45701136631239, 49.05142855612091], [40.68891269492101, 48.952524375444135], [40.91989423505411, 48.8531571930271], [41.14995859082648, 48.75333045803069], [41.379108427366226, 48.653047602559134], [41.60734646913573, 48.55231204148899], [41.83467549827299, 48.45112717230647], [42.06109835295392, 48.34949637495265], [42.286617925775445, 48.247423011676496], [42.51123716215995, 48.14491042689572], [42.7349590587812, 48.04196194706511], [42.95778666201156, 47.93858088055226], [43.17972306639114, 47.834770517520575], [43.40077141311872, 47.73053412981946], [43.62093488856443, 47.625874970881284], [43.840216722804634, 47.520796275625344], [44.05862018817874, 47.41530126036844], [44.276148597868236, 47.30939312274196], [44.49280530449766, 47.20307504161527], [44.70859369875805, 47.09635017702553], [44.9235172080522, 46.98922167011345], [45.13757929516235, 46.88169264306502], [45.35078345693983, 46.773766199059125], [45.56313322301684, 46.66544542222078], [45.774632154540214, 46.55673337757988], [45.985283842927146, 46.447633111035515], [46.19509190864289, 46.33814764932528], [46.40406000000001, 46.22827999999999]]}, "properties": {"fa_flight_id": "RA86906-1644509066-adhoc-0", "registration": "RA-86906", "ident": "RA-86906", "ident_icao": NaN, "origin_code": "L 54.77194 20.98321", "origin_city": "Kaliningrad", "destination_code": "L 46.22828 46.40406", "destination_city": "Astrakhan", "scheduled_out": NaN, "estimated_out": NaN, "actual_out": NaN, "scheduled_off": "2022-02-10T16:04:26Z", "estimated_off": "2022-02-10T16:04:26Z", "actual_off": "2022-02-10T16:04:26Z", "scheduled_on": NaN, "estimated_on": NaN, "actual_on": "2022-02-10T16:04:26Z", "scheduled_in": NaN, "estimated_in": NaN, "actual_in": NaN, "status": "result unknown", "route_distance": NaN, "diverted": false, "cancelled": false, "simplified_departure_date": "2022-02-10", "origin_coords": [54.77194, 20.98321], "destination_coords": [46.22828, 46.40406], "is_same_city": false}}, {"type": "Feature", "geometry": {"type": "LineString", "coordinates": [[37.98893000000001, 55.923909999999985], [37.8205827441403, 55.924745355885506], [37.652229228162966, 55.92535114891124], [37.48387144625915, 55.92572736667022], [37.31551139296953, 55.92587400145685], [37.14715106302081, 55.92579105026767], [36.97879245116239, 55.92547851480175], [36.81043755200289, 55.924936401460435], [36.64208835984681, 55.92416472134672], [36.473746868531116, 55.92316349026413], [36.3054150712621, 55.921932728715156], [36.13709496045213, 55.920472461899124], [35.96878852755685, 55.918782719709704], [35.80049776291234, 55.91686353673188], [35.632224655572564, 55.91471495223845], [35.463971193147145, 55.912337010186064], [35.295739361639384, 55.90972975921085], [35.12753114528458, 55.906893252623405], [34.95934852638873, 55.90382754840354], [34.791193485167646, 55.90053270919441], [34.623067999586446, 55.89700880229614], [34.454974045199556, 55.893255899659174], [34.286913594991084, 55.889274077877], [34.11888861921587, 55.88506341817844], [33.95090108524098, 55.880624006419524], [33.78295295738775, 55.87595593307489], [33.615046196774585, 55.87105929322874], [33.44718276116024, 55.86593418656527], [33.27936460478787, 55.8605807173588], [33.111593678229745, 55.85499899446326], [32.9438719282327, 55.84918913130141], [32.77620129756438, 55.84315124585353], [32.60858372486022, 55.83688546064561], [32.4410211444713, 55.83039190273726], [32.273515486313016, 55.82367070370908], [32.106068675714646, 55.81672199964953], [31.938682633269828, 55.809545931141564], [31.771359274687924, 55.80214264324866], [31.604100510646436, 55.79451228550049], [31.436908246644325, 55.78665501187822], [31.269784382856407, 55.77857098079934], [31.102730813988746, 55.770260355102025], [30.935749429135168, 55.76172330202922], [30.76884211163476, 55.75295999321224], [30.60201073893072, 55.74397060465393], [30.43525718243004, 55.734755316711535], [30.268583307364633, 55.72531431407906], [30.10199097265348, 55.71564778576935], [29.93548203076609, 55.70575592509568], [29.769058327587167, 55.695638929653015], [29.602721702282494, 55.685297001298935], [29.43647398716624, 55.67473034613406], [29.270317007569403, 55.66393917448227], [29.1042525817097, 55.652923700870396], [28.9382825205628, 55.6416841440077], [28.77240862773483, 55.630220726764826], [28.606632699336433, 55.61853367615263], [28.440956523858077, 55.60662322330042], [28.275381882046926, 55.59448960343402], [28.109910546785034, 55.582133055853475], [27.94454428296912, 55.56955382391032], [27.779284847391775, 55.556752154984615], [27.61413398862417, 55.54372830046166], [27.449093446900253, 55.530482515708385], [27.284164954002566, 55.51701506004934], [27.119350233149557, 55.5033261967425], [26.954650998884404, 55.489416192954714], [26.790068956965538, 55.47528531973684], [26.625605804258694, 55.460933851998625], [26.461263228630525, 55.44636206848324], [26.297042908843913, 55.431570251741626], [26.13294651445491, 55.41655868810646], [25.968975705711266, 55.40132766766595], [25.80513213345265, 55.385877484237284], [25.641417439012535, 55.37020843533983], [25.477833254121784, 55.354320822168155], [25.314381200813862, 55.338214949564716], [25.151062891331815, 55.32189112599232], [24.987879928036907, 55.30534966350636], [24.824833903318993, 55.28859087772685], [24.66192639950859, 55.27161508781017], [24.499158988790736, 55.25442261642061], [24.336533233120512, 55.237013789701784], [24.17405068414034, 55.219388937247665], [24.011712883099044, 55.20154839207352], [23.849521360772634, 55.18349249058674], [23.68747763738688, 55.16522157255724], [23.525583222541602, 55.14673598108791], [23.363839615136783, 55.12803606258468], [23.202248303300408, 55.109122166726586], [23.040810764318085, 55.08999464643558], [22.879528464564455, 55.070653857846146], [22.71840285943635, 55.05110016027481], [22.557435393287765, 55.031333916189496], [22.396627499366577, 55.01135549117869], [22.23598059975301, 54.99116525392053], [22.07549610529999, 54.97076357615168], [21.915175415575167, 54.95015083263612], [21.75501991880472, 54.929327401133826], [21.595030991819037, 54.9082936623693], [21.43521, 54.88705000000001]]}, "properties": {"fa_flight_id": "RA86906-1644483050-adhoc-0", "registration": "RA-86906", "ident": "RA-86906", "ident_icao": NaN, "origin_code": "L 55.92391 37.98893", "origin_city": "Moscow", "destination_code": "L 54.88705 21.43521", "destination_city": "Kaliningrad", "scheduled_out": NaN, "estimated_out": NaN, "actual_out": NaN, "scheduled_off": "2022-02-10T08:50:50Z", "estimated_off": "2022-02-10T08:50:50Z", "actual_off": "2022-02-10T08:50:50Z", "scheduled_on": NaN, "estimated_on": NaN, "actual_on": "2022-02-10T08:50:50Z", "scheduled_in": NaN, "estimated_in": NaN, "actual_in": NaN, "status": "result unknown", "route_distance": NaN, "diverted": false, "cancelled": false, "simplified_departure_date": "2022-02-10", "origin_coords": [55.92391, 37.98893], "destination_coords": [54.88705, 21.43521], "is_same_city": false}}, {"type": "Feature", "geometry": {"type": "LineString", "coordinates": [[60.5362, 56.75148], [60.31026815139395, 56.76305120026834], [60.084199462620944, 56.77421372490055], [59.85799872145158, 56.78496715694792], [59.63167073522519, 56.79531109421429], [59.40522033017432, 56.80524514932939], [59.17865235074202, 56.81476894981978], [58.951971658892774, 56.823882138177126], [58.72518313341685, 56.832584371923886], [58.49829166922856, 56.840875323676315], [58.2713021766586, 56.848754681204824], [58.044219580740666, 56.85622214749171], [57.81704882049265, 56.86327744078603], [57.58979484819274, 56.86992029465586], [57.36246262865054, 56.87615045803773], [57.13505713847344, 56.881967695283244], [56.907583365328904, 56.887371786202955], [56.68004630720225, 56.8923625261074], [56.45245097165089, 56.89693972584522], [56.22480237505483, 56.90110321183854], [55.9971055418639, 56.90485282611536], [55.769365503842046, 56.90818842633915], [55.541587299308716, 56.91110988583545], [55.313775972377904, 56.91361709361559], [55.085936572195074, 56.915709954397585], [54.858074152172, 56.9173883886239], [54.630193769220156, 56.91865233247643], [54.40230048298275, 56.91950173788849], [54.17439935506574, 56.91993657255381], [53.94649544826802, 56.91995681993261], [53.71859382581132, 56.91956247925473], [53.49069955056979, 56.91875356551974], [53.26281768429984, 56.91753010949415], [53.03495328687028, 56.915892157705635], [52.80711141549326, 56.91383977243425], [52.579297123956216, 56.9113730317008], [52.351515461855016, 56.908492029252166], [52.1237714738288, 56.905196874543726], [51.896070198796565, 56.901487692718845], [51.66841666919601, 56.897364624585414], [51.44081591022472, 56.89282782658948], [51.213272939084156, 56.88787747078606], [50.98579276422652, 56.88251374480684], [50.75838038460503, 56.87673685182528], [50.531040788927676, 56.87054701051864], [50.303778954914755, 56.86394445502725], [50.07659984856057, 56.856929434910946], [49.84950842339951, 56.84950221510269], [49.62250961977665, 56.8416630758594], [49.395608364123326, 56.83341231271], [49.168809568237876, 56.824750236400746], [48.942118128571664, 56.815677172837844], [48.71553892552088, 56.806193463027306], [48.48907682272421, 56.796299463012176], [48.262736666366585, 56.78599554380718], [48.03652328448941, 56.7752820913306], [47.8104414863073, 56.76415950633375], [47.58449606153177, 56.752628204327635], [47.35869177970195, 56.740688615507445], [47.13303338952254, 56.728341184674214], [46.9075256182094, 56.71558637115418], [46.68217317084276, 56.70242464871573], [46.45698072972837, 56.688856505483855], [46.231952953766836, 56.67488244385236], [46.007094477831195, 56.66050298039365], [45.78240991215307, 56.64571864576633], [45.557903841717525, 56.63052998462042], [45.33358082566672, 56.61493755550053], [45.109445396712715, 56.59894193074674], [44.88550206055945, 56.5825436963934], [44.661755295334025, 56.56574345206584], [44.43820955102771, 56.54854181087504], [44.21486924894643, 56.53093939931025], [43.991738781171215, 56.51293685712974], [43.768822510028514, 56.49453483724952], [43.5461247675708, 56.47573400563027], [43.323649855067075, 56.45653504116244], [43.10140204250406, 56.43693863554944], [42.87938556809761, 56.41694549318932], [42.65760463781477, 56.39655633105448], [42.43606342490653, 56.37577187857001], [42.21476606945125, 56.35459287749016], [41.99371667790902, 56.3330200817735], [41.772919322686846, 56.311054257456334], [41.55237804171495, 56.28869618252491], [41.332096838034055, 56.26594664678599], [41.11207967939382, 56.24280645173613], [40.89233049786253, 56.21927641042969], [40.67285318944791, 56.19535734734559], [40.4536516137293, 56.17105009825268], [40.23472959350117, 56.146355510074095], [40.01609091442794, 56.121274440750476], [39.79773932471022, 56.09580775910202], [39.579678534762365, 56.06995634468955], [39.3619122169016, 56.04372108767463], [39.144444005048406, 56.01710288867873], [38.92727749443846, 55.99010265864141], [38.710416241345904, 55.96272131867787], [38.49386376281806, 55.934959799935555], [38.27762353642159, 55.90681904344997], [38.061699, 55.8783]]}, "properties": {"fa_flight_id": "RA86906-1646409495-adhoc-0", "registration": "RA-86906", "ident": "RA-86906", "ident_icao": NaN, "origin_code": "L 56.75148 60.53620", "origin_city": "Yekaterinburg", "destination_code": "UUMU", "destination_city": NaN, "scheduled_out": NaN, "estimated_out": NaN, "actual_out": NaN, "scheduled_off": "2022-03-04T15:58:15Z", "estimated_off": "2022-03-04T15:58:15Z", "actual_off": "2022-03-04T15:58:15Z", "scheduled_on": NaN, "estimated_on": NaN, "actual_on": "2022-03-04T15:58:15Z", "scheduled_in": NaN, "estimated_in": NaN, "actual_in": NaN, "status": "result unknown", "route_distance": NaN, "diverted": false, "cancelled": false, "simplified_departure_date": "2022-03-04", "origin_coords": [56.75148, 60.5362], "destination_coords": [55.8783, 38.061699], "is_same_city": false}}, {"type": "Feature", "geometry": {"type": "LineString", "coordinates": [[68.00629, 56.95053], [67.93657635095701, 56.95027445627414], [67.8668637301742, 56.949980138444], [67.79715228263575, 56.94964704755751], [67.72744215330911, 56.949275184800634], [67.657733487143, 56.94886455149729], [67.58802642906525, 56.948415149109366], [67.51832112398083, 56.94792697923672], [67.44861771676976, 56.94740004361708], [67.378916352285, 56.946834344126096], [67.30921717535047, 56.94622988277723], [67.23952033075895, 56.94558666172176], [67.16982596327003, 56.944904683248765], [67.10013421760804, 56.94418394978504], [67.03044523846002, 56.943424463895056], [66.96075917047362, 56.94262622828096], [66.89107615825516, 56.94178924578248], [66.82139634636741, 56.94091351937691], [66.75171987932767, 56.93999905217901], [66.6820469016057, 56.939045847441], [66.61237755762164, 56.938053908552504], [66.542711991744, 56.93702323904045], [66.47305034828757, 56.935953842569006], [66.40339277151146, 56.9348457229396], [66.33373940561698, 56.93369888409072], [66.26409039474564, 56.93251333009801], [66.19444588297712, 56.931289065174006], [66.12480601432725, 56.930026093668225], [66.05517093274591, 56.92872442006701], [65.9855407821151, 56.92738404899349], [65.91591570624685, 56.92600498520741], [65.84629584888123, 56.92458723360521], [65.77668135368428, 56.92313079921976], [65.70707236424607, 56.9216356872204], [65.63746902407864, 56.9201019029128], [65.56787147661394, 56.91852945173884], [65.49827986520197, 56.9169183392766], [65.42869433310855, 56.91526857124019], [65.35911502351354, 56.913580153479636], [65.28954207950869, 56.91185309198088], [65.21997564409573, 56.910087392865535], [65.1504158601843, 56.908283062390886], [65.08086287059001, 56.90644010694976], [65.0113168180325, 56.90455853307037], [64.94177784513327, 56.90263834741625], [64.87224609441397, 56.900679556786095], [64.80272170829413, 56.89868216811373], [64.73320482908949, 56.89664618846785], [64.66369559900971, 56.894571625052016], [64.5941941601567, 56.89245848520448], [64.52470065452248, 56.89030677639806], [64.4552152239872, 56.88811650624002], [64.38573801031735, 56.885887682471946], [64.31626915516362, 56.883620312969576], [64.24680880005911, 56.881314405742685], [64.17735708641729, 56.878969968934975], [64.10791415553005, 56.87658701082388], [64.03848014856588, 56.87416553982045], [63.96905520656777, 56.871705564469224], [63.89963947045146, 56.86920709344802], [63.83023308100338, 56.86667013556788], [63.76083617887881, 56.86409469977281], [63.691448904599945, 56.86148079513972], [63.62207139855398, 56.8588284308782], [63.5527038009912, 56.85613761633042], [63.483346252023104, 56.85340836097088], [63.413998891620516, 56.85064067440638], [63.34466185961164, 56.84783456637569], [63.27533529568025, 56.84499004674953], [63.20601933936377, 56.842107125530326], [63.13671413005138, 56.83918581285203], [63.06741980698221, 56.83622611897999], [62.99813650924342, 56.83322805431072], [62.928864375768356, 56.830191629371804], [62.85960354533467, 56.82711685482161], [62.7903541565626, 56.824003741449175], [62.721116347912904, 56.82085230017401], [62.65189025768521, 56.817662542045916], [62.58267602401613, 56.81443447824475], [62.5134737848774, 56.81116812008032], [62.44428367807408, 56.80786347899208], [62.37510584124278, 56.80452056654905], [62.305940411849754, 56.80113939444954], [62.23678752718919, 56.79771997452097], [62.16764732438137, 56.794262318719674], [62.098519940370906, 56.7907664391307], [62.02940551192489, 56.78723234796758], [61.96030417563119, 56.78366005757218], [61.89121606789664, 56.7800495804144], [61.822141324945235, 56.776400929092034], [61.75308008281649, 56.772714116330555], [61.684032477363495, 56.76898915498283], [61.614998644251386, 56.76522605802901], [61.54597871895542, 56.76142483857619], [61.47697283675932, 56.75758550985827], [61.40798113275357, 56.753708085235715], [61.33900374183361, 56.74979257819533], [61.2700407986982, 56.74583900235001], [61.20109243784763, 56.741847371438496], [61.13215879358211, 56.73781769932523], [61.06324000000001, 56.73375]]}, "properties": {"fa_flight_id": "RA86906-1646397843-adhoc-0", "registration": "RA-86906", "ident": "RA-86906", "ident_icao": NaN, "origin_code": "L 56.95053 68.00629", "origin_city": "Tyumen", "destination_code": "L 56.73375 61.06324", "destination_city": "Yekaterinburg", "scheduled_out": NaN, "estimated_out": NaN, "actual_out": NaN, "scheduled_off": "2022-03-04T12:44:03Z", "estimated_off": "2022-03-04T12:44:03Z", "actual_off": "2022-03-04T12:44:03Z", "scheduled_on": NaN, "estimated_on": NaN, "actual_on": "2022-03-04T12:44:03Z", "scheduled_in": NaN, "estimated_in": NaN, "actual_in": NaN, "status": "result unknown", "route_distance": NaN, "diverted": false, "cancelled": false, "simplified_departure_date": "2022-03-04", "origin_coords": [56.95053, 68.00629], "destination_coords": [56.73375, 61.06324], "is_same_city": false}}, {"type": "Feature", "geometry": {"type": "LineString", "coordinates": [[83.03125, 55.19115], [83.00345406215949, 55.19536176110304], [82.97565224941002, 55.19956720102459], [82.94784456841917, 55.20376631743928], [82.9200310258664, 55.20795910802401], [82.89221162844315, 55.212145570458176], [82.86438638285283, 55.21632570242352], [82.83655529581068, 55.22049950160414], [82.80871837404399, 55.224666965686595], [82.7808756242919, 55.228828092359855], [82.75302705330547, 55.23298287931526], [82.7251726678477, 55.2371313242466], [82.69731247469346, 55.24127342485011], [82.6694464806296, 55.24540917882439], [82.64157469245478, 55.24953858387054], [82.61369711697961, 55.253661637692076], [82.58581376102656, 55.257778337994964], [82.55792463142998, 55.261888682487616], [82.53002973503614, 55.26599266888094], [82.50212907870315, 55.27009029488827], [82.47422266930096, 55.27418155822541], [82.44631051371145, 55.278266456610666], [82.41839261882832, 55.2823449877648], [82.39046899155709, 55.28641714941109], [82.36253963881516, 55.29048293927529], [82.33460456753184, 55.29454235508563], [82.30666378464811, 55.298595394572914], [82.27871729711694, 55.302642055470365], [82.25076511190301, 55.306682335513806], [82.22280723598288, 55.31071623244153], [82.19484367634493, 55.31474374399434], [82.16687443998929, 55.31876486791563], [82.13889953392793, 55.32277960195131], [82.11091896518461, 55.32678794384984], [82.08293274079485, 55.33078989136216], [82.05494086780602, 55.33478544224187], [82.02694335327722, 55.338774594245095], [81.99894020427925, 55.34275734513046], [81.97093142789481, 55.34673369265925], [81.94291703121827, 55.35070363459529], [81.91489702135578, 55.354667168705], [81.88687140542521, 55.35862429275736], [81.85884019055621, 55.36257500452398], [81.83080338389009, 55.36651930177906], [81.80276099257996, 55.37045718229936], [81.77471302379062, 55.37438864386434], [81.74665948469858, 55.378313684256014], [81.71860038249203, 55.382232301259016], [81.69053572437089, 55.38614449266064], [81.66246551754678, 55.39005025625078], [81.63438976924296, 55.393949589822014], [81.60630848669442, 55.39784249116952], [81.57822167714775, 55.401728958091134], [81.5501293478613, 55.40560898838736], [81.52203150610497, 55.40948257986139], [81.49392815916038, 55.413349730319005], [81.46581931432078, 55.417210437568755], [81.43770497889105, 55.42106469942178], [81.40958516018767, 55.42491251369198], [81.38145986553877, 55.42875387819587], [81.3533291022841, 55.432588790752725], [81.32519287777501, 55.43641724918448], [81.29705119937438, 55.440239251315795], [81.26890407445677, 55.44405479497404], [81.24075151040829, 55.44786387798929], [81.21259351462662, 55.45166649819435], [81.18443009452098, 55.45546265342476], [81.15626125751221, 55.45925234151876], [81.12808701103265, 55.46303556031741], [81.09990736252618, 55.466812307664405], [81.07172231944827, 55.470582581406276], [81.04353188926584, 55.47434637939227], [81.0153360794574, 55.4781036994744], [80.9871348975129, 55.48185453950749], [80.95892835093387, 55.485598897349035], [80.93071644723327, 55.48933677085941], [80.90249919393554, 55.49306815790174], [80.87427659857669, 55.496793056341915], [80.84604866870407, 55.500511464048635], [80.8178154118766, 55.504223378893414], [80.78957683566458, 55.50792879875055], [80.76133294764978, 55.51162772149717], [80.73308375542541, 55.515320145013206], [80.70482926659608, 55.519006067181415], [80.67656948877786, 55.52268548588738], [80.64830442959818, 55.52635839901953], [80.62003409669592, 55.53002480446911], [80.5917584977213, 55.53368470013022], [80.56347764033592, 55.53733808389981], [80.53519153221282, 55.54098495367771], [80.50690018103631, 55.544625307366545], [80.47860359450216, 55.54825914287188], [80.45030178031737, 55.55188645810208], [80.42199474620037, 55.55550725096847], [80.39368249988085, 55.55912151938519], [80.36536504909989, 55.56272926126927], [80.33704240160976, 55.56633047454069], [80.30871456517414, 55.56992515712228], [80.28038154756797, 55.57351330693976], [80.25204335657743, 55.57709492192182], [80.2237, 55.58067000000001]]}, "properties": {"fa_flight_id": "RA86906-1646392707-adhoc-0", "registration": "RA-86906", "ident": "RA-86906", "ident_icao": NaN, "origin_code": "L 55.19115 83.03125", "origin_city": "Novosibirsk", "destination_code": "L 55.58067 80.22370", "destination_city": "Novosibirsk", "scheduled_out": NaN, "estimated_out": NaN, "actual_out": NaN, "scheduled_off": "2022-03-04T11:18:27Z", "estimated_off": "2022-03-04T11:18:27Z", "actual_off": "2022-03-04T11:18:27Z", "scheduled_on": NaN, "estimated_on": NaN, "actual_on": "2022-03-04T11:18:27Z", "scheduled_in": NaN, "estimated_in": NaN, "actual_in": NaN, "status": "result unknown", "route_distance": NaN, "diverted": false, "cancelled": false, "simplified_departure_date": "2022-03-04", "origin_coords": [55.19115, 83.03125], "destination_coords": [55.58067, 80.2237], "is_same_city": false}}, {"type": "Feature", "geometry": {"type": "LineString", "coordinates": [[83.97496, 55.26590000000001], [83.96948451405697, 55.26590182802116], [83.96400902764378, 55.26590341102873], [83.95853354082797, 55.265904749022695], [83.95305805367705, 55.265905842003], [83.9475825662586, 55.26590668996963], [83.94210707864018, 55.26590729292258], [83.93663159088929, 55.265907650861834], [83.93115610307352, 55.265907763787354], [83.92568061526038, 55.26590763169918], [83.9202051275174, 55.26590725459728], [83.91472963991218, 55.26590663248171], [83.90925415251225, 55.265905765352414], [83.9037786653851, 55.265904653209475], [83.89830317859834, 55.26590329605288], [83.89282769221948, 55.265901693882675], [83.8873522063161, 55.26589984669888], [83.88187672095567, 55.265897754501545], [83.87640123620581, 55.265895417290714], [83.87092575213403, 55.265892835066424], [83.86545026880788, 55.26589000782876], [83.8599747862949, 55.26588693557776], [83.85449930466267, 55.26588361831349], [83.84902382397868, 55.265880056036025], [83.8435483443105, 55.26587624874544], [83.83807286572566, 55.26587219644182], [83.83259738829175, 55.26586789912527], [83.82712191207624, 55.26586335679585], [83.82164643714673, 55.26585856945366], [83.81617096357074, 55.26585353709883], [83.81069549141581, 55.265848259731435], [83.80522002074952, 55.26584273735162], [83.79974455163938, 55.26583696995948], [83.79426908415294, 55.26583095755515], [83.78879361835773, 55.26582470013876], [83.78331815432132, 55.26581819771044], [83.77784269211122, 55.26581145027033], [83.772367231795, 55.26580445781856], [83.76689177344021, 55.26579722035532], [83.76141631711435, 55.26578973788072], [83.75594086288498, 55.26578201039496], [83.75046541081966, 55.26577403789818], [83.74498996098593, 55.265765820390534], [83.73951451345133, 55.26575735787227], [83.73403906828335, 55.26574865034348], [83.7285636255496, 55.26573969780441], [83.7230881853176, 55.265730500255245], [83.71761274765485, 55.26572105769616], [83.71213731262897, 55.26571137012737], [83.70666188030745, 55.2657014375491], [83.7011864507578, 55.26569125996153], [83.69571102404761, 55.2656808373649], [83.69023560024442, 55.265670169759424], [83.68476017941575, 55.265659257145344], [83.67928476162913, 55.2656480995229], [83.67380934695213, 55.2656366968923], [83.66833393545224, 55.26562504925381], [83.66285852719703, 55.26561315660768], [83.65738312225405, 55.26560101895415], [83.65190772069082, 55.2655886362935], [83.64643232257487, 55.265576008626], [83.64095692797376, 55.26556313595189], [83.635481536955, 55.26555001827148], [83.63000614958615, 55.26553665558503], [83.62453076593472, 55.265523047892856], [83.61905538606828, 55.26550919519521], [83.61358001005433, 55.265495097492405], [83.60810463796045, 55.26548075478475], [83.60262926985413, 55.265466167072546], [83.59715390580293, 55.265451334356115], [83.59167854587434, 55.26543625663577], [83.58620319013598, 55.265420933911834], [83.58072783865529, 55.26540536618464], [83.57525249149985, 55.26538955345451], [83.5697771487372, 55.2653734957218], [83.56430181043486, 55.26535719298683], [83.55882647666036, 55.26534064525], [83.55335114748121, 55.26532385251161], [83.547875822965, 55.265306814772046], [83.54240050317921, 55.26528953203169], [83.53692518819138, 55.26527200429086], [83.53144987806904, 55.26525423154998], [83.52597457287972, 55.26523621380942], [83.52049927269096, 55.26521795106956], [83.51502397757028, 55.2651994433308], [83.50954868758522, 55.26518069059353], [83.50407340280329, 55.26516169285815], [83.49859812329201, 55.26514245012509], [83.49312284911893, 55.26512296239474], [83.48764758035158, 55.26510322966753], [83.48217231705746, 55.26508325194387], [83.47669705930413, 55.26506302922421], [83.47122180715907, 55.265042561508956], [83.46574656068982, 55.26502184879858], [83.46027131996392, 55.2650008910935], [83.4547960850489, 55.26497968839416], [83.44932085601225, 55.264958240701056], [83.44384563292154, 55.26493654801462], [83.43837041584422, 55.26491461033532], [83.43289520484787, 55.26489242766361], [83.42742, 55.264869999999995]]}, "properties": {"fa_flight_id": "RA86906-1646380546-adhoc-0", "registration": "RA-86906", "ident": "RA-86906", "ident_icao": NaN, "origin_code": "L 55.26590 83.97496", "origin_city": "Novosibirsk", "destination_code": "L 55.26487 83.42742", "destination_city": "Novosibirsk", "scheduled_out": NaN, "estimated_out": NaN, "actual_out": NaN, "scheduled_off": "2022-03-04T07:55:46Z", "estimated_off": "2022-03-04T07:55:46Z", "actual_off": "2022-03-04T07:55:46Z", "scheduled_on": NaN, "estimated_on": NaN, "actual_on": "2022-03-04T07:55:46Z", "scheduled_in": NaN, "estimated_in": NaN, "actual_in": NaN, "status": "result unknown", "route_distance": NaN, "diverted": false, "cancelled": false, "simplified_departure_date": "2022-03-04", "origin_coords": [55.2659, 83.97496], "destination_coords": [55.26487, 83.42742], "is_same_city": false}}, {"type": "Feature", "geometry": {"type": "LineString", "coordinates": [[38.68784, 54.8555], [38.68173656304945, 54.86574360680078], [38.675630024056474, 54.875986907448784], [38.669520380357795, 54.886229901672024], [38.663407629287256, 54.896472589198176], [38.657291768175824, 54.906714969754596], [38.65117279435159, 54.916957043068365], [38.64505070513977, 54.927198808866244], [38.63892549786269, 54.93744026687465], [38.63279716983978, 54.94768141681974], [38.6266657183876, 54.95792225842733], [38.620531140819786, 54.96816279142293], [38.6143934344471, 54.97840301553175], [38.60825259657736, 54.98864293047869], [38.60210862451552, 54.9988825359883], [38.59596151556361, 55.00912183178488], [38.58981126702072, 55.01936081759236], [38.58365787618306, 55.0295994931344], [38.577501340343886, 55.03983785813431], [38.57134165679355, 55.0500759123151], [38.565178822819455, 55.06031365539949], [38.55901283570607, 55.070551087109855], [38.552843692734946, 55.08078820716824], [38.54667139118467, 55.091025015296424], [38.54049592833089, 55.10126151121583], [38.53431730144632, 55.11149769464758], [38.5281355078007, 55.12173356531247], [38.52195054466082, 55.13196912293099], [38.51576240929051, 55.14220436722331], [38.50957109895063, 55.15243929790926], [38.503376610899075, 55.16267391470838], [38.497178942390775, 55.17290821733988], [38.49097809067768, 55.18314220552264], [38.48477405300874, 55.19337587897523], [38.47856682662994, 55.20360923741591], [38.472356408784286, 55.21384228056259], [38.466142796711765, 55.224075008132864], [38.4599259876494, 55.23430741984405], [38.45370597883117, 55.24453951541308], [38.44748276748809, 55.2547712945566], [38.44125635084817, 55.26500275699093], [38.435026726136364, 55.27523390243204], [38.42879389057465, 55.28546473059561], [38.42255784138199, 55.29569524119698], [38.416318575774284, 55.30592543395117], [38.41007609096444, 55.31615530857284], [38.40383038416232, 55.32638486477638], [38.39758145257475, 55.33661410227582], [38.39132929340553, 55.34684302078486], [38.38507390385541, 55.357071620016896], [38.37881528112207, 55.36729989968498], [38.37255342240018, 55.37752785950182], [38.36628832488132, 55.38775549917983], [38.36001998575403, 55.39798281843107], [38.35374840220377, 55.40820981696728], [38.34747357141296, 55.41843649449985], [38.34119549056094, 55.428662850739876], [38.334914156823956, 55.43888888539811], [38.328629567375174, 55.449114598184934], [38.3223417193847, 55.45933998881044], [38.31605061001955, 55.469565056984386], [38.30975623644364, 55.479789802416185], [38.30345859581778, 55.490014224814914], [38.2971576852997, 55.50023832388931], [38.290853502044015, 55.510462099347805], [38.28454604320225, 55.52068555089846], [38.278235305922784, 55.53090867824904], [38.27192128735091, 55.54113148110693], [38.26560398462878, 55.551353959179195], [38.259283394895455, 55.56157611217259], [38.25295951528685, 55.571797939793484], [38.24663234293571, 55.58201944174796], [38.240301874971735, 55.59224061774173], [38.23396810852137, 55.60246146748017], [38.22763104070801, 55.61268199066832], [38.22129066865186, 55.62290218701088], [38.21494698946998, 55.63312205621222], [38.20860000027626, 55.643341597976374], [38.20224969818146, 55.653560812007], [38.19589608029313, 55.663779698007424], [38.18953914371571, 55.67399825568068], [38.18317888555041, 55.68421648472938], [38.176815302895285, 55.69443438485587], [38.170448392845216, 55.7046519557621], [38.164078152491896, 55.714869197149696], [38.15770457892381, 55.72508610871994], [38.15132766922627, 55.735302690173754], [38.144947420481394, 55.745518941211735], [38.138563829768074, 55.755734861534116], [38.132176894161994, 55.7659504508408], [38.12578661073565, 55.776165708831336], [38.11939297655832, 55.78638063520493], [38.112995988696035, 55.79659522966041], [38.10659564421163, 55.80680949189631], [38.10019194016471, 55.81702342161078], [38.09378487361164, 55.827237018501606], [38.08737444160554, 55.83745028226626], [38.080960641196306, 55.84766321260185], [38.074543469430594, 55.857875809205126], [38.06812292335178, 55.86808807177249], [38.061699, 55.8783]]}, "properties": {"fa_flight_id": "RA86906-1646570635-adhoc-0", "registration": "RA-86906", "ident": "RA-86906", "ident_icao": NaN, "origin_code": "L 54.85550 38.68784", "origin_city": "Moscow", "destination_code": "UUMU", "destination_city": NaN, "scheduled_out": NaN, "estimated_out": NaN, "actual_out": NaN, "scheduled_off": "2022-03-06T12:43:55Z", "estimated_off": "2022-03-06T12:43:55Z", "actual_off": "2022-03-06T12:43:55Z", "scheduled_on": NaN, "estimated_on": NaN, "actual_on": "2022-03-06T12:43:55Z", "scheduled_in": NaN, "estimated_in": NaN, "actual_in": NaN, "status": "result unknown", "route_distance": NaN, "diverted": false, "cancelled": false, "simplified_departure_date": "2022-03-06", "origin_coords": [54.8555, 38.68784], "destination_coords": [55.8783, 38.061699], "is_same_city": false}}, {"type": "Feature", "geometry": {"type": "LineString", "coordinates": [[37.996089999999995, 56.00364], [38.00365510339556, 55.97375235639652], [38.01120852618491, 55.943864250271], [38.018750299321084, 55.9139756828562], [38.0262804536504, 55.88408665538065], [38.03379901991297, 55.85419716906858], [38.04130602874308, 55.82430722513999], [38.04880151066971, 55.79441682481066], [38.056285496116935, 55.76452596929214], [38.063758015404424, 55.73463465979182], [38.07121909874783, 55.70474289751291], [38.078668776259306, 55.674850683654434], [38.08610707794788, 55.64495801941132], [38.09353403371992, 55.61506490597435], [38.100949673379596, 55.58517134453023], [38.108354026629286, 55.55527733626157], [38.11574712307003, 55.52538288234691], [38.123128992201934, 55.49548798396074], [38.130499663424644, 55.46559264227355], [38.13785916603772, 55.435696858451784], [38.1452075292411, 55.40580063365788], [38.152544782135514, 55.375903969050356], [38.15987095372291, 55.34600686578369], [38.167186072906844, 55.316109325008505], [38.17449016849292, 55.28621134787141], [38.18178326918924, 55.25631293551512], [38.18906540360671, 55.2264140890785], [38.1963366002596, 55.19651480969653], [38.2035968875658, 55.166615098500294], [38.21084629384735, 55.13671495661704], [38.21808484733074, 55.10681438517019], [38.225312576147424, 55.076913385279376], [38.23252950833412, 55.04701195806041], [38.23973567183325, 55.01711010462533], [38.24693109449336, 54.9872078260824], [38.25411580406946, 54.95730512353617], [38.261289828223454, 54.92740199808741], [38.268453194524554, 54.89749845083321], [38.27560593044956, 54.867594482866934], [38.28274806338341, 54.837690095278305], [38.289879620619416, 54.80778528915331], [38.29700062935972, 54.77788006557433], [38.304111116715696, 54.7479744256201], [38.311211109708246, 54.718068370365714], [38.31830063526825, 54.68816190088268], [38.325379720236924, 54.65825501823891], [38.332448391366164, 54.628347723498706], [38.33950667531896, 54.59844001772285], [38.34655459866972, 54.56853190196856], [38.353592187904695, 54.53862337728952], [38.36061946942228, 54.50871444473588], [38.36763646953343, 54.47880510535429], [38.374643214462, 54.44889536018797], [38.3816397303451, 54.418985210276574], [38.38862604323347, 54.38907465665635], [38.39560217909182, 54.359163700360085], [38.402568163799195, 54.32925234241715], [38.40952402314933, 54.29934058385349], [38.416469782850996, 54.26942842569164], [38.423405468528365, 54.23951586895074], [38.43033110572132, 54.20960291464659], [38.437246719885835, 54.179689563791584], [38.444152336394346, 54.14977581739481], [38.45104798053601, 54.11986167646201], [38.45793367751714, 54.08994714199559], [38.46480945246144, 54.06003221499465], [38.47167533041049, 54.03011689645504], [38.478531336323925, 54.00020118736928], [38.485377495079874, 53.97028508872667], [38.49221383147525, 53.94036860151323], [38.49904037022612, 53.910451726711734], [38.50585713596796, 53.88053446530178], [38.51266415325607, 53.85061681825968], [38.519461446565835, 53.82069878655862], [38.5262490402931, 53.79078037116858], [38.53302695875446, 53.76086157305634], [38.53979522618761, 53.73094239318554], [38.54655386675159, 53.7010228325167], [38.55330290452723, 53.671102892007156], [38.560042363517375, 53.641182572611164], [38.56677226764721, 53.61126187527986], [38.573492640764606, 53.58134080096127], [38.580203506640416, 53.551419350600376], [38.586904888968775, 53.52149752513904], [38.59359681136745, 53.491575325516116], [38.60027929737807, 53.46165275266737], [38.606952370466544, 53.43172980752558], [38.613616054023254, 53.401806491020466], [38.620270371363425, 53.371882804078744], [38.62691534572744, 53.34195874762419], [38.633551000281074, 53.3120343225775], [38.64017735811584, 53.28210952985649], [38.64679444224933, 53.25218437037594], [38.653402275625396, 53.22225884504776], [38.66000088111452, 53.192332954780866], [38.66659028151415, 53.16240670048127], [38.673170499548895, 53.132480083052066], [38.67974155787087, 53.10255310339346], [38.68630347905999, 53.07262576240277], [38.69285628562425, 53.04269806097444], [38.6994, 53.01277]]}, "properties": {"fa_flight_id": "RA86906-1646553665-adhoc-0", "registration": "RA-86906", "ident": "RA-86906", "ident_icao": NaN, "origin_code": "L 56.00364 37.99609", "origin_city": "Moscow", "destination_code": "L 53.01277 38.69940", "destination_city": "Moscow", "scheduled_out": NaN, "estimated_out": NaN, "actual_out": NaN, "scheduled_off": "2022-03-06T08:01:05Z", "estimated_off": "2022-03-06T08:01:05Z", "actual_off": "2022-03-06T08:01:05Z", "scheduled_on": NaN, "estimated_on": NaN, "actual_on": "2022-03-06T08:01:05Z", "scheduled_in": NaN, "estimated_in": NaN, "actual_in": NaN, "status": "result unknown", "route_distance": NaN, "diverted": false, "cancelled": false, "simplified_departure_date": "2022-03-06", "origin_coords": [56.00364, 37.99609], "destination_coords": [53.01277, 38.6994], "is_same_city": false}}, {"type": "Feature", "geometry": {"type": "LineString", "coordinates": [[37.994020000000006, 55.91028], [37.99469734239573, 55.90996038381141], [37.9953746736258, 55.90964076390602], [37.996051993690386, 55.90932114028391], [37.996729302589685, 55.90900151294519], [37.99740660032388, 55.90868188188996], [37.99808388689316, 55.90836224711834], [37.99876116229772, 55.90804260863042], [37.999438426537736, 55.90772296642632], [38.000115679613415, 55.90740332050615], [38.00079292152493, 55.90708367086999], [38.00147015227247, 55.90676401751798], [38.00214737185623, 55.9064443604502], [38.0028245802764, 55.906124699666776], [38.00350177753315, 55.90580503516778], [38.0041789636267, 55.90548536695335], [38.00485613855722, 55.90516569502358], [38.005533302324885, 55.904846019378596], [38.006210454929914, 55.904526340018464], [38.00688759637248, 55.90420665694332], [38.00756472665277, 55.903886970153266], [38.00824184577096, 55.903567279648406], [38.008918953727274, 55.903247585428836], [38.00959605052186, 55.90292788749468], [38.01027313615493, 55.90260818584602], [38.01095021062667, 55.90228848048299], [38.01162727393726, 55.90196877140567], [38.01230432608689, 55.90164905861418], [38.01298136707577, 55.90132934210862], [38.01365839690407, 55.90100962188911], [38.01433541557196, 55.90068989795573], [38.01501242307967, 55.90037017030861], [38.01568941942736, 55.900050438947844], [38.01636640461522, 55.89973070387354], [38.01704337864344, 55.8994109650858], [38.017720341512224, 55.89909122258474], [38.018397293221746, 55.89877147637046], [38.019074233772194, 55.898451726443064], [38.01975116316376, 55.89813197280266], [38.02042808139664, 55.897812215449356], [38.021104988471, 55.89749245438325], [38.02178188438706, 55.89717268960445], [38.02245876914498, 55.89685292111308], [38.02313564274497, 55.896533148909214], [38.02381250518721, 55.89621337299298], [38.02448935647186, 55.89589359336448], [38.02516619659917, 55.895573810023826], [38.02584302556928, 55.895254022971095], [38.02651984338239, 55.89493423220644], [38.0271966500387, 55.89461443772992], [38.02787344553839, 55.89429463954167], [38.028550229881645, 55.89397483764179], [38.029227003068655, 55.893655032030374], [38.02990376509961, 55.89333522270754], [38.030580515974705, 55.893015409673396], [38.03125725569412, 55.892695592928035], [38.031933984258046, 55.892375772471574], [38.03261070166668, 55.89205594830411], [38.033287407920184, 55.89173612042577], [38.03396410301878, 55.89141628883664], [38.03464078696263, 55.89109645353681], [38.03531745975196, 55.89077661452642], [38.035994121386906, 55.89045677180555], [38.03667077186769, 55.89013692537433], [38.037347411194496, 55.889817075232855], [38.03802403936752, 55.88949722138121], [38.03870065638693, 55.889177363819535], [38.03937726225293, 55.88885750254791], [38.0400538569657, 55.88853763756646], [38.04073044052544, 55.88821776887527], [38.041407012932325, 55.88789789647446], [38.04208357418655, 55.88757802036414], [38.04276012428831, 55.887258140544404], [38.04343666323778, 55.886938257015366], [38.04411319103516, 55.886618369777125], [38.04478970768063, 55.88629847882979], [38.04546621317439, 55.88597858417346], [38.04614270751662, 55.88565868580826], [38.04681919070751, 55.88533878373427], [38.047495662747245, 55.885018877951616], [38.04817212363603, 55.88469896846039], [38.04884857337402, 55.88437905526071], [38.04952501196146, 55.884059138352676], [38.05020143939847, 55.8837392177364], [38.05087785568528, 55.883419293411976], [38.05155426082207, 55.88309936537951], [38.05223065480904, 55.882779433639115], [38.052907037646364, 55.8824594981909], [38.05358340933424, 55.88213955903494], [38.05425976987284, 55.8818196161714], [38.054936119262365, 55.88149966960034], [38.05561245750301, 55.88117971932188], [38.056288784594955, 55.88085976533611], [38.056965100538385, 55.88053980764316], [38.057641405333506, 55.880219846243115], [38.05831769898048, 55.879899881136105], [38.05899398147952, 55.87957991232219], [38.05967025283079, 55.87925993980155], [38.06034651303451, 55.87893996357422], [38.06102276209085, 55.87861998364034], [38.061699, 55.8783]]}, "properties": {"fa_flight_id": "RA86906-1652983439-adhoc-0", "registration": "RA-86906", "ident": "RA-86906", "ident_icao": NaN, "origin_code": "L 55.91028 37.99402", "origin_city": "Moscow", "destination_code": "UUMU", "destination_city": NaN, "scheduled_out": NaN, "estimated_out": NaN, "actual_out": NaN, "scheduled_off": "2022-05-19T18:03:59Z", "estimated_off": "2022-05-19T18:03:59Z", "actual_off": "2022-05-19T18:03:59Z", "scheduled_on": NaN, "estimated_on": NaN, "actual_on": "2022-05-19T18:03:59Z", "scheduled_in": NaN, "estimated_in": NaN, "actual_in": NaN, "status": "result unknown", "route_distance": NaN, "diverted": false, "cancelled": false, "simplified_departure_date": "2022-05-19", "origin_coords": [55.91028, 37.99402], "destination_coords": [55.8783, 38.061699], "is_same_city": false}}, {"type": "Feature", "geometry": {"type": "LineString", "coordinates": [[44.46139, 51.16554], [44.40409313169915, 51.21425115255124], [44.34667493701045, 51.26293426825424], [44.289135017336456, 51.311589238763005], [44.23147297282566, 51.360215955253224], [44.17368840237082, 51.408814308419984], [44.115780903607366, 51.45738418847557], [44.05775007291177, 51.50592548514724], [43.99959550540001, 51.55443808767488], [43.941316794926, 51.602921884808886], [43.882913534080195, 51.65137676480773], [43.82438531418809, 51.699802615435786], [43.76573172530887, 51.74819932396106], [43.70695235623399, 51.796566777152776], [43.64804679448599, 51.8449048612792], [43.5890146263171, 51.893213462105244], [43.52985543670812, 51.941492464890175], [43.47056880936718, 51.989741754385285], [43.41115432672869, 52.03796121483157], [43.35161156995216, 52.086150729957325], [43.291940118921325, 52.134310182975845], [43.232139552243, 52.18243945658304], [43.17220944724624, 52.23053843295507], [43.11214937998149, 52.27860699374596], [43.051958925219665, 52.32664502008521], [42.99163765645148, 52.37465239257541], [42.93118514588664, 52.42262899128985], [42.870600964453246, 52.470574695770026], [42.809884681797136, 52.51848938502333], [42.74903586628136, 52.566372937520576], [42.68805408498567, 52.61422523119353], [42.62693890370608, 52.66204614343249], [42.565689886954516, 52.70983555108386], [42.50430659795842, 52.757593330447676], [42.44278859866057, 52.80531935727509], [42.38113544971887, 52.85301350676596], [42.31934671050619, 52.90067565356633], [42.25742193911028, 52.94830567176596], [42.195360692333786, 52.995903434895766], [42.13316252569437, 53.043468815925415], [42.07082699342471, 53.09100168726073], [42.008353648472784, 53.13850192074119], [41.94574204250215, 53.185969387637385], [41.882991725892154, 53.23340395864852], [41.8201022477385, 53.28080550389983], [41.757073155853604, 53.32817389294003], [41.693903996767176, 53.37550899473879], [41.63059431572688, 53.42281067768411], [41.56714365669899, 53.47007880957982], [41.503551562369154, 53.51731325764291], [41.4398175741433, 53.56451388850101], [41.37594123214852, 53.61168056818979], [41.31192207523409, 53.65881316215028], [41.24775964097259, 53.705911535226356], [41.18345346566103, 53.7529755516621], [41.11900308432215, 53.80000507509911], [41.05440803070574, 53.84699996857396], [40.98966783729007, 53.893960094515506], [40.924782035283414, 53.94088531474224], [40.85975015462564, 53.98777549045968], [40.79457172398991, 54.03463048225768], [40.72924627078449, 54.081450150107784], [40.66377332115455, 54.12823435336053], [40.59815239998423, 54.174982950742816], [40.53238303089862, 54.22169580035515], [40.46646473626598, 54.26837275966905], [40.40039703719995, 54.315013685524264], [40.33417945356197, 54.361618434126164], [40.26781150396366, 54.40818686104293], [40.20129270576942, 54.45471882120293], [40.134622575099094, 54.50121416889195], [40.06780062683073, 54.5476727577505], [40.00082637460344, 54.59409444077104], [39.93369933082037, 54.64047907029534], [39.86641900665183, 54.686826498011634], [39.79898491203845, 54.73313657495194], [39.73139655569448, 54.77940915148929], [39.663653445111265, 54.82564407733499], [39.59575508656074, 54.871841201535844], [39.52770098509906, 54.918000372471404], [39.45949064457043, 54.964121437851205], [39.39112356761097, 55.010204244711964], [39.32259925565266, 55.05624863941485], [39.25391720892761, 55.10225446764266], [39.185076926472185, 55.14822157439707], [39.11607790613142, 55.194149803995835], [39.046919644563594, 55.24003900006998], [38.977601637244774, 55.285889005561], [38.908123378473654, 55.33169966271813], [38.8384843613764, 55.37747081309544], [38.76868407791175, 55.42320229754912], [38.69872201887609, 55.468893956234595], [38.62859767390886, 55.51454562860379], [38.558310531497895, 55.56015715340221], [38.48786007898514, 55.60572836866629], [38.41724580257225, 55.65125911172038], [38.346467187326525, 55.69674921917408], [38.27552371718695, 55.74219852691934], [38.20441487497028, 55.78760687012763], [38.133140142377464, 55.83297408324715], [38.061699, 55.8783]]}, "properties": {"fa_flight_id": "RA86906-1652645018-adhoc-0", "registration": "RA-86906", "ident": "RA-86906", "ident_icao": NaN, "origin_code": "L 51.16554 44.46139", "origin_city": "Saratov", "destination_code": "UUMU", "destination_city": NaN, "scheduled_out": NaN, "estimated_out": NaN, "actual_out": NaN, "scheduled_off": "2022-05-15T20:03:38Z", "estimated_off": "2022-05-15T20:03:38Z", "actual_off": "2022-05-15T20:03:38Z", "scheduled_on": NaN, "estimated_on": NaN, "actual_on": "2022-05-15T20:03:38Z", "scheduled_in": NaN, "estimated_in": NaN, "actual_in": NaN, "status": "result unknown", "route_distance": NaN, "diverted": false, "cancelled": false, "simplified_departure_date": "2022-05-15", "origin_coords": [51.16554, 44.46139], "destination_coords": [55.8783, 38.061699], "is_same_city": false}}, {"type": "Feature", "geometry": {"type": "LineString", "coordinates": [[36.82668999999999, 43.31991000000001], [36.8979191937314, 43.35329717445741], [36.969226751822305, 43.38664009790267], [37.040612747702895, 43.419938669982486], [37.11207725435434, 43.45319279019641], [37.18362034430507, 43.48640235789728], [37.25524208962707, 43.519567272291646], [37.32694256193207, 43.55268743244012], [37.39872183236787, 43.58576273725795], [37.47057997161444, 43.61879308551533], [37.54251704988019, 43.65177837583794], [37.61453313689816, 43.68471850670731], [37.686628301922156, 43.7176133764614], [37.758802613722985, 43.75046288329496], [37.831056140584494, 43.78326692526003], [37.90338895029982, 43.81602540026646], [37.97580111016744, 43.84873820608236], [38.04829268698729, 43.881405240334566], [38.12086374705691, 43.91402640050924], [38.19351435616749, 43.946601583952216], [38.26624457959989, 43.979130687869684], [38.33905448212082, 44.01161360932857], [38.4119441279788, 44.04405024525714], [38.48491358090016, 44.07644049244551], [38.55796290408519, 44.108784247546176], [38.63109216020402, 44.14108140707459], [38.70430141139268, 44.17333186740964], [38.77759071924907, 44.20553552479431], [38.85096014482893, 44.23769227533613], [38.924409748641786, 44.26980201500789], [38.997939590646936, 44.30186463964808], [39.07154973024934, 44.33388004496157], [39.14524022629555, 44.36584812652012], [39.21901113706966, 44.39776877976309], [39.29286252028916, 44.42964189999797], [39.36679443310086, 44.46146738240099], [39.44080693207673, 44.49324512201776], [39.51490007320979, 44.52497501376396], [39.589073911909956, 44.55665695242583], [39.66332850299989, 44.588290832661], [39.73766390071082, 44.61987654899894], [39.81208015867836, 44.651413995841786], [39.88657732993835, 44.6829030674649], [39.961155466922584, 44.71434365801759], [40.03581462145468, 44.7457356615238], [40.11055484474581, 44.77707897188275], [40.18537618739049, 44.80837348286964], [40.26027869936228, 44.83961908813641], [40.33526243000963, 44.87081568121235], [40.410327428051524, 44.90196315550493], [40.48547374157325, 44.93306140430044], [40.56070141802212, 44.96411032076472], [40.63601050420315, 44.99510979794396], [40.71140104627479, 45.02605972876541], [40.78687308974456, 45.05696000603813], [40.862426679464775, 45.08781052245375], [40.938061859628256, 45.11861117058729], [41.013778673763824, 45.149361842897854], [41.08957716473217, 45.18006243172946], [41.165457374721306, 45.21071282931187], [41.24141934524231, 45.241312927761314], [41.31746311712496, 45.27186261908134], [41.39358873051323, 45.302361795163655], [41.46979622486104, 45.332810347788914], [41.546085638927764, 45.363208168627544], [41.62245701077386, 45.39355514924062], [41.69891037775645, 45.42385118108068], [41.77544577652489, 45.454096155492614], [41.852063243016325, 45.48428996371449], [41.928762812451296, 45.51443249687847], [42.00554451932924, 45.54452364601166], [42.08240839742408, 45.57456330203702], [42.15935447977972, 45.6045513557742], [42.23638279870565, 45.634487697940564], [42.313493385772375, 45.66437221915197], [42.39068627180702, 45.6942048099238], [42.467961486888825, 45.723985360671804], [42.54531906034462, 45.75371376171314], [42.622759020744354, 45.78338990326718], [42.7002813958966, 45.81301367545661], [42.77788621284403, 45.84258496830827], [42.855573497858884, 45.87210367175423], [42.933343276438535, 45.9015696756327], [43.011195573300824, 45.930982869689046], [43.08913041237965, 45.96034314357678], [43.16714781682042, 45.98965038685853], [43.24524780897542, 46.01890448900716], [43.32343041039943, 46.04810533940665], [43.401695641845016, 46.07725282735326], [43.48004352325809, 46.10634684205647], [43.55847407377332, 46.13538727264007], [43.63698731170957, 46.164374008143184], [43.715583254565324, 46.19330693752143], [43.794261919014204, 46.22218594964787], [43.87302332090025, 46.25101093331418], [43.95186747523355, 46.27978177723167], [44.03079439618549, 46.30849837003245], [44.10980409708429, 46.33716060027052], [44.18889659041041, 46.36576835642285], [44.26807188779192, 46.39432152689056], [44.34733000000001, 46.42282]]}, "properties": {"fa_flight_id": "RA86906-1652637386-adhoc-0", "registration": "RA-86906", "ident": "RA-86906", "ident_icao": NaN, "origin_code": "L 43.31991 36.82669", "origin_city": "Krasnodar Krai", "destination_code": "L 46.42282 44.34733", "destination_city": "Elista", "scheduled_out": NaN, "estimated_out": NaN, "actual_out": NaN, "scheduled_off": "2022-05-15T17:56:26Z", "estimated_off": "2022-05-15T17:56:26Z", "actual_off": "2022-05-15T17:56:26Z", "scheduled_on": NaN, "estimated_on": NaN, "actual_on": "2022-05-15T17:56:26Z", "scheduled_in": NaN, "estimated_in": NaN, "actual_in": NaN, "status": "result unknown", "route_distance": NaN, "diverted": false, "cancelled": false, "simplified_departure_date": "2022-05-15", "origin_coords": [43.31991, 36.82669], "destination_coords": [46.42282, 44.34733], "is_same_city": false}}, {"type": "Feature", "geometry": {"type": "LineString", "coordinates": [[37.99938999999999, 55.96178], [38.0000144200059, 55.960945355860396], [38.00063881308089, 55.96011070856442], [38.00126317922687, 55.959276058112344], [38.00188751844574, 55.95844140450436], [38.0025118307394, 55.957606747740726], [38.00313611610978, 55.95677208782167], [38.00376037455875, 55.95593742474742], [38.00438460608824, 55.95510275851822], [38.00500881070015, 55.95426808913431], [38.005632988396364, 55.95343341659591], [38.00625713917882, 55.95259874090327], [38.006881263049394, 55.95176406205662], [38.00750536001001, 55.950929380056195], [38.00812943006256, 55.95009469490223], [38.00875347320894, 55.94926000659496], [38.00937748945106, 55.94842531513461], [38.01000147879084, 55.94759062052144], [38.010625441230154, 55.946755922755656], [38.01124937677094, 55.9459212218375], [38.01187328541506, 55.94508651776722], [38.01249716716444, 55.944251810545055], [38.013121022020975, 55.94341710017121], [38.01374484998659, 55.94258238664596], [38.014368651063144, 55.941747669969494], [38.01499242525257, 55.940912950142085], [38.01561617255676, 55.940078227163944], [38.01623989297762, 55.93924350103533], [38.016863586517054, 55.93840877175645], [38.01748725317695, 55.93757403932756], [38.018110892959214, 55.93673930374888], [38.01873450586575, 55.93590456502066], [38.019358091898475, 55.93506982314312], [38.01998165105925, 55.934235078116494], [38.02060518335001, 55.93340032994102], [38.02122868877263, 55.93256557861695], [38.02185216732904, 55.9317308241445], [38.02247561902111, 55.93089606652391], [38.02309904385075, 55.9300613057554], [38.02372244181987, 55.92922654183923], [38.02434581293035, 55.92839177477562], [38.02496915718411, 55.9275570045648], [38.025592474583036, 55.92672223120702], [38.026215765129024, 55.92588745470249], [38.02683902882398, 55.925052675051475], [38.027462265669804, 55.924217892254184], [38.028085475668384, 55.92338310631086], [38.028708658821635, 55.92254831722174], [38.029331815131435, 55.92171352498707], [38.0299549445997, 55.920878729607054], [38.030578047228325, 55.92004393108195], [38.03120112301918, 55.919209129411975], [38.03182417197419, 55.91837432459739], [38.03244719409526, 55.9175395166384], [38.03307018938426, 55.91670470553525], [38.03369315784311, 55.915869891288175], [38.0343160994737, 55.915035073897414], [38.03493901427791, 55.914200253363205], [38.03556190225765, 55.91336542968577], [38.036184763414816, 55.91253060286534], [38.03680759775131, 55.91169577290215], [38.03743040526901, 55.91086093979646], [38.03805318596984, 55.91002610354847], [38.038675939855665, 55.90919126415842], [38.0392986669284, 55.908356421626564], [38.03992136718993, 55.907521575953126], [38.04054404064215, 55.90668672713832], [38.041166687286974, 55.905851875182414], [38.041789307126265, 55.90501702008562], [38.042411900161945, 55.904182161848176], [38.04303446639589, 55.90334730047032], [38.04365700583, 55.90251243595228], [38.044279518466176, 55.901677568294296], [38.04490200430631, 55.90084269749659], [38.04552446335228, 55.9000078235594], [38.046146895606, 55.89917294648298], [38.046769301069354, 55.898338066267534], [38.04739167974422, 55.89750318291331], [38.048014031632526, 55.89666829642054], [38.04863635673614, 55.89583340678945], [38.04925865505696, 55.894998514020294], [38.04988092659688, 55.894163618113296], [38.05050317135779, 55.89332871906867], [38.051125389341586, 55.89249381688667], [38.051747580550156, 55.89165891156753], [38.05236974498539, 55.89082400311148], [38.05299188264919, 55.88998909151875], [38.053613993543436, 55.889154176789575], [38.05423607767002, 55.88831925892419], [38.05485813503085, 55.88748433792282], [38.055480165627785, 55.886649413785726], [38.05610216946276, 55.88581448651309], [38.056724146537626, 55.8849795561052], [38.05734609685429, 55.88414462256226], [38.057968020414634, 55.88330968588451], [38.058589917220566, 55.88247474607216], [38.05921178727396, 55.881639803125495], [38.059833630576705, 55.88080485704471], [38.06045544713071, 55.87996990783004], [38.06107723693784, 55.87913495548172], [38.061699, 55.8783]]}, "properties": {"fa_flight_id": "RA86906-1653373826-adhoc-0", "registration": "RA-86906", "ident": "RA-86906", "ident_icao": NaN, "origin_code": "L 55.96178 37.99939", "origin_city": "Moscow", "destination_code": "UUMU", "destination_city": NaN, "scheduled_out": NaN, "estimated_out": NaN, "actual_out": NaN, "scheduled_off": "2022-05-24T06:30:26Z", "estimated_off": "2022-05-24T06:30:26Z", "actual_off": "2022-05-24T06:30:26Z", "scheduled_on": NaN, "estimated_on": NaN, "actual_on": "2022-05-24T06:30:26Z", "scheduled_in": NaN, "estimated_in": NaN, "actual_in": NaN, "status": "result unknown", "route_distance": NaN, "diverted": false, "cancelled": false, "simplified_departure_date": "2022-05-24", "origin_coords": [55.96178, 37.99939], "destination_coords": [55.8783, 38.061699], "is_same_city": false}}, {"type": "Feature", "geometry": {"type": "LineString", "coordinates": [[38.23762000000001, 55.79101], [38.23586469625083, 55.791884140814254], [38.234109313713795, 55.792758256625135], [38.232353852385025, 55.79363234743069], [38.23059831226066, 55.79450641322899], [38.22884269333682, 55.79538045401806], [38.22708699560964, 55.79625446979601], [38.22533121907526, 55.79712846056085], [38.2235753637298, 55.79800242631065], [38.22181942956941, 55.798876367043476], [38.22006341659021, 55.79975028275738], [38.218307324788334, 55.800624173450416], [38.2165511541599, 55.80149803912064], [38.21479490470108, 55.80237187976611], [38.21303857640797, 55.80324569538488], [38.21128216927672, 55.804119485975], [38.209525683303454, 55.80499325153453], [38.20776911848432, 55.80586699206153], [38.206012474815424, 55.806740707554056], [38.20425575229293, 55.80761439801015], [38.20249895091296, 55.808488063427866], [38.200742070671645, 55.80936170380529], [38.19898511156511, 55.81023531914043], [38.1972280735895, 55.81110890943139], [38.19547095674095, 55.811982474676185], [38.193713761015594, 55.81285601487288], [38.19195648640955, 55.81372953001952], [38.19019913291897, 55.814603020114184], [38.18844170053998, 55.8154764851549], [38.18668418926871, 55.816349925139754], [38.1849265991013, 55.81722334006677], [38.1831689300339, 55.818096729934005], [38.181411182062625, 55.81897009473952], [38.179653355183596, 55.81984343448136], [38.17789544939297, 55.82071674915759], [38.176137464686875, 55.82159003876625], [38.17437940106145, 55.82246330330541], [38.17262125851283, 55.8233365427731], [38.17086303703713, 55.82420975716738], [38.16910473663051, 55.82508294648631], [38.16734635728909, 55.82595611072794], [38.16558789900901, 55.82682924989031], [38.16382936178641, 55.827702363971476], [38.16207074561742, 55.8285754529695], [38.16031205049818, 55.82944851688244], [38.158553276424804, 55.830321555708316], [38.156794423393464, 55.8311945694452], [38.15503549140026, 55.83206755809115], [38.15327648044135, 55.8329405216442], [38.151517390512865, 55.833813460102405], [38.14975822161094, 55.83468637346381], [38.1479989737317, 55.835559261726495], [38.146239646871294, 55.83643212488848], [38.144480241025846, 55.83730496294782], [38.142720756191515, 55.83817777590258], [38.140961192364415, 55.83905056375078], [38.139201549540694, 55.8399233264905], [38.13744182771648, 55.84079606411978], [38.13568202688791, 55.84166877663665], [38.13392214705114, 55.8425414640392], [38.13216218820227, 55.84341412632544], [38.13040215033747, 55.84428676349344], [38.128642033452856, 55.84515937554125], [38.12688183754458, 55.8460319624669], [38.125121562608754, 55.84690452426846], [38.12336120864155, 55.84777706094396], [38.12160077563908, 55.84864957249147], [38.119840263597496, 55.84952205890902], [38.11807967251291, 55.850394520194655], [38.11631900238149, 55.85126695634644], [38.11455825319936, 55.85213936736241], [38.11279742496265, 55.853011753240615], [38.111036517667515, 55.853884113979106], [38.10927553131008, 55.85475644957592], [38.10751446588648, 55.855628760029134], [38.105753321392854, 55.85650104533676], [38.103992097825355, 55.85737330549686], [38.10223079518011, 55.858245540507475], [38.100469413453254, 55.85911775036665], [38.09870795264093, 55.85998993507244], [38.09694641273927, 55.86086209462289], [38.095184793744416, 55.861734229016044], [38.093423095652504, 55.862606338249954], [38.091661318459686, 55.86347842232265], [38.08989946216208, 55.86435048123219], [38.08813752675584, 55.86522251497662], [38.0863755122371, 55.86609452355398], [38.084613418602, 55.86696650696233], [38.08285124584667, 55.867838465199675], [38.081088993967256, 55.8687103982641], [38.0793266629599, 55.86958230615364], [38.077564252820736, 55.87045418886635], [38.0758017635459, 55.87132604640025], [38.07403919513155, 55.87219787875339], [38.0722765475738, 55.873069685923824], [38.07051382086881, 55.8739414679096], [38.068751015012715, 55.874813224708745], [38.06698813000163, 55.87568495631931], [38.065225165831734, 55.876556662739354], [38.06346212249914, 55.877428343966905], [38.061699, 55.8783]]}, "properties": {"fa_flight_id": "RA86906-1655406513-adhoc-0", "registration": "RA-86906", "ident": "RA-86906", "ident_icao": NaN, "origin_code": "L 55.79101 38.23762", "origin_city": "Moscow", "destination_code": "UUMU", "destination_city": NaN, "scheduled_out": NaN, "estimated_out": NaN, "actual_out": NaN, "scheduled_off": "2022-06-16T19:08:33Z", "estimated_off": "2022-06-16T19:08:33Z", "actual_off": "2022-06-16T19:08:33Z", "scheduled_on": NaN, "estimated_on": NaN, "actual_on": "2022-06-16T19:08:33Z", "scheduled_in": NaN, "estimated_in": NaN, "actual_in": NaN, "status": "result unknown", "route_distance": NaN, "diverted": false, "cancelled": false, "simplified_departure_date": "2022-06-16", "origin_coords": [55.79101, 38.23762], "destination_coords": [55.8783, 38.061699], "is_same_city": false}}, {"type": "Feature", "geometry": {"type": "LineString", "coordinates": [[38.01143, 55.97540999999999], [38.01193393880358, 55.974439001456425], [38.01243785230904, 55.97346800085742], [38.012941740518535, 55.97249699820317], [38.01344560343422, 55.971525993493835], [38.01394944105821, 55.97055498672962], [38.014453253392674, 55.96958397791066], [38.01495704043971, 55.96861296703716], [38.01546080220149, 55.96764195410931], [38.01596453868014, 55.96667093912727], [38.01646824987781, 55.96569992209122], [38.01697193579663, 55.964728903001344], [38.01747559643875, 55.96375788185781], [38.017979231806294, 55.962786858660806], [38.0184828419014, 55.961815833410505], [38.01898642672623, 55.9608448061071], [38.019489986282885, 55.95987377675074], [38.019993520573536, 55.958902745341625], [38.02049702960029, 55.95793171187992], [38.021000513365315, 55.95696067636582], [38.021503971870736, 55.95598963879949], [38.02200740511868, 55.95501859918111], [38.022510813111296, 55.95404755751086], [38.023014195850706, 55.953076513788915], [38.02351755333906, 55.95210546801545], [38.02402088557849, 55.951134420190655], [38.02452419257112, 55.950163370314705], [38.0250274743191, 55.94919231838776], [38.02553073082457, 55.94822126441], [38.02603396208965, 55.94725020838165], [38.02653716811647, 55.94627915030282], [38.027040348907185, 55.945308090173725], [38.027543504463914, 55.94433702799455], [38.0280466347888, 55.94336596376546], [38.02854973988397, 55.94239489748661], [38.02905281975155, 55.94142382915821], [38.029555874393694, 55.94045275878043], [38.03005890381252, 55.939481686353446], [38.030561908010164, 55.938510611877426], [38.03106488698876, 55.93753953535256], [38.031567840750434, 55.93656845677903], [38.03207076929733, 55.93559737615701], [38.032573672631564, 55.93462629348666], [38.03307655075528, 55.93365520876817], [38.03357940367061, 55.932684122001724], [38.03408223137968, 55.93171303318749], [38.03458503388462, 55.93074194232564], [38.035087811187566, 55.92977084941638], [38.03559056329065, 55.92879975445985], [38.036093290195986, 55.92782865745626], [38.03659599190572, 55.92685755840576], [38.03709866842197, 55.925886457308536], [38.037601319746884, 55.92491535416478], [38.038103945882575, 55.92394424897466], [38.03860654683117, 55.922973141738346], [38.039109122594816, 55.92200203245601], [38.039611673175635, 55.92103092112785], [38.040114198575736, 55.920059807754036], [38.04061669879728, 55.91908869233474], [38.04111917384236, 55.918117574870145], [38.04162162371313, 55.91714645536041], [38.04212404841171, 55.91617533380573], [38.04262644794022, 55.915204210206305], [38.04312882230079, 55.91423308456227], [38.04363117149555, 55.91326195687381], [38.04413349552664, 55.912290827141106], [38.04463579439615, 55.911319695364355], [38.04513806810625, 55.910348561543714], [38.04564031665903, 55.90937742567936], [38.046142540056636, 55.90840628777147], [38.04664473830118, 55.90743514782024], [38.0471469113948, 55.90646400582582], [38.04764905933962, 55.9054928617884], [38.04815118213775, 55.90452171570815], [38.04865327979133, 55.90355056758527], [38.049155352302485, 55.902579417419915], [38.04965739967333, 55.90160826521226], [38.05015942190599, 55.900637110962485], [38.05066141900259, 55.89966595467079], [38.05116339096526, 55.89869479633731], [38.0516653377961, 55.89772363596225], [38.05216725949727, 55.89675247354579], [38.05266915607086, 55.89578130908808], [38.05317102751901, 55.894810142589314], [38.05367287384383, 55.89383897404969], [38.05417469504746, 55.89286780346936], [38.054676491132, 55.891896630848485], [38.05517826209959, 55.89092545618727], [38.05568000795235, 55.889954279485885], [38.05618172869238, 55.8889831007445], [38.05668342432182, 55.88801191996329], [38.057185094842794, 55.887040737142456], [38.05768674025742, 55.88606955228213], [38.0581883605678, 55.88509836538253], [38.05868995577607, 55.88412717644382], [38.059191525884344, 55.88315598546616], [38.059693070894745, 55.88218479244974], [38.060194590809395, 55.88121359739475], [38.06069608563041, 55.88024240030134], [38.0611975553599, 55.8792712011697], [38.061699, 55.8783]]}, "properties": {"fa_flight_id": "RA86906-1655401070-adhoc-0", "registration": "RA-86906", "ident": "RA-86906", "ident_icao": NaN, "origin_code": "L 55.97541 38.01143", "origin_city": "Moscow", "destination_code": "UUMU", "destination_city": NaN, "scheduled_out": NaN, "estimated_out": NaN, "actual_out": NaN, "scheduled_off": "2022-06-16T17:37:50Z", "estimated_off": "2022-06-16T17:37:50Z", "actual_off": "2022-06-16T17:37:50Z", "scheduled_on": NaN, "estimated_on": NaN, "actual_on": "2022-06-16T17:37:50Z", "scheduled_in": NaN, "estimated_in": NaN, "actual_in": NaN, "status": "result unknown", "route_distance": NaN, "diverted": false, "cancelled": false, "simplified_departure_date": "2022-06-16", "origin_coords": [55.97541, 38.01143], "destination_coords": [55.8783, 38.061699], "is_same_city": false}}, {"type": "Feature", "geometry": {"type": "LineString", "coordinates": [[37.98026, 55.909670000000006], [37.98107504195379, 55.90935656615062], [37.98189007073214, 55.90904312691954], [37.9827050863352, 55.90872968230692], [37.983520088763115, 55.90841623231292], [37.984335078016024, 55.90810277693767], [37.98515005409407, 55.907789316181315], [37.98596501699738, 55.907475850044044], [37.986779966726125, 55.907162378525975], [37.987594903280424, 55.90684890162727], [37.98840982666044, 55.906535419348074], [37.98922473686628, 55.90622193168855], [37.99003963389812, 55.90590843864882], [37.99085451775609, 55.90559494022907], [37.99166938844032, 55.905281436429426], [37.99248424595098, 55.904967927250034], [37.99329909028819, 55.90465441269107], [37.994113921452104, 55.90434089275267], [37.99492873944285, 55.90402736743499], [37.995743544260584, 55.90371383673818], [37.99655833590545, 55.903400300662355], [37.997373114377574, 55.903086759207724], [37.998187879677104, 55.9027732123744], [37.999002631804196, 55.902459660162535], [37.99981737075898, 55.9021461025723], [38.00063209654161, 55.90183253960383], [38.001446809152206, 55.901518971257275], [38.00226150859092, 55.90120539753279], [38.00307619485791, 55.90089181843052], [38.003890867953295, 55.90057823395062], [38.00470552787725, 55.90026464409325], [38.00552017462988, 55.89995104885853], [38.00633480821134, 55.899637448246644], [38.00714942862179, 55.89932384225772], [38.007964035861335, 55.89901023089192], [38.00877862993016, 55.898696614149394], [38.00959321082839, 55.898382992030285], [38.01040777855615, 55.89806936453475], [38.01122233311361, 55.89775573166295], [38.0120368745009, 55.897442093415], [38.01285140271816, 55.89712844979108], [38.01366591776553, 55.89681480079133], [38.014480419643164, 55.8965011464159], [38.0152949083512, 55.89618748666496], [38.01610938388978, 55.89587382153863], [38.01692384625904, 55.89556015103708], [38.01773829545913, 55.89524647516045], [38.018552731490196, 55.894932793908886], [38.019367154352366, 55.89461910728256], [38.0201815640458, 55.89430541528161], [38.02099596057064, 55.893991717906175], [38.021810343927, 55.893678015156425], [38.022624714115054, 55.8933643070325], [38.02343907113493, 55.893050593534554], [38.02425341498678, 55.892736874662724], [38.025067745670746, 55.89242315041717], [38.02588206318695, 55.89210942079806], [38.02669636753557, 55.89179568580551], [38.027510658716714, 55.89148194543969], [38.028324936730556, 55.89116819970076], [38.029139201577216, 55.890854448588854], [38.029953453256844, 55.89054069210412], [38.03076769176958, 55.89022693024672], [38.031581917115574, 55.889913163016786], [38.03239612929496, 55.88959939041449], [38.03321032830788, 55.88928561243997], [38.03402451415449, 55.88897182909339], [38.034838686834924, 55.88865804037488], [38.03565284634932, 55.88834424628461], [38.03646699269783, 55.88803044682271], [38.03728112588058, 55.88771664198934], [38.03809524589776, 55.88740283178466], [38.03890935274944, 55.887089016208805], [38.03972344643583, 55.886775195261926], [38.040537526957024, 55.88646136894419], [38.04135159431319, 55.88614753725572], [38.042165648504465, 55.8858337001967], [38.04297968953101, 55.88551985776725], [38.04379371739294, 55.88520600996753], [38.044607732090405, 55.884892156797704], [38.045421733623556, 55.8845782982579], [38.046235721992524, 55.884264434348296], [38.04704969719747, 55.88395056506899], [38.04786365923852, 55.8836366904202], [38.04867760811583, 55.88332281040202], [38.04949154382953, 55.88300892501464], [38.050305466379776, 55.8826950342582], [38.05111937576671, 55.882381138132835], [38.051933271990464, 55.8820672366387], [38.05274715505118, 55.88175332977594], [38.05356102494901, 55.881439417544726], [38.0543748816841, 55.881125499945206], [38.05518872525659, 55.88081157697751], [38.056002555666616, 55.8804976486418], [38.05681637291433, 55.88018371493822], [38.05763017699987, 55.87986977586692], [38.05844396792338, 55.87955583142807], [38.05925774568502, 55.8792418816218], [38.06007151028489, 55.878927926448256], [38.06088526172317, 55.87861396590762], [38.061699, 55.8783]]}, "properties": {"fa_flight_id": "RA86906-1655385025-adhoc-0", "registration": "RA-86906", "ident": "RA-86906", "ident_icao": NaN, "origin_code": "L 55.90967 37.98026", "origin_city": "Moscow", "destination_code": "UUMU", "destination_city": NaN, "scheduled_out": NaN, "estimated_out": NaN, "actual_out": NaN, "scheduled_off": "2022-06-16T13:10:25Z", "estimated_off": "2022-06-16T13:10:25Z", "actual_off": "2022-06-16T13:10:25Z", "scheduled_on": NaN, "estimated_on": NaN, "actual_on": "2022-06-16T13:10:25Z", "scheduled_in": NaN, "estimated_in": NaN, "actual_in": NaN, "status": "result unknown", "route_distance": NaN, "diverted": false, "cancelled": false, "simplified_departure_date": "2022-06-16", "origin_coords": [55.90967, 37.98026], "destination_coords": [55.8783, 38.061699], "is_same_city": false}}, {"type": "Feature", "geometry": {"type": "LineString", "coordinates": [[38.30492000000001, 55.83531], [38.30249045731051, 55.83574227257258], [38.30006086060778, 55.83617449727446], [38.2976312098957, 55.83660667410382], [38.29520150517816, 55.83703880305878], [38.292771746459096, 55.83747088413755], [38.2903419337424, 55.83790291733823], [38.28791206703196, 55.83833490265903], [38.285482146331724, 55.838766840098074], [38.28305217164557, 55.839198729653546], [38.28062214297743, 55.839630571323596], [38.27819206033119, 55.84006236510637], [38.2757619237108, 55.84049411100006], [38.27333173312014, 55.84092580900278], [38.270901488563126, 55.841357459112736], [38.26847119004369, 55.84178906132806], [38.26604083756573, 55.84222061564692], [38.26361043113317, 55.84265212206747], [38.26117997074993, 55.84308358058788], [38.25874945641992, 55.843514991206305], [38.25631888814706, 55.84394635392091], [38.253888265935274, 55.84437766872985], [38.25145758978847, 55.84480893563129], [38.24902685971058, 55.84524015462339], [38.24659607570553, 55.845671325704295], [38.244165237777224, 55.846102448872195], [38.24173434592961, 55.84653352412524], [38.23930340016659, 55.84696455146158], [38.2368724004921, 55.84739553087938], [38.23444134691006, 55.84782646237682], [38.23201023942441, 55.84825734595204], [38.229579078039066, 55.84868818160321], [38.22714786275795, 55.849118969328494], [38.224716593585, 55.849549709126045], [38.22228527052414, 55.84998040099402], [38.21985389357931, 55.85041104493062], [38.21742246275445, 55.850841640933965], [38.21499097805346, 55.85127218900223], [38.2125594394803, 55.85170268913359], [38.21012784703889, 55.85213314132618], [38.20769620073317, 55.852563545578185], [38.20526450056708, 55.852993901887764], [38.20283274654455, 55.853424210253095], [38.20040093866954, 55.8538544706723], [38.19796907694593, 55.85428468314358], [38.19553716137772, 55.854714847665086], [38.19310519196882, 55.85514496423498], [38.19067316872317, 55.85557503285143], [38.18824109164473, 55.85600505351258], [38.18580896073742, 55.85643502621662], [38.1833767760052, 55.85686495096171], [38.18094453745199, 55.85729482774599], [38.17851224508176, 55.857724656567655], [38.17607989889846, 55.85815443742484], [38.173647498906, 55.85858417031574], [38.17121504510836, 55.859013855238494], [38.16878253750947, 55.85944349219129], [38.166349976113295, 55.85987308117227], [38.16391736092376, 55.8603026221796], [38.16148469194484, 55.86073211521147], [38.15905196918048, 55.86116156026601], [38.15661919263462, 55.86159095734141], [38.15418636231122, 55.86202030643584], [38.15175347821424, 55.86244960754744], [38.149320540347624, 55.8628788606744], [38.14688754871532, 55.86330806581486], [38.14445450332131, 55.86373722296701], [38.14202140416953, 55.86416633212901], [38.13958825126395, 55.86459539329901], [38.13715504460851, 55.86502440647519], [38.134721784207194, 55.86545337165572], [38.13228847006394, 55.86588228883877], [38.12985510218272, 55.86631115802247], [38.127421680567494, 55.86673997920503], [38.124988205222216, 55.8671687523846], [38.12255467615087, 55.867597477559336], [38.12012109335739, 55.86802615472742], [38.11768745684578, 55.86845478388702], [38.115253766619965, 55.86888336503629], [38.11282002268394, 55.86931189817341], [38.110386225041665, 55.86974038329653], [38.10795237369709, 55.87016882040384], [38.10551846865422, 55.87059720949349], [38.103084509917, 55.87102555056366], [38.10065049748939, 55.87145384361251], [38.09821643137539, 55.8718820886382], [38.09578231157895, 55.87231028563892], [38.093348138104055, 55.87273843461281], [38.09091391095468, 55.873166535558056], [38.08847963013479, 55.87359458847284], [38.086045295648375, 55.874022593355306], [38.0836109074994, 55.87445055020362], [38.08117646569185, 55.874878459015974], [38.078741970229686, 55.87530631979052], [38.076307421116894, 55.87573413252542], [38.073872818357465, 55.87616189721886], [38.07143816195538, 55.87658961386901], [38.0690034519146, 55.87701728247403], [38.066568688239116, 55.877444903032085], [38.06413387093293, 55.87787247554136], [38.061699, 55.8783]]}, "properties": {"fa_flight_id": "RA86906-1663747718-adhoc-0", "registration": "RA-86906", "ident": "RA-86906", "ident_icao": NaN, "origin_code": "L 55.83531 38.30492", "origin_city": "Moscow", "destination_code": "UUMU", "destination_city": NaN, "scheduled_out": NaN, "estimated_out": NaN, "actual_out": NaN, "scheduled_off": "2022-09-21T08:08:38Z", "estimated_off": "2022-09-21T08:08:38Z", "actual_off": "2022-09-21T08:08:38Z", "scheduled_on": NaN, "estimated_on": NaN, "actual_on": "2022-09-21T08:08:38Z", "scheduled_in": NaN, "estimated_in": NaN, "actual_in": NaN, "status": "result unknown", "route_distance": NaN, "diverted": false, "cancelled": false, "simplified_departure_date": "2022-09-21", "origin_coords": [55.83531, 38.30492], "destination_coords": [55.8783, 38.061699], "is_same_city": false}}, {"type": "Feature", "geometry": {"type": "LineString", "coordinates": [[37.92737, 55.310800000000015], [37.97662989596404, 55.29230600681729], [38.0258438764314, 55.273792208548606], [38.075011966836, 55.25525863731078], [38.12413419277164, 55.23670532518679], [38.1732105799911, 55.21813230422559], [38.22224115440519, 55.19953960644207], [38.27122594208185, 55.180927263816955], [38.320164969245184, 55.16229530829673], [38.36905826227454, 55.143643771793506], [38.417905847703636, 55.12497268618501], [38.46670775221957, 55.10628208331439], [38.51546400266192, 55.08757199499027], [38.564174626021845, 55.0688424529865], [38.61283964944118, 55.05009348904225], [38.661459100211495, 55.03132513486176], [38.71003300577316, 55.0125374221144], [38.758561393714544, 54.99373038243448], [38.807044291770985, 54.97490404742122], [38.85548172782395, 54.95605844863869], [38.90387372990013, 54.93719361761568], [38.952220326170554, 54.918309585845655], [39.00052154494966, 54.899406384786694], [39.04877741469443, 54.88048404586132], [39.09698796400347, 54.861542600456616], [39.14515322161615, 54.842582079923886], [39.19327321641172, 54.82360251557885], [39.24134797740841, 54.804603938701355], [39.289377533762554, 54.78558638053546], [39.337361914767705, 54.76654987228927], [39.38530114985377, 54.74749444513487], [39.43319526858613, 54.728420130208335], [39.4810443006648, 54.70932695860955], [39.52884827592347, 54.69021496140223], [39.576607224328775, 54.67108416961381], [39.62432117597928, 54.6519346142354], [39.67199016110478, 54.63276632622168], [39.719614210065295, 54.613579336490886], [39.7671933533503, 54.594373675924714], [39.81472762157783, 54.57514937536826], [39.86221704549369, 54.555906465629974], [39.90966165597052, 54.53664497748158], [39.95706148400699, 54.517364941658], [40.004416560727016, 54.49806638885736], [40.051726917378794, 54.478749349740845], [40.098992585334074, 54.45941385493268], [40.14621359608726, 54.440059935020095], [40.19338998125458, 54.420687620553224], [40.24052177257334, 54.401296942045086], [40.28760900190095, 54.38188792997149], [40.334651701214206, 54.362460614771], [40.38164990260845, 54.34301502684492], [40.42860363829673, 54.323551196557155], [40.475512940608965, 54.304069154234206], [40.52237784199119, 54.28456893016517], [40.56919837500467, 54.26505055460155], [40.61597457232516, 54.24551405775737], [40.662706466742044, 54.22595946980899], [40.70939409115755, 54.20638682089512], [40.756037478585945, 54.18679614111678], [40.80263666215276, 54.1671874605372], [40.849191675093934, 54.14756080918184], [40.89570255075509, 54.12791621703828], [40.942169322590686, 54.10825371405622], [40.988592024163246, 54.088573330147426], [41.0349706891426, 54.06887509518561], [41.081305351305026, 54.04915903900656], [41.127596044532574, 54.02942519140788], [41.173842802812196, 54.00967358214915], [41.22004566023501, 53.989904240951724], [41.26620465099551, 53.97011719749878], [41.31231980939082, 53.95031248143523], [41.358391169819924, 53.93049012236778], [41.40441876678282, 53.9106501498647], [41.45040263487989, 53.890792593456], [41.49634280881106, 53.870917482633224], [41.542239323375, 53.851024846849526], [41.58809221346851, 53.831114715519575], [41.633901514085586, 53.811187118019504], [41.679667260316826, 53.791242083686946], [41.72538948734858, 53.77127964182092], [41.77106823046228, 53.751299821681854], [41.816703525033624, 53.731302652491514], [41.8622954065319, 53.71128816343302], [41.90784391051919, 53.69125638365071], [41.953349072649715, 53.67120734225027], [41.998810928668995, 53.65114106829853], [42.04422951441324, 53.631057590823566], [42.08960486580849, 53.610956938814596], [42.13493701887004, 53.590839141221984], [42.180226009701606, 53.570704226957204], [42.225471874494616, 53.5505522248928], [42.27067464952758, 53.53038316386237], [42.31583437116525, 53.51019707266052], [42.36095107585801, 53.4899939800429], [42.40602480014115, 53.469773914726076], [42.45105558063409, 53.44953690538763], [42.49604345403977, 53.42928298066599], [42.5409884571439, 53.40901216916053], [42.58589062681424, 53.38872449943151], [42.63075, 53.36842]]}, "properties": {"fa_flight_id": "RA86906-1670712669-adhoc-0", "registration": "RA-86906", "ident": "RA-86906", "ident_icao": NaN, "origin_code": "L 55.31080 37.92737", "origin_city": "Moscow", "destination_code": "L 53.36842 42.63075", "destination_city": "Penza", "scheduled_out": NaN, "estimated_out": NaN, "actual_out": NaN, "scheduled_off": "2022-12-10T22:51:09Z", "estimated_off": "2022-12-10T22:51:09Z", "actual_off": "2022-12-10T22:51:09Z", "scheduled_on": NaN, "estimated_on": NaN, "actual_on": "2022-12-10T22:51:09Z", "scheduled_in": NaN, "estimated_in": NaN, "actual_in": NaN, "status": "result unknown", "route_distance": NaN, "diverted": false, "cancelled": false, "simplified_departure_date": "2022-12-10", "origin_coords": [55.3108, 37.92737], "destination_coords": [53.36842, 42.63075], "is_same_city": false}}]}