{"type": "FeatureCollection", "features": [{"type": "Feature", "geometry": {"type": "LineString", "coordinates": [[20.590700000000002, 47.07032], [20.738401390865945, 47.16387786713152], [20.886623412200997, 47.257245229801626], [21.035368538886434, 47.35042079014029], [21.184639247158774, 47.4434032417473], [21.334438014363432, 47.536191269657124], [21.48476731870264, 47.62878355030438], [21.635629638977594, 47.7211787514896], [21.78702745432467, 47.81337553234589], [21.938963243945793, 47.90537254330593], [22.091439486832616, 47.99716842606972], [22.244458661484718, 48.08876181357304], [22.398023245621534, 48.180151329956324], [22.552135715888035, 48.2713355905345], [22.706798547554015, 48.36231320176732], [22.862014214206994, 48.45308276123061], [23.01778518743855, 48.54364285758815], [23.174113936524115, 48.63399207056436], [23.33100292809603, 48.72412897091787], [23.4884546258099, 48.81405212041585], [23.646471490004092, 48.903760071809245], [23.80505597735231, 48.99325136880885], [23.964210540509235, 49.08252454606236], [24.12393762774904, 49.17157812913243], [24.284239682596812, 49.26041063447546], [24.44511914345272, 49.34902056942173], [24.606578443208935, 49.43740643215622], [24.76862000885916, 49.5255667117008], [24.931246261100714, 49.613499887897305], [25.09445961392917, 49.701204431391815], [25.258262474225333, 49.78867880362009], [25.42265724133464, 49.87592145679418], [25.58764630663877, 49.96293083389022], [25.753232053119607, 50.0497053686376], [25.91941685491518, 50.13624348550922], [26.086203076867832, 50.22254359971326], [26.253593074064366, 50.30860411718617], [26.421589191368156, 50.39442343458716], [26.59019376294315, 50.47999993929394], [26.759409111769806, 50.56533200940015], [26.92923754915269, 50.65041801371404], [27.09968137421998, 50.73525631175889], [27.270742873414534, 50.819845253774865], [27.442424319976674, 50.90418318072251], [27.61472797341854, 50.98826842428792], [27.787656078990054, 51.07209930688951], [27.96121086713631, 51.155674141686596], [28.135394552946593, 51.238991232589676], [28.310209335594667, 51.32204887427252], [28.485657397770645, 51.4048453521861], [28.66174090510412, 51.48737894257436], [28.838462005578783, 51.56964791249202], [29.015822828938237, 51.65165051982418], [29.193825486083274, 51.73338501330798], [29.372472068460397, 51.81484963255639], [29.551764647441658, 51.89604260808396], [29.731705273695745, 51.97696216133477], [29.912295976550464, 52.057606504712474], [30.09353876334643, 52.13797384161266], [30.27543561878209, 52.21806236645739], [30.457988504250046, 52.29787026473196], [30.641199357164766, 52.37739571302425], [30.825070090281535, 52.45663687906617], [31.00960259100694, 52.53559192177772], [31.194798720700582, 52.614258991313434], [31.380660313968416, 52.6926362291114], [31.567189177947434, 52.770721767944806], [31.75438709158196, 52.8485137319761], [31.94225580489152, 52.92601023681374], [32.13079703823036, 53.00320938957179], [32.3200124815387, 53.08010928893216], [32.50990379358572, 53.15670802520957], [32.70047260120446, 53.23300368041944], [32.89172049851871, 53.30899432834867], [33.083649046161824, 53.38467803462925], [33.27625977048783, 53.46005285681493], [33.46955416277467, 53.53511684446084], [33.663533678419824, 53.609868039206155], [33.85819973612857, 53.68430447485992], [34.05355371709458, 53.758424177490035], [34.24959696417355, 53.83222516551523], [34.446330781049554, 53.905705449800614], [34.64375643139451, 53.97886303375615], [34.84187513802085, 54.05169591343872], [35.040688082027565, 54.12420207765737], [35.24019640193984, 54.196379508082046], [35.4404011928424, 54.2682261793558], [35.64130350550682, 54.33974005921034], [35.842904345512956, 54.41091910858537], [36.04520467236482, 54.481761281751155], [36.24820539860092, 54.552264526435025], [36.45190738889956, 54.62242678395132], [36.65631145917907, 54.69224598933503], [36.861418375693425, 54.76172007147933], [37.06722885412347, 54.830846953276634], [37.27374355866394, 54.899624551763644], [37.48096310110658, 54.96805077827007], [37.688888039919846, 55.03612353857139], [37.89751887932514, 55.10384073304527], [38.106856068370234, 55.171200256832265], [38.31689999999999, 55.2382]]}, "properties": {"fa_flight_id": "RA76846-1472460961-adhoc-0", "registration": NaN, "ident": "RA-76846", "ident_icao": NaN, "origin_code": "L 47.07032 20.59070", "origin_city": "Kecskemet", "destination_code": "L 55.23820 38.31690", "destination_city": "Moscow", "scheduled_out": NaN, "estimated_out": NaN, "actual_out": NaN, "scheduled_off": "2016-08-29T08:56:01Z", "estimated_off": "2016-08-29T08:56:01Z", "actual_off": "2016-08-29T08:56:01Z", "scheduled_on": NaN, "estimated_on": NaN, "actual_on": "2016-08-29T08:56:01Z", "scheduled_in": NaN, "estimated_in": NaN, "actual_in": NaN, "status": "result unknown", "route_distance": NaN, "diverted": false, "cancelled": false, "simplified_departure_date": "2016-08-29", "origin_coords": [47.07032, 20.5907], "destination_coords": [55.2382, 38.3169], "is_same_city": false}}, {"type": "Feature", "geometry": {"type": "LineString", "coordinates": [[19.215519999999998, 49.23551], [19.072429219923418, 49.16654690978563], [18.92973698052153, 49.097407520358196], [18.787442213257325, 49.02809275100554], [18.645543842444628, 48.95860351719764], [18.50404078543263, 48.88894073058019], [18.36293195278821, 48.81910529896862], [18.222216248476236, 48.74909812634266], [18.08189257003766, 48.678920112841354], [17.9419598087655, 48.60857215475864], [17.802416849878774, 48.5380551445394], [17.663262572694247, 48.46736997077582], [17.524495850796125, 48.39651751820451], [17.38611555220367, 48.32549866770377], [17.248120539536682, 48.25431429629153], [17.11050967017891, 48.1829652771236], [16.97328179643947, 48.11145247949241], [16.8364357657121, 48.03977676882613], [16.69997042063241, 47.9679390066883], [16.563884599233116, 47.89594005077769], [16.428177135097176, 47.82378075492877], [16.292846857508984, 47.751461969112405], [16.15789259160348, 47.67898453943709], [16.02331315851332, 47.60634930815031], [15.889107375514001, 47.533557113640626], [15.755274056167046, 47.4606087904398], [15.62181201046121, 47.38750516922546], [15.488720044951751, 47.31424707682406], [15.355996962897727, 47.2408353362142], [15.223641564397369, 47.1672707665302], [15.091652646521558, 47.09355418306618], [14.960029003445394, 47.01968639728021], [14.82876942657785, 46.945668216799035], [14.697872704689589, 46.871500445422946], [14.567337624038872, 46.797183883130955], [14.437162968495642, 46.72271932608636], [14.307347519663779, 46.64810756664253], [14.177890057001514, 46.57334939334894], [14.048789357940047, 46.49844559095757], [13.920044198000351, 46.423396940429555], [13.79165335090824, 46.348204218941994], [13.663615588707634, 46.272868199895164], [13.535929681872059, 46.19738965291989], [13.408594399414502, 46.12176934388523], [13.281608508995426, 46.046008034906286], [13.154970777029153, 45.970106484352414], [13.028679968788547, 45.89406544685547], [12.902734848508038, 45.817885673318514], [12.777134179484916, 45.74156791092444], [12.65187672417908, 45.66511290314515], [12.526961244311083, 45.588521389750625], [12.40238650095859, 45.511794106818414], [12.27815125465126, 45.43493178674325], [12.154254265463996, 45.35793515824673], [12.030694293108686, 45.28080494638752], [11.907470097024333, 45.2035418725713], [11.78458043646571, 45.126146654561275], [11.66202407059045, 45.04862000648859], [11.539799758544651, 44.97096263886307], [11.41790625954699, 44.89317525858408], [11.296342332971351, 44.81525856895145], [11.175106738428031, 44.737213269676715], [11.05419823584347, 44.65904005689444], [10.933615585538558, 44.58073962317356], [10.813357548305545, 44.50231265752908], [10.69342288548355, 44.423759845433814], [10.573810359032688, 44.345081868830135], [10.454518731606838, 44.26627940614207], [10.335546766625058, 44.187353132287384], [10.216893228341654, 44.1083037186898], [10.098556881914972, 44.02913183329136], [9.980536493474828, 43.949838140564864], [9.862830830188695, 43.8704233015265], [9.74543866032661, 43.79088797374844], [9.628358753324804, 43.71123281137168], [9.511589879848106, 43.63145846511887], [9.39513081185112, 43.55156558230727], [9.278980322638182, 43.47155480686189], [9.163137186922114, 43.391426779328505], [9.047600180881817, 43.31118213688703], [8.93236808221867, 43.23082151336465], [8.817439670211787, 43.15034553924937], [8.702813725772144, 43.06975484170339], [8.588489031495554, 42.98905004457661], [8.474464371714555, 42.908231768420286], [8.360738532549208, 42.82730063050065], [8.247310301956768, 42.74625724481264], [8.134178469780345, 42.665102222093694], [8.021341827796471, 42.58383616983757], [7.9087991697616395, 42.5024596923082], [7.796549291457813, 42.42097339055369], [7.6845909907369325, 42.33937786242032], [7.5729230675644015, 42.25767370256645], [7.461544324061611, 42.17586150247674], [7.350453564547467, 42.09394185047616], [7.2396495955789915, 42.01191533174419], [7.129131225990924, 41.929782528329014], [7.0188972669344505, 41.84754401916165], [6.908946531914971, 41.76520038007034], [6.799277836828971, 41.682752183794676], [6.689889999999999, 41.6002]]}, "properties": {"fa_flight_id": "RA76846-1492710920-adhoc-0", "registration": NaN, "ident": "RA-76846", "ident_icao": NaN, "origin_code": "L 49.23551 19.21552", "origin_city": "Martin", "destination_code": "L 41.60020 6.68989", "destination_city": "Toulon", "scheduled_out": NaN, "estimated_out": NaN, "actual_out": NaN, "scheduled_off": "2017-04-20T17:55:20Z", "estimated_off": "2017-04-20T17:55:20Z", "actual_off": "2017-04-20T17:55:20Z", "scheduled_on": NaN, "estimated_on": NaN, "actual_on": "2017-04-20T17:55:20Z", "scheduled_in": NaN, "estimated_in": NaN, "actual_in": NaN, "status": "result unknown", "route_distance": NaN, "diverted": false, "cancelled": false, "simplified_departure_date": "2017-04-20", "origin_coords": [49.23551, 19.21552], "destination_coords": [41.6002, 6.68989], "is_same_city": false}}, {"type": "Feature", "geometry": {"type": "LineString", "coordinates": [[14.151019999999999, 47.208299999999994], [14.513996745825741, 47.397086282953296], [14.879575817066, 47.58471861139246], [15.247776874768062, 47.77118104439383], [15.618619306350023, 47.95645746231747], [15.992122205043222, 48.14053156731821], [16.36830434868862, 48.32338688400994], [16.747184177883707, 48.50500676029048], [17.1287797734774, 48.68537436833344], [17.51310883341186, 48.86447270575455], [17.90018864891138, 49.04228459695943], [18.29003608001984, 49.218792694680225], [18.68266753048986, 49.3939794817082], [19.078098922028403, 49.5678272728301], [19.4763456679051, 49.740318216975446], [19.877422645931656, 49.91143429958239], [20.28134417082248, 50.08115734518977], [20.68812396594863, 50.249469020262886], [21.097775134499635, 50.4163508362604], [21.51031013006946, 50.58178415295014], [21.925740726685895, 50.745750181981066], [22.344077988304516, 50.908229990718944], [22.76533223779135, 51.06920450635277], [23.18951302542072, 51.2286545202795], [23.616629096917883, 51.38656069277365], [24.046688361078598, 51.542903557948904], [24.479697857000787, 51.69766352901815], [24.915663720966776, 51.850820903858406], [25.354591153017243, 52.0023558708866], [25.79648438326166, 52.152248515252026], [26.24134663797291, 52.3004788253508], [26.68918010551728, 52.447026699667425], [27.1399859021743, 52.59187195394791], [27.593764037904315, 52.73499432870853], [28.050513382125025, 52.876373497084046], [28.510231629561684, 53.01598907301803], [28.972915266239042, 53.15382061979801], [29.438559535686437, 53.28984765893727], [29.907158405430863, 53.424049679404106], [30.378704533855966, 53.55640614719917], [30.85318923750823, 53.68689651528052], [31.330602458934642, 53.81550023383515], [31.81093273513913, 53.94219676089468], [32.29416716674761, 54.06696557329286], [32.780291387974735, 54.18978617796039], [33.269289537487055, 54.31063812355249], [33.761144230260214, 54.42950101240351], [34.255836530529514, 54.546354512801244], [34.75334592593483, 54.66117837157341], [35.25365030296233, 54.77395242697692], [35.75672592378665, 54.88465662187968], [36.26254740461791, 54.99327101722385], [36.771087695658125, 55.09977580575754], [37.28231806277175, 55.20415132602163], [37.796208070974785, 55.306378076576365], [38.31272556984563, 55.40643673045177], [38.83183668095989, 55.50430814980452], [39.35350578744929, 55.59997340076243], [39.877695525782904, 55.69341376843709], [40.40436677986544, 55.78461077208337], [40.93347867754479, 55.873546180383904], [41.46498858961654, 55.96020202683515], [41.998852131409066, 56.044560625210686], [42.53502316702783, 56.12660458507637], [43.07345381633193, 56.20631682733105], [43.61409446470992, 56.283680599745125], [44.15689377571562, 56.358679492469236], [44.701798706617154, 56.431297453483545], [45.24875452690523, 56.50151880395825], [45.797704839798435, 56.56932825349447], [46.34859160677494, 56.63471091521491], [46.90135517515086, 56.69765232067259], [47.4559343087166, 56.758138434545906], [48.01226622143218, 56.816155669087976], [48.570286614173355, 56.871690898297935], [49.12992971450935, 56.92473147178215], [49.69112831948294, 56.97526522827293], [50.2538138413529, 57.023280508773034], [50.81791635624793, 57.06876616929434], [51.38336465567057, 57.11171159315938], [51.950086300778565, 57.15210670283558], [52.51800767936067, 57.18994197127218], [53.08705406541275, 57.22520843271088], [53.65714968121055, 57.25789769294262], [54.228217761764114, 57.28800193898331], [54.80018062153019, 57.31551394814321], [55.37295972324856, 57.34042709646569], [55.94647574875999, 57.362735366512574], [56.52064867165437, 57.382433354475054], [57.095397831590276, 57.39951627659057], [57.670642010119295, 57.41397997484806], [58.24629950784254, 57.42582092196581], [58.82228822272005, 57.43503622562782], [59.39852572934954, 57.44162363196705], [59.97492935902568, 57.445581528285736], [60.55141628038854, 57.44690894500481], [61.127903580466175, 57.44560555683737], [61.70430834591546, 57.44167168318254], [62.280547744263814, 57.4351082877387], [62.85653910495464, 57.42591697733722], [63.43220000000001, 57.41409999999999]]}, "properties": {"fa_flight_id": "RA76846-1492892227-adhoc-0", "registration": NaN, "ident": "RA-76846", "ident_icao": NaN, "origin_code": "L 47.20830 14.15102", "origin_city": "Nieder\u00f6blarn", "destination_code": "L 57.41410 63.43220", "destination_city": "Tyumen", "scheduled_out": NaN, "estimated_out": NaN, "actual_out": NaN, "scheduled_off": "2017-04-22T20:17:07Z", "estimated_off": "2017-04-22T20:17:07Z", "actual_off": "2017-04-22T20:17:07Z", "scheduled_on": NaN, "estimated_on": NaN, "actual_on": "2017-04-22T20:17:07Z", "scheduled_in": NaN, "estimated_in": NaN, "actual_in": NaN, "status": "result unknown", "route_distance": NaN, "diverted": false, "cancelled": false, "simplified_departure_date": "2017-04-22", "origin_coords": [47.2083, 14.15102], "destination_coords": [57.4141, 63.4322], "is_same_city": false}}, {"type": "Feature", "geometry": {"type": "LineString", "coordinates": [[-79.23305, 14.79064], [-79.23419264667298, 14.770056863307564], [-79.23533507691393, 14.749473720998646], [-79.23647729107907, 14.728890573082491], [-79.23761928952436, 14.708307419568323], [-79.23876107260554, 14.687724260465394], [-79.23990264067811, 14.667141095782908], [-79.24104399409728, 14.646557925530113], [-79.24218513321806, 14.625974749716201], [-79.24332605839518, 14.605391568350385], [-79.24446676998319, 14.58480838144187], [-79.24560726833631, 14.564225188999849], [-79.24674755380859, 14.543641991033502], [-79.2478876267538, 14.523058787552026], [-79.24902748752547, 14.502475578564585], [-79.25016713647693, 14.481892364080355], [-79.2513065739612, 14.461309144108501], [-79.25244580033115, 14.440725918658174], [-79.25358481593932, 14.420142687738528], [-79.25472362113806, 14.399559451358707], [-79.25586221627945, 14.378976209527853], [-79.2570006017154, 14.35839296225509], [-79.2581387777975, 14.337809709549557], [-79.25927674487717, 14.31722645142036], [-79.26041450330555, 14.296643187876626], [-79.26155205343356, 14.276059918927453], [-79.26268939561186, 14.25547664458195], [-79.26382653019093, 14.234893364849205], [-79.26496345752096, 14.214310079738315], [-79.26610017795193, 14.193726789258358], [-79.26723669183359, 14.173143493418413], [-79.26837299951546, 14.152560192227552], [-79.2695091013468, 14.131976885694838], [-79.27064499767665, 14.111393573829336], [-79.27178068885385, 14.09081025664009], [-79.27291617522695, 14.070226934136153], [-79.27405145714434, 14.049643606326567], [-79.2751865349541, 14.029060273220367], [-79.27632140900414, 14.008476934826575], [-79.2774560796421, 13.987893591154222], [-79.27859054721546, 13.967310242212326], [-79.27972481207136, 13.94672688800989], [-79.28085887455683, 13.926143528555928], [-79.28199273501858, 13.905560163859434], [-79.28312639380312, 13.884976793929402], [-79.28425985125676, 13.864393418774826], [-79.28539310772558, 13.843810038404678], [-79.28652616355538, 13.823226652827937], [-79.28765901909182, 13.802643262053577], [-79.28879167468024, 13.782059866090558], [-79.28992413066582, 13.761476464947844], [-79.29105638739351, 13.740893058634379], [-79.29218844520803, 13.720309647159116], [-79.29332030445383, 13.699726230530993], [-79.29445196547522, 13.679142808758943], [-79.29558342861624, 13.658559381851905], [-79.2967146942207, 13.63797594981879], [-79.2978457626322, 13.617392512668523], [-79.29897663419413, 13.596809070410014], [-79.30010730924965, 13.576225623052174], [-79.3012377881417, 13.555642170603894], [-79.302368071213, 13.535058713074074], [-79.30349815880602, 13.514475250471603], [-79.3046280512631, 13.493891782805367], [-79.30575774892624, 13.473308310084237], [-79.30688725213734, 13.452724832317093], [-79.30801656123799, 13.432141349512795], [-79.30914567656961, 13.411557861680208], [-79.31027459847338, 13.39097436882819], [-79.31140332729031, 13.37039087096558], [-79.31253186336112, 13.34980736810123], [-79.31366020702637, 13.329223860243976], [-79.3147883586264, 13.30864034740265], [-79.31591631850131, 13.288056829586084], [-79.31704408699102, 13.26747330680309], [-79.3181716644352, 13.246889779062498], [-79.3192990511733, 13.226306246373102], [-79.32042624754465, 13.205722708743718], [-79.32155325388823, 13.185139166183143], [-79.32268007054289, 13.164555618700172], [-79.32380669784727, 13.14397206630359], [-79.32493313613979, 13.123388509002181], [-79.32605938575863, 13.102804946804724], [-79.32718544704178, 13.082221379719995], [-79.32831132032706, 13.061637807756751], [-79.32943700595199, 13.041054230923757], [-79.33056250425396, 13.020470649229772], [-79.33168781557013, 12.999887062683543], [-79.33281294023745, 12.979303471293816], [-79.33393787859262, 12.958719875069331], [-79.33506263097222, 12.93813627401882], [-79.33618719771256, 12.917552668151012], [-79.33731157914973, 12.896969057474633], [-79.33843577561966, 12.876385441998396], [-79.33955978745806, 12.85580182173102], [-79.34068361500043, 12.835218196681206], [-79.34180725858208, 12.81463456685766], [-79.34293071853806, 12.794050932269077], [-79.34405399520328, 12.77346729292415], [-79.34517708891245, 12.752883648831569], [-79.3463, 12.732299999999999]]}, "properties": {"fa_flight_id": "AZS7203-1505351318-adhoc-0", "registration": NaN, "ident": "AZS7203", "ident_icao": "AZS7203", "origin_code": "L 14.79064 -79.23305", "origin_city": "Providencia Island", "destination_code": "L 12.73230 -79.34630", "destination_city": "Providencia Island", "scheduled_out": NaN, "estimated_out": NaN, "actual_out": NaN, "scheduled_off": "2017-09-14T01:08:38Z", "estimated_off": "2017-09-14T01:08:38Z", "actual_off": "2017-09-14T01:08:38Z", "scheduled_on": NaN, "estimated_on": NaN, "actual_on": "2017-09-14T01:08:38Z", "scheduled_in": NaN, "estimated_in": NaN, "actual_in": NaN, "status": "result unknown", "route_distance": NaN, "diverted": false, "cancelled": false, "simplified_departure_date": "2017-09-14", "origin_coords": [14.79064, -79.23305], "destination_coords": [12.7323, -79.3463], "is_same_city": false}}, {"type": "Feature", "geometry": {"type": "LineString", "coordinates": [[4.241039999999999, 51.93861], [4.252496052437759, 51.933779233237495], [4.263949638169046, 51.92894735480207], [4.27540075758615, 51.92411436512617], [4.2868494110817625, 51.919280264642126], [4.298295599048972, 51.9144450537821], [4.309739321881264, 51.90960873297823], [4.321180579972526, 51.90477130266243], [4.332619373717035, 51.89993276326658], [4.344055703509472, 51.89509311522238], [4.355489569744906, 51.89025235896145], [4.366920972818806, 51.88541049491527], [4.378349913127035, 51.88056752351523], [4.3897763910658485, 51.87572344519256], [4.401200407031893, 51.87087826037841], [4.412621961422211, 51.866031969503766], [4.424041054634236, 51.86118457299957], [4.435457687065792, 51.856336071296546], [4.446871859115093, 51.85148646482537], [4.458283571180746, 51.846635754016596], [4.4696928236617435, 51.84178393930062], [4.4810996169574695, 51.83693102110774], [4.492503951467697, 51.832076999868136], [4.5039058275925825, 51.82722187601189], [4.515305245732674, 51.82236564996892], [4.526702206288904, 51.817508322169054], [4.538096709662591, 51.812649893041986], [4.549488756255438, 51.80779036301731], [4.560878346469536, 51.802929732524476], [4.5722654807073555, 51.798068001992846], [4.583650159371753, 51.793205171851625], [4.595032382865966, 51.7883412425299], [4.606412151593616, 51.7834762144567], [4.617789465958707, 51.77861008806086], [4.629164326365622, 51.773742863771126], [4.640536733219124, 51.768874542016114], [4.651906686924359, 51.76400512322436], [4.663274187886846, 51.759134607824194], [4.674639236512491, 51.75426299624394], [4.686001833207573, 51.74939028891169], [4.697361978378749, 51.7445164862555], [4.708719672433053, 51.739641588703286], [4.720074915777894, 51.73476559668277], [4.73142770882106, 51.72988851062168], [4.742778051970711, 51.72501033094751], [4.754125945635383, 51.72013105808773], [4.765471390223986, 51.715250692469596], [4.776814386145802, 51.71036923452032], [4.788154933810487, 51.70548668466693], [4.79949303362807, 51.70060304333642], [4.810828686008946, 51.695718310955556], [4.822161891363889, 51.690832487951056], [4.833492650104037, 51.685945574749525], [4.8448209626409, 51.681057571777366], [4.85614682938636, 51.67616847946096], [4.867470250752661, 51.671278298226504], [4.878791227152422, 51.666387028500104], [4.890109758998622, 51.661494670707725], [4.901425846704616, 51.656601225275224], [4.912739490684116, 51.65170669262832], [4.924050691351206, 51.64681107319266], [4.93535944912033, 51.641914367393696], [4.946665764406304, 51.63701657565681], [4.957969637624298, 51.63211769840726], [4.969271069189851, 51.62721773607014], [4.980570059518866, 51.622316689070495], [4.991866609027605, 51.6174145578332], [5.003160718132691, 51.612511342782994], [5.014452387251113, 51.60760704434455], [5.025741616800214, 51.60270166294236], [5.0370284071977, 51.597795199000856], [5.048312758861637, 51.59288765294427], [5.059594672210445, 51.587979025196795], [5.0708741476629084, 51.58306931618245], [5.082151185638165, 51.57815852632515], [5.093425786555709, 51.57324665604869], [5.104697950835396, 51.56833370577673], [5.1159676788974275, 51.56341967593281], [5.1272349711623715, 51.55850456694038], [5.138499828051144, 51.553588379222724], [5.149762249985012, 51.54867111320303], [5.161022237385605, 51.54375276930436], [5.172279790674896, 51.53883334794964], [5.183534910275219, 51.53391284956171], [5.194787596609251, 51.52899127456324], [5.206037850100024, 51.524068623376806], [5.217285671170924, 51.519144896424855], [5.22853106024568, 51.51422009412974], [5.239774017748375, 51.50929421691364], [5.251014544103439, 51.504367265198645], [5.262252639735651, 51.49943923940671], [5.2734883050701375, 51.4945101399597], [5.284721540532372, 51.48957996727929], [5.295952346548174, 51.48464872178712], [5.307180723543707, 51.47971640390461], [5.318406671945483, 51.474783014053145], [5.32963019218036, 51.46984855265394], [5.340851284675536, 51.464913020128115], [5.352069949858552, 51.45997641689662], [5.363286188157299, 51.45503874338035], [5.374500000000001, 51.450100000000006]]}, "properties": {"fa_flight_id": "RA76846-1506016631-adhoc-0", "registration": NaN, "ident": "RA-76846", "ident_icao": NaN, "origin_code": "L 51.93861 4.24104", "origin_city": "Rotterdam", "destination_code": "EHEH", "destination_city": "Eindhoven", "scheduled_out": NaN, "estimated_out": NaN, "actual_out": NaN, "scheduled_off": "2017-09-21T17:57:11Z", "estimated_off": "2017-09-21T17:57:11Z", "actual_off": "2017-09-21T17:57:11Z", "scheduled_on": NaN, "estimated_on": NaN, "actual_on": "2017-09-21T17:57:11Z", "scheduled_in": NaN, "estimated_in": NaN, "actual_in": NaN, "status": "result unknown", "route_distance": NaN, "diverted": false, "cancelled": false, "simplified_departure_date": "2017-09-21", "origin_coords": [51.93861, 4.24104], "destination_coords": [51.4501, 5.3745], "is_same_city": false}}, {"type": "Feature", "geometry": {"type": "LineString", "coordinates": [[14.4942, 52.42909999999999], [14.701901257732127, 52.48101466771967], [14.910091551363799, 52.5325647753737], [15.118769475318704, 52.58374878542386], [15.327933576827686, 52.63456516291607], [15.53758235562378, 52.6850123756486], [15.747714263644257, 52.73508889434181], [15.95832770473996, 52.784793192809545], [16.16942103439206, 52.83412374813218], [16.38099255943652, 52.88307904083093], [16.593040537796494, 52.93165755504395], [16.8055631782228, 52.979857778703746], [17.018558640042855, 53.02767820371614], [17.232025032918084, 53.07511732614051], [17.445960416610244, 53.122173646371564], [17.660362800756708, 53.1688456693224], [17.875230144655013, 53.21513190460886], [18.090560357056958, 53.261030866735254], [18.306351295972288, 53.30654107528122], [18.522600768482405, 53.35166105508986], [18.739306530564164, 53.396389336457126], [18.956466286924012, 53.4407244553221], [19.174077690842758, 53.48466495345862], [19.392138344031075, 53.52820937866785], [19.61064579649606, 53.571356284971806], [19.829597546418928, 53.61410423280794], [20.048991040044214, 53.65645178922455], [20.268823671580545, 53.69839752807718], [20.489092783113232, 53.739940030225654], [20.709795664528944, 53.78107788373214], [20.93092955345256, 53.82180968405964], [21.152491635196462, 53.86213403427144], [21.374479042722456, 53.90204954523098], [21.596888856616406, 53.941554835802364], [21.819718105075992, 53.980648533051415], [22.042963763911487, 54.01932927244712], [22.26662275655995, 54.05759569806357], [22.4906919541129, 54.09544646278213], [22.715168175357654, 54.132880228493974], [22.940048186832485, 54.169895666302914], [23.1653287028958, 54.20649145672817], [23.39100638580943, 54.24266628990757], [23.617077845836192, 54.278418865800525], [23.84353964135189, 54.31374789439107], [24.070388278971866, 54.348652095891], [24.297620213692216, 54.383130200942524], [24.525231849045838, 54.417180950821056], [24.753219537273342, 54.450803097637504], [24.98157957950907, 54.48399540454033], [25.210308225982146, 54.51675664591718], [25.439401676232823, 54.54908560759597], [25.6688560793441, 54.58098108704564], [25.89866753418872, 54.612441893576], [26.12883208969166, 54.64346684853716], [26.35934574510814, 54.67405478551806], [26.590204450317156, 54.704204550544226], [26.821404106130732, 54.73391500227465], [27.052940564618805, 54.763185012197724], [27.284809629449796, 54.79201346482604], [27.517007056246932, 54.82039925789028], [27.7495285529603, 54.848341302531615], [27.982369780254686, 54.875838523493286], [28.21552635191313, 54.90288985931048], [28.448993835256232, 54.92949426249895], [28.682767751577174, 54.95565069974231], [28.91684357659248, 54.981358152077505], [29.151216740908335, 55.006615615078964], [29.385882630502618, 55.031422099040824], [29.620836587222446, 55.055776629157585], [29.856073909297145, 55.079678245702794], [30.09158985186674, 55.10312600420594], [30.327379627525712, 55.12611897562724], [30.563438406881968, 55.14865624653059], [30.799761319131, 55.17073691925415], [31.036343452645013, 55.19236011207892], [31.27317985557698, 55.213524959395], [31.510265536479384, 55.234230611865506], [31.747595464937724, 55.254476236588076], [31.985164572218327, 55.27426101725397], [32.22296775193057, 55.29358415430464], [32.460999860703176, 55.3124448650855], [32.69925571887454, 55.33084238399737], [32.93773011119672, 55.34877596264483], [33.17641778755307, 55.36624486998202], [33.41531346368921, 55.38324839245547], [33.654411821957076, 55.399785834144], [33.89370751207203, 55.41585651689568], [34.13319515188243, 55.431459780461594], [34.372869328151864, 55.44659498262673], [34.61272459735335, 55.46126149933745], [34.85275548647557, 55.475458724825906], [35.09295649384077, 55.48918607173105], [35.333322089933866, 55.502442971216354], [35.57384671824285, 55.51522887308414], [35.81452479610975, 55.52754324588642], [36.05535071559225, 55.539385577032235], [36.296318844335346, 55.55075537289153], [36.537423526452876, 55.561652158895235], [36.77865908341864, 55.57207547963195], [37.02001981496661, 55.58202489894067], [37.2615, 55.59149999999999]]}, "properties": {"fa_flight_id": "RA76846-1528565995-adhoc-0", "registration": NaN, "ident": "AZS4007", "ident_icao": "AZS4007", "origin_code": "L 52.42910 14.49420", "origin_city": "Berlin", "destination_code": "UUWW", "destination_city": "Moscow", "scheduled_out": NaN, "estimated_out": NaN, "actual_out": NaN, "scheduled_off": "2018-06-09T17:39:55Z", "estimated_off": "2018-06-09T17:39:55Z", "actual_off": "2018-06-09T17:39:55Z", "scheduled_on": NaN, "estimated_on": NaN, "actual_on": "2018-06-09T19:49:58Z", "scheduled_in": NaN, "estimated_in": NaN, "actual_in": NaN, "status": "Arrived", "route_distance": NaN, "diverted": false, "cancelled": false, "simplified_departure_date": "2018-06-09", "origin_coords": [52.4291, 14.4942], "destination_coords": [55.5915, 37.2615], "is_same_city": false}}, {"type": "Feature", "geometry": {"type": "LineString", "coordinates": [[104.16412, 52.38094000000002], [104.16637448802348, 52.37981271666979], [104.16862886093519, 52.37868539045029], [104.17088311874123, 52.377558021345415], [104.17313726144788, 52.376430609359105], [104.17539128906128, 52.37530315449532], [104.17764520158757, 52.37417565675795], [104.179898999033, 52.37304811615096], [104.18215268140372, 52.37192053267828], [104.18440624870591, 52.370792906343844], [104.1866597009458, 52.36966523715157], [104.18891303812951, 52.36853752510541], [104.19116626026329, 52.36740977020928], [104.19341936735327, 52.36628197246711], [104.19567235940566, 52.36515413188286], [104.19792523642666, 52.36402624846043], [104.20017799842246, 52.36289832220377], [104.2024306453992, 52.361770353116796], [104.20468317736312, 52.360642341203445], [104.20693559432038, 52.35951428646765], [104.20918789627717, 52.35838618891334], [104.21144008323972, 52.35725804854445], [104.21369215521415, 52.356129865364885], [104.21594411220669, 52.35500163937861], [104.21819595422355, 52.35387337058952], [104.22044768127085, 52.352745059001556], [104.22269929335485, 52.35161670461866], [104.22495079048171, 52.35048830744472], [104.22720217265763, 52.349359867483706], [104.22945343988879, 52.348231384739535], [104.2317045921814, 52.34710285921612], [104.23395562954165, 52.34597429091738], [104.23620655197571, 52.344845679847275], [104.23845735948979, 52.34371702600969], [104.2407080520901, 52.34258832940859], [104.24295862978279, 52.34145959004787], [104.24520909257407, 52.340330807931466], [104.24745944047018, 52.3392019830633], [104.24970967347726, 52.3380731154473], [104.25195979160152, 52.336944205087384], [104.25420979484915, 52.33581525198747], [104.25645968322638, 52.33468625615151], [104.25870945673937, 52.33355721758338], [104.26095911539433, 52.33242813628704], [104.26320865919743, 52.3312990122664], [104.2654580881549, 52.33016984552539], [104.26770740227293, 52.329040636067894], [104.26995660155772, 52.32791138389788], [104.27220568601548, 52.32678208901926], [104.27445465565235, 52.32565275143593], [104.2767035104746, 52.32452337115184], [104.27895225048842, 52.32339394817088], [104.28120087569994, 52.322264482497005], [104.28344938611542, 52.32113497413408], [104.28569778174108, 52.32000542308608], [104.28794606258307, 52.31887582935689], [104.29019422864762, 52.31774619295045], [104.2924422799409, 52.316616513870656], [104.29469021646915, 52.31548679212145], [104.29693803823855, 52.31435702770672], [104.2991857452553, 52.31322722063042], [104.30143333752562, 52.31209737089643], [104.30368081505569, 52.31096747850868], [104.30592817785174, 52.3098375434711], [104.30817542591996, 52.308707565787586], [104.31042255926653, 52.30757754546205], [104.3126695778977, 52.306447482498434], [104.31491648181962, 52.305317376900625], [104.31716327103857, 52.30418722867255], [104.31940994556068, 52.30305703781812], [104.3216565053922, 52.301926804341264], [104.3239029505393, 52.300796528245854], [104.32614928100824, 52.29966620953586], [104.32839549680519, 52.29853584821516], [104.33064159793635, 52.29740544428766], [104.33288758440794, 52.2962749977573], [104.33513345622616, 52.29514450862796], [104.33737921339724, 52.29401397690358], [104.33962485592737, 52.292883402588046], [104.34187038382275, 52.2917527856853], [104.3441157970896, 52.29062212619922], [104.34636109573415, 52.289491424133736], [104.34860627976256, 52.288360679492754], [104.3508513491811, 52.28722989228018], [104.35309630399593, 52.28609906249992], [104.35534114421328, 52.284968190155894], [104.35758586983935, 52.283837275252], [104.35983048088038, 52.28270631779216], [104.36207497734256, 52.28157531778027], [104.3643193592321, 52.280444275220226], [104.3665636265552, 52.27931319011597], [104.36880777931812, 52.27818206247139], [104.37105181752702, 52.277050892290376], [104.37329574118814, 52.275919679576866], [104.3755395503077, 52.274788424334744], [104.3777832448919, 52.273657126567926], [104.38002682494694, 52.27252578628031], [104.38227029047906, 52.27139440347581], [104.38451364149445, 52.270262978158314], [104.38675687799937, 52.269131510331746], [104.389, 52.268000000000015]]}, "properties": {"fa_flight_id": "AZS1201-1607502004-adhoc-0", "registration": NaN, "ident": "AZS1201", "ident_icao": "AZS1201", "origin_code": "L 52.38094 104.16412", "origin_city": "Irkutsk", "destination_code": "UIII", "destination_city": "Irkutsk", "scheduled_out": NaN, "estimated_out": NaN, "actual_out": NaN, "scheduled_off": "2020-12-09T08:20:04Z", "estimated_off": "2020-12-09T08:20:04Z", "actual_off": "2020-12-09T08:20:04Z", "scheduled_on": NaN, "estimated_on": "2020-12-09T08:35:33Z", "actual_on": "2020-12-09T08:35:33Z", "scheduled_in": NaN, "estimated_in": NaN, "actual_in": NaN, "status": "Arrived", "route_distance": NaN, "diverted": false, "cancelled": false, "simplified_departure_date": "2020-12-09", "origin_coords": [52.38094, 104.16412], "destination_coords": [52.268, 104.389], "is_same_city": false}}, {"type": "Feature", "geometry": {"type": "LineString", "coordinates": [[104.389, 52.268000000000015], [104.38717294990963, 52.26884459897683], [104.38534583020393, 52.26968916975473], [104.38351864088045, 52.270533712331776], [104.38169138193673, 52.27137822670604], [104.37986405337034, 52.272222712875596], [104.37803665517882, 52.27306717083849], [104.3762091873597, 52.2739116005928], [104.37438164991057, 52.27475600213659], [104.372554042829, 52.275600375467924], [104.37072636611246, 52.27644472058488], [104.3688986197586, 52.27728903748551], [104.36707080376492, 52.27813332616788], [104.36524291812897, 52.27897758663006], [104.36341496284832, 52.279821818870126], [104.36158693792055, 52.28066602288614], [104.35975884334316, 52.28151019867614], [104.35793067911374, 52.28235434623821], [104.35610244522985, 52.28319846557042], [104.354274141689, 52.28404255667085], [104.3524457684888, 52.284886619537524], [104.35061732562679, 52.28573065416854], [104.34878881310051, 52.286574660561946], [104.34696023090753, 52.28741863871582], [104.34513157904537, 52.28826258862821], [104.34330285751166, 52.289106510297195], [104.34147406630389, 52.28995040372083], [104.33964520541963, 52.29079426889718], [104.33781627485646, 52.29163810582431], [104.33598727461192, 52.29248191450029], [104.33415820468358, 52.293325694923176], [104.332329065069, 52.29416944709103], [104.3304998557657, 52.295013171001926], [104.32867057677127, 52.29585686665392], [104.32684122808328, 52.29670053404507], [104.32501180969929, 52.29754417317345], [104.32318232161681, 52.29838778403714], [104.32135276383343, 52.29923136663415], [104.31952313634672, 52.30007492096259], [104.31769343915423, 52.3009184470205], [104.31586367225351, 52.30176194480596], [104.31403383564214, 52.30260541431702], [104.31220392931766, 52.30344885555175], [104.31037395327765, 52.304292268508206], [104.30854390751963, 52.30513565318444], [104.30671379204122, 52.30597900957854], [104.30488360683995, 52.30682233768856], [104.30305335191338, 52.307665637512535], [104.30122302725906, 52.30850890904856], [104.29939263287457, 52.3093521522947], [104.29756216875748, 52.31019536724898], [104.29573163490532, 52.31103855390949], [104.2939010313157, 52.31188171227428], [104.2920703579861, 52.31272484234142], [104.2902396149142, 52.313567944108975], [104.28840880209745, 52.31441101757498], [104.28657791953349, 52.31525406273754], [104.28474696721983, 52.31609707959466], [104.2829159451541, 52.316940068144454], [104.28108485333378, 52.317783028384945], [104.2792536917565, 52.318625960314215], [104.27742246041979, 52.31946886393032], [104.27559115932122, 52.3203117392313], [104.27375978845839, 52.32115458621526], [104.2719283478288, 52.32199740488022], [104.27009683743006, 52.32284019522425], [104.26826525725974, 52.32368295724542], [104.26643360731539, 52.324525690941776], [104.26460188759457, 52.32536839631138], [104.26277009809483, 52.32621107335231], [104.2609382388138, 52.327053722062615], [104.25910630974897, 52.32789634244034], [104.25727431089796, 52.32873893448355], [104.25544224225831, 52.32958149819032], [104.2536101038276, 52.3304240335587], [104.25177789560338, 52.33126654058673], [104.24994561758324, 52.332109019272515], [104.24811326976474, 52.332951469614066], [104.24628085214542, 52.33379389160946], [104.24444836472291, 52.334636285256764], [104.24261580749473, 52.33547865055403], [104.24078318045845, 52.336320987499306], [104.23895048361166, 52.337163296090665], [104.23711771695191, 52.338005576326154], [104.23528488047678, 52.338847828203846], [104.23345197418385, 52.33969005172179], [104.23161899807064, 52.34053224687803], [104.2297859521348, 52.341374413670636], [104.22795283637383, 52.34221655209766], [104.22611965078534, 52.3430586621572], [104.22428639536689, 52.34390074384724], [104.22245307011602, 52.3447427971659], [104.22061967503035, 52.345584822111206], [104.21878621010744, 52.346426818681216], [104.21695267534483, 52.34726878687402], [104.21511907074012, 52.34811072668761], [104.21328539629089, 52.3489526381201], [104.21145165199466, 52.349794521169535], [104.20961783784907, 52.35063637583396], [104.20778395385167, 52.35147820211143], [104.20594999999999, 52.35232]]}, "properties": {"fa_flight_id": "AZS1016-1607484847-adhoc-0", "registration": NaN, "ident": "AZS1016", "ident_icao": "AZS1016", "origin_code": "UIII", "origin_city": "Irkutsk", "destination_code": "L 52.35232 104.20595", "destination_city": "Irkutsk", "scheduled_out": NaN, "estimated_out": NaN, "actual_out": NaN, "scheduled_off": "2020-12-09T03:34:13Z", "estimated_off": "2020-12-09T03:34:13Z", "actual_off": "2020-12-09T03:34:13Z", "scheduled_on": NaN, "estimated_on": NaN, "actual_on": "2020-12-09T03:34:13Z", "scheduled_in": NaN, "estimated_in": NaN, "actual_in": NaN, "status": "result unknown", "route_distance": NaN, "diverted": false, "cancelled": false, "simplified_departure_date": "2020-12-09", "origin_coords": [52.268, 104.389], "destination_coords": [52.35232, 104.20595], "is_same_city": false}}, {"type": "Feature", "geometry": {"type": "LineString", "coordinates": [[61.16638, 56.93737999999999], [61.38881617979771, 56.93671142282816], [61.6112420309053, 56.93564802862673], [61.83365284600169, 56.934189855932225], [62.056043919944855, 56.93233695757961], [62.27841055045303, 56.93008940069277], [62.50074803878479, 56.92744726667257], [62.723051690417925, 56.92441065118229], [62.94531681572669, 56.920979664130506], [63.16753873065749, 56.91715442965151], [63.389712757402386, 56.912935086083095], [63.61183422507049, 56.908321785941965], [63.83389847035681, 56.903314695896455], [64.05590083820844, 56.89791399673698], [64.2778366824878, 56.89211988334379], [64.49970136663269, 56.88593256465237], [64.72149026431296, 56.879352263616404], [64.9431987600835, 56.87237921716821], [65.16482225003348, 56.865013676176794], [65.38635614243134, 56.85725590540354], [65.60779585836573, 56.84910618345549], [65.82913683238164, 56.84056480273616], [66.050374513112, 56.831632069394175], [66.2715043639044, 56.82230830326945], [66.49252186344233, 56.812593837837106], [66.71342250636148, 56.802489020149125], [66.93420180386015, 56.79199421077369], [67.15485528430416, 56.78110978373235], [67.37537849382552, 56.769836126434946], [67.59576699691536, 56.7581736396124], [67.81601637701017, 56.74612273724724], [68.03612223707165, 56.73368384650204], [68.25608020016001, 56.720857407645944], [68.47588591000024, 56.707643873978775], [68.6955350315414, 56.69404371175342], [68.91502325150877, 56.680057400096025], [69.13434627894857, 56.66568543092421], [69.35349984576521, 56.65092830886351], [69.57247970725096, 56.635786551161715], [69.79128164260757, 56.62026068760134], [70.0099014554602, 56.60435126041042], [70.22833497436307, 56.588058824171306], [70.4465780532971, 56.571383945727725], [70.66462657215897, 56.554327204090285], [70.88247643724179, 56.53688919033989], [71.1001235817073, 56.519070507529904], [71.31756396604915, 56.50087177058638], [71.53479357854759, 56.48229360620687], [71.75180843571512, 56.463336652757555], [71.96860458273306, 56.444001560168935], [72.18517809387929, 56.424288989830075], [72.40152507294646, 56.4041996144812], [72.61764165365119, 56.38373411810522], [72.83352400003379, 56.362893195817556], [73.04916830684863, 56.34167755375481], [73.26457079994496, 56.32008790896222], [73.47972773663821, 56.298124989279685], [73.69463540607175, 56.27578953322669], [73.90929012956889, 56.2530822898861], [74.12368826097526, 56.23000401878673], [74.33782618699136, 56.20655548978491], [74.55170032749551, 56.182737482944965], [74.7653071358568, 56.15855078841874], [74.97864309923833, 56.13399620632406], [75.19170473889048, 56.109074546622416], [75.40448861043448, 56.08378662899565], [75.61699130413601, 56.058133282721826], [75.82920944516884, 56.032115346550356], [76.04113969386876, 56.00573366857628], [76.2527787459774, 55.97898910611394], [76.46412333287643, 55.951882525569836], [76.67517022181173, 55.924414802314985], [76.88591621610772, 55.89658682055655], [77.09635815537197, 55.86839947320902], [77.3064929156899, 55.83985366176481], [77.51631740980977, 55.81095029616445], [77.72582858731793, 55.78169029466615], [77.93502343480445, 55.75207458371524], [78.14389897601892, 55.72210409781304], [78.35245227201676, 55.69177977938548], [78.56068042129614, 55.66110257865138], [78.76858055992501, 55.630073453490645], [78.97614986165908, 55.598693369311974], [79.18338553805019, 55.56696329892069], [79.39028483854543, 55.534884222386204], [79.59684505057707, 55.50245712690954], [79.8030634996433, 55.46968300669065], [80.00893754937972, 55.43656286279588], [80.21446460162213, 55.40309770302522], [80.41964209646004, 55.36928854177978], [80.62446751228161, 55.33513639992931], [80.82893836580969, 55.300642304679734], [81.03305221212919, 55.26580728944089], [81.23680664470591, 55.23063239369449], [81.44019929539685, 55.195118662862185], [81.6432278344523, 55.15926714817394], [81.84588997050939, 55.12307890653672], [82.04818345057757, 55.08655500040333], [82.2501060600162, 55.049696497641776], [82.45165562250382, 55.012504471404824], [82.65283, 54.97497999999999]]}, "properties": {"fa_flight_id": "AZS1210-1610340406-adhoc-0", "registration": NaN, "ident": "AZS1210", "ident_icao": "AZS1210", "origin_code": "L 56.93738 61.16638", "origin_city": "Yekaterinburg", "destination_code": "L 54.97498 82.65283", "destination_city": "Novosibirsk", "scheduled_out": NaN, "estimated_out": NaN, "actual_out": NaN, "scheduled_off": "2021-01-11T04:46:46Z", "estimated_off": "2021-01-11T04:46:46Z", "actual_off": "2021-01-11T04:46:46Z", "scheduled_on": NaN, "estimated_on": NaN, "actual_on": "2021-01-11T04:46:46Z", "scheduled_in": NaN, "estimated_in": NaN, "actual_in": NaN, "status": "result unknown", "route_distance": NaN, "diverted": false, "cancelled": false, "simplified_departure_date": "2021-01-11", "origin_coords": [56.93738, 61.16638], "destination_coords": [54.97498, 82.65283], "is_same_city": false}}, {"type": "Feature", "geometry": {"type": "LineString", "coordinates": [[38.14999999999999, 55.5533], [38.32978042595063, 55.55623283995889], [38.50958648568056, 55.55890252060623], [38.6894157762637, 55.56130897988737], [38.869265892615275, 55.563452161849604], [39.0491344277145, 55.56533201664863], [39.229018972827674, 55.566948500554176], [39.40891711773178, 55.56830157595508], [39.58882645093825, 55.569391211363566], [39.76874455991719, 55.57021738141885], [39.948669031321735, 55.57078006689009], [40.12859745121264, 55.571079254678494], [40.308527405282994, 55.57111493781894], [40.48845647908305, 55.57088711548072], [40.66838225824497, 55.570395792967595], [40.84830232870777, 55.56964098171726], [41.02821427694196, 55.568622699299986], [41.2081156901742, 55.567340969416634], [41.38800415661178, 55.56579582189589], [41.567877265666795, 55.563987292690896], [41.74773260818011, 55.56191542387515], [41.92756777664497, 55.559580263637606], [42.10738036543025, 55.55698186627717], [42.28716797100328, 55.55412029219659], [42.4669281921521, 55.55099560789542], [42.64665863020731, 55.54760788596247], [42.826356889263316, 55.54395720506752], [43.00602057639877, 55.5400436499523], [43.18564730189661, 55.535867311420866], [43.365234679463164, 55.53142828632921], [43.54478032644647, 55.52672667757419], [43.72428186405396, 55.521762594081935], [43.903736917568985, 55.51653615079529], [44.083143116566625, 55.51104746866091], [44.262498095128464, 55.5052966746154], [44.441799492056305, 55.49928390157102], [44.62104495108483, 55.493009288400536], [44.800232121093224, 55.48647297992157], [44.979358656315455, 55.47967512688021], [45.15842221654954, 55.472615885934], [45.33742046736545, 55.465295419634245], [45.51635108031172, 55.457713896407775], [45.69521173312081, 55.44987149053794], [45.87400010991286, 55.44176838214507], [46.052713901398334, 55.43340475716631], [46.231350805078904, 55.42478080733477], [46.40990852544699, 55.415896730158124], [46.588384774183666, 55.406752728896585], [46.766777270355014, 55.39734901254021], [46.945083740606876, 55.38768579578576], [47.123301919357786, 55.37776329901278], [47.301429548990356, 55.367581748259255], [47.47946438004087, 55.35714137519662], [47.65740417138701, 55.34644241710414], [47.83524669043383, 55.33548511684286], [48.0129897132979, 55.324269722828845], [48.190631024989486, 55.31279648900599], [48.3681684195928, 55.30106567481826], [48.54559970044436, 55.28907754518127], [48.722922680309374, 55.276832370453555], [48.900135181555875, 55.26433042640705], [49.07723503632711, 55.25157199419733], [49.254220086711676, 55.23855736033313], [49.431088184911516, 55.22528681664545], [49.607837193407846, 55.21176066025614], [49.78446498512489, 55.19797919354604], [49.960969443591374, 55.183942724122595], [50.13734846309985, 55.16965156478701], [50.31359994886376, 55.155106033500964], [50.489721817172196, 55.14030645335281], [50.66571199554234, 55.12525315252345], [50.841568422869706, 55.109946464251614], [51.01728904957587, 55.09438672679882], [51.192871837753984, 55.078574283413865], [51.36831476131178, 55.06250948229693], [51.543615806112314, 55.04619267656325], [51.71877297011209, 55.029624224206394], [51.89378426349704, 55.01280448806122], [52.06864770881565, 54.9957338357663], [52.24336134111003, 54.97841263972616], [52.41792320804421, 54.96084127707298], [52.59233137003003, 54.94302012962811], [52.76658390035057, 54.92494958386309], [52.94067888528094, 54.906630030860455], [53.11461442420663, 54.888061866274114], [53.28838862973931, 54.86924549028949], [53.46199962782997, 54.85018130758327], [53.63544555787959, 54.83086972728296], [53.80872457284732, 54.81131116292607], [53.98183483935579, 54.791506032418994], [54.15477453779417, 54.771454757995734], [54.327541862418414, 54.75115776617618], [54.50013502144898, 54.73061548772435], [54.672552237166016, 54.709828357606185], [54.84479174600177, 54.68879681494724], [55.01685179863061, 54.66752130299007], [55.18873066005625, 54.646002269051436], [55.36042660969651, 54.624240164479296], [55.53193794146537, 54.602235444609526], [55.70326296385247, 54.57998856872263], [55.87440000000001, 54.5575]]}, "properties": {"fa_flight_id": "AZS8004-1611930022-adhoc-0", "registration": NaN, "ident": "AZS8004", "ident_icao": "AZS8004", "origin_code": "UUBW", "origin_city": "Moscow", "destination_code": "UWUU", "destination_city": "Ufa", "scheduled_out": NaN, "estimated_out": NaN, "actual_out": NaN, "scheduled_off": "2021-01-29T14:50:29Z", "estimated_off": "2021-01-29T14:21:33Z", "actual_off": "2021-01-29T14:21:33Z", "scheduled_on": "2021-01-29T16:45:52Z", "estimated_on": "2021-01-29T16:16:56Z", "actual_on": "2021-01-29T16:16:56Z", "scheduled_in": NaN, "estimated_in": NaN, "actual_in": NaN, "status": "Arrived", "route_distance": NaN, "diverted": false, "cancelled": false, "simplified_departure_date": "2021-01-29", "origin_coords": [55.5533, 38.15], "destination_coords": [54.5575, 55.8744], "is_same_city": false}}, {"type": "Feature", "geometry": {"type": "LineString", "coordinates": [[73.91808000000002, 15.404039999999998], [73.75289182184359, 15.508654858725587], [73.58753626987546, 15.613146887983818], [73.42201218649737, 15.71751509219638], [73.25631841554227, 15.821758473290584], [73.09045380231271, 15.925876030687066], [72.92441719361985, 16.029866761287597], [72.75820743782307, 16.133729659463043], [72.59182338487034, 16.237463717041543], [72.42526388633918, 16.341067923296787], [72.25852779547829, 16.44454126493654], [72.09161396724987, 16.54788272609128], [71.92452125837262, 16.651091288303043], [71.7572485273654, 16.75416593051446], [71.58979463459164, 16.857105629057973], [71.42215844230431, 16.9599093576452], [71.25433881469178, 17.062576087356533], [71.08633461792422, 17.16510478663095], [70.91814472020077, 17.267494421255968], [70.74976799179748, 17.369743954357833], [70.58120330511585, 17.47185234639192], [70.41244953473226, 17.57381855513329], [70.24350555744789, 17.67564153566755], [70.07437025233969, 17.777320240381833], [69.90504250081183, 17.878853618956082], [69.73552118664797, 17.98024061835447], [69.56580519606439, 18.0814801828171], [69.3958934177637, 18.182571253851975], [69.22578474298943, 18.283512770227084], [69.05547806558143, 18.384303667962826], [68.88497228203181, 18.484942880324642], [68.71426629154197, 18.5854293378159], [68.54335899608019, 18.685761968171], [68.37224930044003, 18.785939696348773], [68.2009361122996, 18.885961444526114], [68.02941834228162, 18.985826132091855], [67.85769490401412, 19.085532675640973], [67.68576471419226, 19.18507998896898], [67.51362669264051, 19.284466983066643], [67.34127976237613, 19.383692566114973], [67.16872284967306, 19.482755643480477], [66.99595488412686, 19.58165511771071], [66.82297479872044, 19.680389888530115], [66.6497815298905, 19.778958852836148], [66.47637401759499, 19.877360904695728], [66.30275120538123, 19.975594935341956], [66.1289120404549, 20.07365983317117], [65.95485547375004, 20.17155448374028], [65.78058045999968, 20.269277769764454], [65.60608595780737, 20.366828571115125], [65.43137092971959, 20.464205764818264], [65.25643434229919, 20.56140822505308], [65.0812751661992, 20.65843482315097], [64.90589237623813, 20.75528442759485], [64.73028495147557, 20.85195590401883], [64.55445187528903, 20.948448115208215], [64.37839213545142, 21.044759921099885], [64.20210472420958, 21.140890178783042], [64.02558863836349, 21.23683774250026], [63.848842879346556, 21.332601463648977], [63.67186645330653, 21.428180190783344], [63.49465837118755, 21.52357276961638], [63.31721764881292, 21.61877804302264], [63.13954330696873, 21.713794851041147], [62.961634371488465, 21.80862203087879], [62.78348987333844, 21.903258416914113], [62.605108848704106, 21.99770284070148], [62.4264903390772, 22.091954130975648], [62.24763339134393, 22.186011113656804], [62.06853705787385, 22.279872611855982], [61.88920039660963, 22.373537445880885], [61.70962247115798, 22.46700443324218], [61.52980235088097, 22.560272388660202], [61.34973911098877, 22.653340124072134], [61.169431832632775, 22.746206448639537], [60.98887960299996, 22.83887016875647], [60.80808151540791, 22.931330088057944], [60.62703666940085, 23.02358500742892], [60.44574417084643, 23.11563372501371], [60.264203132033444, 23.207475036225894], [60.08241267177043, 23.299107733758717], [59.90037191548503, 23.39053060759592], [59.71807999532441, 23.48174244502312], [59.535536050256276, 23.572742030639635], [59.352739226170975, 23.66352814637086], [59.1696886759843, 23.75409957148107], [58.98638355974118, 23.844455082586837], [58.802823044720284, 23.93459345367083], [58.61900630553932, 24.02451345609631], [58.43493252426125, 24.114213858621966], [58.25060089050136, 24.203693427417416], [58.06601060153509, 24.292950926079197], [57.881160862406695, 24.381985115647268], [57.69605088603871, 24.47079475462215], [57.51067989334225, 24.55937859898251], [57.32504711332805, 24.647735402203395], [57.13915178321834, 24.73586391527497], [56.95299314855945, 24.823762886721873], [56.76657046333528, 24.91143106262312], [56.5798829900814, 24.99886718663256], [56.39293, 25.08607]]}, "properties": {"fa_flight_id": "AZS3005-1612333088-adhoc-0", "registration": NaN, "ident": "AZS3005", "ident_icao": "AZS3005", "origin_code": "L 15.40404 73.91808", "origin_city": "Dabolim", "destination_code": "L 25.08607 56.39293", "destination_city": "Fujairah", "scheduled_out": NaN, "estimated_out": NaN, "actual_out": NaN, "scheduled_off": "2021-02-03T06:19:11Z", "estimated_off": "2021-02-03T06:19:11Z", "actual_off": "2021-02-03T06:19:11Z", "scheduled_on": NaN, "estimated_on": NaN, "actual_on": "2021-02-03T06:19:11Z", "scheduled_in": NaN, "estimated_in": NaN, "actual_in": NaN, "status": "result unknown", "route_distance": NaN, "diverted": false, "cancelled": false, "simplified_departure_date": "2021-02-03", "origin_coords": [15.40404, 73.91808], "destination_coords": [25.08607, 56.39293], "is_same_city": false}}, {"type": "Feature", "geometry": {"type": "LineString", "coordinates": [[55.87440000000001, 54.5575], [56.194656987028246, 54.18573867878825], [56.509199557943745, 53.813143081065434], [56.81819312327572, 53.43973913996763], [57.12179745086791, 53.06555180116085], [57.42016687837673, 52.69060506700309], [57.71345051818043, 52.31492203853322], [58.00179245484977, 51.938524955397774], [58.28533193534678, 51.5614352338218], [58.56420355213137, 51.18367350272416], [58.838537419364094, 50.80525963807343], [59.10845934240204, 50.42621279557474], [59.37409098078814, 50.046551441774334], [59.635550004938366, 49.66629338366326], [59.89295024673211, 49.28545579685802], [60.14640184421112, 48.90405525243148], [60.396011380591546, 48.522107742463994], [60.6418820177911, 48.13962870438047], [60.88411362467103, 47.75663304413611], [61.122802900188795, 47.37313515830979], [61.358043491652964, 46.98914895516142], [61.58992610826838, 46.60468787470599], [61.81853863015384, 46.21976490785483], [62.04396621300974, 45.83439261467136], [62.26629138860877, 45.44858314178658], [62.48559416127597, 45.06234823901653], [62.70195210052034, 44.675699275222456], [62.915440429974055, 44.28864725345138], [63.12613211279003, 43.90120282539349], [63.334097933643534, 43.51337630519043], [63.53940657747752, 43.12517768262675], [63.74212470512708, 42.73661663573526], [63.942317025952065, 42.347702542845255], [64.14004636760315, 41.958444494100995], [64.33537374304068, 41.56885130247661], [64.5283584149214, 41.17893151431176], [64.71905795746349, 40.78869341939184], [64.90752831589538, 40.39814506059425], [65.09382386359017, 40.00729424312232], [65.2779974569828, 39.61614854334606], [65.4601004883628, 39.224715317269215], [65.64018293663224, 38.83300170863996], [65.81829341611437, 38.44101465672232], [65.9944792234943, 38.04876090374448], [66.1687863829706, 37.65624700203909], [66.3412596896924, 37.263479320889786], [66.511942751554, 36.87046405309816], [66.68087802941548, 36.47720722128363], [66.84810687581484, 36.08371468392884], [67.0136695722351, 35.689992141182344], [67.17760536498582, 35.29604514042944], [67.33995249975683, 34.90187908164215], [67.50074825489932, 34.50749922251784], [67.66002897348677, 34.11291068341668], [67.81783009420603, 33.71811845210635], [67.97418618112684, 33.323127388323165], [68.12913095239581, 32.92794222815751], [68.28269730789906, 32.532567588271505], [68.43491735593537, 32.13700796995631], [68.58582243894067, 31.741267763036113], [68.73544315830212, 31.345351249625576], [68.88380939829885, 30.949262607747112], [69.03095034920489, 30.553005914814012], [69.17689452958767, 30.156585150985467], [69.32166980783528, 29.760004202398726], [69.46530342294257, 29.363266864283826], [69.60782200458664, 28.966376843966014], [69.7492515925195, 28.569337763760355], [69.88961765530564, 28.172153163763426], [70.02894510843024, 27.77482650454623], [70.1672583318032, 27.377361169752618], [70.30458118668281, 26.97976046860713], [70.44093703204219, 26.582027638335987], [70.57634874040018, 26.184165846505067], [70.71083871313814, 25.786178193278065], [70.84442889532244, 25.388067713598222], [70.97714079005245, 24.98983737929694], [71.10899547235213, 24.591490101132074], [71.2400136026236, 24.193028730758858], [71.37021543967919, 23.794456062636307], [71.49962085336878, 23.395774835871634], [71.6282493368182, 22.996987736005206], [71.75612001829339, 22.598097396738584], [71.88325167270536, 22.199106401607718], [72.00966273276947, 21.800017285603783], [72.13537129983264, 21.40083253674361], [72.26039515438134, 21.001554597591728], [72.38475176624262, 20.602185866736125], [72.50845830449009, 20.20272870021938], [72.63153164706651, 19.80318541292718], [72.75398839013349, 19.40355827993575], [72.87584485715941, 19.003849537819963], [72.99711710775547, 18.604061385923636], [73.11782094626948, 18.20419598759367], [73.23797193014735, 17.804255471379285], [73.35758537807078, 17.4042419321979], [73.47667637788037, 17.00415743246904], [73.59525979429225, 16.60400400321741], [73.71335027641662, 16.203783645146526], [73.83096226508589, 15.803498329684055], [73.94811, 15.40315]]}, "properties": {"fa_flight_id": "RA76846-1612250393-adhoc-0", "registration": NaN, "ident": "AZS3004", "ident_icao": "AZS3004", "origin_code": "UWUU", "origin_city": "Ufa", "destination_code": "L 15.40315 73.94811", "destination_city": "Dabolim", "scheduled_out": NaN, "estimated_out": NaN, "actual_out": NaN, "scheduled_off": "2021-02-02T07:49:53Z", "estimated_off": "2021-02-02T07:27:09Z", "actual_off": "2021-02-02T07:27:09Z", "scheduled_on": NaN, "estimated_on": NaN, "actual_on": "2021-02-02T07:27:09Z", "scheduled_in": NaN, "estimated_in": NaN, "actual_in": NaN, "status": "result unknown", "route_distance": NaN, "diverted": false, "cancelled": false, "simplified_departure_date": "2021-02-02", "origin_coords": [54.5575, 55.8744], "destination_coords": [15.40315, 73.94811], "is_same_city": false}}, {"type": "Feature", "geometry": {"type": "LineString", "coordinates": [[73.87629, 15.435329999999997], [73.7595993704169, 15.835290692792006], [73.64244576668209, 16.23518874915974], [73.52481502013573, 16.635022241937477], [73.4066927617947, 17.03478921591271], [73.28806441524719, 17.434487686817164], [73.16891518936524, 17.83411564029099], [73.04923007082803, 18.2336710308188], [72.9289938164478, 18.63315178063657], [72.80819094529036, 19.032555778607975], [72.6868057305821, 19.431880879069077], [72.56482219139434, 19.831124900639757], [72.4422240840964, 20.23028562500084], [72.3189948935676, 20.629360795635137], [72.19511782415906, 21.028348116531134], [72.07057579039417, 21.427245250847676], [71.94535140739848, 21.826049819537896], [71.81942698104703, 22.224759399930985], [71.69278449781824, 22.623371524269654], [71.56540561434254, 23.02188367820178], [71.43727164663312, 23.420293299224063], [71.3083635589866, 23.81859777507578], [71.17866195253954, 24.216794442080595], [71.04814705346763, 24.614880583434033], [70.91679870081258, 25.0128534274346], [70.7845963339221, 25.410710145655923], [70.65151897948701, 25.80844785105751], [70.51754523815917, 26.20606359603155], [70.38265327073357, 26.603554370382923], [70.24682078387636, 27.000917099239654], [70.11002501538056, 27.39814864089079], [69.9722427189304, 27.795245784548584], [69.83345014835375, 28.192205248031637], [69.69362304134198, 28.58902367536574], [69.55273660261523, 28.985697634298702], [69.41076548651041, 29.382223613725373], [69.26768377896788, 29.77859802101912], [69.12346497889209, 30.174817179265414], [68.97808197886026, 30.570877324393344], [68.83150704515192, 30.96677460220047], [68.68371179707086, 31.362505065266415], [68.53466718553021, 31.758064669749874], [68.3843434708696, 32.153449272064194], [68.23271019987216, 32.54865462542589], [68.07973618194765, 32.943676376270204], [67.92538946444655, 33.338510060527945], [67.76963730706825, 33.733151099757045], [67.612446155325, 34.12759479712219], [67.45378161302128, 34.52183633321575], [67.29360841370664, 34.91587076171221], [67.13189039105822, 35.309693004848924], [66.96859044814683, 35.70329784872458], [66.80367052553879, 36.09667993840709], [66.63709156818325, 36.48983377284186], [66.46881349103269, 36.88275369955092], [66.29879514334158, 37.27543390911309], [66.12699427158604, 37.667868429414526], [65.95336748094456, 38.06005111965877], [65.77787019527706, 38.45197566412471], [65.60045661553688, 38.84363556565992], [65.42107967654735, 39.235024138897074], [65.23969100207105, 39.626134503179074], [65.05624085809758, 40.016959575179484], [64.87067810427112, 40.40749206120238], [64.68295014337659, 40.797724449146216], [64.4930028687989, 41.18764900011476], [64.30078060986652, 41.57725773965757], [64.10622607498594, 41.96654244862104], [63.9092802924706, 42.35549465359075], [63.7098825489623, 42.7441056169041], [63.50797032534007, 43.13236632621134], [63.30347923000589, 43.52026748356196], [63.09634292943253, 43.907799493991966], [62.88649307585398, 44.29495245358629], [62.67385923197355, 44.68171613698905], [62.45836879256033, 45.06807998433301], [62.23994690279874, 45.45403308755778], [62.018516373251344, 45.839564176084686], [61.79399759128902, 46.22466160181449], [61.56630842883787, 46.6093133234121], [61.335364146285734, 46.99350688984044], [61.10107729238705, 47.37722942310344], [60.86335759999768, 47.76046760015607], [60.6221118774674, 48.14320763393664], [60.37724389551115, 48.525435253474186], [60.12865426937594, 48.90713568302115], [59.876240336114805, 49.28829362015886], [59.61989602677442, 49.668893212819754], [59.35951173329954, 50.04891803516798], [59.09497416995271, 50.428351062276185], [58.826166229045086, 50.80717464353275], [58.552966830771965, 51.185370474710524], [58.27525076694469, 51.56291956862382], [57.992888538410625, 51.939802224296606], [57.70574618595357, 52.31599799456064], [57.41368511447009, 52.69148565199772], [57.11656191022051, 53.066243153135645], [56.814228150960915, 53.44024760080274], [56.50653020877088, 53.81347520454078], [56.19330904540349, 54.18590123897063], [55.87440000000001, 54.5575]]}, "properties": {"fa_flight_id": "AZS3002-1612073297-adhoc-0", "registration": NaN, "ident": "AZS3002", "ident_icao": "AZS3002", "origin_code": "L 15.43533 73.87629", "origin_city": "Dabolim", "destination_code": "UWUU", "destination_city": "Ufa", "scheduled_out": NaN, "estimated_out": NaN, "actual_out": NaN, "scheduled_off": "2021-01-31T06:09:22Z", "estimated_off": "2021-01-31T06:09:22Z", "actual_off": "2021-01-31T06:09:22Z", "scheduled_on": NaN, "estimated_on": "2021-01-31T12:37:48Z", "actual_on": "2021-01-31T12:37:48Z", "scheduled_in": NaN, "estimated_in": NaN, "actual_in": NaN, "status": "Arrived", "route_distance": NaN, "diverted": false, "cancelled": false, "simplified_departure_date": "2021-01-31", "origin_coords": [15.43533, 73.87629], "destination_coords": [54.5575, 55.8744], "is_same_city": false}}, {"type": "Feature", "geometry": {"type": "LineString", "coordinates": [[55.87440000000001, 54.5575], [56.19448124164782, 54.18569270236359], [56.508850520301806, 53.81305204497868], [56.817673211299876, 53.439603935523934], [57.12110904640325, 53.06537329499162], [57.41931232646745, 52.69038410182717], [57.71243212650707, 52.31465943389565], [58.00061249330603, 51.93822150838637], [58.283992635741704, 51.56109171976191], [58.56270710800328, 51.18329067585198], [58.83688598589491, 50.80483823218802], [59.10665503642051, 50.42575352466956], [59.3721358808526, 50.04605500064847], [59.63344615148975, 49.66576044851286], [59.89069964230917, 49.28488702584849], [60.14400645372055, 48.90345128625091], [60.39347313162619, 48.52146920485833], [60.63920280099024, 48.13895620267087], [60.88129529411735, 47.75592716971915], [61.11984727383687, 47.37239648714088], [61.35495235178504, 46.988378048221996], [61.58670120197317, 46.60388527845503], [61.815181669824746, 46.218931154665064], [62.04047887685942, 45.83352822325086], [62.26267532119666, 45.447688617585946], [62.48185097404656, 45.061424074622465], [62.6980833723494, 44.67474595073783], [62.91144770772102, 44.287665236862544], [63.12201691185434, 43.90019257292511], [63.32986173852335, 43.51233826164825], [63.53505084232932, 43.12411228172885], [63.737650854324585, 42.735524300432004], [63.93772645464345, 42.34658368562852], [64.13534044226553, 41.957299517302886], [64.33055380203062, 41.567680598558155], [64.52342576902095, 41.177735466141925], [64.71401389042072, 40.78747240051703], [64.90237408495909, 40.39689943549898], [65.08856070003795, 40.006024367480926], [65.27262656664206, 39.61485476426623], [65.45462305212436, 39.223397973527256], [65.63460011095631, 38.83166113090825], [65.81260633352814, 38.439651167789336], [65.98868899308151, 38.04737481872738], [66.16289409085248, 37.65483862858937], [66.33526639949994, 37.2620489593922], [66.50584950489154, 36.869011996863016], [66.67468584631526, 36.47573375673282], [66.8418167551829, 36.08222009077587], [67.00728249228806, 35.688476692606315], [67.17112228367867, 35.29450910324363], [67.33337435520201, 34.90032271645687], [67.49407596577677, 34.50592278389827], [67.6532634394451, 34.11131442003542], [67.81097219625501, 33.71650260689118], [67.96723678202117, 33.32149219860005], [68.12209089701034, 32.92628792578899], [68.27556742359533, 32.530894399790796], [68.42769845292, 32.135316116696956], [68.57851531061529, 31.739557461257693], [68.72804858160514, 31.343622710635373], [68.87632813403935, 30.947516038017874], [69.02338314238838, 30.55124151609817], [69.16924210973434, 30.15480312042561], [69.31393288929036, 29.75820473263471], [69.45748270517939, 29.361450143556517], [69.59991817250214, 28.96454305621777], [69.74126531672276, 28.567487088732417], [69.88154959239915, 28.17028577709025], [70.02079590128427, 27.772942577846994], [70.15902860982342, 27.37546087071973], [70.29627156607124, 26.977843961092155], [70.4325481160516, 26.58009508243289], [70.5678811195822, 26.182217398630858], [70.70229296558502, 25.784214006250963], [70.83580558690278, 25.386087936713498], [70.96844047464096, 24.987842158400365], [71.10021869205357, 24.58947957869112], [71.23116088799092, 24.191003045931772], [71.36128730992617, 23.792415351339027], [71.49061781657727, 23.393719230842674], [71.6191718901399, 22.99491736686858], [71.74696864814649, 22.596012390064768], [71.87402685496616, 22.197006880972783], [72.00036493295889, 21.79790337164672], [72.126000973298, 21.398704347221862], [72.2509527464733, 20.99941224743511], [72.37523771248759, 20.600029468098974], [72.498873030758, 20.200558362531225], [72.62187556973423, 19.80100124294176], [72.74426191624393, 19.401360381778577], [72.86604838457636, 19.00163801303441], [72.98725102531432, 18.601836333515593], [73.10788563392397, 18.20195750407481], [73.2279677591123, 17.802003650808985], [73.34751271096107, 17.401976866223873], [73.46653556884607, 17.001879210366663], [73.58505118915015, 16.601712711927842], [73.70307421277812, 16.2014793693136], [73.82061907248142, 15.801181151689988], [73.9377, 15.40082]]}, "properties": {"fa_flight_id": "RA76846-1611996550-adhoc-0", "registration": NaN, "ident": "AZS3001", "ident_icao": "AZS3001", "origin_code": "UWUU", "origin_city": "Ufa", "destination_code": "L 15.40082 73.93770", "destination_city": "Dabolim", "scheduled_out": NaN, "estimated_out": NaN, "actual_out": NaN, "scheduled_off": "2021-01-30T09:19:10Z", "estimated_off": "2021-01-30T09:01:10Z", "actual_off": "2021-01-30T09:01:10Z", "scheduled_on": NaN, "estimated_on": NaN, "actual_on": "2021-01-30T09:01:10Z", "scheduled_in": NaN, "estimated_in": NaN, "actual_in": NaN, "status": "result unknown", "route_distance": NaN, "diverted": false, "cancelled": false, "simplified_departure_date": "2021-01-30", "origin_coords": [54.5575, 55.8744], "destination_coords": [15.40082, 73.9377], "is_same_city": false}}, {"type": "Feature", "geometry": {"type": "LineString", "coordinates": [[42.52454000000001, 33.45374], [42.66535264694052, 33.37926068266347], [42.80592404377705, 33.304622645657936], [42.946254775906944, 33.22982660970263], [43.086345432606414, 33.154873293497566], [43.22619660696497, 33.07976341371816], [43.36580889582037, 33.00449768501038], [43.505182899694155, 32.92907681998579], [43.64431922272776, 32.85350152921707], [43.78321847261914, 32.77777252123359], [43.921881260559935, 32.70189050251728], [44.06030820117331, 32.62585617749869], [44.19849991245219, 32.549670248553234], [44.33645701569813, 32.47333341599768], [44.47418013546082, 32.39684637808681], [44.611669899477945, 32.32020983101029], [44.74892693861581, 32.24342446888974], [44.88595188681038, 32.16649098377599], [45.02274538100896, 32.08941006564658], [45.159308061112334, 32.01218240240334], [45.29564056991757, 31.93480867987029], [45.431743553061295, 31.8572895817916], [45.56761765896353, 31.779625789829844], [45.70326353877212, 31.70181798356433], [45.83868184630762, 31.62386684048975], [45.97387323800889, 31.54577303601479], [46.10883837287902, 31.46753724346116], [46.24357791243197, 31.389160134062603], [46.37809252063972, 31.310642376964164], [46.512382863879886, 31.231984639221626], [46.64644961088394, 31.15318758580106], [46.780293432685966, 31.07425187957855], [46.91391500257192, 30.995178181340183], [47.04731499602947, 30.915967149781974], [47.180494090698325, 30.836619441510198], [47.313452966321115, 30.75713571104167], [47.446192304694755, 30.67751661080433], [47.57871278962247, 30.59776279113784], [47.71101510686617, 30.51787490029445], [47.84309994409944, 30.43785358443991], [47.97496799086107, 30.35769948765458], [48.10661993850901, 30.277413251934675], [48.23805648017498, 30.196995517193614], [48.36927831071946, 30.116446921263556], [48.50028612668725, 30.03576809989701], [48.6310806262635, 29.954959686768646], [48.761662509230355, 29.874022313477123], [48.89203247692397, 29.792956609547225], [49.02219123219209, 29.711763202431907], [49.15213947935211, 29.630442717514637], [49.28187792414965, 29.54899577811178], [49.41140727371763, 29.46742300547511], [49.540728236535735, 29.385725018794435], [49.66984152239057, 29.303902435200367], [49.79874784233609, 29.22195586976715], [49.92744790865459, 29.139885935515704], [50.05594243481826, 29.057693243416622], [50.18423213545106, 28.97537840239343], [50.31231772629119, 28.892942019325865], [50.44019992415396, 28.81038469905324], [50.56787944689516, 28.72770704437803], [50.69535701337491, 28.644909656069387], [50.8226333434219, 28.561993132866938], [50.94970915779818, 28.4789580714845], [51.07658517816435, 28.39580506661404], [51.2032621270452, 28.31253471092965], [51.32974072779579, 28.229147595091607], [51.45602170456807, 28.145644307750576], [51.5821057822778, 28.062025435551888], [51.70799368657201, 27.978291563139845], [51.833686143796875, 27.89444327316218], [51.95918388096598, 27.81048114627461], [52.08448762572909, 27.72640576114536], [52.2095981063413, 27.642217694459944], [52.3345160516326, 27.55791752092586], [52.45924219097787, 27.47350581327743], [52.583777254267346, 27.3889831422808], [52.70812197187742, 27.304350076738807], [52.83227707464189, 27.21960718349617], [52.9562432938236, 27.13475502744453], [53.08002136108655, 27.04979417152773], [53.20361200846833, 26.964725176747038], [53.32701596835295, 26.879548602166537], [53.45023397344414, 26.79426500491852], [53.573266756738974, 26.70887494020896], [53.696115051501934, 26.623378961323066], [53.818779591239306, 26.53777761963086], [53.94126110967398, 26.45207146459288], [54.06356034072069, 26.36626104376589], [54.185678018461516, 26.28034690280863], [54.30761487712183, 26.1943295854877], [54.42937165104665, 26.108209633683455], [54.550949074677234, 26.021987587395902], [54.6723478825282, 25.935663984750768], [54.79356880916483, 25.84923936200554], [54.91461258918096, 25.762714253555515], [55.03547995717691, 25.67608919194006], [55.156171647738105, 25.589364707848727], [55.27668839541377, 25.502541330127542], [55.39703093469616, 25.415619585785326], [55.5172, 25.328599999999998]]}, "properties": {"fa_flight_id": "AZS6004-1613059199-adhoc-0", "registration": NaN, "ident": "AZS6004", "ident_icao": "AZS6004", "origin_code": "L 33.45374 42.52454", "origin_city": "Al Anbar", "destination_code": "OMSJ", "destination_city": "Sharjah", "scheduled_out": NaN, "estimated_out": NaN, "actual_out": NaN, "scheduled_off": "2021-02-11T16:06:46Z", "estimated_off": "2021-02-11T16:06:46Z", "actual_off": "2021-02-11T16:06:46Z", "scheduled_on": NaN, "estimated_on": "2021-02-11T18:26:52Z", "actual_on": "2021-02-11T16:06:46Z", "scheduled_in": NaN, "estimated_in": NaN, "actual_in": NaN, "status": "result unknown", "route_distance": NaN, "diverted": false, "cancelled": false, "simplified_departure_date": "2021-02-11", "origin_coords": [33.45374, 42.52454], "destination_coords": [25.3286, 55.5172], "is_same_city": false}}, {"type": "Feature", "geometry": {"type": "LineString", "coordinates": [[55.5172, 25.328599999999998], [55.396101292952174, 25.414447420763032], [55.2748301383438, 25.50019548565452], [55.15338582434364, 25.585843668579816], [55.03176763922306, 25.67139144166085], [54.909974871377564, 25.75683827523037], [54.788006809348566, 25.842183637826313], [54.665862741845686, 25.92742699618627], [54.543541957769214, 26.01256781524186], [54.42104374623304, 26.097605558113262], [54.298367396587814, 26.182539686103844], [54.17551219844461, 26.267369658694697], [54.05247744169876, 26.352094933539387], [53.92926241655427, 26.436714966458645], [53.80586641354833, 26.521229211435227], [53.682288723576455, 26.605637120608698], [53.55852863791777, 26.689938144270425], [53.43458544826081, 26.774131730858528], [53.31045844672964, 26.85821732695295], [53.186146925910286, 26.942194377270567], [53.06165017887768, 27.026062324660387], [52.936967499222874, 27.109820610098787], [52.81209818108071, 27.193468672684862], [52.687041519157745, 27.277005949635814], [52.561796808760796, 27.360431876282433], [52.43636334582563, 27.44374588606463], [52.310740426946204, 27.526947410527065], [52.184927349404255, 27.610035879314847], [52.05892341119929, 27.693010720169337], [51.93272791107896, 27.775871358923965], [51.8063401485699, 27.85861721950021], [51.67975942400893, 27.94124772390359], [51.55298503857461, 28.023762292219832], [51.42601629431939, 28.106160342610963], [51.298852494201974, 28.18844129131173], [51.17149294212022, 28.270604552625862], [51.04393694294442, 28.352649538922563], [50.91618380255106, 28.434575660633126], [50.78823282785693, 28.516382326247513], [50.66008332685373, 28.598068942311127], [50.531734608643006, 28.67963491342168], [50.40318598347174, 28.76107964222609], [50.274436762768076, 28.842402529417587], [50.14548625917777, 28.92360297373281], [50.016333786600896, 29.004680371949068], [49.88697866022908, 29.085634118881707], [49.757420196583176, 29.166463607381605], [49.62765771355134, 29.247168228332676], [49.49769053042769, 29.327747370649618], [49.36751796795121, 29.4082004212757], [49.237139348345366, 29.488526765180634], [49.10655399535793, 29.568725785358655], [48.975761234301494, 29.648796862826686], [48.84476039209427, 29.728739376622514], [48.71355079730149, 29.808552703803283], [48.58213178017714, 29.888236219443957], [48.450502672706364, 29.96778929663597], [48.318662808648114, 30.047211306486], [48.18661152357844, 30.12650161811486], [48.05434815493419, 30.205659598656567], [47.92187204205722, 30.28468461325742], [47.78918252623905, 30.36357602507541], [47.656278950766065, 30.442333195279563], [47.523160660965104, 30.520955483049587], [47.38982700424969, 30.59944224557553], [47.25627733016653, 30.677792838057716], [47.12251099044275, 30.756006613706674], [46.98852733903346, 30.83408292374337], [46.85432573216985, 30.91202111739945], [46.71990552840784, 30.98982054191774], [46.585266088677095, 31.067480542552858], [46.45040677633076, 31.145000462571957], [46.31532695719543, 31.222379643255668], [46.18002599962183, 31.299617423899203], [46.04450327453591, 31.37671314181356], [45.90875815549047, 31.453666132327026], [45.772790018717224, 31.530475728786662], [45.6365982431795, 31.607141262560123], [45.500182210625304, 31.68366206303755], [45.36354130564104, 31.76003745763368], [45.22667491570559, 31.836266771790136], [45.08958243124496, 31.91234932897785], [44.95226324568758, 31.988284450699712], [44.81471675551985, 32.06407145649339], [44.676942360342366, 32.13970966393432], [44.538939462926656, 32.21519838863894], [44.40070746927241, 32.29053694426797], [44.26224578866517, 32.36572464253012], [44.123553833734576, 32.440760793185724], [43.984631020513156, 32.5156447040508], [43.845476768495566, 32.59037568100116], [43.706090500698366, 32.66495302797682], [43.56647164372038, 32.73937604698649], [43.42661962780338, 32.81364403811246], [43.2865338868935, 32.88775629951545], [43.14621385870304, 32.961712127439974], [43.00565898477278, 33.035510816219556], [42.86486871053483, 33.10915165828252], [42.72384248537599, 33.18263394415775], [42.58257976270163, 33.25595696248075], [42.44108, 33.329119999999996]]}, "properties": {"fa_flight_id": "AZS6003-1613039847-adhoc-0", "registration": NaN, "ident": "AZS6003", "ident_icao": "AZS6003", "origin_code": "OMSJ", "origin_city": "Sharjah", "destination_code": "L 33.32912 42.44108", "destination_city": "Al Anbar", "scheduled_out": NaN, "estimated_out": NaN, "actual_out": NaN, "scheduled_off": "2021-02-11T10:37:28Z", "estimated_off": "2021-02-11T10:37:28Z", "actual_off": "2021-02-11T10:37:28Z", "scheduled_on": NaN, "estimated_on": NaN, "actual_on": "2021-02-11T10:37:28Z", "scheduled_in": NaN, "estimated_in": NaN, "actual_in": NaN, "status": "result unknown", "route_distance": NaN, "diverted": false, "cancelled": false, "simplified_departure_date": "2021-02-11", "origin_coords": [25.3286, 55.5172], "destination_coords": [33.32912, 42.44108], "is_same_city": false}}, {"type": "Feature", "geometry": {"type": "LineString", "coordinates": [[42.552519999999994, 33.82323999999999], [42.69366768028314, 33.74508720061035], [42.834558092017645, 33.66677408139536], [42.975191939665514, 33.588301407538175], [43.115569931290835, 33.50966994179725], [43.25569277848713, 33.430880444503146], [43.3955611963056, 33.351933673555614], [43.535175903183976, 33.272830384421006], [43.67453762087615, 33.19357133012975], [43.813647074382466, 33.11415726127422], [43.95250499188075, 33.03458892600675], [44.091112104658066, 32.95486707003786], [44.229469147043105, 32.87499243663473], [44.367576856339376, 32.79496576661988], [44.505435972759045, 32.714787798370125], [44.64304723935747, 32.6344592678156], [44.780411401968436, 32.55398090843912], [44.91752920914016, 32.47335345127575], [45.05440141207186, 32.3925776249124], [45.1910287645511, 32.311654155487865], [45.32741202289186, 32.230583766692945], [45.46355194587316, 32.149367179770636], [45.59944929467852, 32.06800511351677], [45.735104832836, 31.9864982842806], [45.87051932615898, 31.904847405965732], [46.00569354268752, 31.82305319003116], [46.14062825263051, 31.741116345492475], [46.275324228308435, 31.65903757892331], [46.40978224409681, 31.576817594456866], [46.544003076370224, 31.494457093787705], [46.677987503447184, 31.411956776173657], [46.81173630553545, 31.32931733843789], [46.94525026467814, 31.246539474971136], [47.07853016470045, 31.163623877734132], [47.211576791156986, 31.080571236260152], [47.344390931279776, 30.997382237657696], [47.476973373926945, 30.914057566613405], [47.60932490953197, 30.83059790539502], [47.74144633005356, 30.74700393385459], [47.87333842892624, 30.663276329431707], [48.005002001011505, 30.57941576715702], [48.1364378425496, 30.495422919655752], [48.267646751111876, 30.41129845715147], [48.39862952555386, 30.327043047469893], [48.52938696596886, 30.242657356042887], [48.65991987364217, 30.1581420459126], [48.7902290510059, 30.073497777735664], [48.92031530159442, 29.98872520978759], [49.05017943000031, 29.903824997967202], [49.1798222418311, 29.8187977958013], [49.30924454366627, 29.733644254449356], [49.43844714301514, 29.64836502270835], [49.56743084827522, 29.562960747017716], [49.69619646869108, 29.477432071464413], [49.82474481431379, 29.391779637788098], [49.95307669596109, 29.30600408538638], [50.08119292517786, 29.22010605132024], [50.20909431419738, 29.134086170319495], [50.336781675903, 29.04794507478835], [50.46425582379039, 28.961683394811157], [50.59151757193036, 28.875301758158137], [50.71856773493218, 28.78880079029127], [50.84540712790746, 28.702181114370255], [50.97203656643453, 28.615443351258612], [51.098456866523435, 28.528588119529758], [51.22466884458127, 28.4416160354733], [51.35067331737822, 28.35452771310133], [51.47647110201404, 28.26732376415482], [51.60206301588499, 28.180004798110122], [51.72744987665135, 28.092571422185546], [51.852632502205395, 28.00502424134796], [51.97761171063988, 27.917363858319536], [52.102388320216996, 27.829590873584536], [52.22696314933787, 27.741705885396183], [52.351337016512424, 27.653709489783594], [52.475510740329895, 27.56560228055877], [52.59948513942961, 27.477384849323702], [52.72326103247242, 27.389057785477483], [52.84683923811252, 27.300621676223518], [52.9702205749697, 27.2120771065768], [53.09340586160209, 27.123424659371228], [53.21639591647939, 27.034664915267008], [53.33919155795644, 26.945798452758087], [53.46179360424737, 26.856825848179678], [53.58420287340009, 26.76774767571579], [53.70642018327125, 26.678564507406858], [53.82844635150163, 26.589276913157416], [53.95028219549194, 26.4998854607438], [54.071928532379076, 26.41039071582195], [54.1933861790128, 26.32079324193516], [54.314655951932735, 26.23109360052202], [54.43573866734594, 26.141292350924243], [54.55663514110467, 26.051390050394712], [54.67734618868483, 25.9613872541054], [54.79787262516453, 25.87128451515544], [54.918215265203195, 25.781082384579207], [55.03837492302106, 25.690781411354436], [55.15835241237905, 25.600382142410368], [55.27814854655891, 25.50988512263597], [55.39776413834397, 25.41929089488815], [55.5172, 25.328599999999998]]}, "properties": {"fa_flight_id": "AZS6002-1612956315-adhoc-0", "registration": NaN, "ident": "AZS6002", "ident_icao": "AZS6002", "origin_code": "L 33.82324 42.55252", "origin_city": "Al Anbar", "destination_code": "OMSJ", "destination_city": "Sharjah", "scheduled_out": NaN, "estimated_out": NaN, "actual_out": NaN, "scheduled_off": "2021-02-10T11:32:00Z", "estimated_off": "2021-02-10T11:32:00Z", "actual_off": "2021-02-10T11:32:00Z", "scheduled_on": NaN, "estimated_on": NaN, "actual_on": "2021-02-10T11:32:00Z", "scheduled_in": NaN, "estimated_in": NaN, "actual_in": NaN, "status": "result unknown", "route_distance": NaN, "diverted": false, "cancelled": false, "simplified_departure_date": "2021-02-10", "origin_coords": [33.82324, 42.55252], "destination_coords": [25.3286, 55.5172], "is_same_city": false}}, {"type": "Feature", "geometry": {"type": "LineString", "coordinates": [[55.5172, 25.328599999999998], [55.39601210165276, 25.414636190189803], [55.274651247447146, 25.500572877252722], [55.15311672129519, 25.58640953315361], [55.03140780719977, 25.672145628061546], [54.90952378927623, 25.757780630344037], [54.787463951774264, 25.843314006561247], [54.665227579100254, 25.928745221460396], [54.54281395583984, 26.01407373797008], [54.420222366780834, 26.099299017194713], [54.29745209693665, 26.18442051840906], [54.17450243156986, 26.269437699052695], [54.05137265621631, 26.35435001472468], [53.92806205670941, 26.439156919178206], [53.804569919204965, 26.52385786431529], [53.68089553020627, 26.608452300181547], [53.55703817658954, 26.692939674961103], [53.43299714562985, 26.77731943497144], [53.3087717250273, 26.86159102465838], [53.184361202933644, 26.94575388659116], [53.059764867979325, 27.02980746145749], [52.93498200930073, 27.113751188058774], [52.81001191656809, 27.19758450330535], [52.68485388001354, 27.28130684221178], [52.55950719045969, 27.364917637892276], [52.433971139348564, 27.448416321556177], [52.308245018770904, 27.531802322503452], [52.18232812149598, 27.61507506812038], [52.05621974100162, 27.698233983875195], [51.92991917150489, 27.781278493313902], [51.80342570799295, 27.864208018056154], [51.67673864625446, 27.947021977791152], [51.549857282911354, 28.02971979027373], [51.42278091545108, 28.11230087132047], [51.29550884225918, 28.194764634805864], [51.16804036265239, 28.277110492658664], [51.04037477691208, 28.359337854858257], [50.91251138631814, 28.44144612943113], [50.78444949318337, 28.523434722447487], [50.65618840088825, 28.605303038017883], [50.527727413916075, 28.68705047829001], [50.39906583788873, 28.768676443445592], [50.2702029796027, 28.85018033169733], [50.14113814706561, 28.931561539285973], [50.01187064953326, 29.01281946047754], [49.882399797547016, 29.09395348756057], [49.75272490297176, 29.17496301084352], [49.62284527903421, 29.25584741865229], [49.49276024036169, 29.33660609732783], [49.36246910302147, 29.41723843122388], [49.23197118456046, 29.4977438027048], [49.101265804045426, 29.578121592143557], [48.97035228210367, 29.658371177919772], [48.83922994096408, 29.73849193641797], [48.7078981044989, 29.818483242025867], [48.57635609826568, 29.898344467132866], [48.44460324954988, 29.978074982128586], [48.31263888740798, 30.057674155401617], [48.18046234271088, 30.137141353338297], [48.04807294818806, 30.21647594032176], [47.915470038471966, 30.29567727873099], [47.78265295014302, 30.374744728940055], [47.64962102177512, 30.453677649317534], [47.51637359398159, 30.53247539622601], [47.38291000946167, 30.6111373240217], [47.24922961304743, 30.689662785054345], [47.11533175175124, 30.76805112966709], [46.981215774813755, 30.84630170619664], [46.84688103375233, 30.92441386097346], [46.71232688240999, 31.002386938322257], [46.57755267700491, 31.080220280562465], [46.44255777618036, 31.157913228009036], [46.3073415410552, 31.235465118973277], [46.17190333527485, 31.312875289763898], [46.03624252506276, 31.39014307468824], [45.90035847927249, 31.46726780605362], [45.76425056944014, 31.5442488141689], [45.62791816983741, 31.62108542734618], [45.491360657525156, 31.6977769719027], [45.35457741240744, 31.77432277216288], [45.2175678172861, 31.85072215046057], [45.080331257915816, 31.926974427141463], [44.94286712305976, 32.0030789205657], [44.805174804545736, 32.07903494711066], [44.66725369732272, 32.1548418211739], [44.52910319951812, 32.230498855176386], [44.39072271249544, 32.306005359565745], [44.25211164091246, 32.38136064281989], [44.113269392779934, 32.456564011450745], [43.97419537952087, 32.53161477000814], [43.834889016030296, 32.60651222108403], [43.695349720735486, 32.68125566531676], [43.55557691565677, 32.7558444013957], [43.4155700264689, 32.8302777260659], [43.275328482562806, 32.90455493413315], [43.13485171710801, 32.97867531846915], [42.994139167115435, 33.052638170016856], [42.85319027350083, 33.12644277779614], [42.71200448114867, 33.200088428909645], [42.57058123897651, 33.27357440854876], [42.42892, 33.3469]]}, "properties": {"fa_flight_id": "AZS6001-1612938095-adhoc-0", "registration": NaN, "ident": "AZS6001", "ident_icao": "AZS6001", "origin_code": "OMSJ", "origin_city": "Sharjah", "destination_code": "L 33.34690 42.42892", "destination_city": "Al Anbar", "scheduled_out": NaN, "estimated_out": NaN, "actual_out": NaN, "scheduled_off": "2021-02-10T06:21:52Z", "estimated_off": "2021-02-10T06:21:52Z", "actual_off": "2021-02-10T06:21:52Z", "scheduled_on": NaN, "estimated_on": NaN, "actual_on": "2021-02-10T06:21:52Z", "scheduled_in": NaN, "estimated_in": NaN, "actual_in": NaN, "status": "result unknown", "route_distance": NaN, "diverted": false, "cancelled": false, "simplified_departure_date": "2021-02-10", "origin_coords": [25.3286, 55.5172], "destination_coords": [33.3469, 42.42892], "is_same_city": false}}, {"type": "Feature", "geometry": {"type": "LineString", "coordinates": [[55.99292, 22.253080000000004], [55.98871715838578, 22.283601611828946], [55.98451248142024, 22.31412311543912], [55.98030596551953, 22.34464451061882], [55.976097607094594, 22.375165797156043], [55.971887402551225, 22.40568697483847], [55.96767534829001, 22.436208043453483], [55.96346144070627, 22.46672900278813], [55.95924567619014, 22.497249852629178], [55.955028051126526, 22.527770592763055], [55.950808561894995, 22.558291222975893], [55.94658720486994, 22.588811743053512], [55.9423639764204, 22.619332152781418], [55.93813887291014, 22.64985245194479], [55.93391189069764, 22.6803726403285], [55.92968302613599, 22.710892717717105], [55.92545227557301, 22.74141268389484], [55.9212196353511, 22.771932538645633], [55.91698510180735, 22.802452281753073], [55.91274867127347, 22.832971913000453], [55.908510340075736, 22.863491432170726], [55.904270104535016, 22.894010839046533], [55.9000279609668, 22.924530133410197], [55.89578390568112, 22.95504931504371], [55.89153793498256, 22.98556838372874], [55.887290045170246, 23.01608733924664], [55.883040232537795, 23.046606181378422], [55.87878849337339, 23.077124909904782], [55.874534823959664, 23.1076435246061], [55.87027922057376, 23.138162025262407], [55.86602167948727, 23.168680411653412], [55.86176219696623, 23.199198683558492], [55.85750076927117, 23.229716840756723], [55.853237392656965, 23.260234883026797], [55.84897206337295, 23.29075281014711], [55.84470477766287, 23.32127062189573], [55.84043553176482, 23.351788318050367], [55.836164321911255, 23.38230589838841], [55.83189114432902, 23.412823362686904], [55.827615995239285, 23.44334071072257], [55.82333887085753, 23.47385794227178], [55.81905976739357, 23.504375057110586], [55.81477868105148, 23.53489205501468], [55.81049560802967, 23.56540893575942], [55.80621054452075, 23.595925699119825], [55.80192348671165, 23.62644234487058], [55.7976344307835, 23.656958872786024], [55.79334337291166, 23.68747528264014], [55.78905030926567, 23.717991574206575], [55.78475523600933, 23.748507747258646], [55.78045814930055, 23.779023801569302], [55.776159045291465, 23.809539736911148], [55.771857920128284, 23.840055553056455], [55.76755476995144, 23.87057124977714], [55.7632495908954, 23.90108682684476], [55.758942379088815, 23.931602284030536], [55.754633130654355, 23.96211762110532], [55.750321841708775, 23.992632837839636], [55.74600850836297, 24.023147934003635], [55.74169312672176, 24.053662909367123], [55.73737569288407, 24.084177763699554], [55.733056202942834, 24.114692496770008], [55.72873465298495, 24.145207108347236], [55.72441103909132, 24.1757215981996], [55.72008535733682, 24.206235966095143], [55.71575760379027, 24.23675021180151], [55.71142777451443, 24.267264335086004], [55.707095865565975, 24.297778335715563], [55.702761872995495, 24.32829221345677], [55.69842579284746, 24.35880596807583], [55.69408762116023, 24.389319599338602], [55.689747353966, 24.419833107010557], [55.68540498729084, 24.450346490856838], [55.68106051715461, 24.480859750642168], [55.67671393957103, 24.51137288613096], [55.67236525054757, 24.541885897087205], [55.66801444608553, 24.572398783274565], [55.66366152217992, 24.6029115444563], [55.659306474819516, 24.633424180395327], [55.654949299986875, 24.66393669085417], [55.650589993658194, 24.69444907559499], [55.64622855180343, 24.724961334379568], [55.64186497038621, 24.755473466969306], [55.637499245363806, 24.785985473125244], [55.633131372687174, 24.816497352608035], [55.62876134830088, 24.847009105177953], [55.624389168143125, 24.87752073059488], [55.620014828145734, 24.908032228618357], [55.61563832423408, 24.9385435990075], [55.61125965232713, 24.969054841521068], [55.60687880833739, 24.99956595591743], [55.602495788170955, 25.030076941954572], [55.598110587727355, 25.060587799390092], [55.5937232028997, 25.091098527981206], [55.58933362957456, 25.12160912748474], [55.58494186363198, 25.15211959765713], [55.58054790094546, 25.182629938254422], [55.57615173738194, 25.21314014903229], [55.57175336880178, 25.24365022974598], [55.56735279105875, 25.274160180150396], [55.56295, 25.30467]]}, "properties": {"fa_flight_id": "AZS9102-1612770387-adhoc-0", "registration": NaN, "ident": "AZS9102", "ident_icao": "AZS9102", "origin_code": "L 22.25308 55.99292", "origin_city": "Eastern Province", "destination_code": "L 25.30467 55.56295", "destination_city": "Sharjah", "scheduled_out": NaN, "estimated_out": NaN, "actual_out": NaN, "scheduled_off": "2021-02-08T08:29:55Z", "estimated_off": "2021-02-08T08:29:55Z", "actual_off": "2021-02-08T08:29:55Z", "scheduled_on": NaN, "estimated_on": NaN, "actual_on": "2021-02-08T08:29:55Z", "scheduled_in": NaN, "estimated_in": NaN, "actual_in": NaN, "status": "result unknown", "route_distance": NaN, "diverted": false, "cancelled": false, "simplified_departure_date": "2021-02-08", "origin_coords": [22.25308, 55.99292], "destination_coords": [25.30467, 55.56295], "is_same_city": false}}, {"type": "Feature", "geometry": {"type": "LineString", "coordinates": [[51.315, 25.117300000000004], [51.37083240101513, 25.088221125929014], [51.42663826574783, 25.059121369179422], [51.4824176228795, 25.03000076727292], [51.53817050115544, 25.00085935770086], [51.59389692938454, 24.971697177924273], [51.649596936438954, 24.942514265373834], [51.705270551253754, 24.913310657449795], [51.760917802826604, 24.88408639152201], [51.816538720217444, 24.854841504929876], [51.87213333254816, 24.82557603498228], [51.9277016690022, 24.796290018957638], [51.98324375882434, 24.76698349410381], [52.03875963132029, 24.73765649763808], [52.094249315856416, 24.70830906674718], [52.14971284185936, 24.678941238587196], [52.205150238815776, 24.649553050283572], [52.26056153627195, 24.6201445389311], [52.31594676383353, 24.59071574159388], [52.37130595116519, 24.561266695305285], [52.42663912799032, 24.531797437067965], [52.48194632409066, 24.502308003853802], [52.53722756930604, 24.472798432603902], [52.59248289353406, 24.443268760228545], [52.64771232672973, 24.413719023607204], [52.70291589890519, 24.384149259588497], [52.7580936401294, 24.35455950499017], [52.81324558052784, 24.32494979659909], [52.86837175028214, 24.29532017117119], [52.923472179629826, 24.265670665431507], [52.978546898863996, 24.236001316074102], [53.033595938333015, 24.206312159762085], [53.08861932844018, 24.176603233127572], [53.143617099643485, 24.14687457277168], [53.19858928245524, 24.117126215264516], [53.253535907441766, 24.087358197145132], [53.308457005223175, 24.057570554921544], [53.36335260647297, 24.02776332507069], [53.41822274191783, 23.997936544038428], [53.47306744233724, 23.968090248239506], [53.52788673856322, 23.93822447405757], [53.58268066148005, 23.908339257845142], [53.637449242023926, 23.878434635923583], [53.6921925111827, 23.84851064458311], [53.746910499995565, 23.818567320082778], [53.80160323955278, 23.78860469865045], [53.85627076099537, 23.758622816482795], [53.910913095514815, 23.72862170974528], [53.965530274352766, 23.698601414572174], [54.020122328800795, 23.66856196706648], [54.074689290200034, 23.638503403300003], [54.12923118994096, 23.60842575931327], [54.183748059463056, 23.57832907111557], [54.23823993025454, 23.54821337468491], [54.292706833852094, 23.51807870596804], [54.34714880184055, 23.48792510088041], [54.401565865852646, 23.457752595306182], [54.45595805756871, 23.42756122509822], [54.51032540871639, 23.397351026078084], [54.56466795107038, 23.367122034036008], [54.61898571645213, 23.33687428473092], [54.673278736729564, 23.30660781389042], [54.72754704381682, 23.276322657210752], [54.78179066967399, 23.246018850356844], [54.836009646306785, 23.215696428962293], [54.89020400576629, 23.18535542862932], [54.94437378014872, 23.154995884928802], [54.998519001595106, 23.12461783340028], [55.05263970229105, 23.094221309551905], [55.10673591446645, 23.063806348860492], [55.16080767039519, 23.03337298677149], [55.21485500239494, 23.002921258698958], [55.268877942826855, 22.9724512000256], [55.32287652409529, 22.941962846102765], [55.376850778647544, 22.911456232250398], [55.43080073897363, 22.880931393757105], [55.48472643760597, 22.850388365880086], [55.53862790711914, 22.819827183845195], [55.59250518012962, 22.789247882846905], [55.646358289295534, 22.75865049804829], [55.70018726731638, 22.728035064581103], [55.75399214693276, 22.697401617545697], [55.80777296092614, 22.66675019201104], [55.86152974211859, 22.63608082301477], [55.91526252337257, 22.605393545563135], [55.968971337590546, 22.57468839463103], [56.0226562177149, 22.543965405161988], [56.07631719672755, 22.513224612068196], [56.12995430764977, 22.482466050230492], [56.1835675835419, 22.451689754498336], [56.23715705750311, 22.420895759689884], [56.29072276267116, 22.390084100591938], [56.344264732222136, 22.359254811959953], [56.39778299937022, 22.328407928518082], [56.45127759736741, 22.297543484959153], [56.504748559503284, 22.26666151594464], [56.55819591910483, 22.235762056104765], [56.61161970953608, 22.20484514003841], [56.665019964197946, 22.17391080231317], [56.71839671652795, 22.142959077465356], [56.77175, 22.11199]]}, "properties": {"fa_flight_id": "AZS9101-1612756960-adhoc-0", "registration": NaN, "ident": "AZS9101", "ident_icao": "AZS9101", "origin_code": "OTBH", "origin_city": "Doha", "destination_code": "L 22.11199 56.77175", "destination_city": "Al Masna'ah", "scheduled_out": NaN, "estimated_out": NaN, "actual_out": NaN, "scheduled_off": "2021-02-08T04:02:40Z", "estimated_off": "2021-02-08T04:02:40Z", "actual_off": "2021-02-08T04:02:40Z", "scheduled_on": NaN, "estimated_on": NaN, "actual_on": "2021-02-08T04:02:40Z", "scheduled_in": NaN, "estimated_in": NaN, "actual_in": NaN, "status": "result unknown", "route_distance": NaN, "diverted": false, "cancelled": false, "simplified_departure_date": "2021-02-08", "origin_coords": [25.1173, 51.315], "destination_coords": [22.11199, 56.77175], "is_same_city": false}}, {"type": "Feature", "geometry": {"type": "LineString", "coordinates": [[56.35364, 25.20133], [56.303230614349694, 25.201334782007244], [56.25282123181416, 25.201322476967917], [56.20241186654256, 25.201293084895], [56.15200253268395, 25.20124660581948], [56.1015932443873, 25.2011830397904], [56.05118401580135, 25.20110238687479], [56.00077486107459, 25.201004647157735], [55.950365794355235, 25.200889820742304], [55.89995682979108, 25.200757907749626], [55.849547981529525, 25.20060890831882], [55.79913926371746, 25.200442822607044], [55.748730690501226, 25.20025965078947], [55.69832227602656, 25.200059393059284], [55.647914034438536, 25.19984204962769], [55.5975059798815, 25.199607620723935], [55.54709812649897, 25.19935610659524], [55.49669048843367, 25.199087507506874], [55.44628307982739, 25.198801823742112], [55.39587591482093, 25.198499055602234], [55.3454690075541, 25.198179203406543], [55.29506237216563, 25.197842267492355], [55.24465602279304, 25.19748824821498], [55.19424997357271, 25.197117145947757], [55.14384423863973, 25.19672896108202], [55.09343883212784, 25.196323694027114], [55.04303376816946, 25.195901345210387], [54.99262906089548, 25.19546191507719], [54.94222472443537, 25.195005404090864], [54.891820772916965, 25.19453181273277], [54.84141722046652, 25.194041141502254], [54.791014081208594, 25.19353339091666], [54.740611369266, 25.193008561511324], [54.690209098759766, 25.192466653839574], [54.63980728380902, 25.191907668472727], [54.58940593853103, 25.191331606000098], [54.539005077041026, 25.19073846702897], [54.48860471345223, 25.19012825218463], [54.43820486187577, 25.189500962110316], [54.38780553642058, 25.188856597467275], [54.33740675119341, 25.188195158934708], [54.287008520298734, 25.1875166472098], [54.236610857838656, 25.186821063007713], [54.186213777912926, 25.186108407061553], [54.13581729461881, 25.185378680122422], [54.08542142205106, 25.184631882959355], [54.03502617430189, 25.18386801635937], [53.984631565460845, 25.183087081127425], [53.93423760961478, 25.182289078086452], [53.883844320847814, 25.1814740080773], [53.833451713241246, 25.1806418719588], [53.78305980087351, 25.1797926706077], [53.73266859782012, 25.178926404918723], [53.68227811815359, 25.178043075804492], [53.63188837594338, 25.177142684195577], [53.58149938525587, 25.176225231040494], [53.531111160154246, 25.175290717305664], [53.480723714698485, 25.17433914397545], [53.4303370629453, 25.17337051205211], [53.37995121894802, 25.17238482255584], [53.32956619675662, 25.171382076524758], [53.27918201041758, 25.170362275014845], [53.22879867397388, 25.169325419100048], [53.17841620146491, 25.16827150987216], [53.12803460692645, 25.167200548440896], [53.07765390439054, 25.16611253593387], [53.0272741078855, 25.165007473496562], [52.97689523143587, 25.16388536229235], [52.92651728906223, 25.16274620350249], [52.87614029478133, 25.161589998326114], [52.82576426260584, 25.160416747980214], [52.77538920654446, 25.15922645369966], [52.72501514060174, 25.158019116737186], [52.674642078778085, 25.156794738363363], [52.62427003506969, 25.155553319866634], [52.57389902346841, 25.154294862553275], [52.52352905796184, 25.153019367747415], [52.47316015253313, 25.151726836791013], [52.42279232116099, 25.150417271043867], [52.372425577819605, 25.1490906718836], [52.32205993647862, 25.14774704070565], [52.271695411102975, 25.146386378923278], [52.22133201565302, 25.145008687967557], [52.17096976408428, 25.143613969287358], [52.12060867034753, 25.14220222434937], [52.07024874838866, 25.140773454638058], [52.01989001214861, 25.139327661655688], [51.96953247556338, 25.137864846922316], [51.91917615256393, 25.136385011975758], [51.868821057076126, 25.134888158371616], [51.81846720302064, 25.133374287683264], [51.768114604313, 25.13184340150182], [51.71776327486341, 25.130295501436173], [51.667413228576784, 25.128730589112948], [51.61706447935264, 25.12714866617653], [51.56671704108506, 25.125549734289024], [51.5163709276626, 25.12393379513028], [51.466026152968304, 25.122300850397867], [51.41568273087957, 25.120650901807064], [51.36534067526813, 25.118983951090875], [51.315, 25.117300000000004]]}, "properties": {"fa_flight_id": "AZS9100-1612747774-adhoc-0", "registration": NaN, "ident": "AZS9100", "ident_icao": "AZS9100", "origin_code": "L 25.20133 56.35364", "origin_city": "Fujairah", "destination_code": "OTBH", "destination_city": "Doha", "scheduled_out": NaN, "estimated_out": NaN, "actual_out": NaN, "scheduled_off": "2021-02-08T01:33:15Z", "estimated_off": "2021-02-08T01:33:15Z", "actual_off": "2021-02-08T01:33:15Z", "scheduled_on": NaN, "estimated_on": NaN, "actual_on": "2021-02-08T02:35:56Z", "scheduled_in": NaN, "estimated_in": NaN, "actual_in": NaN, "status": "Arrived", "route_distance": NaN, "diverted": false, "cancelled": false, "simplified_departure_date": "2021-02-08", "origin_coords": [25.20133, 56.35364], "destination_coords": [25.1173, 51.315], "is_same_city": false}}, {"type": "Feature", "geometry": {"type": "LineString", "coordinates": [[47.96889999999999, 29.226699999999997], [48.05557138407094, 29.18811016829746], [48.14217752814579, 29.14946455880743], [48.22871849066731, 29.11076330177746], [48.31519433060762, 29.072006527344953], [48.401605107464995, 29.033194365536517], [48.48795088126074, 28.994326946267176], [48.57423171253613, 28.955404399339702], [48.66044766234926, 28.916426854443895], [48.74659879227197, 28.877394441155875], [48.832685164386675, 28.838307288937468], [48.91870684128344, 28.799165527135436], [49.00466388605671, 28.75996928498085], [49.09055636230239, 28.720718691588445], [49.17638433411467, 28.681413875955933], [49.262147866083076, 28.64205496696336], [49.347847023289326, 28.602642093372463], [49.433481871304345, 28.563175383826046], [49.51905247618521, 28.523654966847335], [49.60455890447214, 28.484080970839376], [49.69000122318547, 28.444453524084395], [49.77537949982266, 28.404772754743217], [49.86069380235524, 28.365038790854666], [49.94594419922591, 28.32525176033493], [50.031130759345466, 28.285411790977022], [50.11625355208989, 28.2455190104502], [50.20131264729732, 28.205573546299348], [50.28630811526521, 28.16557552594447], [50.37124002674719, 28.125525076680056], [50.4561084529503, 28.08542232567464], [50.540913465532014, 28.04526739997013], [50.62565513659724, 28.005060426481364], [50.71033353869547, 27.964801531995523], [50.79494874481791, 27.924490843171647], [50.87950082839447, 27.88412848654006], [50.96398986329101, 27.84371458850194], [51.048415923806324, 27.803249275328707], [51.132779084669394, 27.762732673161636], [51.21707942103643, 27.722164908011283], [51.30131700848811, 27.681546105757022], [51.38549192302666, 27.640876392146573], [51.46960424107304, 27.600155892795552], [51.55365403946414, 27.55938473318693], [51.63764139544998, 27.518563038670663], [51.72156638669081, 27.477690934463162], [51.80542909125447, 27.43676854564689], [51.889229587613436, 27.39579599716992], [51.97296795464216, 27.354773413845454], [52.05664427161427, 27.313700920351465], [52.140258618199795, 27.27257864123022], [52.223811074462404, 27.231406700887852], [52.30730172085672, 27.19018522359403], [52.390730638225556, 27.148914333481446], [52.474097907797194, 27.107594154545513], [52.557403611182664, 27.06622481064389], [52.64064783037309, 27.024806425496173], [52.723830647736946, 26.983339122683457], [52.806952146017395, 26.94182302564798], [52.890012408329675, 26.900258257692755], [52.9730115181583, 26.858644941981208], [53.05594955935456, 26.816983201536832], [53.13882661613379, 26.77527315924279], [53.221642773072745, 26.73351493784165], [53.30439811510704, 26.691708659934967], [53.38709272752847, 26.649854447982968], [53.469726695982416, 26.607952424304283], [53.55230010646531, 26.566002711075523], [53.634813045322, 26.524005430331055], [53.717265599243206, 26.48196070396262], [53.79965785526292, 26.43986865371909], [53.881989900755926, 26.397729401206092], [53.96426182343519, 26.35554306788581], [54.046473711349364, 26.3133097750766], [54.128625652880295, 26.271029643952776], [54.21071773674042, 26.228702795544294], [54.292750051970394, 26.186329350736475], [54.374722687936476, 26.143909430269787], [54.45663573432816, 26.10144315473953], [54.53848928115562, 26.05893064459558], [54.62028341874732, 26.016372020142178], [54.70201823774752, 25.97376740153767], [54.78369382911382, 25.931116908794216], [54.86531028411485, 25.888420661777637], [54.94686769432768, 25.84567878020711], [55.02836615163556, 25.802891383655005], [55.10980574822545, 25.760058591546603], [55.19118657658564, 25.71718052315993], [55.27250872950343, 25.67425729762553], [55.35377230006266, 25.631289033926247], [55.43497738164147, 25.58827585089704], [55.516124067909885, 25.545217867224782], [55.5972124528275, 25.502115201448074], [55.678242630641165, 25.458967971957062], [55.75921469588265, 25.415776296993236], [55.84012874336637, 25.372540294649276], [55.92098486818712, 25.329260082868885], [56.00178316571769, 25.2859357794466], [56.0825237316067, 25.24256750202764], [56.16320666177629, 25.19915536810776], [56.243832052419904, 25.1556994950331], [56.3244, 25.1122]]}, "properties": {"fa_flight_id": "RA76846-1613624894-adhoc-0", "registration": NaN, "ident": "AZS9008", "ident_icao": "AZS9008", "origin_code": "OKBK", "origin_city": NaN, "destination_code": "OMFJ", "destination_city": "Fujairah", "scheduled_out": NaN, "estimated_out": NaN, "actual_out": NaN, "scheduled_off": "2021-02-18T05:38:14Z", "estimated_off": "2021-02-18T05:16:33Z", "actual_off": "2021-02-18T05:16:33Z", "scheduled_on": "2021-02-18T07:07:31Z", "estimated_on": "2021-02-18T06:45:50Z", "actual_on": "2021-02-18T06:45:50Z", "scheduled_in": NaN, "estimated_in": NaN, "actual_in": NaN, "status": "Arrived", "route_distance": NaN, "diverted": false, "cancelled": false, "simplified_departure_date": "2021-02-18", "origin_coords": [29.2267, 47.9689], "destination_coords": [25.1122, 56.3244], "is_same_city": false}}, {"type": "Feature", "geometry": {"type": "LineString", "coordinates": [[65.80017999999998, 28.105269999999994], [65.62437871015811, 28.127970348524016], [65.44850330427707, 28.15044633410835], [65.2725544189613, 28.17269765076666], [65.09653269469115, 28.194723995181747], [64.92043877579658, 28.216525066720795], [64.74427331043067, 28.23810056745034], [64.56803695054246, 28.259450202151246], [64.39173035184957, 28.28057367833363], [64.2153541738104, 28.301470706251582], [64.03890907959591, 28.32214099891786], [63.862395736061025, 28.34258427211846], [63.685814813715666, 28.36280024442708], [63.50916698669531, 28.382788637219484], [63.33245293273138, 28.40254917468777], [63.15567333312093, 28.42208158385453], [62.978828872696276, 28.441385594586855], [62.80192023979403, 28.460460939610304], [62.62494812622381, 28.479307354522692], [62.447913227236675, 28.497924577807808], [62.27081624149303, 28.516312350848974], [62.09365787103025, 28.53447041794255], [61.916438821229995, 28.552398526311233], [61.73915980078498, 28.570096426117313], [61.561821521665614, 28.58756387047575], [61.38442469908602, 28.604800615467155], [61.206970051469995, 28.621806420150634], [61.02945830041636, 28.638581046576487], [60.85189017066406, 28.65512425979884], [60.67426639005696, 28.671435827888015], [60.4965876895082, 28.687515521942935], [60.31885480296433, 28.703363116103272], [60.141068467368946, 28.71897838756145], [59.96322942262611, 28.734361116574632], [59.78533841156344, 28.749511086476417], [59.607396179894806, 28.764428083688493], [59.42940347618275, 28.779111897732115], [59.25136105180049, 28.793562321239424], [59.07326966089381, 28.807779149964677], [58.89513006034237, 28.82176218279522], [58.71694300972095, 28.835511221762445], [58.53870927126018, 28.849026072052467], [58.36042960980713, 28.86230654201675], [58.1821047927855, 28.875352443182532], [58.00373559015556, 28.888163590263094], [57.825322774373724, 28.900739801167862], [57.646867120352006, 28.91308089701242], [57.46836940541697, 28.925186702128215], [57.28983040926856, 28.937057044072315], [57.111250913938605, 28.948691753636783], [56.93263170374906, 28.960090664858054], [56.75397356526991, 28.971253615026033], [56.57527728727698, 28.982180444693125], [56.39654366070928, 28.99287099768302], [56.21777347862624, 29.003325121099326], [56.03896753616469, 29.01354266533408], [55.86012663049547, 29.023523484076016], [55.681251560780005, 29.033267434318695], [55.50234312812636, 29.04277437636851], [55.323402135545464, 29.052044173852387], [55.14442938790665, 29.06107669372548], [54.96542569189337, 29.06987180627853], [54.786391855958456, 29.078429385145128], [54.60732869027926, 29.086749307308843], [54.42823700671253, 29.094831453110036], [54.24911761874922, 29.102675706252604], [54.06997134146892, 29.110281953810546], [53.89079899149428, 29.117650086234224], [53.71160138694505, 29.124779997356622], [53.53237934739214, 29.13167158439924], [53.353133693811394, 29.13832474797793], [53.17386524853718, 29.14473939210851], [52.99457483521593, 29.150915424212123], [52.81526327875935, 29.15685275512058], [52.635931405297654, 29.162551299081247], [52.456580042132536, 29.168010973762044], [52.27721001769003, 29.173231700256], [52.09782216147327, 29.1782134030858], [51.918417304015044, 29.182956010208], [51.73899627683034, 29.187459453017173], [51.559559912368634, 29.19172366634976], [51.38010904396616, 29.19574858848778], [51.200644505798046, 29.19953416116237], [51.02116713283037, 29.20308032955704], [50.84167776077203, 29.206387042310855], [50.662177226026714, 29.209454251521308], [50.48266636564455, 29.212281912747066], [50.3031460172738, 29.214869985010512], [50.12361701911257, 29.217218430800067], [49.94408020986025, 29.21932721607233], [49.764536428669054, 29.221196310254015], [49.58498651509544, 29.222825686243713], [49.40543130905146, 29.224215320413414], [49.22587165075617, 29.225365192609857], [49.04630838068684, 29.226275286155712], [48.86674233953029, 29.2269455878505], [48.68717436813413, 29.227376087971347], [48.507605307457915, 29.22756678027355], [48.32803599852442, 29.227517661990948], [48.14846728237085, 29.22722873383605], [47.96889999999999, 29.226699999999997]]}, "properties": {"fa_flight_id": "AZS9007-1613555035-adhoc-0", "registration": NaN, "ident": "AZS9007", "ident_icao": "AZS9007", "origin_code": "L 28.10527 65.80018", "origin_city": "Quetta", "destination_code": "OKBK", "destination_city": NaN, "scheduled_out": NaN, "estimated_out": NaN, "actual_out": NaN, "scheduled_off": "2021-02-17T11:04:50Z", "estimated_off": "2021-02-17T11:04:50Z", "actual_off": "2021-02-17T11:04:50Z", "scheduled_on": NaN, "estimated_on": "2021-02-17T14:23:58Z", "actual_on": "2021-02-17T14:23:58Z", "scheduled_in": NaN, "estimated_in": NaN, "actual_in": NaN, "status": "Arrived", "route_distance": NaN, "diverted": false, "cancelled": false, "simplified_departure_date": "2021-02-17", "origin_coords": [28.10527, 65.80018], "destination_coords": [29.2267, 47.9689], "is_same_city": false}}, {"type": "Feature", "geometry": {"type": "LineString", "coordinates": [[55.5172, 25.328599999999998], [55.64886354505535, 25.42442966099446], [55.780736487921615, 25.520141821137504], [55.91281980724204, 25.615735785833877], [56.0451144818317, 25.71121085781188], [56.17762149064515, 25.80656633711311], [56.310341812743395, 25.901801521082085], [56.4432764272603, 25.99691570435614], [56.57642631336841, 26.091908178855263], [56.70979245024402, 26.186778233772124], [56.84337581703183, 26.281525155562054], [56.97717739280875, 26.37614822793328], [57.11119815654724, 26.47064673183711], [57.24543908707794, 26.56501994545831], [57.37990116305155, 26.659267144205458], [57.514585362900256, 26.753387600701583], [57.64949266479831, 26.847380584774676], [57.78462404662208, 26.94124536344851], [57.91998048590927, 27.03498120093343], [58.05556295981767, 27.1285873586173], [58.19137244508296, 27.22206309505657], [58.32740991797609, 27.31540766596745], [58.46367635425968, 27.40862032421716], [58.60017272914401, 27.501700319815352], [58.73690001724203, 27.594646899905662], [58.873859192523824, 27.68745930875729], [59.01105122827027, 27.78013678775683], [59.148477097025975, 27.872678575400155], [59.28613777055152, 27.965083907284424], [59.42403421977491, 28.057352016100317], [59.562167414742284, 28.14948213162427], [59.7005383245679, 28.24147348071098], [59.839147917383244, 28.333325287285966], [59.9779971602856, 28.425036772338323], [60.11708701928555, 28.516607153913625], [60.256418459253965, 28.608035647106934], [60.39599244386803, 28.699321464056048], [60.53580993555652, 28.790463813934814], [60.67587189544433, 28.88146190294671], [60.81617928329612, 28.972314934318472], [60.95673305745923, 29.063022108294003], [61.097534174805695, 29.15358262212839], [61.238583590673485, 29.243995670082107], [61.379882258806916, 29.334260443415403], [61.52143113129624, 29.424376130382903], [61.66323115851629, 29.514341916228346], [61.805283289064455, 29.604156983179514], [61.94758846969767, 29.693820510443437], [62.09014764526853, 29.78333167420167], [62.23296175866072, 29.872689647605867], [62.37603175072331, 29.96189360077356], [62.51935856020443, 30.050942700784038], [62.662943123683874, 30.139836111674597], [62.80678637550498, 30.228572994436878], [62.950889247705454, 30.317152507013475], [63.09525266994742, 30.40557380429481], [63.239877569446556, 30.49383603811615], [63.38476487090028, 30.581938357254877], [63.52991549641506, 30.66987990742809], [63.675330365432735, 30.75765983129028], [63.821010394656085, 30.845277268431435], [63.96695649797331, 30.93273135537522], [64.11316958638159, 31.020021225577537], [64.25965056790994, 31.107146009425286], [64.40640034754072, 31.19410483423537], [64.55341982713064, 31.280896824254], [64.70070990533047, 31.36752110065633], [64.84827147750401, 31.453976781546135], [64.9961054356461, 31.540262981956115], [65.1442126682995, 31.626378813848163], [65.29259406047103, 31.712323386114107], [65.44125049354659, 31.79809580457668], [65.59018284520528, 31.88369517199079], [65.73939198933257, 31.969120588045094], [65.88887879593241, 32.054371149363895], [66.03864413103851, 32.13944594950933], [66.18868885662448, 32.22434407898385], [66.3390138305131, 32.309064625233084], [66.48961990628455, 32.39360667264897], [66.64050793318376, 32.477969302573214], [66.79167875602658, 32.56215159330117], [66.94313321510518, 32.6461526200859], [67.0948721460923, 32.72997145514273], [67.24689637994459, 32.81360716765411], [67.39920674280494, 32.89705882377474], [67.55180405590382, 32.980325486637184], [67.7046891354596, 33.06340621635777], [67.85786279257796, 33.14630007004284], [68.0113258331502, 33.229006101795534], [68.1650790577506, 33.31152336272262], [68.31912326153285, 33.39385090094214], [68.47345923412536, 33.47598776159105], [68.6280877595257, 33.55793298683352], [68.783009615994, 33.639685615869475], [68.93822557594535, 33.721244684943656], [69.09373640584121, 33.802609227355006], [69.24954286607992, 33.883778273466476], [69.40564571088599, 33.96475085071532], [69.56204568819884, 34.04552598362376], [69.71874353956004, 34.126102693810026], [69.87574, 34.206480000000006]]}, "properties": {"fa_flight_id": "RA76846-1613537284-adhoc-0", "registration": NaN, "ident": "AZS9006", "ident_icao": "AZS9006", "origin_code": "OMSJ", "origin_city": "Sharjah", "destination_code": "L 34.20648 69.87574", "destination_city": "Jalalabad", "scheduled_out": NaN, "estimated_out": NaN, "actual_out": NaN, "scheduled_off": "2021-02-17T05:18:04Z", "estimated_off": "2021-02-17T04:48:55Z", "actual_off": "2021-02-17T04:48:55Z", "scheduled_on": NaN, "estimated_on": NaN, "actual_on": "2021-02-17T04:48:55Z", "scheduled_in": NaN, "estimated_in": NaN, "actual_in": NaN, "status": "result unknown", "route_distance": NaN, "diverted": false, "cancelled": false, "simplified_departure_date": "2021-02-17", "origin_coords": [25.3286, 55.5172], "destination_coords": [34.20648, 69.87574], "is_same_city": false}}, {"type": "Feature", "geometry": {"type": "LineString", "coordinates": [[42.72274999999999, 33.4907], [42.86148529085659, 33.4156505416958], [42.99998075097661, 33.34044693070126], [43.1382369890818, 33.26508987241592], [43.27625461739864, 33.189580070180035], [43.41403425159517, 33.113918225270766], [43.55157651071872, 33.03810503689831], [43.68888201713387, 32.962141202202496], [43.825951396461164, 32.88602741624938], [43.96278527751635, 32.80976437202813], [44.09938429225021, 32.73335276044817], [44.235749075688844, 32.656793270336365], [44.37188026587468, 32.580086588434526], [44.5077785038079, 32.50323339939706], [44.643444433388495, 32.42623438578884], [44.77887870135891, 32.349090228083156], [44.914081957247156, 32.27180160466002], [45.04905485331059, 32.19436919180451], [45.1837980444801, 32.11679366370533], [45.31831218830506, 32.03907569245361], [45.452597944898606, 31.961215948041755], [45.586655976883684, 31.883215098362584], [45.72048694933941, 31.8050738092086], [45.85409152974826, 31.726792744271375], [45.98747038794349, 31.648372565141173], [46.12062419605742, 31.569813931306694], [46.25355362847002, 31.491117500154985], [46.3862593617582, 31.412283926971515], [46.518742074645424, 31.333313864940383], [46.65100244795221, 31.254207965144733], [46.78304116454681, 31.17496687656724], [46.914858909296626, 31.0955912460908], [47.046456369020106, 31.016081718499372], [47.17783423243922, 30.936438936478922], [47.30899319013228, 30.85666354061854], [47.43993393448758, 30.776756169411684], [47.570657159657316, 30.696717459257556], [47.701163561512125, 30.616548044462668], [47.83145383759608, 30.536248557242427], [47.961528687082335, 30.455819627722963], [48.09138881072915, 30.375261883943057], [48.22103491083641, 30.294575951856128], [48.35046769120283, 30.21376245533248], [48.47968785708345, 30.132822016161484], [48.608696115147765, 30.0517552540541], [48.737493173438324, 29.97056278664533], [48.8660797413298, 29.889245229496915], [48.994456529488566, 29.80780319610005], [49.1226242498328, 29.726237297878292], [49.250583615493035, 29.64454814419056], [49.37833534077318, 29.56273634233418], [49.50588014111207, 29.480802497548158], [49.63321873304548, 29.398747213016428], [49.76035183416858, 29.316571089871324], [49.88728016309893, 29.234274727197036], [50.01400443943989, 29.151858722033282], [50.1405253837445, 29.06932366937902], [50.266843717479865, 28.986670162196205], [50.392960162991955, 28.903898791413773], [50.51887544347088, 28.821010145931602], [50.64459028291662, 28.738004812624602], [50.770105406105266, 28.65488337634696], [50.89542153855557, 28.571646419936293], [51.02053940649606, 28.48829452421815], [51.145459736832564, 28.404828268010363], [51.27018325711618, 28.32124822812762], [51.39471069551163, 28.237554979386054], [51.51904278076612, 28.153749094607946], [51.6431802421786, 28.069831144626495], [51.76712380956945, 27.985801698290686], [51.890874213250505, 27.901661322470183], [52.01443218399575, 27.81741058206035], [52.13779845301207, 27.733050039987322], [52.26097375191074, 27.648580257213144], [52.383958812679154, 27.56400179274099], [52.50675436765295, 27.479315203620448], [52.62936114948869, 27.394521044952885], [52.7517798911367, 27.309619869896828], [52.87401132581457, 27.22461222967347], [52.99605618698082, 27.139498673572227], [53.11791520830917, 27.054279748956315], [53.239589123662945, 26.968956001268456], [53.361078667070124, 26.883527974036543], [53.48238457269857, 26.797996208879507], [53.603507574831795, 26.712361245513087], [53.72444840784491, 26.626623621755762], [53.8452078061812, 26.540783873534703], [53.96578650432878, 26.454842534891775], [54.08618523679785, 26.368800137989567], [54.206404738098236, 26.282657213117535], [54.32644574271716, 26.19641428869814], [54.44630898509764, 26.11007189129306], [54.565995199616935, 26.02363054560943], [54.685505120565566, 25.93709077450614], [54.804839482126596, 25.850453099000198], [54.92399901835524, 25.763718038273097], [55.04298446315883, 25.67688610967724], [55.16179655027714, 25.589957828742417], [55.280436013262985, 25.502933709182344], [55.398903585463195, 25.415814262901133], [55.5172, 25.328599999999998]]}, "properties": {"fa_flight_id": "AZS6008-1613389222-adhoc-0", "registration": NaN, "ident": "AZS6008", "ident_icao": "AZS6008", "origin_code": "L 33.49070 42.72275", "origin_city": "Al Anbar", "destination_code": "OMSJ", "destination_city": "Sharjah", "scheduled_out": NaN, "estimated_out": NaN, "actual_out": NaN, "scheduled_off": "2021-02-15T11:46:29Z", "estimated_off": "2021-02-15T11:46:29Z", "actual_off": "2021-02-15T11:46:29Z", "scheduled_on": NaN, "estimated_on": "2021-02-15T14:00:47Z", "actual_on": "2021-02-15T14:00:47Z", "scheduled_in": NaN, "estimated_in": NaN, "actual_in": NaN, "status": "Arrived", "route_distance": NaN, "diverted": false, "cancelled": false, "simplified_departure_date": "2021-02-15", "origin_coords": [33.4907, 42.72275], "destination_coords": [25.3286, 55.5172], "is_same_city": false}}, {"type": "Feature", "geometry": {"type": "LineString", "coordinates": [[55.5172, 25.328599999999998], [55.395508266817004, 25.41423447327233], [55.27364367464614, 25.49976861615371], [55.15160551472797, 25.58520189871677], [55.02939307846859, 25.670533789251444], [54.90700565746171, 25.75576375425938], [54.78444254351113, 25.840891258448494], [54.661703028653484, 25.92591576472754], [54.53878640518132, 26.010836734200726], [54.41569196566668, 26.095653626162377], [54.292419002984786, 26.180365898091743], [54.16896681033833, 26.264973005647725], [54.04533468128192, 26.349474402663787], [53.921521909746986, 26.433869541142855], [53.797527790067065, 26.518157871252306], [53.6733516170034, 26.60233884131904], [53.54899268577086, 26.68641189782454], [53.424450292064414, 26.770376485400128], [53.299723732085766, 26.85423204682215], [53.17481230257046, 26.93797802300733], [53.049715300815414, 27.021613853008144], [52.92443202470676, 27.105138974008312], [52.79896177274809, 27.188552821318265], [52.6733038440891, 27.27185482837084], [52.547457538554596, 27.3550444267169], [52.421422156673906, 27.438121046021127], [52.2951969997108, 27.521084114057857], [52.16878136969356, 27.603933056707003], [52.0421745694457, 27.686667297950063], [51.91537590261693, 27.769286259866185], [51.788384673714624, 27.85178936262839], [51.66120018813564, 27.934176024499784], [51.533821752198556, 28.01644566182991], [51.406248673176385, 28.098597689051214], [51.278480259329605, 28.180631518675536], [51.15051581993969, 28.262546561290765], [51.022354665343045, 28.344342225557522], [50.89399610696532, 28.426017918205982], [50.76543945735625, 28.5075730440328], [50.63668403022482, 28.58900700589807], [50.50772914047497, 28.67031920472249], [50.37857410424157, 28.75150903948454], [50.24921823892709, 28.832575907217777], [50.1196608632384, 28.913519203008303], [49.989901297224364, 28.994338319992234], [49.859938862313456, 29.075032649353414], [49.729772881352304, 29.15560158032107], [49.5994026786443, 29.236044500167747], [49.46882757998882, 29.316360794207224], [49.338046912720905, 29.396549845792677], [49.20706000575139, 29.4766110363148], [49.075866189607446, 29.5565437452002], [48.94446479647366, 29.636347349909826], [48.81285516023351, 29.716021225937535], [48.68103661651137, 29.795564746808815], [48.549008502714905, 29.874977284079588], [48.416770158078016, 29.954258207335194], [48.28432092370422, 30.033406884189436], [48.151660142610496, 30.11242268028384], [48.01878715977163, 30.191304959287013], [47.88570132216501, 30.270053082894123], [47.75240197881598, 30.34866641082653], [47.61888848084354, 30.427144300831557], [47.4851601815066, 30.50548610868244], [47.35121643625085, 30.58369118817834], [47.217056602755825, 30.661758891144597], [47.082680040982765, 30.739688567433074], [46.94808611322273, 30.817479564922678], [46.81327418414536, 30.895131229519997], [46.67824362084803, 30.972642905160157], [46.5429937929056, 31.050013933807772], [46.40752407242051, 31.1272436554581], [46.271833834073554, 31.20433140813832], [46.13592245517502, 31.281276527909046], [45.99978931571634, 31.358078348865913], [45.863433798422314, 31.434736203141373], [45.72685528880378, 31.511249420906708], [45.590053175210784, 31.587617330374147], [45.45302684888627, 31.663839257799186], [45.31577570402024, 31.739914527483048], [45.178299137804494, 31.815842461775453], [45.040596550487805, 31.891622381077404], [44.90266734543158, 31.96725360384423], [44.76451092916612, 32.042735446588836], [44.62612671144726, 32.11806722388513], [44.48751410531369, 32.1932482483716], [44.34867252714454, 32.268277830755174], [44.2096013967177, 32.343155279815136], [44.07030013726853, 32.4178799024074], [43.93076817554907, 32.49245100346886], [43.791004941887785, 32.56686788602199], [43.651009870249815, 32.641129851179734], [43.51078239829772, 32.71523619815036], [43.37032196745274, 32.78918622424285], [43.22962802295651, 32.86297922487221], [43.088700013933355, 32.936614493565216], [42.94753739345299, 33.010091321966215], [42.80613961859384, 33.08340899984323], [42.664506150506725, 33.15656681509428], [42.52263645447915, 33.22956405375392], [42.38053, 33.30239999999999]]}, "properties": {"fa_flight_id": "AZS6007-1613369424-adhoc-0", "registration": NaN, "ident": "AZS6007", "ident_icao": "AZS6007", "origin_code": "OMSJ", "origin_city": "Sharjah", "destination_code": "L 33.30240 42.38053", "destination_city": "Al Anbar", "scheduled_out": NaN, "estimated_out": NaN, "actual_out": NaN, "scheduled_off": "2021-02-15T06:40:24Z", "estimated_off": "2021-02-15T06:16:17Z", "actual_off": "2021-02-15T06:16:17Z", "scheduled_on": NaN, "estimated_on": NaN, "actual_on": "2021-02-15T06:16:17Z", "scheduled_in": NaN, "estimated_in": NaN, "actual_in": NaN, "status": "result unknown", "route_distance": NaN, "diverted": false, "cancelled": false, "simplified_departure_date": "2021-02-15", "origin_coords": [25.3286, 55.5172], "destination_coords": [33.3024, 42.38053], "is_same_city": false}}, {"type": "Feature", "geometry": {"type": "LineString", "coordinates": [[54.5477, 24.2482], [54.548738412621084, 24.250156350263378], [54.54977685718668, 24.25211269347889], [54.55081533370054, 24.254069029645635], [54.55185384216648, 24.256025358762784], [54.55289238258827, 24.257981680829467], [54.55393095496967, 24.25993799584483], [54.55496955931448, 24.261894303808], [54.5560081956265, 24.263850604718126], [54.55704686390946, 24.26580689857435], [54.55808556416721, 24.267763185375813], [54.55912429640347, 24.269719465121646], [54.56016306062207, 24.271675737811], [54.56120185682676, 24.273632003443], [54.56224068502135, 24.275588262016807], [54.5632795452096, 24.277544513531538], [54.564318437395336, 24.279500757986348], [54.56535736158229, 24.28145699538037], [54.566396317774284, 24.283413225712742], [54.56743530597509, 24.285369448982607], [54.5684743261885, 24.287325665189112], [54.56951337841829, 24.289281874331373], [54.570552462668275, 24.29123807640855], [54.57159157894221, 24.293194271419768], [54.57263072724388, 24.295150459364176], [54.5736699075771, 24.29710664024091], [54.57470911994564, 24.299062814049105], [54.5757483643533, 24.301018980787905], [54.57678764080385, 24.302975140456446], [54.577826949301105, 24.304931293053865], [54.57886628984885, 24.3068874385793], [54.57990566245084, 24.308843577031887], [54.5809450671109, 24.310799708410777], [54.581984503832814, 24.31275583271509], [54.583023972620374, 24.314711949943977], [54.58406347347735, 24.31666806009657], [54.585103006407564, 24.318624163172007], [54.58614257141478, 24.320580259169432], [54.58718216850282, 24.322536348087976], [54.58822179767545, 24.324492429926767], [54.589261458936484, 24.326448504684965], [54.5903011522897, 24.3284045723617], [54.59134087773888, 24.330360632956094], [54.59238063528786, 24.332316686467305], [54.59342042494038, 24.334272732894462], [54.59446024670028, 24.33622877223669], [54.59550010057135, 24.338184804493142], [54.59653998655734, 24.34014082966295], [54.59757990466209, 24.342096847745253], [54.59861985488939, 24.344052858739175], [54.59965983724304, 24.346008862643878], [54.6006998517268, 24.34796485945847], [54.6017398983445, 24.349920849182105], [54.602779977099935, 24.35187683181392], [54.603820087996894, 24.35383280735304], [54.60486023103919, 24.355788775798604], [54.605900406230596, 24.357744737149762], [54.606940613574935, 24.35970069140563], [54.60798085307598, 24.361656638565364], [54.60902112473755, 24.36361257862808], [54.61006142856345, 24.36556851159293], [54.61110176455744, 24.367524437459046], [54.612142132723385, 24.369480356225555], [54.61318253306503, 24.3714362678916], [54.6142229655862, 24.37339217245631], [54.61526343029069, 24.375348069918832], [54.6163039271823, 24.37730396027829], [54.61734445626483, 24.379259843533827], [54.618385017542096, 24.381215719684572], [54.61942561101789, 24.383171588729663], [54.62046623669601, 24.385127450668236], [54.62150689458028, 24.38708330549943], [54.62254758467447, 24.389039153222363], [54.62358830698242, 24.390994993836188], [54.6246290615079, 24.392950827340034], [54.625669848254745, 24.394906653733038], [54.62671066722674, 24.396862473014316], [54.627751518427694, 24.398818285183033], [54.62879240186142, 24.400774090238304], [54.62983331753171, 24.402729888179262], [54.630874265442394, 24.404685679005045], [54.631915245597256, 24.406641462714795], [54.63295625800012, 24.408597239307632], [54.63399730265476, 24.410553008782692], [54.635038379565025, 24.412508771139127], [54.6360794887347, 24.414464526376044], [54.6371206301676, 24.4164202744926], [54.63816180386753, 24.418376015487915], [54.6392030098383, 24.420331749361125], [54.64024424808372, 24.422287476111368], [54.641285518607596, 24.42424319573777], [54.642326821413754, 24.42619890823947], [54.64336815650598, 24.428154613615597], [54.6444095238881, 24.430110311865285], [54.64545092356392, 24.432066002987668], [54.64649235553725, 24.43402168698188], [54.6475338198119, 24.43597736384705], [54.64857531639169, 24.437933033582315], [54.64961684528043, 24.43988869618681], [54.65065840648193, 24.441844351659654], [54.6517, 24.4438]]}, "properties": {"fa_flight_id": "AZS9003-1614762590-adhoc-0", "registration": NaN, "ident": "AZS9003", "ident_icao": "AZS9003", "origin_code": "OMAM", "origin_city": "Muqatra", "destination_code": "OMAA", "destination_city": "Abu Dhabi", "scheduled_out": NaN, "estimated_out": NaN, "actual_out": NaN, "scheduled_off": "2021-03-03T09:09:50Z", "estimated_off": "2021-03-03T09:09:50Z", "actual_off": "2021-03-03T09:09:50Z", "scheduled_on": "2021-03-03T09:25:19Z", "estimated_on": "2021-03-03T09:25:19Z", "actual_on": "2021-03-03T09:25:19Z", "scheduled_in": NaN, "estimated_in": NaN, "actual_in": NaN, "status": "Arrived", "route_distance": NaN, "diverted": false, "cancelled": false, "simplified_departure_date": "2021-03-03", "origin_coords": [24.2482, 54.5477], "destination_coords": [24.4438, 54.6517], "is_same_city": false}}, {"type": "Feature", "geometry": {"type": "LineString", "coordinates": [[56.12198, 21.64921], [56.106761758770176, 21.67495654839133], [56.09153808089993, 21.70070170893546], [56.07630895761839, 21.72644547931839], [56.061074380145726, 21.75218785722346], [56.045834339693215, 21.777928840331374], [56.03058882746313, 21.803668426320137], [56.0153378346488, 21.82940661286511], [56.000081352434535, 21.85514339763895], [55.98481937199568, 21.880878778311683], [55.96955188449852, 21.906612752550593], [55.954278881100294, 21.93234531802031], [55.93900035294922, 21.958076472382764], [55.92371629118443, 21.98380621329716], [55.90842668693593, 22.009534538420013], [55.89313153132466, 22.035261445405133], [55.87783081546243, 22.060986931903575], [55.86252453045191, 22.086710995563713], [55.84721266738658, 22.112433634031174], [55.83189521735082, 22.138154844948833], [55.81657217141975, 22.163874625956847], [55.80124352065931, 22.189592974692623], [55.78590925612622, 22.215309888790816], [55.77056936886797, 22.24102536588331], [55.75522384992278, 22.26673940359924], [55.73987269031957, 22.29245199956496], [55.72451588107805, 22.31816315140407], [55.70915341320851, 22.34387285673738], [55.69378527771202, 22.369581113182907], [55.67841146558027, 22.395287918355894], [55.663031967795554, 22.42099326986876], [55.64764677533085, 22.446697165331155], [55.632255879149724, 22.472399602349903], [55.616859270206334, 22.498100578529012], [55.60145693944542, 22.52380009146968], [55.58604887780222, 22.549498138770275], [55.570635076202635, 22.575194718026346], [55.55521552556298, 22.600889826830592], [55.53979021679011, 22.626583462772867], [55.524359140781385, 22.65227562344019], [55.50892228842463, 22.677966306416728], [55.49347965059812, 22.703655509283777], [55.47803121817056, 22.729343229619786], [55.4625769820011, 22.75502946500031], [55.447116932939295, 22.780714212998056], [55.431651061825036, 22.806397471182816], [55.41617935948864, 22.832079237121533], [55.40070181675076, 22.85775950837822], [55.385218424422376, 22.883438282514017], [55.36972917330478, 22.909115557087148], [55.35423405418958, 22.934791329652917], [55.33873305785866, 22.96046559776374], [55.32322617508418, 22.98613835896909], [55.30771339662852, 23.0118096108155], [55.29219471324433, 23.037479350846596], [55.27667011567441, 23.063147576603047], [55.26113959465184, 23.088814285622586], [55.24560314089981, 23.114479475439982], [55.23006074513171, 23.140143143587053], [55.21451239805104, 23.16580528759267], [55.19895809035147, 23.191465904982696], [55.183397812716734, 23.21712499328005], [55.16783155582066, 23.242782550004673], [55.1522593103272, 23.26843857267349], [55.1366810668903, 23.294093058800446], [55.12109681615397, 23.31974600589651], [55.10550654875223, 23.345397411469612], [55.089910255309114, 23.371047273024693], [55.07430792643864, 23.396695588063654], [55.0586995527448, 23.4223423540854], [55.04308512482148, 23.4479875685858], [55.02746463325256, 23.47363122905766], [55.01183806861183, 23.499273332990786], [54.99620542146292, 23.524913877871914], [54.98056668235939, 23.550552861184727], [54.96492184184465, 23.576190280409847], [54.94927089045192, 23.60182613302484], [54.93361381870429, 23.627460416504203], [54.917950617114606, 23.65309312831933], [54.90228127618554, 23.678724265938573], [54.886605786409525, 23.70435382682714], [54.87092413826874, 23.72998180844719], [54.85523632223508, 23.755608208257755], [54.83954232877018, 23.781233023714776], [54.823842148325355, 23.806856252271057], [54.80813577134162, 23.8324778913763], [54.792423188249614, 23.858097938477062], [54.77670438946967, 23.883716391016794], [54.76097936541169, 23.90933324643577], [54.74524810647523, 23.93494850217116], [54.729510603049384, 23.96056215565695], [54.71376684551285, 23.986174204323984], [54.69801682423388, 24.011784645599928], [54.682260529570236, 24.037393476909283], [54.666497951869204, 24.06300069567339], [54.650729081467574, 24.088606299310385], [54.63495390869158, 24.114210285235217], [54.619172423856966, 24.139812650859643], [54.60338461726889, 24.165413393592218], [54.587590479221895, 24.191012510838295], [54.57179000000001, 24.216609999999996]]}, "properties": {"fa_flight_id": "AZS9002-1614752030-adhoc-0", "registration": NaN, "ident": "AZS9002", "ident_icao": "AZS9002", "origin_code": "L 21.64921 56.12198", "origin_city": "Eastern Province", "destination_code": "L 24.21661 54.57179", "destination_city": "Muqatra", "scheduled_out": NaN, "estimated_out": NaN, "actual_out": NaN, "scheduled_off": "2021-03-03T07:03:14Z", "estimated_off": "2021-03-03T07:03:14Z", "actual_off": "2021-03-03T07:03:14Z", "scheduled_on": NaN, "estimated_on": NaN, "actual_on": "2021-03-03T07:03:14Z", "scheduled_in": NaN, "estimated_in": NaN, "actual_in": NaN, "status": "result unknown", "route_distance": NaN, "diverted": false, "cancelled": false, "simplified_departure_date": "2021-03-03", "origin_coords": [21.64921, 56.12198], "destination_coords": [24.21661, 54.57179], "is_same_city": false}}, {"type": "Feature", "geometry": {"type": "LineString", "coordinates": [[18.1111, 49.6963], [18.28655050168877, 49.61127406388426], [18.461389021158784, 49.525983893380804], [18.63561764884716, 49.44043120299972], [18.80923849084111, 49.35461769822165], [18.982253668350992, 49.26854507548385], [19.15466531719114, 49.182215022167874], [19.326475587268504, 49.095629216589344], [19.497686642079085, 49.00878932798903], [19.66830065821203, 48.92169701652578], [19.83831982486142, 48.834353933271025], [20.007746343345797, 48.7467617202048], [20.176582426635196, 48.65892201021339], [20.34483029888581, 48.57083642708839], [20.512492194982162, 48.48250658552731], [20.679570360086764, 48.39393409113561], [20.846067049197206, 48.30512054043002], [21.011984526710634, 48.21606752084346], [21.177325065995543, 48.12677661073097], [21.342090948970853, 48.03724937937732], [21.506284465692264, 47.947487387005545], [21.66990791394565, 47.85749218478695], [21.83296359884771, 47.767265314852224], [21.99545383245355, 47.67680831030373], [22.157380933371357, 47.58612269522897], [22.318747226383902, 47.49520998471521], [22.479555042077, 47.404071684865016], [22.639806716474684, 47.3127092928131], [22.799504590681238, 47.221124296743994], [22.958651010529756, 47.12931817591079], [23.117248326237444, 47.0372924006549], [23.275298892067347, 46.94504843242672], [23.43280506599664, 46.85258772380715], [23.589769209391317, 46.75991171853014], [23.74619368668712, 46.667021851506036], [23.902080865076833, 46.573919548845694], [24.05743311420376, 46.48060622788556], [24.212252805861294, 46.387083297213394], [24.366542313698538, 46.29335215669488], [24.520304012932, 46.199414197500914], [24.673540280063072, 46.1052708021356], [24.826253492601435, 46.01092334446498], [24.978446028794245, 45.916373189746416], [25.130120267360965, 45.82162169465867], [25.28127858723385, 45.72667020733251], [25.431923367304016, 45.63152006738205], [25.582056986172958, 45.53617260593656], [25.731681821909483, 45.44062914567294], [25.88080025181203, 45.344891000848676], [26.029414652176182, 45.24895947733534], [26.177527398067465, 45.15283587265261], [26.325140863099207, 45.05652147600278], [26.472257419215477, 44.960017568305666], [26.61887943647904, 44.86332542223413], [26.765009282864188, 44.76644630224979], [26.910649324054383, 44.669381464639436], [27.055801923244815, 44.57213215755153], [27.20046944094949, 44.47469962103339], [27.344654234813085, 44.37708508706853], [27.4883586594273, 44.27928977961437], [27.631585066151736, 44.18131491464045], [27.774335802939223, 44.08316170016666], [27.91661321416543, 43.9848313363021], [28.058419640462926, 43.88632501528396], [28.199757418559283, 43.78764392151685], [28.34062888111948, 43.68878923161228], [28.48103635659236, 43.589762114428446], [28.620982169061108, 43.49056373111017], [28.76046863809769, 43.39119523512919], [28.899498078621267, 43.2916577723245], [29.03807280076031, 43.191952480943], [29.176195109718677, 43.09208049168023], [29.313867305645193, 42.992042927721414], [29.451091683507094, 42.89184090478243], [29.587870532966882, 42.791475531151164], [29.72420613826284, 42.69094790772884], [29.86010077809291, 42.590259128071544], [29.9955567255021, 42.48941027843179], [30.130576247773124, 42.388402437800295], [30.26516160632042, 42.287236677947725], [30.399315056587348, 42.18591406346662], [30.53303884794661, 42.08443565181329], [30.666335223603777, 41.98280249334985], [30.799206420503843, 41.88101563138635], [30.931654669240846, 41.77907610222273], [31.06368219397044, 41.67698493519109], [31.195291212325344, 41.57474315269783], [31.32648393533359, 41.47235177026574], [31.457262567339715, 41.36981179657633], [31.587629305928566, 41.2671242335119], [31.717586341851842, 41.164290076197794], [31.847135858957277, 41.06131031304456], [31.976280034120425, 40.95818592579006], [32.10502103717899, 40.85491788954164], [32.23336103086962, 40.7515071728182], [32.36130217076717, 40.647954737592215], [32.48884660522641, 40.54426153933178], [32.61599647532597, 40.44042852704251], [32.74275391481472, 40.33645664330944], [32.86912105006031, 40.232346824338855], [32.995100000000015, 40.1281]]}, "properties": {"fa_flight_id": "AZS8009-1615198723-adhoc-0", "registration": NaN, "ident": "AZS8009", "ident_icao": "AZS8009", "origin_code": "LKMT", "origin_city": "Ostrava", "destination_code": "LTAC", "destination_city": "Ankara", "scheduled_out": NaN, "estimated_out": NaN, "actual_out": NaN, "scheduled_off": "2021-03-08T10:48:43Z", "estimated_off": "2021-03-08T10:30:18Z", "actual_off": "2021-03-08T10:30:18Z", "scheduled_on": "2021-03-08T13:00:50Z", "estimated_on": "2021-03-08T12:42:25Z", "actual_on": "2021-03-08T12:42:25Z", "scheduled_in": NaN, "estimated_in": NaN, "actual_in": NaN, "status": "Arrived", "route_distance": NaN, "diverted": false, "cancelled": false, "simplified_departure_date": "2021-03-08", "origin_coords": [49.6963, 18.1111], "destination_coords": [40.1281, 32.9951], "is_same_city": false}}]}